entity,code,year,gdp_per_capita,gdp_per_capita__annotations
Afghanistan,AFG,1950,1156.0,
Afghanistan,AFG,1951,1170.0,
Afghanistan,AFG,1952,1189.0,
Afghanistan,AFG,1953,1240.0,
Afghanistan,AFG,1954,1245.0,
Afghanistan,AFG,1955,1246.0,
Afghanistan,AFG,1956,1278.0,
Afghanistan,AFG,1957,1253.0,
Afghanistan,AFG,1958,1298.0,
Afghanistan,AFG,1959,1307.0,
Afghanistan,AFG,1960,1326.0,
Afghanistan,AFG,1961,1309.0,
Afghanistan,AFG,1962,1302.0,
Afghanistan,AFG,1963,1298.0,
Afghanistan,AFG,1964,1291.0,
Afghanistan,AFG,1965,1290.0,
Afghanistan,AFG,1966,1272.0,
Afghanistan,AFG,1967,1277.0,
Afghanistan,AFG,1968,1290.0,
Afghanistan,AFG,1969,1278.0,
Afghanistan,AFG,1970,1272.0,
Afghanistan,AFG,1971,1237.0,
Afghanistan,AFG,1972,1007.0,
Afghanistan,AFG,1973,1011.0,
Afghanistan,AFG,1974,1039.0,
Afghanistan,AFG,1975,1074.0,
Afghanistan,AFG,1976,1105.0,
Afghanistan,AFG,1977,1022.0,
Afghanistan,AFG,1978,1070.0,
Afghanistan,AFG,1979,1023.0,
Afghanistan,AFG,1980,1019.0,
Afghanistan,AFG,1981,1144.0,
Afghanistan,AFG,1982,1270.0,
Afghanistan,AFG,1983,1347.0,
Afghanistan,AFG,1984,1337.0,
Afghanistan,AFG,1985,1304.0,
Afghanistan,AFG,1986,1344.0,
Afghanistan,AFG,1987,1211.0,
Afghanistan,AFG,1988,1101.0,
Afghanistan,AFG,1989,999.0,
Afghanistan,AFG,1990,963.0,
Afghanistan,AFG,1991,881.1704,
Afghanistan,AFG,1992,843.87537,
Afghanistan,AFG,1993,578.4028,
Afghanistan,AFG,1994,428.42456,
Afghanistan,AFG,1995,632.94037,
Afghanistan,AFG,1996,600.1753,
Afghanistan,AFG,1997,570.59814,
Afghanistan,AFG,1998,545.03876,
Afghanistan,AFG,1999,518.65784,
Afghanistan,AFG,2000,502.37274,
Afghanistan,AFG,2001,489.682,
Afghanistan,AFG,2002,796.8166,
Afghanistan,AFG,2003,842.8052,
Afghanistan,AFG,2004,869.03925,
Afghanistan,AFG,2005,964.4081,
Afghanistan,AFG,2006,1057.0966,
Afghanistan,AFG,2007,1259.9967,
Afghanistan,AFG,2008,1319.6074,
Afghanistan,AFG,2009,1557.3207,
Afghanistan,AFG,2010,1627.6716,
Afghanistan,AFG,2011,1792.0,
Afghanistan,AFG,2012,1945.0,
Afghanistan,AFG,2013,2025.0,
Afghanistan,AFG,2014,2022.0,
Afghanistan,AFG,2015,1928.0,
Afghanistan,AFG,2016,1931.2438,
Afghanistan,AFG,2017,1909.733,
Afghanistan,AFG,2018,1888.814,
Afghanistan,AFG,2019,2031.7373,
Afghanistan,AFG,2020,1928.4547,
Afghanistan,AFG,2021,1485.547,
Afghanistan,AFG,2022,1357.9878,
Albania,ALB,1870,711.0,
Albania,ALB,1890,953.0,
Albania,ALB,1900,1092.0,
Albania,ALB,1910,1243.0,
Albania,ALB,1913,1293.0,
Albania,ALB,1929,1476.0,
Albania,ALB,1950,1596.0,
Albania,ALB,1951,1666.0,
Albania,ALB,1952,1667.0,
Albania,ALB,1953,1736.0,
Albania,ALB,1954,1785.0,
Albania,ALB,1955,1882.0,
Albania,ALB,1956,1902.0,
Albania,ALB,1957,2023.0,
Albania,ALB,1958,2114.0,
Albania,ALB,1959,2201.0,
Albania,ALB,1960,2313.0,
Albania,ALB,1961,2332.0,
Albania,ALB,1962,2409.0,
Albania,ALB,1963,2491.0,
Albania,ALB,1964,2576.0,
Albania,ALB,1965,2670.0,
Albania,ALB,1966,2770.0,
Albania,ALB,1967,2876.0,
Albania,ALB,1968,2979.0,
Albania,ALB,1969,3080.0,
Albania,ALB,1970,3194.0,
Albania,ALB,1971,3322.0,
Albania,ALB,1972,3451.0,
Albania,ALB,1973,3623.0,
Albania,ALB,1974,3637.0,
Albania,ALB,1975,3649.0,
Albania,ALB,1976,3665.0,
Albania,ALB,1977,3681.0,
Albania,ALB,1978,3696.0,
Albania,ALB,1979,3716.0,
Albania,ALB,1980,3741.0,
Albania,ALB,1981,3762.0,
Albania,ALB,1982,3783.0,
Albania,ALB,1983,3805.0,
Albania,ALB,1984,3826.0,
Albania,ALB,1985,3846.0,
Albania,ALB,1986,3870.0,
Albania,ALB,1987,3894.0,
Albania,ALB,1988,3920.0,
Albania,ALB,1989,3948.0,
Albania,ALB,1990,3983.0,
Albania,ALB,1991,2942.1006,
Albania,ALB,1992,2841.7651,
Albania,ALB,1993,3137.024,
Albania,ALB,1994,3399.7102,
Albania,ALB,1995,3666.6506,
Albania,ALB,1996,3965.6853,
Albania,ALB,1997,3526.9856,
Albania,ALB,1998,3873.373,
Albania,ALB,1999,4432.0425,
Albania,ALB,2000,4808.4795,
Albania,ALB,2001,5285.809,
Albania,ALB,2002,5608.9624,
Albania,ALB,2003,6004.645,
Albania,ALB,2004,6419.8706,
Albania,ALB,2005,6858.4673,
Albania,ALB,2006,7347.33,
Albania,ALB,2007,7866.1577,
Albania,ALB,2008,8522.13,
Albania,ALB,2009,8859.472,
Albania,ALB,2010,9222.973,
Albania,ALB,2011,9484.0,
Albania,ALB,2012,9634.334,
Albania,ALB,2013,9748.728,
Albania,ALB,2014,9942.276,
Albania,ALB,2015,10192.529,
Albania,ALB,2016,10547.255,
Albania,ALB,2017,10958.307,
Albania,ALB,2018,11426.92,
Albania,ALB,2019,11715.307,
Albania,ALB,2020,11372.541,
Albania,ALB,2021,12455.917,
Albania,ALB,2022,12978.101,
Algeria,DZA,1820,685.0,
Algeria,DZA,1870,1140.0,
Algeria,DZA,1913,1854.0,
Algeria,DZA,1950,2176.0,
Algeria,DZA,1951,2147.0,
Algeria,DZA,1952,2193.0,
Algeria,DZA,1953,2182.0,
Algeria,DZA,1954,2291.0,
Algeria,DZA,1955,2303.0,
Algeria,DZA,1956,2475.0,
Algeria,DZA,1957,2699.0,
Algeria,DZA,1958,2740.0,
Algeria,DZA,1959,3178.0,
Algeria,DZA,1960,3328.0,
Algeria,DZA,1961,2868.0,
Algeria,DZA,1962,2284.0,
Algeria,DZA,1963,2818.0,
Algeria,DZA,1964,2879.0,
Algeria,DZA,1965,2981.0,
Algeria,DZA,1966,2750.0,
Algeria,DZA,1967,2907.0,
Algeria,DZA,1968,3151.0,
Algeria,DZA,1969,3355.0,
Algeria,DZA,1970,3585.0,
Algeria,DZA,1971,3188.0,
Algeria,DZA,1972,3746.0,
Algeria,DZA,1973,3757.0,
Algeria,DZA,1974,3870.0,
Algeria,DZA,1975,4020.0,
Algeria,DZA,1976,4157.0,
Algeria,DZA,1977,4398.0,
Algeria,DZA,1978,4812.0,
Algeria,DZA,1979,5088.0,
Algeria,DZA,1980,5024.0,
Algeria,DZA,1981,4991.0,
Algeria,DZA,1982,5145.0,
Algeria,DZA,1983,5243.0,
Algeria,DZA,1984,5361.0,
Algeria,DZA,1985,5469.0,
Algeria,DZA,1986,5262.0,
Algeria,DZA,1987,5088.0,
Algeria,DZA,1988,4850.0,
Algeria,DZA,1989,4889.0,
Algeria,DZA,1990,4697.0,
Algeria,DZA,1991,4708.232,
Algeria,DZA,1992,4850.223,
Algeria,DZA,1993,4816.924,
Algeria,DZA,1994,4856.9854,
Algeria,DZA,1995,5142.384,
Algeria,DZA,1996,5451.6343,
Algeria,DZA,1997,5638.48,
Algeria,DZA,1998,6069.7773,
Algeria,DZA,1999,6421.5083,
Algeria,DZA,2000,6834.5537,
Algeria,DZA,2001,7218.2456,
Algeria,DZA,2002,7814.8384,
Algeria,DZA,2003,8590.178,
Algeria,DZA,2004,9182.294,
Algeria,DZA,2005,9969.623,
Algeria,DZA,2006,10385.779,
Algeria,DZA,2007,10974.742,
Algeria,DZA,2008,11475.002,
Algeria,DZA,2009,11907.021,
Algeria,DZA,2010,12587.744,
Algeria,DZA,2011,13204.0,
Algeria,DZA,2012,13392.944,
Algeria,DZA,2013,13508.265,
Algeria,DZA,2014,13760.384,
Algeria,DZA,2015,14007.894,
Algeria,DZA,2016,14198.272,
Algeria,DZA,2017,14149.915,
Algeria,DZA,2018,14083.772,
Algeria,DZA,2019,14000.279,
Algeria,DZA,2020,13086.293,
Algeria,DZA,2021,13337.262,
Algeria,DZA,2022,13506.444,
Angola,AGO,1950,1677.0,
Angola,AGO,1951,1715.0,
Angola,AGO,1952,1755.0,
Angola,AGO,1953,1795.0,
Angola,AGO,1954,1720.0,
Angola,AGO,1955,1830.0,
Angola,AGO,1956,1769.0,
Angola,AGO,1957,1908.0,
Angola,AGO,1958,1978.0,
Angola,AGO,1959,1953.0,
Angola,AGO,1960,1997.0,
Angola,AGO,1961,2225.0,
Angola,AGO,1962,2128.0,
Angola,AGO,1963,2200.0,
Angola,AGO,1964,2407.0,
Angola,AGO,1965,2544.0,
Angola,AGO,1966,2646.0,
Angola,AGO,1967,2753.0,
Angola,AGO,1968,2665.0,
Angola,AGO,1969,2695.0,
Angola,AGO,1970,2818.0,
Angola,AGO,1971,2754.0,
Angola,AGO,1972,2729.0,
Angola,AGO,1973,2852.0,
Angola,AGO,1974,2727.0,
Angola,AGO,1975,1710.0,
Angola,AGO,1976,1521.0,
Angola,AGO,1977,1500.0,
Angola,AGO,1978,1530.0,
Angola,AGO,1979,1527.0,
Angola,AGO,1980,1532.0,
Angola,AGO,1981,1471.0,
Angola,AGO,1982,1374.0,
Angola,AGO,1983,1288.0,
Angola,AGO,1984,1259.0,
Angola,AGO,1985,1242.0,
Angola,AGO,1986,1106.0,
Angola,AGO,1987,1211.0,
Angola,AGO,1988,1360.0,
Angola,AGO,1989,1360.0,
Angola,AGO,1990,1384.0,
Angola,AGO,1991,1437.1472,
Angola,AGO,1992,1389.3295,
Angola,AGO,1993,1080.4806,
Angola,AGO,1994,1120.8481,
Angola,AGO,1995,1319.1589,
Angola,AGO,1996,1533.9839,
Angola,AGO,1997,1687.3177,
Angola,AGO,1998,1811.1681,
Angola,AGO,1999,1899.4152,
Angola,AGO,2000,2013.6362,
Angola,AGO,2001,2162.485,
Angola,AGO,2002,2522.6719,
Angola,AGO,2003,2711.9282,
Angola,AGO,2004,3064.2986,
Angola,AGO,2005,3708.7705,
Angola,AGO,2006,4592.3374,
Angola,AGO,2007,5773.5483,
Angola,AGO,2008,6743.748,
Angola,AGO,2009,7087.604,
Angola,AGO,2010,7520.6655,
Angola,AGO,2011,8016.0,
Angola,AGO,2012,8376.946,
Angola,AGO,2013,8463.942,
Angola,AGO,2014,8548.293,
Angola,AGO,2015,8319.567,
Angola,AGO,2016,7819.1475,
Angola,AGO,2017,7535.6123,
Angola,AGO,2018,7180.3555,
Angola,AGO,2019,6886.954,
Angola,AGO,2020,6279.929,
Angola,AGO,2021,6137.004,
Angola,AGO,2022,6118.905,
Argentina,ARG,1800,1484.0,
Argentina,ARG,1820,1591.0,
Argentina,ARG,1850,1994.0,
Argentina,ARG,1860,2160.0,
Argentina,ARG,1870,2340.0,
Argentina,ARG,1875,2606.0,
Argentina,ARG,1876,2611.0,
Argentina,ARG,1877,2820.0,
Argentina,ARG,1878,2619.0,
Argentina,ARG,1879,2664.0,
Argentina,ARG,1880,2557.0,
Argentina,ARG,1881,2541.0,
Argentina,ARG,1882,3108.0,
Argentina,ARG,1883,3373.0,
Argentina,ARG,1884,3486.0,
Argentina,ARG,1885,3904.0,
Argentina,ARG,1886,3771.0,
Argentina,ARG,1887,3841.0,
Argentina,ARG,1888,4219.0,
Argentina,ARG,1889,4288.0,
Argentina,ARG,1890,3851.0,
Argentina,ARG,1891,3631.0,
Argentina,ARG,1892,4251.0,
Argentina,ARG,1893,4409.0,
Argentina,ARG,1894,4968.0,
Argentina,ARG,1895,5384.0,
Argentina,ARG,1896,5716.0,
Argentina,ARG,1897,4500.0,
Argentina,ARG,1898,4741.0,
Argentina,ARG,1899,5412.0,
Argentina,ARG,1900,4583.0,
Argentina,ARG,1901,4591.0,
Argentina,ARG,1902,4331.0,
Argentina,ARG,1903,4769.0,
Argentina,ARG,1904,5086.0,
Argentina,ARG,1905,5545.0,
Argentina,ARG,1906,5608.0,
Argentina,ARG,1907,5514.0,
Argentina,ARG,1908,5829.0,
Argentina,ARG,1909,5896.0,
Argentina,ARG,1910,6092.0,
Argentina,ARG,1911,5971.0,
Argentina,ARG,1912,6223.0,
Argentina,ARG,1913,6052.0,
Argentina,ARG,1914,5263.0,
Argentina,ARG,1915,5171.0,
Argentina,ARG,1916,4927.0,
Argentina,ARG,1917,4447.0,
Argentina,ARG,1918,5177.0,
Argentina,ARG,1919,5271.0,
Argentina,ARG,1920,5536.0,
Argentina,ARG,1921,5533.0,
Argentina,ARG,1922,5796.0,
Argentina,ARG,1923,6213.0,
Argentina,ARG,1924,6464.0,
Argentina,ARG,1925,6247.0,
Argentina,ARG,1926,6366.0,
Argentina,ARG,1927,6625.0,
Argentina,ARG,1928,6840.0,
Argentina,ARG,1929,6961.0,
Argentina,ARG,1930,6503.0,
Argentina,ARG,1931,5917.0,
Argentina,ARG,1932,5614.0,
Argentina,ARG,1933,5772.0,
Argentina,ARG,1934,6129.0,
Argentina,ARG,1935,6296.0,
Argentina,ARG,1936,6236.0,
Argentina,ARG,1937,6575.0,
Argentina,ARG,1938,6491.0,
Argentina,ARG,1939,6612.0,
Argentina,ARG,1940,6633.0,
Argentina,ARG,1941,6861.0,
Argentina,ARG,1942,6829.0,
Argentina,ARG,1943,6666.0,
Argentina,ARG,1944,7299.0,
Argentina,ARG,1945,6943.0,
Argentina,ARG,1946,7436.0,
Argentina,ARG,1947,8112.0,
Argentina,ARG,1948,8372.0,
Argentina,ARG,1949,8045.0,
Argentina,ARG,1950,7949.0,
Argentina,ARG,1951,8086.0,
Argentina,ARG,1952,7519.0,
Argentina,ARG,1953,7769.0,
Argentina,ARG,1954,7938.0,
Argentina,ARG,1955,8348.0,
Argentina,ARG,1956,8424.0,
Argentina,ARG,1957,8705.0,
Argentina,ARG,1958,9083.0,
Argentina,ARG,1959,8354.0,
Argentina,ARG,1960,8861.0,
Argentina,ARG,1961,9344.0,
Argentina,ARG,1962,9049.0,
Argentina,ARG,1963,8695.0,
Argentina,ARG,1964,9446.0,
Argentina,ARG,1965,10155.0,
Argentina,ARG,1966,10076.0,
Argentina,ARG,1967,10200.0,
Argentina,ARG,1968,10485.0,
Argentina,ARG,1969,11217.0,
Argentina,ARG,1970,11639.0,
Argentina,ARG,1971,12003.0,
Argentina,ARG,1972,12170.0,
Argentina,ARG,1973,12691.0,
Argentina,ARG,1974,13284.0,
Argentina,ARG,1975,12946.0,
Argentina,ARG,1976,12696.0,
Argentina,ARG,1977,13236.0,
Argentina,ARG,1978,12444.0,
Argentina,ARG,1979,13114.0,
Argentina,ARG,1980,13080.0,
Argentina,ARG,1981,12125.0,
Argentina,ARG,1982,11550.0,
Argentina,ARG,1983,11775.0,
Argentina,ARG,1984,11837.0,
Argentina,ARG,1985,10895.0,
Argentina,ARG,1986,11515.0,
Argentina,ARG,1987,11633.0,
Argentina,ARG,1988,11244.0,
Argentina,ARG,1989,10393.0,
Argentina,ARG,1990,10254.0,
Argentina,ARG,1991,11223.984,
Argentina,ARG,1992,12267.084,
Argentina,ARG,1993,12926.795,
Argentina,ARG,1994,13571.38,
Argentina,ARG,1995,13086.036,
Argentina,ARG,1996,13715.227,
Argentina,ARG,1997,14722.6455,
Argentina,ARG,1998,15185.959,
Argentina,ARG,1999,14577.832,
Argentina,ARG,2000,14368.942,
Argentina,ARG,2001,13651.981,
Argentina,ARG,2002,12094.772,
Argentina,ARG,2003,13088.565,
Argentina,ARG,2004,14183.226,
Argentina,ARG,2005,15344.157,
Argentina,ARG,2006,16490.473,
Argentina,ARG,2007,17891.943,
Argentina,ARG,2008,18520.305,
Argentina,ARG,2009,17328.977,
Argentina,ARG,2010,18979.992,
Argentina,ARG,2011,20003.0,
Argentina,ARG,2012,19573.963,
Argentina,ARG,2013,19821.643,
Argentina,ARG,2014,19112.232,
Argentina,ARG,2015,19423.666,
Argentina,ARG,2016,18819.643,
Argentina,ARG,2017,19150.52,
Argentina,ARG,2018,18460.87,
Argentina,ARG,2019,17912.637,
Argentina,ARG,2020,15975.839,
Argentina,ARG,2021,17470.682,
Argentina,ARG,2022,18292.318,
Armenia,ARM,1973,9806.0,
Armenia,ARM,1980,9291.0,
Armenia,ARM,1981,9548.0,
Armenia,ARM,1982,9809.0,
Armenia,ARM,1983,9865.0,
Armenia,ARM,1984,10181.0,
Armenia,ARM,1985,10485.0,
Armenia,ARM,1986,10394.0,
Armenia,ARM,1987,9789.0,
Armenia,ARM,1988,9301.0,
Armenia,ARM,1989,10525.0,
Armenia,ARM,1990,9669.0,
Armenia,ARM,1991,8141.671,
Armenia,ARM,1992,4699.611,
Armenia,ARM,1993,4130.1475,
Armenia,ARM,1994,4392.98,
Armenia,ARM,1995,4703.131,
Armenia,ARM,1996,4811.4897,
Armenia,ARM,1997,4836.0444,
Armenia,ARM,1998,4994.053,
Armenia,ARM,1999,5000.4526,
Armenia,ARM,2000,5139.8257,
Armenia,ARM,2001,5457.5103,
Armenia,ARM,2002,6082.146,
Armenia,ARM,2003,6743.241,
Armenia,ARM,2004,7229.6484,
Armenia,ARM,2005,8006.9604,
Armenia,ARM,2006,8798.75,
Armenia,ARM,2007,9713.213,
Armenia,ARM,2008,10080.8125,
Armenia,ARM,2009,8399.087,
Armenia,ARM,2010,8330.812,
Armenia,ARM,2011,8465.0,
Armenia,ARM,2012,9076.433,
Armenia,ARM,2013,9395.087,
Armenia,ARM,2014,9745.136,
Armenia,ARM,2015,10076.352,
Armenia,ARM,2016,10113.051,
Armenia,ARM,2017,10894.957,
Armenia,ARM,2018,11490.369,
Armenia,ARM,2019,12399.231,
Armenia,ARM,2020,11546.176,
Armenia,ARM,2021,12242.478,
Armenia,ARM,2022,13837.577,
Australia,AUS,1820,826.0,
Australia,AUS,1821,834.0,
Australia,AUS,1822,858.0,
Australia,AUS,1823,886.0,
Australia,AUS,1824,936.0,
Australia,AUS,1825,982.0,
Australia,AUS,1826,999.0,
Australia,AUS,1827,1030.0,
Australia,AUS,1828,1057.0,
Australia,AUS,1829,1114.0,
Australia,AUS,1830,1352.0,
Australia,AUS,1831,1398.0,
Australia,AUS,1832,1428.0,
Australia,AUS,1833,1435.0,
Australia,AUS,1834,1508.0,
Australia,AUS,1835,1825.0,
Australia,AUS,1836,1793.0,
Australia,AUS,1837,1881.0,
Australia,AUS,1838,1857.0,
Australia,AUS,1839,1733.0,
Australia,AUS,1840,2190.0,
Australia,AUS,1841,1868.0,
Australia,AUS,1842,1704.0,
Australia,AUS,1843,1975.0,
Australia,AUS,1844,2246.0,
Australia,AUS,1845,2310.0,
Australia,AUS,1846,2554.0,
Australia,AUS,1847,2954.0,
Australia,AUS,1848,3381.0,
Australia,AUS,1849,3339.0,
Australia,AUS,1850,3148.0,
Australia,AUS,1851,3736.0,
Australia,AUS,1852,4382.0,
Australia,AUS,1853,4798.0,
Australia,AUS,1854,4202.0,
Australia,AUS,1855,3988.0,
Australia,AUS,1856,4866.0,
Australia,AUS,1857,4294.0,
Australia,AUS,1858,3661.0,
Australia,AUS,1859,4728.0,
Australia,AUS,1860,4613.0,
Australia,AUS,1861,4544.0,
Australia,AUS,1862,4368.0,
Australia,AUS,1863,4352.0,
Australia,AUS,1864,4616.0,
Australia,AUS,1865,4403.0,
Australia,AUS,1866,4532.0,
Australia,AUS,1867,4956.0,
Australia,AUS,1868,5031.0,
Australia,AUS,1869,4932.0,
Australia,AUS,1870,5217.0,
Australia,AUS,1871,5259.0,
Australia,AUS,1872,5663.0,
Australia,AUS,1873,6095.0,
Australia,AUS,1874,6113.0,
Australia,AUS,1875,6596.0,
Australia,AUS,1876,6387.0,
Australia,AUS,1877,6433.0,
Australia,AUS,1878,6817.0,
Australia,AUS,1879,6703.0,
Australia,AUS,1880,6830.0,
Australia,AUS,1881,7101.0,
Australia,AUS,1882,6476.0,
Australia,AUS,1883,7133.0,
Australia,AUS,1884,6861.0,
Australia,AUS,1885,7049.0,
Australia,AUS,1886,6900.0,
Australia,AUS,1887,7383.0,
Australia,AUS,1888,7179.0,
Australia,AUS,1889,7567.0,
Australia,AUS,1890,7106.0,
Australia,AUS,1891,7438.0,
Australia,AUS,1892,6368.0,
Australia,AUS,1893,5910.0,
Australia,AUS,1894,6003.0,
Australia,AUS,1895,5558.0,
Australia,AUS,1896,5874.0,
Australia,AUS,1897,5451.0,
Australia,AUS,1898,6202.0,
Australia,AUS,1899,6121.0,
Australia,AUS,1900,6397.0,
Australia,AUS,1901,6119.0,
Australia,AUS,1902,6094.0,
Australia,AUS,1903,6497.0,
Australia,AUS,1904,6846.0,
Australia,AUS,1905,6825.0,
Australia,AUS,1906,7184.0,
Australia,AUS,1907,7358.0,
Australia,AUS,1908,7481.0,
Australia,AUS,1909,7940.0,
Australia,AUS,1910,8305.0,
Australia,AUS,1911,8136.0,
Australia,AUS,1912,8126.0,
Australia,AUS,1913,8220.0,
Australia,AUS,1914,8013.0,
Australia,AUS,1915,7806.0,
Australia,AUS,1916,7775.0,
Australia,AUS,1917,7637.0,
Australia,AUS,1918,7336.0,
Australia,AUS,1919,7517.0,
Australia,AUS,1920,7597.0,
Australia,AUS,1921,7828.0,
Australia,AUS,1922,8072.0,
Australia,AUS,1923,8276.0,
Australia,AUS,1924,8635.0,
Australia,AUS,1925,8851.0,
Australia,AUS,1926,8883.0,
Australia,AUS,1927,8837.0,
Australia,AUS,1928,8690.0,
Australia,AUS,1929,8389.0,
Australia,AUS,1930,7504.0,
Australia,AUS,1931,6940.0,
Australia,AUS,1932,7275.0,
Australia,AUS,1933,7718.0,
Australia,AUS,1934,8066.0,
Australia,AUS,1935,8477.0,
Australia,AUS,1936,8792.0,
Australia,AUS,1937,9159.0,
Australia,AUS,1938,9382.0,
Australia,AUS,1939,9318.0,
Australia,AUS,1940,9828.0,
Australia,AUS,1941,10820.0,
Australia,AUS,1942,11963.0,
Australia,AUS,1943,12278.0,
Australia,AUS,1944,11735.0,
Australia,AUS,1945,11026.0,
Australia,AUS,1946,10512.0,
Australia,AUS,1947,10622.0,
Australia,AUS,1948,11105.0,
Australia,AUS,1949,11536.0,
Australia,AUS,1950,11815.0,
Australia,AUS,1951,11966.0,
Australia,AUS,1952,11824.0,
Australia,AUS,1953,11963.0,
Australia,AUS,1954,12419.0,
Australia,AUS,1955,12795.0,
Australia,AUS,1956,12924.0,
Australia,AUS,1957,12895.0,
Australia,AUS,1958,13238.0,
Australia,AUS,1959,13753.0,
Australia,AUS,1960,14013.0,
Australia,AUS,1961,13793.0,
Australia,AUS,1962,14389.0,
Australia,AUS,1963,14983.0,
Australia,AUS,1964,15699.0,
Australia,AUS,1965,16182.0,
Australia,AUS,1966,16324.0,
Australia,AUS,1967,17108.0,
Australia,AUS,1968,17770.0,
Australia,AUS,1969,18428.0,
Australia,AUS,1970,19166.0,
Australia,AUS,1971,19590.0,
Australia,AUS,1972,19772.0,
Australia,AUS,1973,20527.0,
Australia,AUS,1974,20698.0,
Australia,AUS,1975,20993.0,
Australia,AUS,1976,21613.0,
Australia,AUS,1977,21592.0,
Australia,AUS,1978,21948.0,
Australia,AUS,1979,22826.0,
Australia,AUS,1980,22972.0,
Australia,AUS,1981,23368.0,
Australia,AUS,1982,22972.0,
Australia,AUS,1983,22697.0,
Australia,AUS,1984,24009.0,
Australia,AUS,1985,24927.0,
Australia,AUS,1986,25116.0,
Australia,AUS,1987,25971.0,
Australia,AUS,1988,26702.0,
Australia,AUS,1989,27407.0,
Australia,AUS,1990,27373.0,
Australia,AUS,1991,26861.275,
Australia,AUS,1992,27560.178,
Australia,AUS,1993,28622.477,
Australia,AUS,1994,29844.172,
Australia,AUS,1995,30690.062,
Australia,AUS,1996,31740.47,
Australia,AUS,1997,32857.992,
Australia,AUS,1998,34337.14,
Australia,AUS,1999,35551.02,
Australia,AUS,2000,36603.047,
Australia,AUS,2001,37275.992,
Australia,AUS,2002,38567.066,
Australia,AUS,2003,39523.656,
Australia,AUS,2004,40887.727,
Australia,AUS,2005,41904.445,
Australia,AUS,2006,42650.984,
Australia,AUS,2007,44033.582,
Australia,AUS,2008,44421.64,
Australia,AUS,2009,44686.543,
Australia,AUS,2010,45400.223,
Australia,AUS,2011,46132.0,
Australia,AUS,2012,47045.13,
Australia,AUS,2013,47260.953,
Australia,AUS,2014,47753.848,
Australia,AUS,2015,48145.53,
Australia,AUS,2016,48675.137,
Australia,AUS,2017,49001.902,
Australia,AUS,2018,49614.387,
Australia,AUS,2019,49814.67,
Australia,AUS,2020,48268.945,
Australia,AUS,2021,50704.934,
Australia,AUS,2022,52049.43,
Austria,AUT,1820,1941.0,
Austria,AUT,1830,2230.0,
Austria,AUT,1840,2415.0,
Austria,AUT,1850,2630.0,
Austria,AUT,1860,2834.0,
Austria,AUT,1870,2970.0,
Austria,AUT,1871,3154.0,
Austria,AUT,1872,3150.0,
Austria,AUT,1873,3049.0,
Austria,AUT,1874,3158.0,
Austria,AUT,1875,3145.0,
Austria,AUT,1876,3188.0,
Austria,AUT,1877,3268.0,
Austria,AUT,1878,3347.0,
Austria,AUT,1879,3296.0,
Austria,AUT,1880,3314.0,
Austria,AUT,1881,3419.0,
Austria,AUT,1882,3411.0,
Austria,AUT,1883,3521.0,
Austria,AUT,1884,3583.0,
Austria,AUT,1885,3531.0,
Austria,AUT,1886,3615.0,
Austria,AUT,1887,3832.0,
Austria,AUT,1888,3792.0,
Austria,AUT,1889,3725.0,
Austria,AUT,1890,3894.0,
Austria,AUT,1891,3995.0,
Austria,AUT,1892,4041.0,
Austria,AUT,1893,4025.0,
Austria,AUT,1894,4216.0,
Austria,AUT,1895,4285.0,
Austria,AUT,1896,4305.0,
Austria,AUT,1897,4352.0,
Austria,AUT,1898,4551.0,
Austria,AUT,1899,4600.0,
Austria,AUT,1900,4594.0,
Austria,AUT,1901,4565.0,
Austria,AUT,1902,4694.0,
Austria,AUT,1903,4688.0,
Austria,AUT,1904,4712.0,
Austria,AUT,1905,4925.0,
Austria,AUT,1906,5062.0,
Austria,AUT,1907,5321.0,
Austria,AUT,1908,5292.0,
Austria,AUT,1909,5222.0,
Austria,AUT,1910,5244.0,
Austria,AUT,1911,5364.0,
Austria,AUT,1912,5587.0,
Austria,AUT,1913,5523.0,
Austria,AUT,1914,4584.0,
Austria,AUT,1915,4229.0,
Austria,AUT,1916,4189.0,
Austria,AUT,1917,4122.0,
Austria,AUT,1918,4073.0,
Austria,AUT,1919,3601.0,
Austria,AUT,1920,3845.0,
Austria,AUT,1921,4224.0,
Austria,AUT,1922,4586.0,
Austria,AUT,1923,4530.0,
Austria,AUT,1924,5042.0,
Austria,AUT,1925,5367.0,
Austria,AUT,1926,5440.0,
Austria,AUT,1927,5587.0,
Austria,AUT,1928,5829.0,
Austria,AUT,1929,5896.0,
Austria,AUT,1930,5716.0,
Austria,AUT,1931,5241.0,
Austria,AUT,1932,4686.0,
Austria,AUT,1933,4516.0,
Austria,AUT,1934,4546.0,
Austria,AUT,1935,4634.0,
Austria,AUT,1936,4774.0,
Austria,AUT,1937,5031.0,
Austria,AUT,1938,5673.0,
Austria,AUT,1939,6529.0,
Austria,AUT,1940,6311.0,
Austria,AUT,1941,6722.0,
Austria,AUT,1942,6349.0,
Austria,AUT,1943,6480.0,
Austria,AUT,1944,6618.0,
Austria,AUT,1945,2750.0,
Austria,AUT,1946,3118.0,
Austria,AUT,1947,3453.0,
Austria,AUT,1948,4406.0,
Austria,AUT,1949,5249.0,
Austria,AUT,1950,5907.0,
Austria,AUT,1951,6311.0,
Austria,AUT,1952,6323.0,
Austria,AUT,1953,6594.0,
Austria,AUT,1954,7261.0,
Austria,AUT,1955,8054.0,
Austria,AUT,1956,8603.0,
Austria,AUT,1957,9111.0,
Austria,AUT,1958,9416.0,
Austria,AUT,1959,9645.0,
Austria,AUT,1960,10391.0,
Austria,AUT,1961,10882.0,
Austria,AUT,1962,11078.0,
Austria,AUT,1963,11454.0,
Austria,AUT,1964,12062.0,
Austria,AUT,1965,12328.0,
Austria,AUT,1966,12930.0,
Austria,AUT,1967,13225.0,
Austria,AUT,1968,13742.0,
Austria,AUT,1969,14555.0,
Austria,AUT,1970,15537.0,
Austria,AUT,1971,16259.0,
Austria,AUT,1972,17169.0,
Austria,AUT,1973,17908.0,
Austria,AUT,1974,18583.0,
Austria,AUT,1975,18564.0,
Austria,AUT,1976,19448.0,
Austria,AUT,1977,20350.0,
Austria,AUT,1978,20293.0,
Austria,AUT,1979,21436.0,
Austria,AUT,1980,21932.0,
Austria,AUT,1981,21866.0,
Austria,AUT,1982,22254.0,
Austria,AUT,1983,22944.0,
Austria,AUT,1984,23016.0,
Austria,AUT,1985,23514.0,
Austria,AUT,1986,24039.0,
Austria,AUT,1987,24409.0,
Austria,AUT,1988,25112.0,
Austria,AUT,1989,26078.0,
Austria,AUT,1990,26930.0,
Austria,AUT,1991,27689.771,
Austria,AUT,1992,28072.44,
Austria,AUT,1993,28101.229,
Austria,AUT,1994,28780.76,
Austria,AUT,1995,29621.682,
Austria,AUT,1996,30413.156,
Austria,AUT,1997,31173.049,
Austria,AUT,1998,32376.33,
Austria,AUT,1999,33608.297,
Austria,AUT,2000,34796.258,
Austria,AUT,2001,35272.223,
Austria,AUT,2002,35823.586,
Austria,AUT,2003,36063.12,
Austria,AUT,2004,36957.113,
Austria,AUT,2005,37642.76,
Austria,AUT,2006,38866.848,
Austria,AUT,2007,40305.273,
Austria,AUT,2008,40964.793,
Austria,AUT,2009,39463.656,
Austria,AUT,2010,40288.348,
Austria,AUT,2011,41446.0,
Austria,AUT,2012,41540.94,
Austria,AUT,2013,41301.94,
Austria,AUT,2014,41250.508,
Austria,AUT,2015,41255.715,
Austria,AUT,2016,41545.5,
Austria,AUT,2017,42216.918,
Austria,AUT,2018,43032.215,
Austria,AUT,2019,43488.668,
Austria,AUT,2020,40503.04,
Austria,AUT,2021,42184.695,
Austria,AUT,2022,43792.855,
Azerbaijan,AZE,1973,7068.0,
Azerbaijan,AZE,1980,7165.0,
Azerbaijan,AZE,1981,7490.0,
Azerbaijan,AZE,1982,7831.0,
Azerbaijan,AZE,1983,8010.0,
Azerbaijan,AZE,1984,8360.0,
Azerbaijan,AZE,1985,8558.0,
Azerbaijan,AZE,1986,8663.0,
Azerbaijan,AZE,1987,8995.0,
Azerbaijan,AZE,1988,9328.0,
Azerbaijan,AZE,1989,8421.0,
Azerbaijan,AZE,1990,7394.0,
Azerbaijan,AZE,1991,7319.136,
Azerbaijan,AZE,1992,5638.998,
Azerbaijan,AZE,1993,4315.357,
Azerbaijan,AZE,1994,3453.3638,
Azerbaijan,AZE,1995,2999.319,
Azerbaijan,AZE,1996,3074.2197,
Azerbaijan,AZE,1997,3347.6125,
Azerbaijan,AZE,1998,3550.364,
Azerbaijan,AZE,1999,3959.7815,
Azerbaijan,AZE,2000,4214.8887,
Azerbaijan,AZE,2001,4498.7944,
Azerbaijan,AZE,2002,4880.4,
Azerbaijan,AZE,2003,5408.523,
Azerbaijan,AZE,2004,5971.4746,
Azerbaijan,AZE,2005,7553.6265,
Azerbaijan,AZE,2006,10160.346,
Azerbaijan,AZE,2007,12699.498,
Azerbaijan,AZE,2008,14072.627,
Azerbaijan,AZE,2009,15384.293,
Azerbaijan,AZE,2010,16153.837,
Azerbaijan,AZE,2011,16176.0,
Azerbaijan,AZE,2012,16364.532,
Azerbaijan,AZE,2013,17146.223,
Azerbaijan,AZE,2014,17451.1,
Azerbaijan,AZE,2015,17463.758,
Azerbaijan,AZE,2016,16770.85,
Azerbaijan,AZE,2017,16647.016,
Azerbaijan,AZE,2018,16753.209,
Azerbaijan,AZE,2019,17029.906,
Azerbaijan,AZE,2020,16189.511,
Azerbaijan,AZE,2021,16971.725,
Azerbaijan,AZE,2022,17682.94,
Bahrain,BHR,1950,3354.0,
Bahrain,BHR,1951,3483.0,
Bahrain,BHR,1952,3614.0,
Bahrain,BHR,1953,3747.0,
Bahrain,BHR,1954,3883.0,
Bahrain,BHR,1955,4014.0,
Bahrain,BHR,1956,4141.0,
Bahrain,BHR,1957,4262.0,
Bahrain,BHR,1958,4366.0,
Bahrain,BHR,1959,4457.0,
Bahrain,BHR,1960,4532.0,
Bahrain,BHR,1961,4594.0,
Bahrain,BHR,1962,4672.0,
Bahrain,BHR,1963,4772.0,
Bahrain,BHR,1964,4898.0,
Bahrain,BHR,1965,5058.0,
Bahrain,BHR,1966,5233.0,
Bahrain,BHR,1967,5423.0,
Bahrain,BHR,1968,5611.0,
Bahrain,BHR,1969,5812.0,
Bahrain,BHR,1970,6038.0,
Bahrain,BHR,1971,6349.0,
Bahrain,BHR,1972,6692.0,
Bahrain,BHR,1973,6975.0,
Bahrain,BHR,1974,7291.0,
Bahrain,BHR,1975,6252.0,
Bahrain,BHR,1976,6875.0,
Bahrain,BHR,1977,7084.0,
Bahrain,BHR,1978,7037.0,
Bahrain,BHR,1979,6730.0,
Bahrain,BHR,1980,6994.0,
Bahrain,BHR,1981,6875.0,
Bahrain,BHR,1982,7036.0,
Bahrain,BHR,1983,7240.0,
Bahrain,BHR,1984,7264.0,
Bahrain,BHR,1985,6972.0,
Bahrain,BHR,1986,6880.0,
Bahrain,BHR,1987,6786.0,
Bahrain,BHR,1988,6802.0,
Bahrain,BHR,1989,6751.0,
Bahrain,BHR,1990,6542.0,
Bahrain,BHR,1991,7059.957,
Bahrain,BHR,1992,7993.8926,
Bahrain,BHR,1993,9102.066,
Bahrain,BHR,1994,9935.004,
Bahrain,BHR,1995,10695.393,
Bahrain,BHR,1996,11640.821,
Bahrain,BHR,1997,12528.39,
Bahrain,BHR,1998,13776.008,
Bahrain,BHR,1999,15263.758,
Bahrain,BHR,2000,17021.723,
Bahrain,BHR,2001,18152.963,
Bahrain,BHR,2002,19487.842,
Bahrain,BHR,2003,21391.611,
Bahrain,BHR,2004,23389.602,
Bahrain,BHR,2005,25230.9,
Bahrain,BHR,2006,26840.125,
Bahrain,BHR,2007,28884.697,
Bahrain,BHR,2008,30612.498,
Bahrain,BHR,2009,31729.566,
Bahrain,BHR,2010,34057.715,
Bahrain,BHR,2011,36372.0,
Bahrain,BHR,2012,36711.39,
Bahrain,BHR,2013,37704.21,
Bahrain,BHR,2014,38364.83,
Bahrain,BHR,2015,38369.66,
Bahrain,BHR,2016,38805.39,
Bahrain,BHR,2017,39553.24,
Bahrain,BHR,2018,39501.176,
Bahrain,BHR,2019,39499.707,
Bahrain,BHR,2020,36890.504,
Bahrain,BHR,2021,37323.105,
Bahrain,BHR,2022,38651.6,
Bangladesh,BGD,1950,861.0,
Bangladesh,BGD,1951,862.0,
Bangladesh,BGD,1952,874.0,
Bangladesh,BGD,1953,872.0,
Bangladesh,BGD,1954,872.0,
Bangladesh,BGD,1955,810.0,
Bangladesh,BGD,1956,878.0,
Bangladesh,BGD,1957,845.0,
Bangladesh,BGD,1958,813.0,
Bangladesh,BGD,1959,838.0,
Bangladesh,BGD,1960,869.0,
Bangladesh,BGD,1961,899.0,
Bangladesh,BGD,1962,877.0,
Bangladesh,BGD,1963,947.0,
Bangladesh,BGD,1964,939.0,
Bangladesh,BGD,1965,969.0,
Bangladesh,BGD,1966,963.0,
Bangladesh,BGD,1967,921.0,
Bangladesh,BGD,1968,987.0,
Bangladesh,BGD,1969,980.0,
Bangladesh,BGD,1970,1004.0,
Bangladesh,BGD,1971,934.0,
Bangladesh,BGD,1972,807.0,
Bangladesh,BGD,1973,792.0,
Bangladesh,BGD,1974,872.0,
Bangladesh,BGD,1975,843.0,
Bangladesh,BGD,1976,862.0,
Bangladesh,BGD,1977,843.0,
Bangladesh,BGD,1978,878.0,
Bangladesh,BGD,1979,894.0,
Bangladesh,BGD,1980,875.0,
Bangladesh,BGD,1981,878.0,
Bangladesh,BGD,1982,869.0,
Bangladesh,BGD,1983,891.0,
Bangladesh,BGD,1984,918.0,
Bangladesh,BGD,1985,925.0,
Bangladesh,BGD,1986,944.0,
Bangladesh,BGD,1987,960.0,
Bangladesh,BGD,1988,964.0,
Bangladesh,BGD,1989,966.0,
Bangladesh,BGD,1990,1006.0,
Bangladesh,BGD,1991,1031.4299,
Bangladesh,BGD,1992,1062.4604,
Bangladesh,BGD,1993,1095.6564,
Bangladesh,BGD,1994,1136.4185,
Bangladesh,BGD,1995,1182.9514,
Bangladesh,BGD,1996,1234.0841,
Bangladesh,BGD,1997,1291.5126,
Bangladesh,BGD,1998,1348.1499,
Bangladesh,BGD,1999,1412.9813,
Bangladesh,BGD,2000,1485.3092,
Bangladesh,BGD,2001,1551.1965,
Bangladesh,BGD,2002,1621.267,
Bangladesh,BGD,2003,1710.7313,
Bangladesh,BGD,2004,1812.6246,
Bangladesh,BGD,2005,1925.6062,
Bangladesh,BGD,2006,2057.6985,
Bangladesh,BGD,2007,2194.4224,
Bangladesh,BGD,2008,2321.0505,
Bangladesh,BGD,2009,2448.887,
Bangladesh,BGD,2010,2599.2083,
Bangladesh,BGD,2011,2772.0,
Bangladesh,BGD,2012,2914.0488,
Bangladesh,BGD,2013,3057.4697,
Bangladesh,BGD,2014,3216.8923,
Bangladesh,BGD,2015,3402.3213,
Bangladesh,BGD,2016,3598.5103,
Bangladesh,BGD,2017,3808.8728,
Bangladesh,BGD,2018,4056.6465,
Bangladesh,BGD,2019,4242.7515,
Bangladesh,BGD,2020,4418.9644,
Bangladesh,BGD,2021,4684.003,
Bangladesh,BGD,2022,4925.721,
Barbados,BRB,1950,3390.0,
Barbados,BRB,1951,3513.0,
Barbados,BRB,1952,3655.0,
Barbados,BRB,1953,3803.0,
Barbados,BRB,1954,3947.0,
Barbados,BRB,1955,4133.0,
Barbados,BRB,1956,4390.0,
Barbados,BRB,1957,4646.0,
Barbados,BRB,1958,4855.0,
Barbados,BRB,1959,5053.0,
Barbados,BRB,1960,5316.0,
Barbados,BRB,1961,5683.0,
Barbados,BRB,1962,5923.0,
Barbados,BRB,1963,6033.0,
Barbados,BRB,1964,6355.0,
Barbados,BRB,1965,6468.0,
Barbados,BRB,1966,6873.0,
Barbados,BRB,1967,7492.0,
Barbados,BRB,1968,8429.0,
Barbados,BRB,1969,9247.0,
Barbados,BRB,1970,10197.0,
Barbados,BRB,1971,10514.0,
Barbados,BRB,1972,10567.0,
Barbados,BRB,1973,10635.0,
Barbados,BRB,1974,10080.0,
Barbados,BRB,1975,9825.0,
Barbados,BRB,1976,10222.0,
Barbados,BRB,1977,10541.0,
Barbados,BRB,1978,11014.0,
Barbados,BRB,1979,11837.0,
Barbados,BRB,1980,12318.0,
Barbados,BRB,1981,12065.0,
Barbados,BRB,1982,11424.0,
Barbados,BRB,1983,11419.0,
Barbados,BRB,1984,11772.0,
Barbados,BRB,1985,11848.0,
Barbados,BRB,1986,12404.0,
Barbados,BRB,1987,12683.0,
Barbados,BRB,1988,13087.0,
Barbados,BRB,1989,13498.0,
Barbados,BRB,1990,12994.0,
Barbados,BRB,1991,12298.506,
Barbados,BRB,1992,11427.267,
Barbados,BRB,1993,11343.598,
Barbados,BRB,1994,11405.56,
Barbados,BRB,1995,11473.859,
Barbados,BRB,1996,11760.825,
Barbados,BRB,1997,12124.509,
Barbados,BRB,1998,12384.762,
Barbados,BRB,1999,12237.948,
Barbados,BRB,2000,12600.022,
Barbados,BRB,2001,12112.181,
Barbados,BRB,2002,12025.474,
Barbados,BRB,2003,12094.819,
Barbados,BRB,2004,12078.735,
Barbados,BRB,2005,12379.45,
Barbados,BRB,2006,12889.877,
Barbados,BRB,2007,12917.439,
Barbados,BRB,2008,12786.107,
Barbados,BRB,2009,12094.324,
Barbados,BRB,2010,11954.322,
Barbados,BRB,2011,11870.0,
Barbados,BRB,2012,11860.0,
Barbados,BRB,2013,11809.0,
Barbados,BRB,2014,11780.0,
Barbados,BRB,2015,11849.0,
Barbados,BRB,2016,12124.693,
Barbados,BRB,2017,12157.3125,
Barbados,BRB,2018,12029.747,
Barbados,BRB,2019,12040.277,
Barbados,BRB,2020,10487.387,
Barbados,BRB,2021,10386.526,
Barbados,BRB,2022,11545.848,
Belarus,BLR,1973,8341.0,
Belarus,BLR,1980,9487.0,
Belarus,BLR,1981,9844.0,
Belarus,BLR,1982,10217.0,
Belarus,BLR,1983,10667.0,
Belarus,BLR,1984,10957.0,
Belarus,BLR,1985,11000.0,
Belarus,BLR,1986,11230.0,
Belarus,BLR,1987,11297.0,
Belarus,BLR,1988,11198.0,
Belarus,BLR,1989,11893.0,
Belarus,BLR,1990,11467.0,
Belarus,BLR,1991,11170.761,
Belarus,BLR,1992,9960.843,
Belarus,BLR,1993,9077.44,
Belarus,BLR,1994,7932.001,
Belarus,BLR,1995,6993.622,
Belarus,BLR,1996,7128.3545,
Belarus,BLR,1997,7885.0195,
Belarus,BLR,1998,8481.967,
Belarus,BLR,1999,8689.713,
Belarus,BLR,2000,9110.9795,
Belarus,BLR,2001,9462.374,
Belarus,BLR,2002,9870.309,
Belarus,BLR,2003,10492.987,
Belarus,BLR,2004,11615.686,
Belarus,BLR,2005,12629.558,
Belarus,BLR,2006,13792.554,
Belarus,BLR,2007,14856.956,
Belarus,BLR,2008,16223.997,
Belarus,BLR,2009,16088.725,
Belarus,BLR,2010,17172.46,
Belarus,BLR,2011,17918.0,
Belarus,BLR,2012,18245.008,
Belarus,BLR,2013,18456.41,
Belarus,BLR,2014,18805.18,
Belarus,BLR,2015,18122.863,
Belarus,BLR,2016,17701.959,
Belarus,BLR,2017,18193.273,
Belarus,BLR,2018,18809.494,
Belarus,BLR,2019,19130.395,
Belarus,BLR,2020,19053.156,
Belarus,BLR,2021,19541.914,
Belarus,BLR,2022,18699.799,
Belgium,BEL,1,956.0,
Belgium,BEL,1500,2338.0,
Belgium,BEL,1550,2410.0,
Belgium,BEL,1600,2533.0,
Belgium,BEL,1650,2303.0,
Belgium,BEL,1700,2192.0,
Belgium,BEL,1750,2169.0,
Belgium,BEL,1812,2358.0,
Belgium,BEL,1820,2358.0,
Belgium,BEL,1846,2700.0,
Belgium,BEL,1847,2809.0,
Belgium,BEL,1848,2796.0,
Belgium,BEL,1849,2853.0,
Belgium,BEL,1850,2944.0,
Belgium,BEL,1851,3006.0,
Belgium,BEL,1852,3067.0,
Belgium,BEL,1853,3127.0,
Belgium,BEL,1854,3300.0,
Belgium,BEL,1855,3301.0,
Belgium,BEL,1856,3459.0,
Belgium,BEL,1857,3524.0,
Belgium,BEL,1858,3526.0,
Belgium,BEL,1859,3502.0,
Belgium,BEL,1860,3655.0,
Belgium,BEL,1861,3682.0,
Belgium,BEL,1862,3752.0,
Belgium,BEL,1863,3832.0,
Belgium,BEL,1864,3931.0,
Belgium,BEL,1865,3902.0,
Belgium,BEL,1866,3990.0,
Belgium,BEL,1867,3980.0,
Belgium,BEL,1868,4095.0,
Belgium,BEL,1869,4245.0,
Belgium,BEL,1870,4291.0,
Belgium,BEL,1871,4275.0,
Belgium,BEL,1872,4501.0,
Belgium,BEL,1873,4495.0,
Belgium,BEL,1874,4607.0,
Belgium,BEL,1875,4560.0,
Belgium,BEL,1876,4583.0,
Belgium,BEL,1877,4597.0,
Belgium,BEL,1878,4689.0,
Belgium,BEL,1879,4694.0,
Belgium,BEL,1880,4886.0,
Belgium,BEL,1881,4894.0,
Belgium,BEL,1882,4999.0,
Belgium,BEL,1883,5013.0,
Belgium,BEL,1884,4999.0,
Belgium,BEL,1885,5002.0,
Belgium,BEL,1886,5026.0,
Belgium,BEL,1887,5180.0,
Belgium,BEL,1888,5176.0,
Belgium,BEL,1889,5386.0,
Belgium,BEL,1890,5464.0,
Belgium,BEL,1891,5412.0,
Belgium,BEL,1892,5486.0,
Belgium,BEL,1893,5507.0,
Belgium,BEL,1894,5528.0,
Belgium,BEL,1895,5598.0,
Belgium,BEL,1896,5660.0,
Belgium,BEL,1897,5716.0,
Belgium,BEL,1898,5762.0,
Belgium,BEL,1899,5828.0,
Belgium,BEL,1900,5947.0,
Belgium,BEL,1901,5928.0,
Belgium,BEL,1902,5960.0,
Belgium,BEL,1903,6013.0,
Belgium,BEL,1904,6091.0,
Belgium,BEL,1905,6188.0,
Belgium,BEL,1906,6244.0,
Belgium,BEL,1907,6268.0,
Belgium,BEL,1908,6269.0,
Belgium,BEL,1909,6330.0,
Belgium,BEL,1910,6478.0,
Belgium,BEL,1911,6612.0,
Belgium,BEL,1912,6704.0,
Belgium,BEL,1913,6727.0,
Belgium,BEL,1914,6253.0,
Belgium,BEL,1915,6150.0,
Belgium,BEL,1916,6503.0,
Belgium,BEL,1917,5609.0,
Belgium,BEL,1918,4560.0,
Belgium,BEL,1919,5402.0,
Belgium,BEL,1920,6315.0,
Belgium,BEL,1921,6465.0,
Belgium,BEL,1922,7034.0,
Belgium,BEL,1923,7226.0,
Belgium,BEL,1924,7393.0,
Belgium,BEL,1925,7438.0,
Belgium,BEL,1926,7626.0,
Belgium,BEL,1927,7847.0,
Belgium,BEL,1928,8191.0,
Belgium,BEL,1929,8056.0,
Belgium,BEL,1930,7936.0,
Belgium,BEL,1931,7747.0,
Belgium,BEL,1932,7343.0,
Belgium,BEL,1933,7461.0,
Belgium,BEL,1934,7371.0,
Belgium,BEL,1935,7801.0,
Belgium,BEL,1936,7831.0,
Belgium,BEL,1937,7908.0,
Belgium,BEL,1938,7702.0,
Belgium,BEL,1939,8209.0,
Belgium,BEL,1940,7272.0,
Belgium,BEL,1941,6947.0,
Belgium,BEL,1942,6371.0,
Belgium,BEL,1943,6228.0,
Belgium,BEL,1944,6554.0,
Belgium,BEL,1945,6907.0,
Belgium,BEL,1946,7291.0,
Belgium,BEL,1947,7651.0,
Belgium,BEL,1948,8008.0,
Belgium,BEL,1949,8278.0,
Belgium,BEL,1950,8706.0,
Belgium,BEL,1951,9161.0,
Belgium,BEL,1952,9035.0,
Belgium,BEL,1953,9274.0,
Belgium,BEL,1954,9610.0,
Belgium,BEL,1955,10010.0,
Belgium,BEL,1956,10237.0,
Belgium,BEL,1957,10353.0,
Belgium,BEL,1958,10268.0,
Belgium,BEL,1959,10533.0,
Belgium,BEL,1960,11081.0,
Belgium,BEL,1961,11561.0,
Belgium,BEL,1962,12087.0,
Belgium,BEL,1963,12532.0,
Belgium,BEL,1964,13295.0,
Belgium,BEL,1965,13643.0,
Belgium,BEL,1966,13989.0,
Belgium,BEL,1967,14461.0,
Belgium,BEL,1968,15009.0,
Belgium,BEL,1969,15969.0,
Belgium,BEL,1970,16914.0,
Belgium,BEL,1971,17486.0,
Belgium,BEL,1972,18336.0,
Belgium,BEL,1973,19399.0,
Belgium,BEL,1974,20153.0,
Belgium,BEL,1975,19831.0,
Belgium,BEL,1976,20916.0,
Belgium,BEL,1977,21025.0,
Belgium,BEL,1978,21605.0,
Belgium,BEL,1979,22094.0,
Belgium,BEL,1980,23060.0,
Belgium,BEL,1981,22760.0,
Belgium,BEL,1982,23071.0,
Belgium,BEL,1983,23071.0,
Belgium,BEL,1984,23644.0,
Belgium,BEL,1985,23873.0,
Belgium,BEL,1986,24221.0,
Belgium,BEL,1987,24772.0,
Belgium,BEL,1988,25905.0,
Belgium,BEL,1989,26690.0,
Belgium,BEL,1990,27412.0,
Belgium,BEL,1991,27848.305,
Belgium,BEL,1992,28199.574,
Belgium,BEL,1993,27857.25,
Belgium,BEL,1994,28706.5,
Belgium,BEL,1995,29370.088,
Belgium,BEL,1996,29820.299,
Belgium,BEL,1997,30894.283,
Belgium,BEL,1998,31480.744,
Belgium,BEL,1999,32571.674,
Belgium,BEL,2000,33719.77,
Belgium,BEL,2001,33923.344,
Belgium,BEL,2002,34419.695,
Belgium,BEL,2003,34588.477,
Belgium,BEL,2004,35740.35,
Belgium,BEL,2005,36338.383,
Belgium,BEL,2006,37051.902,
Belgium,BEL,2007,38082.875,
Belgium,BEL,2008,38117.348,
Belgium,BEL,2009,36998.65,
Belgium,BEL,2010,37739.33,
Belgium,BEL,2011,38130.0,
Belgium,BEL,2012,38173.234,
Belgium,BEL,2013,38169.832,
Belgium,BEL,2014,38599.426,
Belgium,BEL,2015,39160.324,
Belgium,BEL,2016,39456.863,
Belgium,BEL,2017,39940.824,
Belgium,BEL,2018,40471.914,
Belgium,BEL,2019,41155.527,
Belgium,BEL,2020,38763.44,
Belgium,BEL,2021,40970.805,
Belgium,BEL,2022,41872.395,
Benin,BEN,1950,1627.0,
Benin,BEN,1951,1597.0,
Benin,BEN,1952,1565.0,
Benin,BEN,1953,1492.0,
Benin,BEN,1954,1505.0,
Benin,BEN,1955,1474.0,
Benin,BEN,1956,1444.0,
Benin,BEN,1957,1414.0,
Benin,BEN,1958,1435.0,
Benin,BEN,1959,1457.0,
Benin,BEN,1960,1468.0,
Benin,BEN,1961,1482.0,
Benin,BEN,1962,1400.0,
Benin,BEN,1963,1430.0,
Benin,BEN,1964,1492.0,
Benin,BEN,1965,1532.0,
Benin,BEN,1966,1549.0,
Benin,BEN,1967,1525.0,
Benin,BEN,1968,1545.0,
Benin,BEN,1969,1551.0,
Benin,BEN,1970,1543.0,
Benin,BEN,1971,1535.0,
Benin,BEN,1972,1640.0,
Benin,BEN,1973,1666.0,
Benin,BEN,1974,1733.0,
Benin,BEN,1975,1570.0,
Benin,BEN,1976,1548.0,
Benin,BEN,1977,1570.0,
Benin,BEN,1978,1519.0,
Benin,BEN,1979,1594.0,
Benin,BEN,1980,1691.0,
Benin,BEN,1981,1733.0,
Benin,BEN,1982,1862.0,
Benin,BEN,1983,1728.0,
Benin,BEN,1984,1809.0,
Benin,BEN,1985,1886.0,
Benin,BEN,1986,1867.0,
Benin,BEN,1987,1782.0,
Benin,BEN,1988,1780.0,
Benin,BEN,1989,1715.0,
Benin,BEN,1990,1811.0,
Benin,BEN,1991,1812.4215,
Benin,BEN,1992,1790.53,
Benin,BEN,1993,1791.9633,
Benin,BEN,1994,1731.8035,
Benin,BEN,1995,1835.5746,
Benin,BEN,1996,1840.4858,
Benin,BEN,1997,1867.6058,
Benin,BEN,1998,1862.7557,
Benin,BEN,1999,1881.6971,
Benin,BEN,2000,1908.9366,
Benin,BEN,2001,1928.0967,
Benin,BEN,2002,1934.3967,
Benin,BEN,2003,1919.6151,
Benin,BEN,2004,1923.7192,
Benin,BEN,2005,1875.9193,
Benin,BEN,2006,1870.5325,
Benin,BEN,2007,1904.5496,
Benin,BEN,2008,1920.306,
Benin,BEN,2009,1888.7758,
Benin,BEN,2010,1854.6655,
Benin,BEN,2011,1836.0,
Benin,BEN,2012,1867.0,
Benin,BEN,2013,1939.0,
Benin,BEN,2014,2008.0,
Benin,BEN,2015,2055.0,
Benin,BEN,2016,2061.9036,
Benin,BEN,2017,2115.587,
Benin,BEN,2018,2192.261,
Benin,BEN,2019,2276.1038,
Benin,BEN,2020,2297.7698,
Benin,BEN,2021,2395.1663,
Benin,BEN,2022,2477.0903,
Bolivia,BOL,1846,1184.0,
Bolivia,BOL,1890,1361.0,
Bolivia,BOL,1891,1371.0,
Bolivia,BOL,1892,1390.0,
Bolivia,BOL,1893,1390.0,
Bolivia,BOL,1894,1446.0,
Bolivia,BOL,1895,1446.0,
Bolivia,BOL,1896,1352.0,
Bolivia,BOL,1897,1384.0,
Bolivia,BOL,1898,1414.0,
Bolivia,BOL,1899,1420.0,
Bolivia,BOL,1900,1462.0,
Bolivia,BOL,1901,1513.0,
Bolivia,BOL,1902,1462.0,
Bolivia,BOL,1903,1458.0,
Bolivia,BOL,1904,1460.0,
Bolivia,BOL,1905,1510.0,
Bolivia,BOL,1906,1562.0,
Bolivia,BOL,1907,1568.0,
Bolivia,BOL,1908,1616.0,
Bolivia,BOL,1909,1651.0,
Bolivia,BOL,1910,1714.0,
Bolivia,BOL,1911,1744.0,
Bolivia,BOL,1912,1787.0,
Bolivia,BOL,1913,1862.0,
Bolivia,BOL,1914,1769.0,
Bolivia,BOL,1915,1798.0,
Bolivia,BOL,1916,1839.0,
Bolivia,BOL,1917,1957.0,
Bolivia,BOL,1918,1965.0,
Bolivia,BOL,1919,1956.0,
Bolivia,BOL,1920,1932.0,
Bolivia,BOL,1921,1849.0,
Bolivia,BOL,1922,2002.0,
Bolivia,BOL,1923,2008.0,
Bolivia,BOL,1924,2077.0,
Bolivia,BOL,1925,2144.0,
Bolivia,BOL,1926,2157.0,
Bolivia,BOL,1927,2289.0,
Bolivia,BOL,1928,2356.0,
Bolivia,BOL,1929,2426.0,
Bolivia,BOL,1930,2281.0,
Bolivia,BOL,1931,2040.0,
Bolivia,BOL,1932,1879.0,
Bolivia,BOL,1933,1954.0,
Bolivia,BOL,1934,2099.0,
Bolivia,BOL,1935,2173.0,
Bolivia,BOL,1936,2230.0,
Bolivia,BOL,1937,2381.0,
Bolivia,BOL,1938,2431.0,
Bolivia,BOL,1939,2488.0,
Bolivia,BOL,1940,2667.0,
Bolivia,BOL,1941,2823.0,
Bolivia,BOL,1942,2860.0,
Bolivia,BOL,1943,2922.0,
Bolivia,BOL,1944,2888.0,
Bolivia,BOL,1945,2966.0,
Bolivia,BOL,1946,2891.0,
Bolivia,BOL,1947,2797.0,
Bolivia,BOL,1948,2987.0,
Bolivia,BOL,1949,3083.0,
Bolivia,BOL,1950,3011.0,
Bolivia,BOL,1951,3209.0,
Bolivia,BOL,1952,3237.0,
Bolivia,BOL,1953,2869.0,
Bolivia,BOL,1954,2868.0,
Bolivia,BOL,1955,2954.0,
Bolivia,BOL,1956,2719.0,
Bolivia,BOL,1957,2573.0,
Bolivia,BOL,1958,2576.0,
Bolivia,BOL,1959,2511.0,
Bolivia,BOL,1960,2560.0,
Bolivia,BOL,1961,2555.0,
Bolivia,BOL,1962,2636.0,
Bolivia,BOL,1963,2742.0,
Bolivia,BOL,1964,2809.0,
Bolivia,BOL,1965,2879.0,
Bolivia,BOL,1966,3014.0,
Bolivia,BOL,1967,3127.0,
Bolivia,BOL,1968,3314.0,
Bolivia,BOL,1969,3379.0,
Bolivia,BOL,1970,3469.0,
Bolivia,BOL,1971,3513.0,
Bolivia,BOL,1972,3602.0,
Bolivia,BOL,1973,3757.0,
Bolivia,BOL,1974,3854.0,
Bolivia,BOL,1975,4010.0,
Bolivia,BOL,1976,4219.0,
Bolivia,BOL,1977,4289.0,
Bolivia,BOL,1978,4328.0,
Bolivia,BOL,1979,4227.0,
Bolivia,BOL,1980,4100.0,
Bolivia,BOL,1981,4060.0,
Bolivia,BOL,1982,3816.0,
Bolivia,BOL,1983,3585.0,
Bolivia,BOL,1984,3561.0,
Bolivia,BOL,1985,3476.0,
Bolivia,BOL,1986,3306.0,
Bolivia,BOL,1987,3330.0,
Bolivia,BOL,1988,3386.0,
Bolivia,BOL,1989,3408.0,
Bolivia,BOL,1990,3502.0,
Bolivia,BOL,1991,3610.0518,
Bolivia,BOL,1992,3592.1367,
Bolivia,BOL,1993,3670.2744,
Bolivia,BOL,1994,3765.1694,
Bolivia,BOL,1995,3865.438,
Bolivia,BOL,1996,3959.4453,
Bolivia,BOL,1997,4079.5378,
Bolivia,BOL,1998,4205.6943,
Bolivia,BOL,1999,4146.4707,
Bolivia,BOL,2000,4173.5493,
Bolivia,BOL,2001,4166.4917,
Bolivia,BOL,2002,4193.755,
Bolivia,BOL,2003,4230.3726,
Bolivia,BOL,2004,4330.5557,
Bolivia,BOL,2005,4445.3477,
Bolivia,BOL,2006,4581.9023,
Bolivia,BOL,2007,4713.448,
Bolivia,BOL,2008,4924.032,
Bolivia,BOL,2009,5011.3384,
Bolivia,BOL,2010,5141.759,
Bolivia,BOL,2011,5331.0,
Bolivia,BOL,2012,5503.908,
Bolivia,BOL,2013,5775.7515,
Bolivia,BOL,2014,5988.2773,
Bolivia,BOL,2015,6176.267,
Bolivia,BOL,2016,6337.799,
Bolivia,BOL,2017,6503.387,
Bolivia,BOL,2018,6679.4385,
Bolivia,BOL,2019,6730.809,
Bolivia,BOL,2020,6062.065,
Bolivia,BOL,2021,6355.615,
Bolivia,BOL,2022,6481.3906,
Bosnia and Herzegovina,BIH,1952,1894.0,
Bosnia and Herzegovina,BIH,1953,1878.0,
Bosnia and Herzegovina,BIH,1954,1847.0,
Bosnia and Herzegovina,BIH,1955,2265.0,
Bosnia and Herzegovina,BIH,1956,1932.0,
Bosnia and Herzegovina,BIH,1957,2214.0,
Bosnia and Herzegovina,BIH,1958,2284.0,
Bosnia and Herzegovina,BIH,1959,2667.0,
Bosnia and Herzegovina,BIH,1960,2871.0,
Bosnia and Herzegovina,BIH,1961,2925.0,
Bosnia and Herzegovina,BIH,1962,2868.0,
Bosnia and Herzegovina,BIH,1963,3174.0,
Bosnia and Herzegovina,BIH,1964,3469.0,
Bosnia and Herzegovina,BIH,1965,3569.0,
Bosnia and Herzegovina,BIH,1966,3810.0,
Bosnia and Herzegovina,BIH,1967,3724.0,
Bosnia and Herzegovina,BIH,1968,3849.0,
Bosnia and Herzegovina,BIH,1969,4132.0,
Bosnia and Herzegovina,BIH,1970,4251.0,
Bosnia and Herzegovina,BIH,1971,4490.0,
Bosnia and Herzegovina,BIH,1972,4661.0,
Bosnia and Herzegovina,BIH,1973,4801.0,
Bosnia and Herzegovina,BIH,1974,5112.0,
Bosnia and Herzegovina,BIH,1975,5247.0,
Bosnia and Herzegovina,BIH,1976,5268.0,
Bosnia and Herzegovina,BIH,1977,5647.0,
Bosnia and Herzegovina,BIH,1978,5977.0,
Bosnia and Herzegovina,BIH,1979,6376.0,
Bosnia and Herzegovina,BIH,1980,6588.0,
Bosnia and Herzegovina,BIH,1981,6762.0,
Bosnia and Herzegovina,BIH,1982,6841.0,
Bosnia and Herzegovina,BIH,1983,6773.0,
Bosnia and Herzegovina,BIH,1984,6843.0,
Bosnia and Herzegovina,BIH,1985,6875.0,
Bosnia and Herzegovina,BIH,1986,7066.0,
Bosnia and Herzegovina,BIH,1987,6886.0,
Bosnia and Herzegovina,BIH,1988,6668.0,
Bosnia and Herzegovina,BIH,1989,6711.0,
Bosnia and Herzegovina,BIH,1990,5893.0,
Bosnia and Herzegovina,BIH,1991,5128.9395,
Bosnia and Herzegovina,BIH,1992,3830.219,
Bosnia and Herzegovina,BIH,1993,2831.0393,
Bosnia and Herzegovina,BIH,1994,3017.001,
Bosnia and Herzegovina,BIH,1995,3237.3074,
Bosnia and Herzegovina,BIH,1996,4915.325,
Bosnia and Herzegovina,BIH,1997,5913.081,
Bosnia and Herzegovina,BIH,1998,6589.637,
Bosnia and Herzegovina,BIH,1999,7025.973,
Bosnia and Herzegovina,BIH,2000,7082.035,
Bosnia and Herzegovina,BIH,2001,7129.3867,
Bosnia and Herzegovina,BIH,2002,7391.5923,
Bosnia and Herzegovina,BIH,2003,7551.408,
Bosnia and Herzegovina,BIH,2004,7857.3784,
Bosnia and Herzegovina,BIH,2005,8057.6826,
Bosnia and Herzegovina,BIH,2006,8410.801,
Bosnia and Herzegovina,BIH,2007,8811.861,
Bosnia and Herzegovina,BIH,2008,9199.262,
Bosnia and Herzegovina,BIH,2009,9018.506,
Bosnia and Herzegovina,BIH,2010,8982.458,
Bosnia and Herzegovina,BIH,2011,8961.0,
Bosnia and Herzegovina,BIH,2012,8894.932,
Bosnia and Herzegovina,BIH,2013,9113.055,
Bosnia and Herzegovina,BIH,2014,9228.818,
Bosnia and Herzegovina,BIH,2015,9639.478,
Bosnia and Herzegovina,BIH,2016,9966.366,
Bosnia and Herzegovina,BIH,2017,10305.933,
Bosnia and Herzegovina,BIH,2018,10718.778,
Bosnia and Herzegovina,BIH,2019,11048.235,
Bosnia and Herzegovina,BIH,2020,10736.168,
Bosnia and Herzegovina,BIH,2021,11553.761,
Bosnia and Herzegovina,BIH,2022,12142.863,
Botswana,BWA,1950,489.0,
Botswana,BWA,1951,497.0,
Botswana,BWA,1952,504.0,
Botswana,BWA,1953,513.0,
Botswana,BWA,1954,521.0,
Botswana,BWA,1955,529.0,
Botswana,BWA,1956,537.0,
Botswana,BWA,1957,544.0,
Botswana,BWA,1958,550.0,
Botswana,BWA,1959,559.0,
Botswana,BWA,1960,564.0,
Botswana,BWA,1961,575.0,
Botswana,BWA,1962,582.0,
Botswana,BWA,1963,591.0,
Botswana,BWA,1964,604.0,
Botswana,BWA,1965,612.0,
Botswana,BWA,1966,663.0,
Botswana,BWA,1967,719.0,
Botswana,BWA,1968,781.0,
Botswana,BWA,1969,843.0,
Botswana,BWA,1970,907.0,
Botswana,BWA,1971,1113.0,
Botswana,BWA,1972,1361.0,
Botswana,BWA,1973,1589.0,
Botswana,BWA,1974,1656.0,
Botswana,BWA,1975,1712.0,
Botswana,BWA,1976,1801.0,
Botswana,BWA,1977,1889.0,
Botswana,BWA,1978,2005.0,
Botswana,BWA,1979,2184.0,
Botswana,BWA,1980,2348.0,
Botswana,BWA,1981,2528.0,
Botswana,BWA,1982,2640.0,
Botswana,BWA,1983,2848.0,
Botswana,BWA,1984,3124.0,
Botswana,BWA,1985,3301.0,
Botswana,BWA,1986,3432.0,
Botswana,BWA,1987,3601.0,
Botswana,BWA,1988,3920.0,
Botswana,BWA,1989,5066.0,
Botswana,BWA,1990,5267.0,
Botswana,BWA,1991,5616.011,
Botswana,BWA,1992,5733.63,
Botswana,BWA,1993,5787.1143,
Botswana,BWA,1994,5946.4272,
Botswana,BWA,1995,6318.4766,
Botswana,BWA,1996,6647.7676,
Botswana,BWA,1997,7152.1475,
Botswana,BWA,1998,7185.2725,
Botswana,BWA,1999,7876.1387,
Botswana,BWA,2000,8044.142,
Botswana,BWA,2001,8082.8237,
Botswana,BWA,2002,8604.067,
Botswana,BWA,2003,9042.52,
Botswana,BWA,2004,9329.509,
Botswana,BWA,2005,9798.087,
Botswana,BWA,2006,10665.68,
Botswana,BWA,2007,11602.068,
Botswana,BWA,2008,12385.149,
Botswana,BWA,2009,11494.757,
Botswana,BWA,2010,12544.728,
Botswana,BWA,2011,13376.0,
Botswana,BWA,2012,13134.406,
Botswana,BWA,2013,14355.76,
Botswana,BWA,2014,14929.678,
Botswana,BWA,2015,13980.036,
Botswana,BWA,2016,14752.188,
Botswana,BWA,2017,15121.662,
Botswana,BWA,2018,15515.622,
Botswana,BWA,2019,15747.324,
Botswana,BWA,2020,14162.686,
Botswana,BWA,2021,15612.078,
Botswana,BWA,2022,16351.91,
Brazil,BRA,1800,867.0,
Brazil,BRA,1820,867.0,
Brazil,BRA,1850,867.0,
Brazil,BRA,1851,926.0,
Brazil,BRA,1852,901.0,
Brazil,BRA,1853,846.0,
Brazil,BRA,1854,818.0,
Brazil,BRA,1855,824.0,
Brazil,BRA,1856,854.0,
Brazil,BRA,1857,915.0,
Brazil,BRA,1858,974.0,
Brazil,BRA,1859,966.0,
Brazil,BRA,1860,991.0,
Brazil,BRA,1861,982.0,
Brazil,BRA,1862,936.0,
Brazil,BRA,1863,956.0,
Brazil,BRA,1864,971.0,
Brazil,BRA,1865,1042.0,
Brazil,BRA,1866,1081.0,
Brazil,BRA,1867,1170.0,
Brazil,BRA,1868,1170.0,
Brazil,BRA,1869,1170.0,
Brazil,BRA,1870,1084.0,
Brazil,BRA,1871,1084.0,
Brazil,BRA,1872,1122.0,
Brazil,BRA,1873,1089.0,
Brazil,BRA,1874,1106.0,
Brazil,BRA,1875,1122.0,
Brazil,BRA,1876,1081.0,
Brazil,BRA,1877,1050.0,
Brazil,BRA,1878,1101.0,
Brazil,BRA,1879,1109.0,
Brazil,BRA,1880,1058.0,
Brazil,BRA,1881,1068.0,
Brazil,BRA,1882,1093.0,
Brazil,BRA,1883,1063.0,
Brazil,BRA,1884,1135.0,
Brazil,BRA,1885,1055.0,
Brazil,BRA,1886,1089.0,
Brazil,BRA,1887,1017.0,
Brazil,BRA,1888,977.0,
Brazil,BRA,1889,991.0,
Brazil,BRA,1890,1084.0,
Brazil,BRA,1891,1152.0,
Brazil,BRA,1892,999.0,
Brazil,BRA,1893,850.0,
Brazil,BRA,1894,850.0,
Brazil,BRA,1895,1007.0,
Brazil,BRA,1896,915.0,
Brazil,BRA,1897,901.0,
Brazil,BRA,1898,923.0,
Brazil,BRA,1899,905.0,
Brazil,BRA,1900,874.0,
Brazil,BRA,1901,940.0,
Brazil,BRA,1902,921.0,
Brazil,BRA,1903,920.0,
Brazil,BRA,1904,918.0,
Brazil,BRA,1905,925.0,
Brazil,BRA,1906,993.0,
Brazil,BRA,1907,972.0,
Brazil,BRA,1908,945.0,
Brazil,BRA,1909,999.0,
Brazil,BRA,1910,990.0,
Brazil,BRA,1911,1076.0,
Brazil,BRA,1912,1042.0,
Brazil,BRA,1913,1046.0,
Brazil,BRA,1914,1004.0,
Brazil,BRA,1915,1028.0,
Brazil,BRA,1916,1036.0,
Brazil,BRA,1917,1086.0,
Brazil,BRA,1918,1041.0,
Brazil,BRA,1919,1154.0,
Brazil,BRA,1920,1242.0,
Brazil,BRA,1921,1242.0,
Brazil,BRA,1922,1301.0,
Brazil,BRA,1923,1347.0,
Brazil,BRA,1924,1320.0,
Brazil,BRA,1925,1298.0,
Brazil,BRA,1926,1299.0,
Brazil,BRA,1927,1366.0,
Brazil,BRA,1928,1492.0,
Brazil,BRA,1929,1465.0,
Brazil,BRA,1930,1350.0,
Brazil,BRA,1931,1294.0,
Brazil,BRA,1932,1312.0,
Brazil,BRA,1933,1387.0,
Brazil,BRA,1934,1471.0,
Brazil,BRA,1935,1482.0,
Brazil,BRA,1936,1591.0,
Brazil,BRA,1937,1610.0,
Brazil,BRA,1938,1643.0,
Brazil,BRA,1939,1627.0,
Brazil,BRA,1940,1610.0,
Brazil,BRA,1941,1683.0,
Brazil,BRA,1942,1584.0,
Brazil,BRA,1943,1763.0,
Brazil,BRA,1944,1785.0,
Brazil,BRA,1945,1792.0,
Brazil,BRA,1946,1934.0,
Brazil,BRA,1947,1956.0,
Brazil,BRA,1948,2096.0,
Brazil,BRA,1949,2204.0,
Brazil,BRA,1950,2236.0,
Brazil,BRA,1951,2279.0,
Brazil,BRA,1952,2377.0,
Brazil,BRA,1953,2418.0,
Brazil,BRA,1954,2531.0,
Brazil,BRA,1955,2675.0,
Brazil,BRA,1956,2672.0,
Brazil,BRA,1957,2793.0,
Brazil,BRA,1958,3005.0,
Brazil,BRA,1959,3201.0,
Brazil,BRA,1960,3398.0,
Brazil,BRA,1961,3585.0,
Brazil,BRA,1962,3711.0,
Brazil,BRA,1963,3623.0,
Brazil,BRA,1964,3637.0,
Brazil,BRA,1965,3617.0,
Brazil,BRA,1966,3747.0,
Brazil,BRA,1967,3795.0,
Brazil,BRA,1968,4050.0,
Brazil,BRA,1969,4313.0,
Brazil,BRA,1970,4635.0,
Brazil,BRA,1971,5024.0,
Brazil,BRA,1972,5480.0,
Brazil,BRA,1973,6086.0,
Brazil,BRA,1974,6416.0,
Brazil,BRA,1975,6582.0,
Brazil,BRA,1976,7079.0,
Brazil,BRA,1977,7248.0,
Brazil,BRA,1978,7425.0,
Brazil,BRA,1979,7736.0,
Brazil,BRA,1980,8249.0,
Brazil,BRA,1981,7709.0,
Brazil,BRA,1982,7587.0,
Brazil,BRA,1983,7203.0,
Brazil,BRA,1984,7438.0,
Brazil,BRA,1985,7862.0,
Brazil,BRA,1986,8281.0,
Brazil,BRA,1987,8402.0,
Brazil,BRA,1988,8230.0,
Brazil,BRA,1989,8333.0,
Brazil,BRA,1990,7842.0,
Brazil,BRA,1991,7888.0483,
Brazil,BRA,1992,7812.7944,
Brazil,BRA,1993,8166.2354,
Brazil,BRA,1994,8615.688,
Brazil,BRA,1995,8951.694,
Brazil,BRA,1996,9124.516,
Brazil,BRA,1997,9409.946,
Brazil,BRA,1998,9419.107,
Brazil,BRA,1999,9441.759,
Brazil,BRA,2000,9834.425,
Brazil,BRA,2001,9953.31,
Brazil,BRA,2002,10245.069,
Brazil,BRA,2003,10354.596,
Brazil,BRA,2004,10949.66,
Brazil,BRA,2005,11305.771,
Brazil,BRA,2006,11766.605,
Brazil,BRA,2007,12500.007,
Brazil,BRA,2008,13164.012,
Brazil,BRA,2009,13180.891,
Brazil,BRA,2010,14215.612,
Brazil,BRA,2011,14831.0,
Brazil,BRA,2012,14985.498,
Brazil,BRA,2013,15305.414,
Brazil,BRA,2014,15251.89,
Brazil,BRA,2015,14583.982,
Brazil,BRA,2016,13990.646,
Brazil,BRA,2017,14062.75,
Brazil,BRA,2018,14197.55,
Brazil,BRA,2019,14257.871,
Brazil,BRA,2020,13685.926,
Brazil,BRA,2021,14292.936,
Brazil,BRA,2022,14640.076,
Bulgaria,BGR,1870,1339.0,
Bulgaria,BGR,1892,1804.0,
Bulgaria,BGR,1899,1572.0,
Bulgaria,BGR,1905,1722.0,
Bulgaria,BGR,1910,1812.0,
Bulgaria,BGR,1911,1812.0,
Bulgaria,BGR,1920,1594.0,
Bulgaria,BGR,1921,1594.0,
Bulgaria,BGR,1924,1635.0,
Bulgaria,BGR,1925,1949.0,
Bulgaria,BGR,1926,1978.0,
Bulgaria,BGR,1927,1884.0,
Bulgaria,BGR,1928,1934.0,
Bulgaria,BGR,1929,1956.0,
Bulgaria,BGR,1930,2031.0,
Bulgaria,BGR,1931,2048.0,
Bulgaria,BGR,1932,1943.0,
Bulgaria,BGR,1933,2077.0,
Bulgaria,BGR,1934,1876.0,
Bulgaria,BGR,1935,1992.0,
Bulgaria,BGR,1936,2209.0,
Bulgaria,BGR,1937,2410.0,
Bulgaria,BGR,1938,2389.0,
Bulgaria,BGR,1939,2672.0,
Bulgaria,BGR,1940,2683.0,
Bulgaria,BGR,1941,2386.0,
Bulgaria,BGR,1942,2299.0,
Bulgaria,BGR,1943,2346.0,
Bulgaria,BGR,1944,2087.0,
Bulgaria,BGR,1945,1710.0,
Bulgaria,BGR,1948,2200.0,
Bulgaria,BGR,1949,2400.0,
Bulgaria,BGR,1950,2632.0,
Bulgaria,BGR,1951,3170.0,
Bulgaria,BGR,1952,3017.0,
Bulgaria,BGR,1953,3323.0,
Bulgaria,BGR,1954,3228.0,
Bulgaria,BGR,1955,3424.0,
Bulgaria,BGR,1956,3392.0,
Bulgaria,BGR,1957,3714.0,
Bulgaria,BGR,1958,3998.0,
Bulgaria,BGR,1959,4278.0,
Bulgaria,BGR,1960,4642.0,
Bulgaria,BGR,1961,4897.0,
Bulgaria,BGR,1962,5252.0,
Bulgaria,BGR,1963,5448.0,
Bulgaria,BGR,1964,5829.0,
Bulgaria,BGR,1965,6137.0,
Bulgaria,BGR,1966,6575.0,
Bulgaria,BGR,1967,6886.0,
Bulgaria,BGR,1968,6963.0,
Bulgaria,BGR,1969,7246.0,
Bulgaria,BGR,1970,7608.0,
Bulgaria,BGR,1971,7814.0,
Bulgaria,BGR,1972,8145.0,
Bulgaria,BGR,1973,8423.0,
Bulgaria,BGR,1974,8630.0,
Bulgaria,BGR,1975,9295.0,
Bulgaria,BGR,1976,9535.0,
Bulgaria,BGR,1977,9398.0,
Bulgaria,BGR,1978,9594.0,
Bulgaria,BGR,1979,9954.0,
Bulgaria,BGR,1980,9634.0,
Bulgaria,BGR,1981,9860.0,
Bulgaria,BGR,1982,10154.0,
Bulgaria,BGR,1983,9942.0,
Bulgaria,BGR,1984,10249.0,
Bulgaria,BGR,1985,9924.0,
Bulgaria,BGR,1986,10170.0,
Bulgaria,BGR,1987,10173.0,
Bulgaria,BGR,1988,10098.0,
Bulgaria,BGR,1989,9908.0,
Bulgaria,BGR,1990,8922.0,
Bulgaria,BGR,1991,8319.673,
Bulgaria,BGR,1992,7846.1157,
Bulgaria,BGR,1993,7959.1636,
Bulgaria,BGR,1994,8212.297,
Bulgaria,BGR,1995,8566.603,
Bulgaria,BGR,1996,7901.1235,
Bulgaria,BGR,1997,7927.429,
Bulgaria,BGR,1998,8322.082,
Bulgaria,BGR,1999,7921.765,
Bulgaria,BGR,2000,8410.795,
Bulgaria,BGR,2001,8832.291,
Bulgaria,BGR,2002,9471.766,
Bulgaria,BGR,2003,10080.783,
Bulgaria,BGR,2004,10853.785,
Bulgaria,BGR,2005,11758.084,
Bulgaria,BGR,2006,12706.182,
Bulgaria,BGR,2007,13785.228,
Bulgaria,BGR,2008,14761.715,
Bulgaria,BGR,2009,14363.259,
Bulgaria,BGR,2010,14686.461,
Bulgaria,BGR,2011,15112.0,
Bulgaria,BGR,2012,15314.524,
Bulgaria,BGR,2013,15314.154,
Bulgaria,BGR,2014,15550.346,
Bulgaria,BGR,2015,16186.409,
Bulgaria,BGR,2016,16795.824,
Bulgaria,BGR,2017,17386.271,
Bulgaria,BGR,2018,17982.424,
Bulgaria,BGR,2019,18840.764,
Bulgaria,BGR,2020,18203.832,
Bulgaria,BGR,2021,19753.994,
Bulgaria,BGR,2022,20592.455,
Burkina Faso,BFA,1950,756.0,
Burkina Faso,BFA,1951,776.0,
Burkina Faso,BFA,1952,797.0,
Burkina Faso,BFA,1953,816.0,
Burkina Faso,BFA,1954,838.0,
Burkina Faso,BFA,1955,859.0,
Burkina Faso,BFA,1956,883.0,
Burkina Faso,BFA,1957,905.0,
Burkina Faso,BFA,1958,929.0,
Burkina Faso,BFA,1959,953.0,
Burkina Faso,BFA,1960,971.0,
Burkina Faso,BFA,1961,1004.0,
Burkina Faso,BFA,1962,1060.0,
Burkina Faso,BFA,1963,1039.0,
Burkina Faso,BFA,1964,1055.0,
Burkina Faso,BFA,1965,1087.0,
Burkina Faso,BFA,1966,1082.0,
Burkina Faso,BFA,1967,1165.0,
Burkina Faso,BFA,1968,1189.0,
Burkina Faso,BFA,1969,1199.0,
Burkina Faso,BFA,1970,1188.0,
Burkina Faso,BFA,1971,1219.0,
Burkina Faso,BFA,1972,1253.0,
Burkina Faso,BFA,1973,1172.0,
Burkina Faso,BFA,1974,1132.0,
Burkina Faso,BFA,1975,1068.0,
Burkina Faso,BFA,1976,1039.0,
Burkina Faso,BFA,1977,1090.0,
Burkina Faso,BFA,1978,1189.0,
Burkina Faso,BFA,1979,1173.0,
Burkina Faso,BFA,1980,1165.0,
Burkina Faso,BFA,1981,1186.0,
Burkina Faso,BFA,1982,1183.0,
Burkina Faso,BFA,1983,1140.0,
Burkina Faso,BFA,1984,1129.0,
Burkina Faso,BFA,1985,1243.0,
Burkina Faso,BFA,1986,1400.0,
Burkina Faso,BFA,1987,1336.0,
Burkina Faso,BFA,1988,1403.0,
Burkina Faso,BFA,1989,1342.0,
Burkina Faso,BFA,1990,1286.0,
Burkina Faso,BFA,1991,1331.2303,
Burkina Faso,BFA,1992,1264.992,
Burkina Faso,BFA,1993,1240.1422,
Burkina Faso,BFA,1994,1189.1213,
Burkina Faso,BFA,1995,1191.3074,
Burkina Faso,BFA,1996,1255.7749,
Burkina Faso,BFA,1997,1268.2632,
Burkina Faso,BFA,1998,1293.5734,
Burkina Faso,BFA,1999,1318.7197,
Burkina Faso,BFA,2000,1275.4819,
Burkina Faso,BFA,2001,1283.3822,
Burkina Faso,BFA,2002,1255.5571,
Burkina Faso,BFA,2003,1277.5808,
Burkina Faso,BFA,2004,1268.6866,
Burkina Faso,BFA,2005,1309.9836,
Burkina Faso,BFA,2006,1322.6372,
Burkina Faso,BFA,2007,1308.5203,
Burkina Faso,BFA,2008,1315.4537,
Burkina Faso,BFA,2009,1287.3678,
Burkina Faso,BFA,2010,1326.1975,
Burkina Faso,BFA,2011,1344.0,
Burkina Faso,BFA,2012,1387.6171,
Burkina Faso,BFA,2013,1424.2133,
Burkina Faso,BFA,2014,1443.2963,
Burkina Faso,BFA,2015,1456.9303,
Burkina Faso,BFA,2016,1500.0236,
Burkina Faso,BFA,2017,1548.481,
Burkina Faso,BFA,2018,1605.3588,
Burkina Faso,BFA,2019,1651.1173,
Burkina Faso,BFA,2020,1638.8279,
Burkina Faso,BFA,2021,1706.9633,
Burkina Faso,BFA,2022,1704.966,
Burundi,BDI,1950,595.0,
Burundi,BDI,1951,618.0,
Burundi,BDI,1952,626.0,
Burundi,BDI,1953,641.0,
Burundi,BDI,1954,665.0,
Burundi,BDI,1955,674.0,
Burundi,BDI,1956,687.0,
Burundi,BDI,1957,701.0,
Burundi,BDI,1958,708.0,
Burundi,BDI,1959,736.0,
Burundi,BDI,1960,733.0,
Burundi,BDI,1961,615.0,
Burundi,BDI,1962,657.0,
Burundi,BDI,1963,673.0,
Burundi,BDI,1964,695.0,
Burundi,BDI,1965,703.0,
Burundi,BDI,1966,716.0,
Burundi,BDI,1967,764.0,
Burundi,BDI,1968,740.0,
Burundi,BDI,1969,717.0,
Burundi,BDI,1970,893.0,
Burundi,BDI,1971,902.0,
Burundi,BDI,1972,866.0,
Burundi,BDI,1973,921.0,
Burundi,BDI,1974,904.0,
Burundi,BDI,1975,883.0,
Burundi,BDI,1976,956.0,
Burundi,BDI,1977,1020.0,
Burundi,BDI,1978,1042.0,
Burundi,BDI,1979,1011.0,
Burundi,BDI,1980,952.0,
Burundi,BDI,1981,1014.0,
Burundi,BDI,1982,985.0,
Burundi,BDI,1983,991.0,
Burundi,BDI,1984,968.0,
Burundi,BDI,1985,1057.0,
Burundi,BDI,1986,1078.0,
Burundi,BDI,1987,1095.0,
Burundi,BDI,1988,1119.0,
Burundi,BDI,1989,1111.0,
Burundi,BDI,1990,1124.0,
Burundi,BDI,1991,1149.7976,
Burundi,BDI,1992,1128.3474,
Burundi,BDI,1993,1075.6154,
Burundi,BDI,1994,1057.6414,
Burundi,BDI,1995,934.20306,
Burundi,BDI,1996,824.5116,
Burundi,BDI,1997,800.27203,
Burundi,BDI,1998,808.3241,
Burundi,BDI,1999,772.3172,
Burundi,BDI,2000,739.7609,
Burundi,BDI,2001,730.4278,
Burundi,BDI,2002,737.286,
Burundi,BDI,2003,703.5615,
Burundi,BDI,2004,709.7372,
Burundi,BDI,2005,691.61975,
Burundi,BDI,2006,703.36096,
Burundi,BDI,2007,700.95874,
Burundi,BDI,2008,708.6786,
Burundi,BDI,2009,709.0326,
Burundi,BDI,2010,717.6115,
Burundi,BDI,2011,719.0,
Burundi,BDI,2012,727.0,
Burundi,BDI,2013,738.0,
Burundi,BDI,2014,748.0,
Burundi,BDI,2015,694.0,
Burundi,BDI,2016,704.635,
Burundi,BDI,2017,715.09454,
Burundi,BDI,2018,730.9046,
Burundi,BDI,2019,738.9831,
Burundi,BDI,2020,720.446,
Burundi,BDI,2021,723.1921,
Burundi,BDI,2022,717.22845,
Cambodia,KHM,1950,768.0,
Cambodia,KHM,1951,775.0,
Cambodia,KHM,1952,803.0,
Cambodia,KHM,1953,792.0,
Cambodia,KHM,1954,864.0,
Cambodia,KHM,1955,826.0,
Cambodia,KHM,1956,912.0,
Cambodia,KHM,1957,947.0,
Cambodia,KHM,1958,969.0,
Cambodia,KHM,1959,1036.0,
Cambodia,KHM,1960,1070.0,
Cambodia,KHM,1961,1031.0,
Cambodia,KHM,1962,1084.0,
Cambodia,KHM,1963,1135.0,
Cambodia,KHM,1964,1074.0,
Cambodia,KHM,1965,1095.0,
Cambodia,KHM,1966,1116.0,
Cambodia,KHM,1967,1143.0,
Cambodia,KHM,1968,1164.0,
Cambodia,KHM,1969,1151.0,
Cambodia,KHM,1970,1031.0,
Cambodia,KHM,1971,980.0,
Cambodia,KHM,1972,920.0,
Cambodia,KHM,1973,1239.0,
Cambodia,KHM,1974,1049.0,
Cambodia,KHM,1975,925.0,
Cambodia,KHM,1976,1025.0,
Cambodia,KHM,1977,1143.0,
Cambodia,KHM,1978,1291.0,
Cambodia,KHM,1979,1325.0,
Cambodia,KHM,1980,1320.0,
Cambodia,KHM,1981,1301.0,
Cambodia,KHM,1982,1358.0,
Cambodia,KHM,1983,1412.0,
Cambodia,KHM,1984,1476.0,
Cambodia,KHM,1985,1540.0,
Cambodia,KHM,1986,1578.0,
Cambodia,KHM,1987,1490.0,
Cambodia,KHM,1988,1473.0,
Cambodia,KHM,1989,1455.0,
Cambodia,KHM,1990,1404.0,
Cambodia,KHM,1991,1425.0455,
Cambodia,KHM,1992,1427.2858,
Cambodia,KHM,1993,1384.2925,
Cambodia,KHM,1994,1416.4637,
Cambodia,KHM,1995,1439.2865,
Cambodia,KHM,1996,1450.5251,
Cambodia,KHM,1997,1466.3667,
Cambodia,KHM,1998,1476.296,
Cambodia,KHM,1999,1586.2104,
Cambodia,KHM,2000,1659.0891,
Cambodia,KHM,2001,1726.4713,
Cambodia,KHM,2002,1770.9572,
Cambodia,KHM,2003,1850.2043,
Cambodia,KHM,2004,1965.8787,
Cambodia,KHM,2005,2144.845,
Cambodia,KHM,2006,2286.3848,
Cambodia,KHM,2007,2422.7566,
Cambodia,KHM,2008,2482.0068,
Cambodia,KHM,2009,2433.3062,
Cambodia,KHM,2010,2426.687,
Cambodia,KHM,2011,2496.0,
Cambodia,KHM,2012,2649.3062,
Cambodia,KHM,2013,2813.6704,
Cambodia,KHM,2014,2982.7285,
Cambodia,KHM,2015,3149.8743,
Cambodia,KHM,2016,3312.0815,
Cambodia,KHM,2017,3488.5952,
Cambodia,KHM,2018,3692.43,
Cambodia,KHM,2019,3896.7979,
Cambodia,KHM,2020,3728.1985,
Cambodia,KHM,2021,3796.4844,
Cambodia,KHM,2022,3944.2468,
Cameroon,CMR,1950,1070.0,
Cameroon,CMR,1951,1095.0,
Cameroon,CMR,1952,1122.0,
Cameroon,CMR,1953,1148.0,
Cameroon,CMR,1954,1175.0,
Cameroon,CMR,1955,1202.0,
Cameroon,CMR,1956,1229.0,
Cameroon,CMR,1957,1256.0,
Cameroon,CMR,1958,1283.0,
Cameroon,CMR,1959,1310.0,
Cameroon,CMR,1960,1326.0,
Cameroon,CMR,1961,1321.0,
Cameroon,CMR,1962,1339.0,
Cameroon,CMR,1963,1366.0,
Cameroon,CMR,1964,1390.0,
Cameroon,CMR,1965,1393.0,
Cameroon,CMR,1966,1431.0,
Cameroon,CMR,1967,1443.0,
Cameroon,CMR,1968,1508.0,
Cameroon,CMR,1969,1551.0,
Cameroon,CMR,1970,1565.0,
Cameroon,CMR,1971,1578.0,
Cameroon,CMR,1972,1612.0,
Cameroon,CMR,1973,1599.0,
Cameroon,CMR,1974,1632.0,
Cameroon,CMR,1975,1677.0,
Cameroon,CMR,1976,1664.0,
Cameroon,CMR,1977,1706.0,
Cameroon,CMR,1978,1744.0,
Cameroon,CMR,1979,1785.0,
Cameroon,CMR,1980,1900.0,
Cameroon,CMR,1981,2153.0,
Cameroon,CMR,1982,2257.0,
Cameroon,CMR,1983,2345.0,
Cameroon,CMR,1984,2450.0,
Cameroon,CMR,1985,2585.0,
Cameroon,CMR,1986,2683.0,
Cameroon,CMR,1987,2471.0,
Cameroon,CMR,1988,2287.0,
Cameroon,CMR,1989,2021.0,
Cameroon,CMR,1990,1930.0,
Cameroon,CMR,1991,1833.3545,
Cameroon,CMR,1992,1754.2467,
Cameroon,CMR,1993,1677.14,
Cameroon,CMR,1994,1615.5973,
Cameroon,CMR,1995,1648.6416,
Cameroon,CMR,1996,1710.106,
Cameroon,CMR,1997,1780.4967,
Cameroon,CMR,1998,1847.2189,
Cameroon,CMR,1999,1902.266,
Cameroon,CMR,2000,1961.0879,
Cameroon,CMR,2001,2028.5474,
Cameroon,CMR,2002,2084.9207,
Cameroon,CMR,2003,2143.98,
Cameroon,CMR,2004,2198.236,
Cameroon,CMR,2005,2222.911,
Cameroon,CMR,2006,2269.518,
Cameroon,CMR,2007,2315.607,
Cameroon,CMR,2008,2352.7996,
Cameroon,CMR,2009,2370.1306,
Cameroon,CMR,2010,2420.1328,
Cameroon,CMR,2011,2494.0,
Cameroon,CMR,2012,2536.5469,
Cameroon,CMR,2013,2590.71,
Cameroon,CMR,2014,2657.403,
Cameroon,CMR,2015,2718.3054,
Cameroon,CMR,2016,2758.029,
Cameroon,CMR,2017,2779.5483,
Cameroon,CMR,2018,2815.3162,
Cameroon,CMR,2019,2832.0767,
Cameroon,CMR,2020,2769.2869,
Cameroon,CMR,2021,2791.79,
Cameroon,CMR,2022,2812.2148,
Canada,CAN,1820,1441.0,
Canada,CAN,1830,1594.0,
Canada,CAN,1840,1852.0,
Canada,CAN,1850,2120.0,
Canada,CAN,1860,2313.0,
Canada,CAN,1870,2702.0,
Canada,CAN,1871,2797.0,
Canada,CAN,1872,2718.0,
Canada,CAN,1873,2936.0,
Canada,CAN,1874,2955.0,
Canada,CAN,1875,2844.0,
Canada,CAN,1876,2616.0,
Canada,CAN,1877,2753.0,
Canada,CAN,1878,2609.0,
Canada,CAN,1879,2813.0,
Canada,CAN,1880,2895.0,
Canada,CAN,1881,3252.0,
Canada,CAN,1882,3362.0,
Canada,CAN,1883,3331.0,
Canada,CAN,1884,3556.0,
Canada,CAN,1885,3304.0,
Canada,CAN,1886,3308.0,
Canada,CAN,1887,3379.0,
Canada,CAN,1888,3585.0,
Canada,CAN,1889,3569.0,
Canada,CAN,1890,3790.0,
Canada,CAN,1891,3840.0,
Canada,CAN,1892,3779.0,
Canada,CAN,1893,3720.0,
Canada,CAN,1894,3857.0,
Canada,CAN,1895,3779.0,
Canada,CAN,1896,3647.0,
Canada,CAN,1897,4004.0,
Canada,CAN,1898,4117.0,
Canada,CAN,1899,4457.0,
Canada,CAN,1900,4640.0,
Canada,CAN,1901,4937.0,
Canada,CAN,1902,5310.0,
Canada,CAN,1903,5314.0,
Canada,CAN,1904,5228.0,
Canada,CAN,1905,5678.0,
Canada,CAN,1906,6130.0,
Canada,CAN,1907,6177.0,
Canada,CAN,1908,5694.0,
Canada,CAN,1909,6137.0,
Canada,CAN,1910,6481.0,
Canada,CAN,1911,6715.0,
Canada,CAN,1912,6977.0,
Canada,CAN,1913,7088.0,
Canada,CAN,1914,6416.0,
Canada,CAN,1915,6747.0,
Canada,CAN,1916,7406.0,
Canada,CAN,1917,7653.0,
Canada,CAN,1918,7079.0,
Canada,CAN,1919,6406.0,
Canada,CAN,1920,6154.0,
Canada,CAN,1921,5351.0,
Canada,CAN,1922,6046.0,
Canada,CAN,1923,6338.0,
Canada,CAN,1924,6339.0,
Canada,CAN,1925,6918.0,
Canada,CAN,1926,7168.0,
Canada,CAN,1927,7726.0,
Canada,CAN,1928,8244.0,
Canada,CAN,1929,8074.0,
Canada,CAN,1930,7669.0,
Canada,CAN,1931,6382.0,
Canada,CAN,1932,5852.0,
Canada,CAN,1933,5372.0,
Canada,CAN,1934,5883.0,
Canada,CAN,1935,6298.0,
Canada,CAN,1936,6574.0,
Canada,CAN,1937,7130.0,
Canada,CAN,1938,7246.0,
Canada,CAN,1939,7600.0,
Canada,CAN,1940,8557.0,
Canada,CAN,1941,9645.0,
Canada,CAN,1942,11210.0,
Canada,CAN,1943,11577.0,
Canada,CAN,1944,11864.0,
Canada,CAN,1945,11370.0,
Canada,CAN,1946,11048.0,
Canada,CAN,1947,11298.0,
Canada,CAN,1948,11261.0,
Canada,CAN,1949,11260.0,
Canada,CAN,1950,11622.0,
Canada,CAN,1951,12007.0,
Canada,CAN,1952,12486.0,
Canada,CAN,1953,12726.0,
Canada,CAN,1954,12272.0,
Canada,CAN,1955,13072.0,
Canada,CAN,1956,13791.0,
Canada,CAN,1957,13719.0,
Canada,CAN,1958,13603.0,
Canada,CAN,1959,13829.0,
Canada,CAN,1960,13952.0,
Canada,CAN,1961,14080.0,
Canada,CAN,1962,14787.0,
Canada,CAN,1963,15248.0,
Canada,CAN,1964,15938.0,
Canada,CAN,1965,16694.0,
Canada,CAN,1966,17448.0,
Canada,CAN,1967,17658.0,
Canada,CAN,1968,18297.0,
Canada,CAN,1969,18988.0,
Canada,CAN,1970,19207.0,
Canada,CAN,1971,20024.0,
Canada,CAN,1972,20837.0,
Canada,CAN,1973,22058.0,
Canada,CAN,1974,22643.0,
Canada,CAN,1975,22819.0,
Canada,CAN,1976,23754.0,
Canada,CAN,1977,24265.0,
Canada,CAN,1978,24994.0,
Canada,CAN,1979,25775.0,
Canada,CAN,1980,25784.0,
Canada,CAN,1981,26256.0,
Canada,CAN,1982,25151.0,
Canada,CAN,1983,25625.0,
Canada,CAN,1984,26836.0,
Canada,CAN,1985,28025.0,
Canada,CAN,1986,28472.0,
Canada,CAN,1987,29246.0,
Canada,CAN,1988,30275.0,
Canada,CAN,1989,30458.0,
Canada,CAN,1990,30082.0,
Canada,CAN,1991,29151.697,
Canada,CAN,1992,29141.191,
Canada,CAN,1993,29657.574,
Canada,CAN,1994,30745.822,
Canada,CAN,1995,31330.72,
Canada,CAN,1996,31594.242,
Canada,CAN,1997,32709.691,
Canada,CAN,1998,33785.746,
Canada,CAN,1999,35345.723,
Canada,CAN,2000,36942.562,
Canada,CAN,2001,37307.207,
Canada,CAN,2002,38123.99,
Canada,CAN,2003,38559.977,
Canada,CAN,2004,39491.57,
Canada,CAN,2005,40485.02,
Canada,CAN,2006,41247.15,
Canada,CAN,2007,41806.863,
Canada,CAN,2008,41896.426,
Canada,CAN,2009,40312.62,
Canada,CAN,2010,41209.426,
Canada,CAN,2011,42197.0,
Canada,CAN,2012,42476.344,
Canada,CAN,2013,43008.83,
Canada,CAN,2014,43800.64,
Canada,CAN,2015,43761.527,
Canada,CAN,2016,43702.08,
Canada,CAN,2017,44493.652,
Canada,CAN,2018,45087.887,
Canada,CAN,2019,45284.215,
Canada,CAN,2020,42493.63,
Canada,CAN,2021,44379.594,
Canada,CAN,2022,45529.645,
Cape Verde,CPV,1950,1006.0,
Cape Verde,CPV,1951,1019.0,
Cape Verde,CPV,1952,1031.0,
Cape Verde,CPV,1953,1044.0,
Cape Verde,CPV,1954,1030.0,
Cape Verde,CPV,1955,1034.0,
Cape Verde,CPV,1956,1047.0,
Cape Verde,CPV,1957,1012.0,
Cape Verde,CPV,1958,1004.0,
Cape Verde,CPV,1959,1087.0,
Cape Verde,CPV,1960,1135.0,
Cape Verde,CPV,1961,1173.0,
Cape Verde,CPV,1962,1207.0,
Cape Verde,CPV,1963,1237.0,
Cape Verde,CPV,1964,1262.0,
Cape Verde,CPV,1965,1286.0,
Cape Verde,CPV,1966,1309.0,
Cape Verde,CPV,1967,1328.0,
Cape Verde,CPV,1968,1347.0,
Cape Verde,CPV,1969,1366.0,
Cape Verde,CPV,1970,1385.0,
Cape Verde,CPV,1971,1435.0,
Cape Verde,CPV,1972,1457.0,
Cape Verde,CPV,1973,1470.0,
Cape Verde,CPV,1974,1497.0,
Cape Verde,CPV,1975,1237.0,
Cape Verde,CPV,1976,1251.0,
Cape Verde,CPV,1977,1176.0,
Cape Verde,CPV,1978,1275.0,
Cape Verde,CPV,1979,1301.0,
Cape Verde,CPV,1980,1352.0,
Cape Verde,CPV,1981,1447.0,
Cape Verde,CPV,1982,1470.0,
Cape Verde,CPV,1983,1588.0,
Cape Verde,CPV,1984,1626.0,
Cape Verde,CPV,1985,1742.0,
Cape Verde,CPV,1986,1766.0,
Cape Verde,CPV,1987,1817.0,
Cape Verde,CPV,1988,1898.0,
Cape Verde,CPV,1989,1980.0,
Cape Verde,CPV,1990,1965.0,
Cape Verde,CPV,1991,1988.3074,
Cape Verde,CPV,1992,2029.5961,
Cape Verde,CPV,1993,2159.2202,
Cape Verde,CPV,1994,2291.0803,
Cape Verde,CPV,1995,2444.903,
Cape Verde,CPV,1996,2594.0996,
Cape Verde,CPV,1997,2777.465,
Cape Verde,CPV,1998,2999.6245,
Cape Verde,CPV,1999,3346.88,
Cape Verde,CPV,2000,3583.587,
Cape Verde,CPV,2001,3799.0327,
Cape Verde,CPV,2002,3998.2617,
Cape Verde,CPV,2003,4185.4893,
Cape Verde,CPV,2004,4368.0547,
Cape Verde,CPV,2005,4659.396,
Cape Verde,CPV,2006,5140.8706,
Cape Verde,CPV,2007,5597.85,
Cape Verde,CPV,2008,5985.107,
Cape Verde,CPV,2009,5926.5063,
Cape Verde,CPV,2010,6033.72,
Cape Verde,CPV,2011,6295.0,
Cape Verde,CPV,2012,6273.0,
Cape Verde,CPV,2013,6234.0,
Cape Verde,CPV,2014,6262.0,
Cape Verde,CPV,2015,6266.0,
Cape Verde,CPV,2016,6461.3506,
Cape Verde,CPV,2017,6676.986,
Cape Verde,CPV,2018,6848.757,
Cape Verde,CPV,2019,7297.2793,
Cape Verde,CPV,2020,5831.9985,
Cape Verde,CPV,2021,6173.23,
Cape Verde,CPV,2022,7202.767,
Central African Republic,CAF,1950,1307.0,
Central African Republic,CAF,1951,1339.0,
Central African Republic,CAF,1952,1369.0,
Central African Republic,CAF,1953,1400.0,
Central African Republic,CAF,1954,1431.0,
Central African Republic,CAF,1955,1462.0,
Central African Republic,CAF,1956,1492.0,
Central African Republic,CAF,1957,1522.0,
Central African Republic,CAF,1958,1553.0,
Central African Republic,CAF,1959,1581.0,
Central African Republic,CAF,1960,1567.0,
Central African Republic,CAF,1961,1597.0,
Central African Republic,CAF,1962,1525.0,
Central African Republic,CAF,1963,1492.0,
Central African Republic,CAF,1964,1486.0,
Central African Republic,CAF,1965,1466.0,
Central African Republic,CAF,1966,1427.0,
Central African Republic,CAF,1967,1452.0,
Central African Republic,CAF,1968,1435.0,
Central African Republic,CAF,1969,1476.0,
Central African Republic,CAF,1970,1508.0,
Central African Republic,CAF,1971,1427.0,
Central African Republic,CAF,1972,1368.0,
Central African Republic,CAF,1973,1403.0,
Central African Republic,CAF,1974,1333.0,
Central African Republic,CAF,1975,1323.0,
Central African Republic,CAF,1976,1345.0,
Central African Republic,CAF,1977,1417.0,
Central African Republic,CAF,1978,1398.0,
Central African Republic,CAF,1979,1326.0,
Central African Republic,CAF,1980,1234.0,
Central African Republic,CAF,1981,1219.0,
Central African Republic,CAF,1982,1208.0,
Central African Republic,CAF,1983,1105.0,
Central African Republic,CAF,1984,1146.0,
Central African Republic,CAF,1985,1148.0,
Central African Republic,CAF,1986,1162.0,
Central African Republic,CAF,1987,1079.0,
Central African Republic,CAF,1988,1073.0,
Central African Republic,CAF,1989,1070.0,
Central African Republic,CAF,1990,1023.0,
Central African Republic,CAF,1991,1006.9958,
Central African Republic,CAF,1992,965.19336,
Central African Republic,CAF,1993,933.0602,
Central African Republic,CAF,1994,952.0174,
Central African Republic,CAF,1995,978.55664,
Central African Republic,CAF,1996,885.8864,
Central African Republic,CAF,1997,917.48,
Central African Republic,CAF,1998,936.2383,
Central African Republic,CAF,1999,967.8432,
Central African Republic,CAF,2000,963.94617,
Central African Republic,CAF,2001,952.5118,
Central African Republic,CAF,2002,928.77167,
Central African Republic,CAF,2003,845.50555,
Central African Republic,CAF,2004,853.182,
Central African Republic,CAF,2005,858.5237,
Central African Republic,CAF,2006,881.48517,
Central African Republic,CAF,2007,897.47833,
Central African Republic,CAF,2008,901.8513,
Central African Republic,CAF,2009,898.7005,
Central African Republic,CAF,2010,910.31036,
Central African Republic,CAF,2011,909.0,
Central African Republic,CAF,2012,916.0,
Central African Republic,CAF,2013,567.0,
Central African Republic,CAF,2014,561.0,
Central African Republic,CAF,2015,576.0,
Central African Republic,CAF,2016,592.92346,
Central African Republic,CAF,2017,608.28564,
Central African Republic,CAF,2018,619.18744,
Central African Republic,CAF,2019,623.5598,
Central African Republic,CAF,2020,613.78937,
Central African Republic,CAF,2021,606.85913,
Central African Republic,CAF,2022,596.393,
Chad,TCD,1950,815.0,
Chad,TCD,1951,834.0,
Chad,TCD,1952,851.0,
Chad,TCD,1953,870.0,
Chad,TCD,1954,888.0,
Chad,TCD,1955,907.0,
Chad,TCD,1956,926.0,
Chad,TCD,1957,945.0,
Chad,TCD,1958,966.0,
Chad,TCD,1959,983.0,
Chad,TCD,1960,974.0,
Chad,TCD,1961,971.0,
Chad,TCD,1962,1004.0,
Chad,TCD,1963,972.0,
Chad,TCD,1964,929.0,
Chad,TCD,1965,913.0,
Chad,TCD,1966,878.0,
Chad,TCD,1967,866.0,
Chad,TCD,1968,843.0,
Chad,TCD,1969,881.0,
Chad,TCD,1970,880.0,
Chad,TCD,1971,877.0,
Chad,TCD,1972,800.0,
Chad,TCD,1973,746.0,
Chad,TCD,1974,829.0,
Chad,TCD,1975,952.0,
Chad,TCD,1976,918.0,
Chad,TCD,1977,830.0,
Chad,TCD,1978,808.0,
Chad,TCD,1979,622.0,
Chad,TCD,1980,583.0,
Chad,TCD,1981,521.0,
Chad,TCD,1982,524.0,
Chad,TCD,1983,577.0,
Chad,TCD,1984,601.0,
Chad,TCD,1985,642.0,
Chad,TCD,1986,662.0,
Chad,TCD,1987,663.0,
Chad,TCD,1988,692.0,
Chad,TCD,1989,685.0,
Chad,TCD,1990,692.0,
Chad,TCD,1991,703.28375,
Chad,TCD,1992,698.739,
Chad,TCD,1993,680.80054,
Chad,TCD,1994,713.8271,
Chad,TCD,1995,700.70764,
Chad,TCD,1996,694.10504,
Chad,TCD,1997,719.15314,
Chad,TCD,1998,753.8608,
Chad,TCD,1999,733.78125,
Chad,TCD,2000,716.04236,
Chad,TCD,2001,783.0552,
Chad,TCD,2002,831.82916,
Chad,TCD,2003,925.51263,
Chad,TCD,2004,1200.2726,
Chad,TCD,2005,1266.105,
Chad,TCD,2006,1225.5164,
Chad,TCD,2007,1422.3408,
Chad,TCD,2008,1422.2312,
Chad,TCD,2009,1533.1794,
Chad,TCD,2010,1720.3344,
Chad,TCD,2011,1661.0,
Chad,TCD,2012,1742.654,
Chad,TCD,2013,1776.092,
Chad,TCD,2014,1829.8347,
Chad,TCD,2015,1802.3212,
Chad,TCD,2016,1648.0383,
Chad,TCD,2017,1555.7141,
Chad,TCD,2018,1541.4716,
Chad,TCD,2019,1543.8029,
Chad,TCD,2020,1463.5312,
Chad,TCD,2021,1402.6732,
Chad,TCD,2022,1393.5635,
Chile,CHL,1800,853.0,
Chile,CHL,1810,853.0,
Chile,CHL,1811,815.0,
Chile,CHL,1812,802.0,
Chile,CHL,1813,808.0,
Chile,CHL,1814,813.0,
Chile,CHL,1815,816.0,
Chile,CHL,1816,789.0,
Chile,CHL,1817,781.0,
Chile,CHL,1818,822.0,
Chile,CHL,1819,787.0,
Chile,CHL,1820,824.0,
Chile,CHL,1821,805.0,
Chile,CHL,1822,830.0,
Chile,CHL,1823,797.0,
Chile,CHL,1824,786.0,
Chile,CHL,1825,853.0,
Chile,CHL,1826,885.0,
Chile,CHL,1827,904.0,
Chile,CHL,1828,910.0,
Chile,CHL,1829,932.0,
Chile,CHL,1830,925.0,
Chile,CHL,1831,929.0,
Chile,CHL,1832,956.0,
Chile,CHL,1833,961.0,
Chile,CHL,1834,983.0,
Chile,CHL,1835,1003.0,
Chile,CHL,1836,991.0,
Chile,CHL,1837,1028.0,
Chile,CHL,1838,1033.0,
Chile,CHL,1839,1023.0,
Chile,CHL,1840,1081.0,
Chile,CHL,1841,1081.0,
Chile,CHL,1842,1089.0,
Chile,CHL,1843,1111.0,
Chile,CHL,1844,1117.0,
Chile,CHL,1845,1141.0,
Chile,CHL,1846,1170.0,
Chile,CHL,1847,1183.0,
Chile,CHL,1848,1227.0,
Chile,CHL,1849,1298.0,
Chile,CHL,1850,1352.0,
Chile,CHL,1851,1392.0,
Chile,CHL,1852,1404.0,
Chile,CHL,1853,1364.0,
Chile,CHL,1854,1387.0,
Chile,CHL,1855,1425.0,
Chile,CHL,1856,1427.0,
Chile,CHL,1857,1462.0,
Chile,CHL,1858,1513.0,
Chile,CHL,1859,1559.0,
Chile,CHL,1860,1588.0,
Chile,CHL,1861,1575.0,
Chile,CHL,1862,1553.0,
Chile,CHL,1863,1596.0,
Chile,CHL,1864,1667.0,
Chile,CHL,1865,1710.0,
Chile,CHL,1866,1750.0,
Chile,CHL,1867,1666.0,
Chile,CHL,1868,1714.0,
Chile,CHL,1869,1849.0,
Chile,CHL,1870,1868.0,
Chile,CHL,1871,1836.0,
Chile,CHL,1872,1910.0,
Chile,CHL,1873,2024.0,
Chile,CHL,1874,1954.0,
Chile,CHL,1875,2050.0,
Chile,CHL,1876,1988.0,
Chile,CHL,1877,1908.0,
Chile,CHL,1878,1953.0,
Chile,CHL,1879,2219.0,
Chile,CHL,1880,2418.0,
Chile,CHL,1881,2488.0,
Chile,CHL,1882,2694.0,
Chile,CHL,1883,2683.0,
Chile,CHL,1884,2703.0,
Chile,CHL,1885,2547.0,
Chile,CHL,1886,2625.0,
Chile,CHL,1887,2783.0,
Chile,CHL,1888,2617.0,
Chile,CHL,1889,2708.0,
Chile,CHL,1890,2907.0,
Chile,CHL,1891,3038.0,
Chile,CHL,1892,3005.0,
Chile,CHL,1893,3084.0,
Chile,CHL,1894,2978.0,
Chile,CHL,1895,3304.0,
Chile,CHL,1896,3379.0,
Chile,CHL,1897,3210.0,
Chile,CHL,1898,3609.0,
Chile,CHL,1899,3467.0,
Chile,CHL,1900,3386.0,
Chile,CHL,1901,3416.0,
Chile,CHL,1902,3604.0,
Chile,CHL,1903,3381.0,
Chile,CHL,1904,3647.0,
Chile,CHL,1905,3470.0,
Chile,CHL,1906,3668.0,
Chile,CHL,1907,3810.0,
Chile,CHL,1908,4020.0,
Chile,CHL,1909,4042.0,
Chile,CHL,1910,4485.0,
Chile,CHL,1911,4481.0,
Chile,CHL,1912,4806.0,
Chile,CHL,1913,4836.0,
Chile,CHL,1914,4071.0,
Chile,CHL,1915,3813.0,
Chile,CHL,1916,4600.0,
Chile,CHL,1917,4621.0,
Chile,CHL,1918,4602.0,
Chile,CHL,1919,3853.0,
Chile,CHL,1920,4248.0,
Chile,CHL,1921,3727.0,
Chile,CHL,1922,3814.0,
Chile,CHL,1923,4514.0,
Chile,CHL,1924,4779.0,
Chile,CHL,1925,4903.0,
Chile,CHL,1926,4702.0,
Chile,CHL,1927,4544.0,
Chile,CHL,1928,5609.0,
Chile,CHL,1929,5679.0,
Chile,CHL,1930,4876.0,
Chile,CHL,1931,3904.0,
Chile,CHL,1932,2950.0,
Chile,CHL,1933,3618.0,
Chile,CHL,1934,4269.0,
Chile,CHL,1935,4511.0,
Chile,CHL,1936,4584.0,
Chile,CHL,1937,5083.0,
Chile,CHL,1938,5070.0,
Chile,CHL,1939,5106.0,
Chile,CHL,1940,5177.0,
Chile,CHL,1941,5091.0,
Chile,CHL,1942,5161.0,
Chile,CHL,1943,5209.0,
Chile,CHL,1944,5209.0,
Chile,CHL,1945,5553.0,
Chile,CHL,1946,5918.0,
Chile,CHL,1947,5187.0,
Chile,CHL,1948,5939.0,
Chile,CHL,1949,5710.0,
Chile,CHL,1950,5880.0,
Chile,CHL,1951,6001.0,
Chile,CHL,1952,6252.0,
Chile,CHL,1953,6582.0,
Chile,CHL,1954,6237.0,
Chile,CHL,1955,6341.0,
Chile,CHL,1956,6285.0,
Chile,CHL,1957,6758.0,
Chile,CHL,1958,6958.0,
Chile,CHL,1959,6409.0,
Chile,CHL,1960,6781.0,
Chile,CHL,1961,6923.0,
Chile,CHL,1962,7071.0,
Chile,CHL,1963,7336.0,
Chile,CHL,1964,7320.0,
Chile,CHL,1965,7208.0,
Chile,CHL,1966,7844.0,
Chile,CHL,1967,7933.0,
Chile,CHL,1968,8053.0,
Chile,CHL,1969,8187.0,
Chile,CHL,1970,8195.0,
Chile,CHL,1971,8773.0,
Chile,CHL,1972,8520.0,
Chile,CHL,1973,7911.0,
Chile,CHL,1974,7857.0,
Chile,CHL,1975,6731.0,
Chile,CHL,1976,6868.0,
Chile,CHL,1977,7438.0,
Chile,CHL,1978,7936.0,
Chile,CHL,1979,8475.0,
Chile,CHL,1980,9024.0,
Chile,CHL,1981,9427.0,
Chile,CHL,1982,8016.0,
Chile,CHL,1983,7667.0,
Chile,CHL,1984,7992.0,
Chile,CHL,1985,8024.0,
Chile,CHL,1986,8325.0,
Chile,CHL,1987,8721.0,
Chile,CHL,1988,9199.0,
Chile,CHL,1989,10005.0,
Chile,CHL,1990,10203.0,
Chile,CHL,1991,10746.491,
Chile,CHL,1992,11773.301,
Chile,CHL,1993,12296.926,
Chile,CHL,1994,12692.551,
Chile,CHL,1995,13715.933,
Chile,CHL,1996,14433.319,
Chile,CHL,1997,15079.831,
Chile,CHL,1998,15259.541,
Chile,CHL,1999,14846.418,
Chile,CHL,2000,15211.623,
Chile,CHL,2001,15448.009,
Chile,CHL,2002,15509.825,
Chile,CHL,2003,15809.178,
Chile,CHL,2004,16478.973,
Chile,CHL,2005,17137.486,
Chile,CHL,2006,17920.803,
Chile,CHL,2007,18487.9,
Chile,CHL,2008,18804.03,
Chile,CHL,2009,18184.48,
Chile,CHL,2010,18909.848,
Chile,CHL,2011,19705.0,
Chile,CHL,2012,20690.797,
Chile,CHL,2013,21171.06,
Chile,CHL,2014,21337.76,
Chile,CHL,2015,21574.018,
Chile,CHL,2016,21715.713,
Chile,CHL,2017,21709.428,
Chile,CHL,2018,22175.664,
Chile,CHL,2019,21924.408,
Chile,CHL,2020,20205.87,
Chile,CHL,2021,22324.96,
Chile,CHL,2022,22740.72,
China,CHN,1000,1225.107,
China,CHN,1090,1221.711,
China,CHN,1150,1180.959,
China,CHN,1400,1404.246,
China,CHN,1410,1414.0,
China,CHN,1420,1412.0,
China,CHN,1430,1498.0,
China,CHN,1440,1458.0,
China,CHN,1450,1375.38,
China,CHN,1460,1324.0,
China,CHN,1470,1341.0,
China,CHN,1480,1242.0,
China,CHN,1490,1189.0,
China,CHN,1500,1207.278,
China,CHN,1510,1274.0,
China,CHN,1520,1166.0,
China,CHN,1530,1187.0,
China,CHN,1540,1193.0,
China,CHN,1550,1195.0,
China,CHN,1560,1200.0,
China,CHN,1570,1237.842,
China,CHN,1580,1217.0,
China,CHN,1590,1217.0,
China,CHN,1600,1217.466,
China,CHN,1610,1282.0,
China,CHN,1620,1262.0,
China,CHN,1661,1330.0,
China,CHN,1685,1280.0,
China,CHN,1690,1413.0,
China,CHN,1700,1542.633,
China,CHN,1710,1406.0,
China,CHN,1720,1312.0,
China,CHN,1724,1170.0,
China,CHN,1730,1234.0,
China,CHN,1740,1158.0,
China,CHN,1750,1061.25,
China,CHN,1760,1022.0,
China,CHN,1766,991.0,
China,CHN,1770,998.0,
China,CHN,1780,981.0,
China,CHN,1790,955.0,
China,CHN,1800,926.259,
China,CHN,1810,901.0,
China,CHN,1820,882.0,
China,CHN,1830,846.0,
China,CHN,1840,849.0,
China,CHN,1850,858.0,
China,CHN,1870,945.0,
China,CHN,1887,912.0,
China,CHN,1890,964.0,
China,CHN,1900,972.0,
China,CHN,1911,905.0,
China,CHN,1913,985.0,
China,CHN,1929,1003.0,
China,CHN,1930,1012.0,
China,CHN,1931,1015.0,
China,CHN,1932,1039.0,
China,CHN,1933,923.0,
China,CHN,1934,937.0,
China,CHN,1935,1007.0,
China,CHN,1936,1065.0,
China,CHN,1937,1034.0,
China,CHN,1938,1003.0,
China,CHN,1950,799.0,
China,CHN,1951,950.0,
China,CHN,1952,1047.0,
China,CHN,1953,1157.0,
China,CHN,1954,1049.0,
China,CHN,1955,1119.0,
China,CHN,1956,1189.0,
China,CHN,1957,1195.0,
China,CHN,1958,1173.0,
China,CHN,1959,1117.0,
China,CHN,1960,1057.0,
China,CHN,1961,874.0,
China,CHN,1962,926.0,
China,CHN,1963,1034.0,
China,CHN,1964,1152.0,
China,CHN,1965,1253.0,
China,CHN,1966,1261.0,
China,CHN,1967,1237.0,
China,CHN,1968,1178.0,
China,CHN,1969,1264.0,
China,CHN,1970,1398.0,
China,CHN,1971,1446.0,
China,CHN,1972,1431.0,
China,CHN,1973,1513.0,
China,CHN,1974,1519.0,
China,CHN,1975,1594.0,
China,CHN,1976,1519.0,
China,CHN,1977,1583.0,
China,CHN,1978,1744.0,
China,CHN,1979,1859.0,
China,CHN,1980,1930.0,
China,CHN,1981,1962.0,
China,CHN,1982,2128.0,
China,CHN,1983,2227.0,
China,CHN,1984,2444.0,
China,CHN,1985,2619.0,
China,CHN,1986,2748.0,
China,CHN,1987,2931.0,
China,CHN,1988,3045.0,
China,CHN,1989,3022.0,
China,CHN,1990,2982.0,
China,CHN,1991,3051.3152,
China,CHN,1992,3227.7441,
China,CHN,1993,3506.48,
China,CHN,1994,3730.164,
China,CHN,1995,3999.7292,
China,CHN,1996,4219.644,
China,CHN,1997,4310.828,
China,CHN,1998,4309.847,
China,CHN,1999,4466.7363,
China,CHN,2000,4730.3545,
China,CHN,2001,4995.1445,
China,CHN,2002,5343.1123,
China,CHN,2003,5649.4634,
China,CHN,2004,6067.5913,
China,CHN,2005,6626.592,
China,CHN,2006,7271.0356,
China,CHN,2007,7895.713,
China,CHN,2008,8190.1123,
China,CHN,2009,8734.041,
China,CHN,2010,9658.419,
China,CHN,2011,10221.0,
China,CHN,2012,10946.834,
China,CHN,2013,11731.295,
China,CHN,2014,12515.198,
China,CHN,2015,13325.432,
China,CHN,2016,14138.955,
China,CHN,2017,15030.447,
China,CHN,2018,15977.008,
China,CHN,2019,16879.54,
China,CHN,2020,17225.969,
China,CHN,2021,18666.605,
China,CHN,2022,19238.18,
Colombia,COL,1800,942.0,
Colombia,COL,1820,850.0,
Colombia,COL,1850,784.0,
Colombia,COL,1860,913.0,
Colombia,COL,1870,1078.0,
Colombia,COL,1871,1082.0,
Colombia,COL,1872,1089.0,
Colombia,COL,1873,1093.0,
Colombia,COL,1874,1100.0,
Colombia,COL,1875,1105.0,
Colombia,COL,1876,1111.0,
Colombia,COL,1877,1116.0,
Colombia,COL,1878,1122.0,
Colombia,COL,1879,1127.0,
Colombia,COL,1880,1133.0,
Colombia,COL,1881,1138.0,
Colombia,COL,1882,1144.0,
Colombia,COL,1883,1149.0,
Colombia,COL,1884,1156.0,
Colombia,COL,1885,1162.0,
Colombia,COL,1886,1167.0,
Colombia,COL,1887,1160.0,
Colombia,COL,1888,1156.0,
Colombia,COL,1889,1149.0,
Colombia,COL,1890,1144.0,
Colombia,COL,1891,1138.0,
Colombia,COL,1892,1132.0,
Colombia,COL,1893,1127.0,
Colombia,COL,1894,1121.0,
Colombia,COL,1895,1116.0,
Colombia,COL,1896,1109.0,
Colombia,COL,1897,1105.0,
Colombia,COL,1898,1098.0,
Colombia,COL,1899,1093.0,
Colombia,COL,1900,1089.0,
Colombia,COL,1901,1082.0,
Colombia,COL,1902,1078.0,
Colombia,COL,1903,1071.0,
Colombia,COL,1904,1066.0,
Colombia,COL,1905,1062.0,
Colombia,COL,1906,1070.0,
Colombia,COL,1907,1119.0,
Colombia,COL,1908,1160.0,
Colombia,COL,1909,1197.0,
Colombia,COL,1910,1242.0,
Colombia,COL,1911,1278.0,
Colombia,COL,1912,1317.0,
Colombia,COL,1913,1347.0,
Colombia,COL,1914,1372.0,
Colombia,COL,1915,1407.0,
Colombia,COL,1916,1452.0,
Colombia,COL,1917,1482.0,
Colombia,COL,1918,1535.0,
Colombia,COL,1919,1629.0,
Colombia,COL,1920,1707.0,
Colombia,COL,1921,1769.0,
Colombia,COL,1922,1851.0,
Colombia,COL,1923,1930.0,
Colombia,COL,1924,2000.0,
Colombia,COL,1925,2000.0,
Colombia,COL,1926,2136.0,
Colombia,COL,1927,2270.0,
Colombia,COL,1928,2375.0,
Colombia,COL,1929,2399.0,
Colombia,COL,1930,2350.0,
Colombia,COL,1931,2308.0,
Colombia,COL,1932,2409.0,
Colombia,COL,1933,2514.0,
Colombia,COL,1934,2432.0,
Colombia,COL,1935,2673.0,
Colombia,COL,1936,2780.0,
Colombia,COL,1937,2791.0,
Colombia,COL,1938,2938.0,
Colombia,COL,1939,3037.0,
Colombia,COL,1940,3021.0,
Colombia,COL,1941,2992.0,
Colombia,COL,1942,2920.0,
Colombia,COL,1943,2856.0,
Colombia,COL,1944,2970.0,
Colombia,COL,1945,3027.0,
Colombia,COL,1946,3215.0,
Colombia,COL,1947,3255.0,
Colombia,COL,1948,3268.0,
Colombia,COL,1949,3359.0,
Colombia,COL,1950,3432.0,
Colombia,COL,1951,3427.0,
Colombia,COL,1952,3529.0,
Colombia,COL,1953,3629.0,
Colombia,COL,1954,3759.0,
Colombia,COL,1955,3783.0,
Colombia,COL,1956,3811.0,
Colombia,COL,1957,3826.0,
Colombia,COL,1958,3798.0,
Colombia,COL,1959,3942.0,
Colombia,COL,1960,3980.0,
Colombia,COL,1961,4049.0,
Colombia,COL,1962,4135.0,
Colombia,COL,1963,4140.0,
Colombia,COL,1964,4264.0,
Colombia,COL,1965,4286.0,
Colombia,COL,1966,4383.0,
Colombia,COL,1967,4438.0,
Colombia,COL,1968,4581.0,
Colombia,COL,1969,4744.0,
Colombia,COL,1970,4932.0,
Colombia,COL,1971,5091.0,
Colombia,COL,1972,5348.0,
Colombia,COL,1973,5577.0,
Colombia,COL,1974,5767.0,
Colombia,COL,1975,5772.0,
Colombia,COL,1976,5918.0,
Colombia,COL,1977,6046.0,
Colombia,COL,1978,6443.0,
Colombia,COL,1979,6658.0,
Colombia,COL,1980,6786.0,
Colombia,COL,1981,6782.0,
Colombia,COL,1982,6698.0,
Colombia,COL,1983,6655.0,
Colombia,COL,1984,6741.0,
Colombia,COL,1985,6809.0,
Colombia,COL,1986,7071.0,
Colombia,COL,1987,7296.0,
Colombia,COL,1988,7442.0,
Colombia,COL,1989,7533.0,
Colombia,COL,1990,7693.0,
Colombia,COL,1991,7713.022,
Colombia,COL,1992,7888.1055,
Colombia,COL,1993,8180.8706,
Colombia,COL,1994,8447.857,
Colombia,COL,1995,8735.884,
Colombia,COL,1996,8770.583,
Colombia,COL,1997,8952.473,
Colombia,COL,1998,8863.262,
Colombia,COL,1999,8382.14,
Colombia,COL,2000,8496.792,
Colombia,COL,2001,8528.033,
Colombia,COL,2002,8630.542,
Colombia,COL,2003,8855.218,
Colombia,COL,2004,9211.279,
Colombia,COL,2005,9524.723,
Colombia,COL,2006,10039.684,
Colombia,COL,2007,10602.305,
Colombia,COL,2008,10846.737,
Colombia,COL,2009,10894.103,
Colombia,COL,2010,11191.687,
Colombia,COL,2011,11788.0,
Colombia,COL,2012,12129.81,
Colombia,COL,2013,12633.481,
Colombia,COL,2014,12981.565,
Colombia,COL,2015,13237.291,
Colombia,COL,2016,13367.445,
Colombia,COL,2017,13380.643,
Colombia,COL,2018,13485.702,
Colombia,COL,2019,13603.993,
Colombia,COL,2020,12377.135,
Colombia,COL,2021,13553.399,
Colombia,COL,2022,14468.964,
Comoros,COM,1950,534.0,
Comoros,COM,1951,553.0,
Comoros,COM,1952,559.0,
Comoros,COM,1953,571.0,
Comoros,COM,1954,590.0,
Comoros,COM,1955,596.0,
Comoros,COM,1956,606.0,
Comoros,COM,1957,615.0,
Comoros,COM,1958,618.0,
Comoros,COM,1959,639.0,
Comoros,COM,1960,679.0,
Comoros,COM,1961,671.0,
Comoros,COM,1962,714.0,
Comoros,COM,1963,846.0,
Comoros,COM,1964,888.0,
Comoros,COM,1965,870.0,
Comoros,COM,1966,937.0,
Comoros,COM,1967,952.0,
Comoros,COM,1968,928.0,
Comoros,COM,1969,918.0,
Comoros,COM,1970,961.0,
Comoros,COM,1971,974.0,
Comoros,COM,1972,966.0,
Comoros,COM,1973,1006.0,
Comoros,COM,1974,1004.0,
Comoros,COM,1975,1038.0,
Comoros,COM,1976,1009.0,
Comoros,COM,1977,966.0,
Comoros,COM,1978,964.0,
Comoros,COM,1979,1023.0,
Comoros,COM,1980,1065.0,
Comoros,COM,1981,1081.0,
Comoros,COM,1982,1124.0,
Comoros,COM,1983,1149.0,
Comoros,COM,1984,1168.0,
Comoros,COM,1985,1162.0,
Comoros,COM,1986,1157.0,
Comoros,COM,1987,1149.0,
Comoros,COM,1988,1152.0,
Comoros,COM,1989,1108.0,
Comoros,COM,1990,1092.0,
Comoros,COM,1991,1101.0035,
Comoros,COM,1992,1185.5142,
Comoros,COM,1993,1210.6353,
Comoros,COM,1994,1136.7435,
Comoros,COM,1995,1166.9369,
Comoros,COM,1996,1141.6016,
Comoros,COM,1997,1177.5825,
Comoros,COM,1998,1179.8441,
Comoros,COM,1999,1189.2567,
Comoros,COM,2000,1204.4023,
Comoros,COM,2001,1217.4993,
Comoros,COM,2002,1229.856,
Comoros,COM,2003,1240.0514,
Comoros,COM,2004,1247.2749,
Comoros,COM,2005,1265.6866,
Comoros,COM,2006,1388.0027,
Comoros,COM,2007,1382.5391,
Comoros,COM,2008,1419.3671,
Comoros,COM,2009,1455.2823,
Comoros,COM,2010,1432.5624,
Comoros,COM,2011,1479.0,
Comoros,COM,2012,1509.0,
Comoros,COM,2013,1619.0,
Comoros,COM,2014,1647.0,
Comoros,COM,2015,1696.0,
Comoros,COM,2016,1705.7402,
Comoros,COM,2017,1764.7029,
Comoros,COM,2018,1801.6912,
Comoros,COM,2019,1832.4357,
Comoros,COM,2020,1869.9441,
Comoros,COM,2021,1886.0608,
Comoros,COM,2022,1900.3983,
Congo,COG,1950,1693.0,
Congo,COG,1951,1726.0,
Congo,COG,1952,1758.0,
Congo,COG,1953,1790.0,
Congo,COG,1954,1822.0,
Congo,COG,1955,1854.0,
Congo,COG,1956,1884.0,
Congo,COG,1957,1914.0,
Congo,COG,1958,1946.0,
Congo,COG,1959,1977.0,
Congo,COG,1960,1999.0,
Congo,COG,1961,2020.0,
Congo,COG,1962,2039.0,
Congo,COG,1963,2059.0,
Congo,COG,1964,2079.0,
Congo,COG,1965,2099.0,
Congo,COG,1966,2157.0,
Congo,COG,1967,2216.0,
Congo,COG,1968,2275.0,
Congo,COG,1969,2335.0,
Congo,COG,1970,2396.0,
Congo,COG,1971,2546.0,
Congo,COG,1972,2582.0,
Congo,COG,1973,2950.0,
Congo,COG,1974,2848.0,
Congo,COG,1975,2745.0,
Congo,COG,1976,2794.0,
Congo,COG,1977,2517.0,
Congo,COG,1978,2595.0,
Congo,COG,1979,2807.0,
Congo,COG,1980,3075.0,
Congo,COG,1981,3625.0,
Congo,COG,1982,4355.0,
Congo,COG,1983,4473.0,
Congo,COG,1984,4664.0,
Congo,COG,1985,4484.0,
Congo,COG,1986,4058.0,
Congo,COG,1987,3953.0,
Congo,COG,1988,3908.0,
Congo,COG,1989,3865.0,
Congo,COG,1990,3794.0,
Congo,COG,1991,3862.5742,
Congo,COG,1992,3940.9717,
Congo,COG,1993,3874.1697,
Congo,COG,1994,3635.9893,
Congo,COG,1995,3763.5957,
Congo,COG,1996,3988.8772,
Congo,COG,1997,3899.7627,
Congo,COG,1998,4042.7783,
Congo,COG,1999,3925.6865,
Congo,COG,2000,4159.2227,
Congo,COG,2001,4256.6553,
Congo,COG,2002,4458.6343,
Congo,COG,2003,4467.904,
Congo,COG,2004,4560.5127,
Congo,COG,2005,4820.7075,
Congo,COG,2006,5016.0576,
Congo,COG,2007,4844.97,
Congo,COG,2008,5081.1313,
Congo,COG,2009,5379.0044,
Congo,COG,2010,5738.163,
Congo,COG,2011,5875.0,
Congo,COG,2012,6300.0493,
Congo,COG,2013,6140.1865,
Congo,COG,2014,6428.496,
Congo,COG,2015,6079.4575,
Congo,COG,2016,5315.17,
Congo,COG,2017,4977.3423,
Congo,COG,2018,4637.726,
Congo,COG,2019,4583.337,
Congo,COG,2020,4203.1104,
Congo,COG,2021,4168.0244,
Congo,COG,2022,4187.507,
Costa Rica,CRI,1920,2589.0,
Costa Rica,CRI,1921,2475.0,
Costa Rica,CRI,1922,2695.0,
Costa Rica,CRI,1923,2434.0,
Costa Rica,CRI,1924,2724.0,
Costa Rica,CRI,1925,2654.0,
Costa Rica,CRI,1926,2872.0,
Costa Rica,CRI,1927,2608.0,
Costa Rica,CRI,1928,2686.0,
Costa Rica,CRI,1929,2522.0,
Costa Rica,CRI,1930,2592.0,
Costa Rica,CRI,1931,2511.0,
Costa Rica,CRI,1932,2265.0,
Costa Rica,CRI,1933,2646.0,
Costa Rica,CRI,1934,2291.0,
Costa Rica,CRI,1935,2434.0,
Costa Rica,CRI,1936,2550.0,
Costa Rica,CRI,1937,2872.0,
Costa Rica,CRI,1938,2990.0,
Costa Rica,CRI,1939,2976.0,
Costa Rica,CRI,1940,2810.0,
Costa Rica,CRI,1941,3097.0,
Costa Rica,CRI,1942,2691.0,
Costa Rica,CRI,1943,2644.0,
Costa Rica,CRI,1944,2326.0,
Costa Rica,CRI,1945,2573.0,
Costa Rica,CRI,1946,2804.0,
Costa Rica,CRI,1947,3245.0,
Costa Rica,CRI,1948,3339.0,
Costa Rica,CRI,1949,3384.0,
Costa Rica,CRI,1950,3129.0,
Costa Rica,CRI,1951,3110.0,
Costa Rica,CRI,1952,3370.0,
Costa Rica,CRI,1953,3751.0,
Costa Rica,CRI,1954,3649.0,
Costa Rica,CRI,1955,3921.0,
Costa Rica,CRI,1956,3668.0,
Costa Rica,CRI,1957,3835.0,
Costa Rica,CRI,1958,4152.0,
Costa Rica,CRI,1959,4141.0,
Costa Rica,CRI,1960,4328.0,
Costa Rica,CRI,1961,4340.0,
Costa Rica,CRI,1962,4439.0,
Costa Rica,CRI,1963,4653.0,
Costa Rica,CRI,1964,4720.0,
Costa Rica,CRI,1965,4983.0,
Costa Rica,CRI,1966,5193.0,
Costa Rica,CRI,1967,5338.0,
Costa Rica,CRI,1968,5574.0,
Costa Rica,CRI,1969,5773.0,
Costa Rica,CRI,1970,5984.0,
Costa Rica,CRI,1971,6199.0,
Costa Rica,CRI,1972,6564.0,
Costa Rica,CRI,1973,6884.0,
Costa Rica,CRI,1974,7061.0,
Costa Rica,CRI,1975,7007.0,
Costa Rica,CRI,1976,7182.0,
Costa Rica,CRI,1977,7602.0,
Costa Rica,CRI,1978,7763.0,
Costa Rica,CRI,1979,7905.0,
Costa Rica,CRI,1980,7828.0,
Costa Rica,CRI,1981,7461.0,
Costa Rica,CRI,1982,6751.0,
Costa Rica,CRI,1983,6743.0,
Costa Rica,CRI,1984,7065.0,
Costa Rica,CRI,1985,6918.0,
Costa Rica,CRI,1986,7087.0,
Costa Rica,CRI,1987,7221.0,
Costa Rica,CRI,1988,7270.0,
Costa Rica,CRI,1989,7489.0,
Costa Rica,CRI,1990,7567.0,
Costa Rica,CRI,1991,7552.3623,
Costa Rica,CRI,1992,8038.7676,
Costa Rica,CRI,1993,8363.483,
Costa Rica,CRI,1994,8479.568,
Costa Rica,CRI,1995,8576.423,
Costa Rica,CRI,1996,8446.781,
Costa Rica,CRI,1997,8683.948,
Costa Rica,CRI,1998,9053.852,
Costa Rica,CRI,1999,9183.8955,
Costa Rica,CRI,2000,9319.767,
Costa Rica,CRI,2001,9451.615,
Costa Rica,CRI,2002,9591.554,
Costa Rica,CRI,2003,9831.25,
Costa Rica,CRI,2004,10086.783,
Costa Rica,CRI,2005,10308.374,
Costa Rica,CRI,2006,10880.477,
Costa Rica,CRI,2007,11584.677,
Costa Rica,CRI,2008,11935.158,
Costa Rica,CRI,2009,11638.002,
Costa Rica,CRI,2010,12031.571,
Costa Rica,CRI,2011,12366.0,
Costa Rica,CRI,2012,12800.048,
Costa Rica,CRI,2013,12952.746,
Costa Rica,CRI,2014,13241.992,
Costa Rica,CRI,2015,13557.923,
Costa Rica,CRI,2016,13959.342,
Costa Rica,CRI,2017,14372.68,
Costa Rica,CRI,2018,14583.144,
Costa Rica,CRI,2019,14775.292,
Costa Rica,CRI,2020,13996.39,
Costa Rica,CRI,2021,14931.956,
Costa Rica,CRI,2022,15496.82,
Cote d'Ivoire,CIV,1887,583.68,
Cote d'Ivoire,CIV,1933,590.72,
Cote d'Ivoire,CIV,1950,1659.0,
Cote d'Ivoire,CIV,1951,1686.0,
Cote d'Ivoire,CIV,1952,1714.0,
Cote d'Ivoire,CIV,1953,1741.0,
Cote d'Ivoire,CIV,1954,1769.0,
Cote d'Ivoire,CIV,1955,1796.0,
Cote d'Ivoire,CIV,1956,1824.0,
Cote d'Ivoire,CIV,1957,1852.0,
Cote d'Ivoire,CIV,1958,1879.0,
Cote d'Ivoire,CIV,1959,1898.0,
Cote d'Ivoire,CIV,1960,2002.0,
Cote d'Ivoire,CIV,1961,2114.0,
Cote d'Ivoire,CIV,1962,2128.0,
Cote d'Ivoire,CIV,1963,2378.0,
Cote d'Ivoire,CIV,1964,2691.0,
Cote d'Ivoire,CIV,1965,2520.0,
Cote d'Ivoire,CIV,1966,2595.0,
Cote d'Ivoire,CIV,1967,2509.0,
Cote d'Ivoire,CIV,1968,2758.0,
Cote d'Ivoire,CIV,1969,2737.0,
Cote d'Ivoire,CIV,1970,2882.0,
Cote d'Ivoire,CIV,1971,2874.0,
Cote d'Ivoire,CIV,1972,2887.0,
Cote d'Ivoire,CIV,1973,2974.0,
Cote d'Ivoire,CIV,1974,2931.0,
Cote d'Ivoire,CIV,1975,2812.0,
Cote d'Ivoire,CIV,1976,3017.0,
Cote d'Ivoire,CIV,1977,3033.0,
Cote d'Ivoire,CIV,1978,3202.0,
Cote d'Ivoire,CIV,1979,3139.0,
Cote d'Ivoire,CIV,1980,3253.0,
Cote d'Ivoire,CIV,1981,3242.0,
Cote d'Ivoire,CIV,1982,3131.0,
Cote d'Ivoire,CIV,1983,2901.0,
Cote d'Ivoire,CIV,1984,2703.0,
Cote d'Ivoire,CIV,1985,2735.0,
Cote d'Ivoire,CIV,1986,2718.0,
Cote d'Ivoire,CIV,1987,2579.0,
Cote d'Ivoire,CIV,1988,2444.0,
Cote d'Ivoire,CIV,1989,2343.0,
Cote d'Ivoire,CIV,1990,2083.0,
Cote d'Ivoire,CIV,1991,2036.2988,
Cote d'Ivoire,CIV,1992,2011.5693,
Cote d'Ivoire,CIV,1993,1983.2335,
Cote d'Ivoire,CIV,1994,1951.5408,
Cote d'Ivoire,CIV,1995,2035.1682,
Cote d'Ivoire,CIV,1996,2179.0356,
Cote d'Ivoire,CIV,1997,2288.8086,
Cote d'Ivoire,CIV,1998,2393.499,
Cote d'Ivoire,CIV,1999,2417.4575,
Cote d'Ivoire,CIV,2000,2352.8564,
Cote d'Ivoire,CIV,2001,2342.8276,
Cote d'Ivoire,CIV,2002,2298.4565,
Cote d'Ivoire,CIV,2003,2263.0925,
Cote d'Ivoire,CIV,2004,2280.788,
Cote d'Ivoire,CIV,2005,2312.8425,
Cote d'Ivoire,CIV,2006,2343.927,
Cote d'Ivoire,CIV,2007,2380.1155,
Cote d'Ivoire,CIV,2008,2435.2705,
Cote d'Ivoire,CIV,2009,2508.822,
Cote d'Ivoire,CIV,2010,2555.0164,
Cote d'Ivoire,CIV,2011,2444.0,
Cote d'Ivoire,CIV,2012,2648.7744,
Cote d'Ivoire,CIV,2013,2821.8762,
Cote d'Ivoire,CIV,2014,2995.1501,
Cote d'Ivoire,CIV,2015,3182.1077,
Cote d'Ivoire,CIV,2016,3328.9795,
Cote d'Ivoire,CIV,2017,3450.22,
Cote d'Ivoire,CIV,2018,3497.8928,
Cote d'Ivoire,CIV,2019,3703.0876,
Cote d'Ivoire,CIV,2020,3682.1353,
Cote d'Ivoire,CIV,2021,3853.1626,
Cote d'Ivoire,CIV,2022,4011.7122,
Croatia,HRV,1952,2738.0,
Croatia,HRV,1953,2952.0,
Croatia,HRV,1954,3193.0,
Croatia,HRV,1955,3749.0,
Croatia,HRV,1956,3564.0,
Croatia,HRV,1957,4203.0,
Croatia,HRV,1958,4285.0,
Croatia,HRV,1959,4640.0,
Croatia,HRV,1960,5067.0,
Croatia,HRV,1961,5404.0,
Croatia,HRV,1962,5509.0,
Croatia,HRV,1963,6059.0,
Croatia,HRV,1964,6591.0,
Croatia,HRV,1965,6741.0,
Croatia,HRV,1966,7184.0,
Croatia,HRV,1967,7382.0,
Croatia,HRV,1968,7667.0,
Croatia,HRV,1969,8209.0,
Croatia,HRV,1970,8751.0,
Croatia,HRV,1971,9414.0,
Croatia,HRV,1972,9631.0,
Croatia,HRV,1973,9969.0,
Croatia,HRV,1974,10786.0,
Croatia,HRV,1975,11053.0,
Croatia,HRV,1976,11469.0,
Croatia,HRV,1977,12385.0,
Croatia,HRV,1978,13265.0,
Croatia,HRV,1979,13994.0,
Croatia,HRV,1980,14193.0,
Croatia,HRV,1981,14182.0,
Croatia,HRV,1982,14123.0,
Croatia,HRV,1983,13841.0,
Croatia,HRV,1984,14104.0,
Croatia,HRV,1985,14067.0,
Croatia,HRV,1986,14416.0,
Croatia,HRV,1987,14362.0,
Croatia,HRV,1988,14207.0,
Croatia,HRV,1989,13959.0,
Croatia,HRV,1990,12948.0,
Croatia,HRV,1991,10296.19,
Croatia,HRV,1992,9331.893,
Croatia,HRV,1993,8739.54,
Croatia,HRV,1994,9352.584,
Croatia,HRV,1995,10180.252,
Croatia,HRV,1996,11030.079,
Croatia,HRV,1997,11997.593,
Croatia,HRV,1998,12476.047,
Croatia,HRV,1999,12579.877,
Croatia,HRV,2000,13244.541,
Croatia,HRV,2001,13817.681,
Croatia,HRV,2002,14683.838,
Croatia,HRV,2003,15740.499,
Croatia,HRV,2004,16628.574,
Croatia,HRV,2005,17581.357,
Croatia,HRV,2006,18707.49,
Croatia,HRV,2007,19984.037,
Croatia,HRV,2008,20717.316,
Croatia,HRV,2009,19501.588,
Croatia,HRV,2010,19511.35,
Croatia,HRV,2011,19813.0,
Croatia,HRV,2012,19413.893,
Croatia,HRV,2013,19402.938,
Croatia,HRV,2014,19403.594,
Croatia,HRV,2015,20025.754,
Croatia,HRV,2016,20915.227,
Croatia,HRV,2017,21852.021,
Croatia,HRV,2018,22678.035,
Croatia,HRV,2019,23590.277,
Croatia,HRV,2020,21672.479,
Croatia,HRV,2021,25059.947,
Croatia,HRV,2022,26986.752,
Cuba,CUB,1690,295.0,
Cuba,CUB,1750,481.0,
Cuba,CUB,1775,526.0,
Cuba,CUB,1792,579.0,
Cuba,CUB,1829,787.0,
Cuba,CUB,1844,799.0,
Cuba,CUB,1850,888.0,
Cuba,CUB,1862,1068.0,
Cuba,CUB,1881,1267.0,
Cuba,CUB,1892,1737.0,
Cuba,CUB,1902,1680.0,
Cuba,CUB,1903,1758.0,
Cuba,CUB,1904,1809.0,
Cuba,CUB,1905,1887.0,
Cuba,CUB,1906,1913.0,
Cuba,CUB,1907,2069.0,
Cuba,CUB,1908,1836.0,
Cuba,CUB,1909,2069.0,
Cuba,CUB,1910,2069.0,
Cuba,CUB,1911,1887.0,
Cuba,CUB,1912,1940.0,
Cuba,CUB,1913,2120.0,
Cuba,CUB,1914,2173.0,
Cuba,CUB,1915,2146.0,
Cuba,CUB,1916,2249.0,
Cuba,CUB,1917,2275.0,
Cuba,CUB,1918,2302.0,
Cuba,CUB,1919,2378.0,
Cuba,CUB,1920,2378.0,
Cuba,CUB,1921,2302.0,
Cuba,CUB,1922,2275.0,
Cuba,CUB,1923,2249.0,
Cuba,CUB,1924,2327.0,
Cuba,CUB,1925,2560.0,
Cuba,CUB,1926,2431.0,
Cuba,CUB,1927,2405.0,
Cuba,CUB,1928,2275.0,
Cuba,CUB,1929,2507.0,
Cuba,CUB,1930,2378.0,
Cuba,CUB,1931,1758.0,
Cuba,CUB,1932,1629.0,
Cuba,CUB,1933,1551.0,
Cuba,CUB,1934,1680.0,
Cuba,CUB,1935,1809.0,
Cuba,CUB,1936,1913.0,
Cuba,CUB,1937,2042.0,
Cuba,CUB,1938,2069.0,
Cuba,CUB,1939,2042.0,
Cuba,CUB,1940,2069.0,
Cuba,CUB,1941,2198.0,
Cuba,CUB,1942,2198.0,
Cuba,CUB,1943,2069.0,
Cuba,CUB,1944,2275.0,
Cuba,CUB,1945,2275.0,
Cuba,CUB,1946,2405.0,
Cuba,CUB,1947,2560.0,
Cuba,CUB,1948,2507.0,
Cuba,CUB,1949,2482.0,
Cuba,CUB,1950,2638.0,
Cuba,CUB,1951,2664.0,
Cuba,CUB,1952,2844.0,
Cuba,CUB,1953,2611.0,
Cuba,CUB,1954,2611.0,
Cuba,CUB,1955,2638.0,
Cuba,CUB,1956,2740.0,
Cuba,CUB,1957,2922.0,
Cuba,CUB,1958,2922.0,
Cuba,CUB,1959,3006.0,
Cuba,CUB,1960,2994.0,
Cuba,CUB,1961,3068.0,
Cuba,CUB,1962,2974.0,
Cuba,CUB,1963,2958.0,
Cuba,CUB,1964,3158.0,
Cuba,CUB,1965,3088.0,
Cuba,CUB,1966,3185.0,
Cuba,CUB,1967,3489.0,
Cuba,CUB,1968,3229.0,
Cuba,CUB,1969,3137.0,
Cuba,CUB,1970,2976.0,
Cuba,CUB,1971,3161.0,
Cuba,CUB,1972,3253.0,
Cuba,CUB,1973,3486.0,
Cuba,CUB,1974,3609.0,
Cuba,CUB,1975,3733.0,
Cuba,CUB,1976,3786.0,
Cuba,CUB,1977,3913.0,
Cuba,CUB,1978,4114.0,
Cuba,CUB,1979,4183.0,
Cuba,CUB,1980,4106.0,
Cuba,CUB,1981,4420.0,
Cuba,CUB,1982,4487.0,
Cuba,CUB,1983,4705.0,
Cuba,CUB,1984,5051.0,
Cuba,CUB,1985,5120.0,
Cuba,CUB,1986,5075.0,
Cuba,CUB,1987,4887.0,
Cuba,CUB,1988,4994.0,
Cuba,CUB,1989,4991.0,
Cuba,CUB,1990,4713.0,
Cuba,CUB,1991,3982.2656,
Cuba,CUB,1992,3399.9648,
Cuba,CUB,1993,2657.466,
Cuba,CUB,1994,2683.0984,
Cuba,CUB,1995,2860.7573,
Cuba,CUB,1996,3249.6353,
Cuba,CUB,1997,3425.5618,
Cuba,CUB,1998,3415.5452,
Cuba,CUB,1999,3623.5955,
Cuba,CUB,2000,4009.3398,
Cuba,CUB,2001,4231.3237,
Cuba,CUB,2002,4369.0405,
Cuba,CUB,2003,4506.676,
Cuba,CUB,2004,4561.0166,
Cuba,CUB,2005,4713.7065,
Cuba,CUB,2006,5416.141,
Cuba,CUB,2007,5635.6885,
Cuba,CUB,2008,6004.894,
Cuba,CUB,2009,6248.304,
Cuba,CUB,2010,6578.1904,
Cuba,CUB,2011,6928.0,
Cuba,CUB,2012,7138.0,
Cuba,CUB,2013,7379.0,
Cuba,CUB,2014,7628.0,
Cuba,CUB,2015,7889.0,
Cuba,CUB,2016,7928.05,
Cuba,CUB,2017,8075.465,
Cuba,CUB,2018,8262.988,
Cuba,CUB,2019,8257.785,
Cuba,CUB,2020,7364.1055,
Cuba,CUB,2021,7485.821,
Cuba,CUB,2022,7648.704,
Cyprus,CYP,1950,2885.0,
Cyprus,CYP,1951,2782.0,
Cyprus,CYP,1952,3017.0,
Cyprus,CYP,1953,3274.0,
Cyprus,CYP,1954,3287.0,
Cyprus,CYP,1955,3360.0,
Cyprus,CYP,1956,3688.0,
Cyprus,CYP,1957,3848.0,
Cyprus,CYP,1958,3660.0,
Cyprus,CYP,1959,3814.0,
Cyprus,CYP,1960,3496.0,
Cyprus,CYP,1961,3845.0,
Cyprus,CYP,1962,4211.0,
Cyprus,CYP,1963,4423.0,
Cyprus,CYP,1964,3971.0,
Cyprus,CYP,1965,4825.0,
Cyprus,CYP,1966,5083.0,
Cyprus,CYP,1967,5732.0,
Cyprus,CYP,1968,5947.0,
Cyprus,CYP,1969,6446.0,
Cyprus,CYP,1970,6590.0,
Cyprus,CYP,1971,7382.0,
Cyprus,CYP,1972,7809.0,
Cyprus,CYP,1973,7913.0,
Cyprus,CYP,1974,6503.0,
Cyprus,CYP,1975,5528.0,
Cyprus,CYP,1976,6652.0,
Cyprus,CYP,1977,7704.0,
Cyprus,CYP,1978,8257.0,
Cyprus,CYP,1979,9011.0,
Cyprus,CYP,1980,9451.0,
Cyprus,CYP,1981,9631.0,
Cyprus,CYP,1982,10131.0,
Cyprus,CYP,1983,10544.0,
Cyprus,CYP,1984,11330.0,
Cyprus,CYP,1985,11725.0,
Cyprus,CYP,1986,12121.0,
Cyprus,CYP,1987,12792.0,
Cyprus,CYP,1988,13748.0,
Cyprus,CYP,1989,14712.0,
Cyprus,CYP,1990,15560.0,
Cyprus,CYP,1991,15417.124,
Cyprus,CYP,1992,16570.396,
Cyprus,CYP,1993,16439.24,
Cyprus,CYP,1994,17210.986,
Cyprus,CYP,1995,18751.486,
Cyprus,CYP,1996,18875.29,
Cyprus,CYP,1997,19264.787,
Cyprus,CYP,1998,20212.738,
Cyprus,CYP,1999,21147.525,
Cyprus,CYP,2000,22326.799,
Cyprus,CYP,2001,23095.736,
Cyprus,CYP,2002,23828.072,
Cyprus,CYP,2003,24347.076,
Cyprus,CYP,2004,25355.24,
Cyprus,CYP,2005,26164.209,
Cyprus,CYP,2006,27142.018,
Cyprus,CYP,2007,28109.996,
Cyprus,CYP,2008,28736.975,
Cyprus,CYP,2009,27735.033,
Cyprus,CYP,2010,27630.104,
Cyprus,CYP,2011,27272.0,
Cyprus,CYP,2012,25933.494,
Cyprus,CYP,2013,24281.812,
Cyprus,CYP,2014,24114.586,
Cyprus,CYP,2015,25081.504,
Cyprus,CYP,2016,26607.555,
Cyprus,CYP,2017,27872.812,
Cyprus,CYP,2018,29089.975,
Cyprus,CYP,2019,30284.795,
Cyprus,CYP,2020,28634.457,
Cyprus,CYP,2021,30252.326,
Cyprus,CYP,2022,31523.498,
Czechia,CZE,1970,8748.0,
Czechia,CZE,1971,9177.0,
Czechia,CZE,1972,9626.0,
Czechia,CZE,1973,10026.0,
Czechia,CZE,1974,10444.0,
Czechia,CZE,1975,10954.0,
Czechia,CZE,1976,11317.0,
Czechia,CZE,1977,11634.0,
Czechia,CZE,1978,12055.0,
Czechia,CZE,1979,12164.0,
Czechia,CZE,1980,12336.0,
Czechia,CZE,1981,12306.0,
Czechia,CZE,1982,12109.0,
Czechia,CZE,1983,12301.0,
Czechia,CZE,1984,12573.0,
Czechia,CZE,1985,12855.0,
Czechia,CZE,1986,13211.0,
Czechia,CZE,1987,13514.0,
Czechia,CZE,1988,13791.0,
Czechia,CZE,1989,14027.0,
Czechia,CZE,1990,14178.0,
Czechia,CZE,1991,12724.541,
Czechia,CZE,1992,12810.432,
Czechia,CZE,1993,12974.197,
Czechia,CZE,1994,13517.582,
Czechia,CZE,1995,14550.1045,
Czechia,CZE,1996,15386.32,
Czechia,CZE,1997,15494.317,
Czechia,CZE,1998,15657.426,
Czechia,CZE,1999,16102.508,
Czechia,CZE,2000,17056.16,
Czechia,CZE,2001,17868.568,
Czechia,CZE,2002,18431.027,
Czechia,CZE,2003,19344.09,
Czechia,CZE,2004,20555.035,
Czechia,CZE,2005,22128.58,
Czechia,CZE,2006,23888.164,
Czechia,CZE,2007,25382.807,
Czechia,CZE,2008,26186.045,
Czechia,CZE,2009,25093.863,
Czechia,CZE,2010,25922.395,
Czechia,CZE,2011,26725.0,
Czechia,CZE,2012,26483.38,
Czechia,CZE,2013,26467.629,
Czechia,CZE,2014,27030.19,
Czechia,CZE,2015,28437.604,
Czechia,CZE,2016,29097.504,
Czechia,CZE,2017,30531.383,
Czechia,CZE,2018,31405.09,
Czechia,CZE,2019,32226.553,
Czechia,CZE,2020,30365.37,
Czechia,CZE,2021,31452.557,
Czechia,CZE,2022,32247.395,
Czechoslovakia,OWID_CZS,1820,1353.0,
Czechoslovakia,OWID_CZS,1850,1720.0,
Czechoslovakia,OWID_CZS,1870,1855.0,
Czechoslovakia,OWID_CZS,1890,2399.0,
Czechoslovakia,OWID_CZS,1900,2756.0,
Czechoslovakia,OWID_CZS,1910,3174.0,
Czechoslovakia,OWID_CZS,1913,3341.0,
Czechoslovakia,OWID_CZS,1920,3081.0,
Czechoslovakia,OWID_CZS,1921,3323.0,
Czechoslovakia,OWID_CZS,1922,3198.0,
Czechoslovakia,OWID_CZS,1923,3429.0,
Czechoslovakia,OWID_CZS,1924,3751.0,
Czechoslovakia,OWID_CZS,1925,4154.0,
Czechoslovakia,OWID_CZS,1926,4105.0,
Czechoslovakia,OWID_CZS,1927,4387.0,
Czechoslovakia,OWID_CZS,1928,4745.0,
Czechoslovakia,OWID_CZS,1929,4849.0,
Czechoslovakia,OWID_CZS,1930,4664.0,
Czechoslovakia,OWID_CZS,1931,4477.0,
Czechoslovakia,OWID_CZS,1932,4272.0,
Czechoslovakia,OWID_CZS,1933,4068.0,
Czechoslovakia,OWID_CZS,1934,3894.0,
Czechoslovakia,OWID_CZS,1935,3841.0,
Czechoslovakia,OWID_CZS,1936,4143.0,
Czechoslovakia,OWID_CZS,1937,4594.0,
Czechoslovakia,OWID_CZS,1948,4922.0,
Czechoslovakia,OWID_CZS,1949,5195.0,
Czechoslovakia,OWID_CZS,1950,5581.0,
Czechoslovakia,OWID_CZS,1951,5617.0,
Czechoslovakia,OWID_CZS,1952,5735.0,
Czechoslovakia,OWID_CZS,1953,5649.0,
Czechoslovakia,OWID_CZS,1954,5821.0,
Czechoslovakia,OWID_CZS,1955,6252.0,
Czechoslovakia,OWID_CZS,1956,6551.0,
Czechoslovakia,OWID_CZS,1957,6886.0,
Czechoslovakia,OWID_CZS,1958,7348.0,
Czechoslovakia,OWID_CZS,1959,7619.0,
Czechoslovakia,OWID_CZS,1960,8142.0,
Czechoslovakia,OWID_CZS,1961,8389.0,
Czechoslovakia,OWID_CZS,1962,8454.0,
Czechoslovakia,OWID_CZS,1963,8241.0,
Czechoslovakia,OWID_CZS,1964,8563.0,
Czechoslovakia,OWID_CZS,1965,8820.0,
Czechoslovakia,OWID_CZS,1966,9151.0,
Czechoslovakia,OWID_CZS,1967,9507.0,
Czechoslovakia,OWID_CZS,1968,9919.0,
Czechoslovakia,OWID_CZS,1969,10128.0,
Czechoslovakia,OWID_CZS,1970,10307.0,
Czechoslovakia,OWID_CZS,1971,10613.0,
Czechoslovakia,OWID_CZS,1972,10932.0,
Czechoslovakia,OWID_CZS,1973,11223.0,
Czechoslovakia,OWID_CZS,1974,11545.0,
Czechoslovakia,OWID_CZS,1975,11794.0,
Czechoslovakia,OWID_CZS,1976,11893.0,
Czechoslovakia,OWID_CZS,1977,12344.0,
Czechoslovakia,OWID_CZS,1978,12411.0,
Czechoslovakia,OWID_CZS,1979,12439.0,
Czechoslovakia,OWID_CZS,1980,12723.0,
Czechoslovakia,OWID_CZS,1981,12612.0,
Czechoslovakia,OWID_CZS,1982,12824.0,
Czechoslovakia,OWID_CZS,1983,12986.0,
Czechoslovakia,OWID_CZS,1984,13260.0,
Czechoslovakia,OWID_CZS,1985,13337.0,
Czechoslovakia,OWID_CZS,1986,13560.0,
Czechoslovakia,OWID_CZS,1987,13603.0,
Czechoslovakia,OWID_CZS,1988,13882.0,
Czechoslovakia,OWID_CZS,1989,13976.0,
Czechoslovakia,OWID_CZS,1990,13570.0,
Czechoslovakia,OWID_CZS,1991,11949.633,
Czechoslovakia,OWID_CZS,1992,11742.929,
Czechoslovakia,OWID_CZS,1993,11879.809,
Czechoslovakia,OWID_CZS,1994,12358.111,
Czechoslovakia,OWID_CZS,1995,13181.292,
Czechoslovakia,OWID_CZS,1996,13981.783,
Czechoslovakia,OWID_CZS,1997,14199.408,
Czechoslovakia,OWID_CZS,1998,14485.928,
Czechoslovakia,OWID_CZS,1999,14769.399,
Czechoslovakia,OWID_CZS,2000,15378.206,
Czechoslovakia,OWID_CZS,2001,15999.641,
Czechoslovakia,OWID_CZS,2002,16595.398,
Czechoslovakia,OWID_CZS,2003,17407.074,
Czechoslovakia,OWID_CZS,2004,18389.229,
Czechoslovakia,OWID_CZS,2005,19774.06,
Czechoslovakia,OWID_CZS,2006,21409.428,
Czechoslovakia,OWID_CZS,2007,23146.207,
Czechoslovakia,OWID_CZS,2008,24256.883,
Czechoslovakia,OWID_CZS,2009,23659.475,
Czechoslovakia,OWID_CZS,2010,24573.309,
Czechoslovakia,OWID_CZS,2011,25289.0,
Czechoslovakia,OWID_CZS,2012,25211.404,
Czechoslovakia,OWID_CZS,2013,25237.068,
Czechoslovakia,OWID_CZS,2014,25808.537,
Czechoslovakia,OWID_CZS,2015,27144.95,
Czechoslovakia,OWID_CZS,2016,27732.625,
Czechoslovakia,OWID_CZS,2017,28926.492,
Czechoslovakia,OWID_CZS,2018,29842.957,
Czechoslovakia,OWID_CZS,2019,30607.314,
Czechoslovakia,OWID_CZS,2020,29043.441,
Czechoslovakia,OWID_CZS,2021,30071.377,
Czechoslovakia,OWID_CZS,2022,30640.914,
Democratic Republic of Congo,COD,1950,909.0,
Democratic Republic of Congo,COD,1951,995.0,
Democratic Republic of Congo,COD,1952,1065.0,
Democratic Republic of Congo,COD,1953,1105.0,
Democratic Republic of Congo,COD,1954,1148.0,
Democratic Republic of Congo,COD,1955,1170.0,
Democratic Republic of Congo,COD,1956,1224.0,
Democratic Republic of Congo,COD,1957,1237.0,
Democratic Republic of Congo,COD,1958,1176.0,
Democratic Republic of Congo,COD,1959,1191.0,
Democratic Republic of Congo,COD,1960,1192.0,
Democratic Republic of Congo,COD,1961,1041.0,
Democratic Republic of Congo,COD,1962,1223.0,
Democratic Republic of Congo,COD,1963,1248.0,
Democratic Republic of Congo,COD,1964,1191.0,
Democratic Republic of Congo,COD,1965,1176.0,
Democratic Republic of Congo,COD,1966,1224.0,
Democratic Republic of Congo,COD,1967,1176.0,
Democratic Republic of Congo,COD,1968,1189.0,
Democratic Republic of Congo,COD,1969,1262.0,
Democratic Republic of Congo,COD,1970,1224.0,
Democratic Republic of Congo,COD,1971,1267.0,
Democratic Republic of Congo,COD,1972,1235.0,
Democratic Republic of Congo,COD,1973,1305.0,
Democratic Republic of Congo,COD,1974,1312.0,
Democratic Republic of Congo,COD,1975,1213.0,
Democratic Republic of Congo,COD,1976,1111.0,
Democratic Republic of Congo,COD,1977,1086.0,
Democratic Republic of Congo,COD,1978,993.0,
Democratic Republic of Congo,COD,1979,961.0,
Democratic Republic of Congo,COD,1980,953.0,
Democratic Republic of Congo,COD,1981,950.0,
Democratic Republic of Congo,COD,1982,920.0,
Democratic Republic of Congo,COD,1983,909.0,
Democratic Republic of Congo,COD,1984,932.0,
Democratic Republic of Congo,COD,1985,909.0,
Democratic Republic of Congo,COD,1986,923.0,
Democratic Republic of Congo,COD,1987,918.0,
Democratic Republic of Congo,COD,1988,894.0,
Democratic Republic of Congo,COD,1989,861.0,
Democratic Republic of Congo,COD,1990,813.0,
Democratic Republic of Congo,COD,1991,737.9345,
Democratic Republic of Congo,COD,1992,656.69165,
Democratic Republic of Congo,COD,1993,563.71094,
Democratic Republic of Congo,COD,1994,525.38873,
Democratic Republic of Congo,COD,1995,531.9909,
Democratic Republic of Congo,COD,1996,523.86804,
Democratic Republic of Congo,COD,1997,489.64215,
Democratic Republic of Congo,COD,1998,472.92395,
Democratic Republic of Congo,COD,1999,452.00443,
Democratic Republic of Congo,COD,2000,414.04694,
Democratic Republic of Congo,COD,2001,403.6019,
Democratic Republic of Congo,COD,2002,413.82523,
Democratic Republic of Congo,COD,2003,436.02847,
Democratic Republic of Congo,COD,2004,463.99698,
Democratic Republic of Congo,COD,2005,490.6905,
Democratic Republic of Congo,COD,2006,515.25836,
Democratic Republic of Congo,COD,2007,546.0368,
Democratic Republic of Congo,COD,2008,578.8487,
Democratic Republic of Congo,COD,2009,595.01605,
Democratic Republic of Congo,COD,2010,637.1298,
Democratic Republic of Congo,COD,2011,681.0,
Democratic Republic of Congo,COD,2012,714.7897,
Democratic Republic of Congo,COD,2013,756.906,
Democratic Republic of Congo,COD,2014,784.5593,
Democratic Republic of Congo,COD,2015,806.7695,
Democratic Republic of Congo,COD,2016,783.0341,
Democratic Republic of Congo,COD,2017,785.1293,
Democratic Republic of Congo,COD,2018,796.89246,
Democratic Republic of Congo,COD,2019,806.479,
Democratic Republic of Congo,COD,2020,794.2714,
Democratic Republic of Congo,COD,2021,817.43225,
Democratic Republic of Congo,COD,2022,844.172,
Denmark,DNK,1820,2031.0,
Denmark,DNK,1821,2104.0,
Denmark,DNK,1822,2115.0,
Denmark,DNK,1823,2085.0,
Denmark,DNK,1824,2117.0,
Denmark,DNK,1825,2107.0,
Denmark,DNK,1826,2110.0,
Denmark,DNK,1827,2150.0,
Denmark,DNK,1828,2163.0,
Denmark,DNK,1829,2110.0,
Denmark,DNK,1830,2120.0,
Denmark,DNK,1831,2101.0,
Denmark,DNK,1832,2158.0,
Denmark,DNK,1833,2130.0,
Denmark,DNK,1834,2227.0,
Denmark,DNK,1835,2195.0,
Denmark,DNK,1836,2179.0,
Denmark,DNK,1837,2219.0,
Denmark,DNK,1838,2216.0,
Denmark,DNK,1839,2224.0,
Denmark,DNK,1840,2276.0,
Denmark,DNK,1841,2254.0,
Denmark,DNK,1842,2243.0,
Denmark,DNK,1843,2353.0,
Denmark,DNK,1844,2434.0,
Denmark,DNK,1845,2472.0,
Denmark,DNK,1846,2501.0,
Denmark,DNK,1847,2466.0,
Denmark,DNK,1848,2570.0,
Denmark,DNK,1849,2695.0,
Denmark,DNK,1850,2817.0,
Denmark,DNK,1851,2649.0,
Denmark,DNK,1852,2713.0,
Denmark,DNK,1853,2697.0,
Denmark,DNK,1854,2679.0,
Denmark,DNK,1855,2938.0,
Denmark,DNK,1856,2735.0,
Denmark,DNK,1857,2745.0,
Denmark,DNK,1858,2691.0,
Denmark,DNK,1859,2834.0,
Denmark,DNK,1860,2775.0,
Denmark,DNK,1861,2785.0,
Denmark,DNK,1862,2836.0,
Denmark,DNK,1863,2979.0,
Denmark,DNK,1864,2922.0,
Denmark,DNK,1865,2989.0,
Denmark,DNK,1866,2963.0,
Denmark,DNK,1867,2933.0,
Denmark,DNK,1868,2954.0,
Denmark,DNK,1869,3092.0,
Denmark,DNK,1870,3193.0,
Denmark,DNK,1871,3177.0,
Denmark,DNK,1872,3327.0,
Denmark,DNK,1873,3279.0,
Denmark,DNK,1874,3341.0,
Denmark,DNK,1875,3366.0,
Denmark,DNK,1876,3395.0,
Denmark,DNK,1877,3261.0,
Denmark,DNK,1878,3351.0,
Denmark,DNK,1879,3425.0,
Denmark,DNK,1880,3476.0,
Denmark,DNK,1881,3480.0,
Denmark,DNK,1882,3571.0,
Denmark,DNK,1883,3665.0,
Denmark,DNK,1884,3642.0,
Denmark,DNK,1885,3625.0,
Denmark,DNK,1886,3724.0,
Denmark,DNK,1887,3818.0,
Denmark,DNK,1888,3808.0,
Denmark,DNK,1889,3826.0,
Denmark,DNK,1890,4022.0,
Denmark,DNK,1891,4073.0,
Denmark,DNK,1892,4141.0,
Denmark,DNK,1893,4191.0,
Denmark,DNK,1894,4235.0,
Denmark,DNK,1895,4415.0,
Denmark,DNK,1896,4521.0,
Denmark,DNK,1897,4564.0,
Denmark,DNK,1898,4575.0,
Denmark,DNK,1899,4705.0,
Denmark,DNK,1900,4809.0,
Denmark,DNK,1901,4948.0,
Denmark,DNK,1902,5007.0,
Denmark,DNK,1903,5244.0,
Denmark,DNK,1904,5302.0,
Denmark,DNK,1905,5333.0,
Denmark,DNK,1906,5423.0,
Denmark,DNK,1907,5557.0,
Denmark,DNK,1908,5662.0,
Denmark,DNK,1909,5807.0,
Denmark,DNK,1910,5906.0,
Denmark,DNK,1911,6148.0,
Denmark,DNK,1912,6076.0,
Denmark,DNK,1913,6236.0,
Denmark,DNK,1914,6551.0,
Denmark,DNK,1915,6022.0,
Denmark,DNK,1916,6202.0,
Denmark,DNK,1917,5765.0,
Denmark,DNK,1918,5514.0,
Denmark,DNK,1919,6153.0,
Denmark,DNK,1920,6363.0,
Denmark,DNK,1921,6099.0,
Denmark,DNK,1922,6641.0,
Denmark,DNK,1923,7267.0,
Denmark,DNK,1924,7218.0,
Denmark,DNK,1925,6978.0,
Denmark,DNK,1926,7329.0,
Denmark,DNK,1927,7425.0,
Denmark,DNK,1928,7627.0,
Denmark,DNK,1929,8089.0,
Denmark,DNK,1930,8513.0,
Denmark,DNK,1931,8542.0,
Denmark,DNK,1932,8239.0,
Denmark,DNK,1933,8434.0,
Denmark,DNK,1934,8611.0,
Denmark,DNK,1935,8735.0,
Denmark,DNK,1936,8886.0,
Denmark,DNK,1937,9035.0,
Denmark,DNK,1938,9185.0,
Denmark,DNK,1939,9553.0,
Denmark,DNK,1940,8155.0,
Denmark,DNK,1941,7291.0,
Denmark,DNK,1942,7379.0,
Denmark,DNK,1943,8097.0,
Denmark,DNK,1944,8835.0,
Denmark,DNK,1945,8075.0,
Denmark,DNK,1946,9208.0,
Denmark,DNK,1947,9620.0,
Denmark,DNK,1948,9776.0,
Denmark,DNK,1949,10351.0,
Denmark,DNK,1950,11067.0,
Denmark,DNK,1951,11056.0,
Denmark,DNK,1952,11086.0,
Denmark,DNK,1953,11623.0,
Denmark,DNK,1954,11749.0,
Denmark,DNK,1955,11788.0,
Denmark,DNK,1956,11858.0,
Denmark,DNK,1957,12696.0,
Denmark,DNK,1958,12903.0,
Denmark,DNK,1959,13767.0,
Denmark,DNK,1960,14046.0,
Denmark,DNK,1961,14843.0,
Denmark,DNK,1962,15537.0,
Denmark,DNK,1963,15513.0,
Denmark,DNK,1964,16832.0,
Denmark,DNK,1965,17459.0,
Denmark,DNK,1966,17789.0,
Denmark,DNK,1967,18230.0,
Denmark,DNK,1968,18868.0,
Denmark,DNK,1969,19974.0,
Denmark,DNK,1970,20221.0,
Denmark,DNK,1971,20617.0,
Denmark,DNK,1972,21579.0,
Denmark,DNK,1973,22228.0,
Denmark,DNK,1974,21919.0,
Denmark,DNK,1975,21712.0,
Denmark,DNK,1976,23059.0,
Denmark,DNK,1977,23360.0,
Denmark,DNK,1978,23632.0,
Denmark,DNK,1979,24409.0,
Denmark,DNK,1980,24272.0,
Denmark,DNK,1981,24063.0,
Denmark,DNK,1982,24807.0,
Denmark,DNK,1983,25450.0,
Denmark,DNK,1984,26581.0,
Denmark,DNK,1985,27710.0,
Denmark,DNK,1986,28681.0,
Denmark,DNK,1987,28728.0,
Denmark,DNK,1988,29049.0,
Denmark,DNK,1989,29108.0,
Denmark,DNK,1990,29412.0,
Denmark,DNK,1991,29915.447,
Denmark,DNK,1992,30573.574,
Denmark,DNK,1993,30649.537,
Denmark,DNK,1994,32359.297,
Denmark,DNK,1995,33356.14,
Denmark,DNK,1996,34325.44,
Denmark,DNK,1997,35499.062,
Denmark,DNK,1998,36361.23,
Denmark,DNK,1999,37523.426,
Denmark,DNK,2000,39021.176,
Denmark,DNK,2001,39425.863,
Denmark,DNK,2002,39709.37,
Denmark,DNK,2003,39983.145,
Denmark,DNK,2004,41178.562,
Denmark,DNK,2005,42264.63,
Denmark,DNK,2006,44025.484,
Denmark,DNK,2007,44481.47,
Denmark,DNK,2008,44246.4,
Denmark,DNK,2009,42090.17,
Denmark,DNK,2010,42932.4,
Denmark,DNK,2011,43575.0,
Denmark,DNK,2012,43509.613,
Denmark,DNK,2013,43743.61,
Denmark,DNK,2014,44215.633,
Denmark,DNK,2015,44940.887,
Denmark,DNK,2016,46018.984,
Denmark,DNK,2017,47022.01,
Denmark,DNK,2018,47717.457,
Denmark,DNK,2019,48238.656,
Denmark,DNK,2020,47171.086,
Denmark,DNK,2021,49258.75,
Denmark,DNK,2022,50689.68,
Djibouti,DJI,1950,3459.0,
Djibouti,DJI,1951,3566.0,
Djibouti,DJI,1952,3585.0,
Djibouti,DJI,1953,3633.0,
Djibouti,DJI,1954,3743.0,
Djibouti,DJI,1955,3765.0,
Djibouti,DJI,1956,3810.0,
Djibouti,DJI,1957,3848.0,
Djibouti,DJI,1958,3840.0,
Djibouti,DJI,1959,3948.0,
Djibouti,DJI,1960,4087.0,
Djibouti,DJI,1961,4114.0,
Djibouti,DJI,1962,4057.0,
Djibouti,DJI,1963,4092.0,
Djibouti,DJI,1964,4055.0,
Djibouti,DJI,1965,4047.0,
Djibouti,DJI,1966,4063.0,
Djibouti,DJI,1967,4055.0,
Djibouti,DJI,1968,4028.0,
Djibouti,DJI,1969,4018.0,
Djibouti,DJI,1970,4774.0,
Djibouti,DJI,1971,4846.0,
Djibouti,DJI,1972,4787.0,
Djibouti,DJI,1973,4801.0,
Djibouti,DJI,1974,4414.0,
Djibouti,DJI,1975,4691.0,
Djibouti,DJI,1976,4878.0,
Djibouti,DJI,1977,4036.0,
Djibouti,DJI,1978,3419.0,
Djibouti,DJI,1979,3308.0,
Djibouti,DJI,1980,3167.0,
Djibouti,DJI,1981,3091.0,
Djibouti,DJI,1982,3043.0,
Djibouti,DJI,1983,2963.0,
Djibouti,DJI,1984,2944.0,
Djibouti,DJI,1985,2880.0,
Djibouti,DJI,1986,2743.0,
Djibouti,DJI,1987,2670.0,
Djibouti,DJI,1988,2652.0,
Djibouti,DJI,1989,2436.0,
Djibouti,DJI,1990,2308.0,
Djibouti,DJI,1991,2013.3427,
Djibouti,DJI,1992,2141.634,
Djibouti,DJI,1993,2290.7847,
Djibouti,DJI,1994,2175.3618,
Djibouti,DJI,1995,2262.4287,
Djibouti,DJI,1996,2081.9954,
Djibouti,DJI,1997,2080.5134,
Djibouti,DJI,1998,1974.5657,
Djibouti,DJI,1999,1930.5078,
Djibouti,DJI,2000,1880.9988,
Djibouti,DJI,2001,1845.6991,
Djibouti,DJI,2002,1824.4551,
Djibouti,DJI,2003,1945.6655,
Djibouti,DJI,2004,2097.1233,
Djibouti,DJI,2005,2126.8052,
Djibouti,DJI,2006,2342.2192,
Djibouti,DJI,2007,2396.018,
Djibouti,DJI,2008,2463.4448,
Djibouti,DJI,2009,2521.5046,
Djibouti,DJI,2010,2543.8733,
Djibouti,DJI,2011,2590.0,
Djibouti,DJI,2012,2654.0,
Djibouti,DJI,2013,2724.0,
Djibouti,DJI,2014,2823.0,
Djibouti,DJI,2015,2941.0,
Djibouti,DJI,2016,3084.5425,
Djibouti,DJI,2017,3197.9792,
Djibouti,DJI,2018,3308.117,
Djibouti,DJI,2019,3436.9502,
Djibouti,DJI,2020,3426.696,
Djibouti,DJI,2021,3541.5713,
Djibouti,DJI,2022,3623.0603,
Dominica,DMA,1950,980.0,
Dominica,DMA,1951,1066.0,
Dominica,DMA,1952,1121.0,
Dominica,DMA,1953,1073.0,
Dominica,DMA,1954,1098.0,
Dominica,DMA,1955,1130.0,
Dominica,DMA,1956,1203.0,
Dominica,DMA,1957,1239.0,
Dominica,DMA,1958,1261.0,
Dominica,DMA,1959,1226.0,
Dominica,DMA,1960,1245.0,
Dominica,DMA,1961,1176.0,
Dominica,DMA,1962,1333.0,
Dominica,DMA,1963,1372.0,
Dominica,DMA,1964,1419.0,
Dominica,DMA,1965,1203.0,
Dominica,DMA,1966,1323.0,
Dominica,DMA,1967,1325.0,
Dominica,DMA,1968,1288.0,
Dominica,DMA,1969,1388.0,
Dominica,DMA,1970,1492.0,
Dominica,DMA,1971,1578.0,
Dominica,DMA,1972,1674.0,
Dominica,DMA,1973,1793.0,
Dominica,DMA,1974,1894.0,
Dominica,DMA,1975,1940.0,
Dominica,DMA,1976,2066.0,
Dominica,DMA,1977,2117.0,
Dominica,DMA,1978,2365.0,
Dominica,DMA,1979,1932.0,
Dominica,DMA,1980,2219.0,
Dominica,DMA,1981,2499.0,
Dominica,DMA,1982,2592.0,
Dominica,DMA,1983,2644.0,
Dominica,DMA,1984,2802.0,
Dominica,DMA,1985,2872.0,
Dominica,DMA,1986,3107.0,
Dominica,DMA,1987,3370.0,
Dominica,DMA,1988,3687.0,
Dominica,DMA,1989,3714.0,
Dominica,DMA,1990,3939.0,
Dominica,DMA,1991,4083.9958,
Dominica,DMA,1992,4271.69,
Dominica,DMA,1993,4339.817,
Dominica,DMA,1994,4459.365,
Dominica,DMA,1995,4606.734,
Dominica,DMA,1996,4894.842,
Dominica,DMA,1997,5170.808,
Dominica,DMA,1998,5462.6973,
Dominica,DMA,1999,5584.024,
Dominica,DMA,2000,5696.955,
Dominica,DMA,2001,5799.8164,
Dominica,DMA,2002,5771.375,
Dominica,DMA,2003,6321.9556,
Dominica,DMA,2004,6602.7,
Dominica,DMA,2005,6697.5347,
Dominica,DMA,2006,7133.7812,
Dominica,DMA,2007,7698.7734,
Dominica,DMA,2008,8454.0625,
Dominica,DMA,2009,8511.858,
Dominica,DMA,2010,8768.478,
Dominica,DMA,2011,8944.0,
Dominica,DMA,2012,8823.0,
Dominica,DMA,2013,9145.0,
Dominica,DMA,2014,9507.0,
Dominica,DMA,2015,9319.0,
Dominica,DMA,2016,9567.251,
Dominica,DMA,2017,8877.882,
Dominica,DMA,2018,9153.232,
Dominica,DMA,2019,9575.093,
Dominica,DMA,2020,7974.3066,
Dominica,DMA,2021,8419.473,
Dominica,DMA,2022,8879.6455,
Dominican Republic,DOM,1950,1637.0,
Dominican Republic,DOM,1951,1780.0,
Dominican Republic,DOM,1952,1868.0,
Dominican Republic,DOM,1953,1790.0,
Dominican Republic,DOM,1954,1833.0,
Dominican Republic,DOM,1955,1886.0,
Dominican Republic,DOM,1956,2008.0,
Dominican Republic,DOM,1957,2066.0,
Dominican Republic,DOM,1958,2104.0,
Dominican Republic,DOM,1959,2047.0,
Dominican Republic,DOM,1960,2075.0,
Dominican Republic,DOM,1961,1964.0,
Dominican Republic,DOM,1962,2222.0,
Dominican Republic,DOM,1963,2291.0,
Dominican Republic,DOM,1964,2365.0,
Dominican Republic,DOM,1965,2007.0,
Dominican Republic,DOM,1966,2206.0,
Dominican Republic,DOM,1967,2211.0,
Dominican Republic,DOM,1968,2150.0,
Dominican Republic,DOM,1969,2316.0,
Dominican Republic,DOM,1970,2488.0,
Dominican Republic,DOM,1971,2678.0,
Dominican Republic,DOM,1972,2928.0,
Dominican Republic,DOM,1973,3196.0,
Dominican Republic,DOM,1974,3295.0,
Dominican Republic,DOM,1975,3365.0,
Dominican Republic,DOM,1976,3504.0,
Dominican Republic,DOM,1977,3586.0,
Dominican Republic,DOM,1978,3583.0,
Dominican Republic,DOM,1979,3649.0,
Dominican Republic,DOM,1980,3781.0,
Dominican Republic,DOM,1981,3846.0,
Dominican Republic,DOM,1982,3826.0,
Dominican Republic,DOM,1983,3905.0,
Dominican Republic,DOM,1984,3830.0,
Dominican Republic,DOM,1985,3653.0,
Dominican Republic,DOM,1986,3682.0,
Dominican Republic,DOM,1987,3877.0,
Dominican Republic,DOM,1988,3821.0,
Dominican Republic,DOM,1989,4219.0,
Dominican Republic,DOM,1990,3939.0,
Dominican Republic,DOM,1991,3969.5686,
Dominican Republic,DOM,1992,4185.406,
Dominican Republic,DOM,1993,4490.016,
Dominican Republic,DOM,1994,4597.151,
Dominican Republic,DOM,1995,4851.629,
Dominican Republic,DOM,1996,5198.5664,
Dominican Republic,DOM,1997,5616.89,
Dominican Republic,DOM,1998,6012.6924,
Dominican Republic,DOM,1999,6419.7812,
Dominican Republic,DOM,2000,6788.084,
Dominican Republic,DOM,2001,6917.0303,
Dominican Republic,DOM,2002,7327.3657,
Dominican Republic,DOM,2003,7324.6973,
Dominican Republic,DOM,2004,7441.4478,
Dominican Republic,DOM,2005,8156.431,
Dominican Republic,DOM,2006,9059.885,
Dominican Republic,DOM,2007,9866.458,
Dominican Republic,DOM,2008,10225.529,
Dominican Republic,DOM,2009,10365.675,
Dominican Republic,DOM,2010,11276.461,
Dominican Republic,DOM,2011,11679.0,
Dominican Republic,DOM,2012,11854.366,
Dominican Republic,DOM,2013,12290.143,
Dominican Republic,DOM,2014,13011.521,
Dominican Republic,DOM,2015,13765.119,
Dominican Republic,DOM,2016,14530.1,
Dominican Republic,DOM,2017,15053.832,
Dominican Republic,DOM,2018,15944.744,
Dominican Republic,DOM,2019,16587.236,
Dominican Republic,DOM,2020,15325.654,
Dominican Republic,DOM,2021,17046.646,
Dominican Republic,DOM,2022,17713.52,
East Asia (Maddison),,1820,911.1599,
East Asia (Maddison),,1830,846.0,
East Asia (Maddison),,1840,849.0,
East Asia (Maddison),,1850,899.65765,
East Asia (Maddison),,1870,993.6216,
East Asia (Maddison),,1890,1048.869,
East Asia (Maddison),,1900,1086.2826,
East Asia (Maddison),,1910,1056.0726,
East Asia (Maddison),,1920,1215.6156,
East Asia (Maddison),,1930,1296.0483,
East Asia (Maddison),,1940,1496.2766,
East Asia (Maddison),,1950,1109.4408,
East Asia (Maddison),,1960,1725.5217,
East Asia (Maddison),,1970,3030.772,
East Asia (Maddison),,1980,4191.3184,
East Asia (Maddison),,1990,6089.8413,
East Asia (Maddison),,2000,8152.877,
East Asia (Maddison),,2010,12862.345,
East Asia (Maddison),,2015,16298.285,
East Asia (Maddison),,2016,17048.79,
East Asia (Maddison),,2017,17909.393,
East Asia (Maddison),,2018,18785.072,
East Asia (Maddison),,2019,19580.744,
East Asia (Maddison),,2020,19749.514,
East Asia (Maddison),,2021,21157.305,
East Asia (Maddison),,2022,21728.52,
Eastern Europe (Maddison),,1820,1044.5385,
Eastern Europe (Maddison),,1850,1290.5618,
Eastern Europe (Maddison),,1870,1518.355,
Eastern Europe (Maddison),,1890,1582.6404,
Eastern Europe (Maddison),,1900,2015.9938,
Eastern Europe (Maddison),,1910,2240.678,
Eastern Europe (Maddison),,1920,1374.9872,
Eastern Europe (Maddison),,1930,2506.88,
Eastern Europe (Maddison),,1940,3216.907,
Eastern Europe (Maddison),,1950,4133.084,
Eastern Europe (Maddison),,1960,5865.5776,
Eastern Europe (Maddison),,1970,8330.067,
Eastern Europe (Maddison),,1980,9783.951,
Eastern Europe (Maddison),,1990,10091.273,
Eastern Europe (Maddison),,2000,8833.693,
Eastern Europe (Maddison),,2010,16320.271,
Eastern Europe (Maddison),,2015,18062.734,
Eastern Europe (Maddison),,2016,18301.775,
Eastern Europe (Maddison),,2017,18917.457,
Eastern Europe (Maddison),,2018,19560.426,
Eastern Europe (Maddison),,2019,20051.041,
Eastern Europe (Maddison),,2020,19578.574,
Eastern Europe (Maddison),,2021,20696.99,
Eastern Europe (Maddison),,2022,20656.266,
Ecuador,ECU,1870,760.0,
Ecuador,ECU,1880,760.0,
Ecuador,ECU,1890,893.0,
Ecuador,ECU,1900,1098.0,
Ecuador,ECU,1901,1121.0,
Ecuador,ECU,1902,1143.0,
Ecuador,ECU,1903,1165.0,
Ecuador,ECU,1904,1189.0,
Ecuador,ECU,1905,1213.0,
Ecuador,ECU,1906,1237.0,
Ecuador,ECU,1907,1261.0,
Ecuador,ECU,1908,1299.0,
Ecuador,ECU,1909,1337.0,
Ecuador,ECU,1910,1379.0,
Ecuador,ECU,1911,1420.0,
Ecuador,ECU,1912,1462.0,
Ecuador,ECU,1913,1506.0,
Ecuador,ECU,1914,1537.0,
Ecuador,ECU,1915,1567.0,
Ecuador,ECU,1916,1583.0,
Ecuador,ECU,1917,1599.0,
Ecuador,ECU,1918,1615.0,
Ecuador,ECU,1919,1647.0,
Ecuador,ECU,1920,1680.0,
Ecuador,ECU,1921,1696.0,
Ecuador,ECU,1922,1714.0,
Ecuador,ECU,1923,1731.0,
Ecuador,ECU,1924,1749.0,
Ecuador,ECU,1925,1765.0,
Ecuador,ECU,1926,1784.0,
Ecuador,ECU,1927,1836.0,
Ecuador,ECU,1928,1892.0,
Ecuador,ECU,1929,1948.0,
Ecuador,ECU,1930,1969.0,
Ecuador,ECU,1931,1929.0,
Ecuador,ECU,1932,1890.0,
Ecuador,ECU,1933,1890.0,
Ecuador,ECU,1934,1890.0,
Ecuador,ECU,1935,1890.0,
Ecuador,ECU,1936,1908.0,
Ecuador,ECU,1937,1927.0,
Ecuador,ECU,1938,1948.0,
Ecuador,ECU,1939,1967.0,
Ecuador,ECU,1940,2050.0,
Ecuador,ECU,1941,2016.0,
Ecuador,ECU,1942,2056.0,
Ecuador,ECU,1943,2259.0,
Ecuador,ECU,1944,2230.0,
Ecuador,ECU,1945,2182.0,
Ecuador,ECU,1946,2381.0,
Ecuador,ECU,1947,2571.0,
Ecuador,ECU,1948,2844.0,
Ecuador,ECU,1949,2815.0,
Ecuador,ECU,1950,2970.0,
Ecuador,ECU,1951,2925.0,
Ecuador,ECU,1952,3202.0,
Ecuador,ECU,1953,3185.0,
Ecuador,ECU,1954,3352.0,
Ecuador,ECU,1955,3349.0,
Ecuador,ECU,1956,3381.0,
Ecuador,ECU,1957,3437.0,
Ecuador,ECU,1958,3441.0,
Ecuador,ECU,1959,3524.0,
Ecuador,ECU,1960,3649.0,
Ecuador,ECU,1961,3633.0,
Ecuador,ECU,1962,3716.0,
Ecuador,ECU,1963,3698.0,
Ecuador,ECU,1964,3843.0,
Ecuador,ECU,1965,4090.0,
Ecuador,ECU,1966,4074.0,
Ecuador,ECU,1967,4163.0,
Ecuador,ECU,1968,4264.0,
Ecuador,ECU,1969,4366.0,
Ecuador,ECU,1970,4535.0,
Ecuador,ECU,1971,4658.0,
Ecuador,ECU,1972,4801.0,
Ecuador,ECU,1973,5244.0,
Ecuador,ECU,1974,5392.0,
Ecuador,ECU,1975,5514.0,
Ecuador,ECU,1976,5877.0,
Ecuador,ECU,1977,6073.0,
Ecuador,ECU,1978,6314.0,
Ecuador,ECU,1979,6472.0,
Ecuador,ECU,1980,6582.0,
Ecuador,ECU,1981,6664.0,
Ecuador,ECU,1982,6558.0,
Ecuador,ECU,1983,6252.0,
Ecuador,ECU,1984,6336.0,
Ecuador,ECU,1985,6433.0,
Ecuador,ECU,1986,6452.0,
Ecuador,ECU,1987,5893.0,
Ecuador,ECU,1988,6357.0,
Ecuador,ECU,1989,6207.0,
Ecuador,ECU,1990,6221.0,
Ecuador,ECU,1991,6513.337,
Ecuador,ECU,1992,6715.474,
Ecuador,ECU,1993,6770.1787,
Ecuador,ECU,1994,6940.0903,
Ecuador,ECU,1995,6985.1553,
Ecuador,ECU,1996,6993.644,
Ecuador,ECU,1997,7181.101,
Ecuador,ECU,1998,7307.1694,
Ecuador,ECU,1999,6884.7925,
Ecuador,ECU,2000,6908.243,
Ecuador,ECU,2001,7131.194,
Ecuador,ECU,2002,7359.707,
Ecuador,ECU,2003,7468.5034,
Ecuador,ECU,2004,7958.921,
Ecuador,ECU,2005,8256.777,
Ecuador,ECU,2006,8521.56,
Ecuador,ECU,2007,8633.584,
Ecuador,ECU,2008,9103.872,
Ecuador,ECU,2009,9081.37,
Ecuador,ECU,2010,9327.213,
Ecuador,ECU,2011,9985.0,
Ecuador,ECU,2012,10398.948,
Ecuador,ECU,2013,10761.351,
Ecuador,ECU,2014,11016.161,
Ecuador,ECU,2015,10878.766,
Ecuador,ECU,2016,10603.806,
Ecuador,ECU,2017,10715.15,
Ecuador,ECU,2018,10716.904,
Ecuador,ECU,2019,10586.937,
Ecuador,ECU,2020,9646.065,
Ecuador,ECU,2021,9937.696,
Ecuador,ECU,2022,10124.076,
Egypt,EGY,1,1116.0,
Egypt,EGY,730,1164.0,
Egypt,EGY,1000,956.0,
Egypt,EGY,1150,1052.0,
Egypt,EGY,1280,1068.0,
Egypt,EGY,1300,972.0,
Egypt,EGY,1400,1164.0,
Egypt,EGY,1500,1084.0,
Egypt,EGY,1820,956.0,
Egypt,EGY,1870,1195.0,
Egypt,EGY,1913,1674.0,
Egypt,EGY,1950,1450.9724,
Egypt,EGY,1951,1443.0,
Egypt,EGY,1952,1435.0,
Egypt,EGY,1953,1425.0,
Egypt,EGY,1954,1417.0,
Egypt,EGY,1955,1411.0,
Egypt,EGY,1956,1443.0,
Egypt,EGY,1957,1474.0,
Egypt,EGY,1958,1510.0,
Egypt,EGY,1959,1545.0,
Egypt,EGY,1960,1580.0,
Egypt,EGY,1961,1643.0,
Egypt,EGY,1962,1712.0,
Egypt,EGY,1963,1785.0,
Egypt,EGY,1964,1859.0,
Egypt,EGY,1965,1934.0,
Egypt,EGY,1966,1900.0,
Egypt,EGY,1967,1835.0,
Egypt,EGY,1968,1827.0,
Egypt,EGY,1969,1914.0,
Egypt,EGY,1970,1999.0,
Egypt,EGY,1971,2045.0,
Egypt,EGY,1972,2047.0,
Egypt,EGY,1973,2063.0,
Egypt,EGY,1974,2099.0,
Egypt,EGY,1975,2265.0,
Egypt,EGY,1976,2560.0,
Egypt,EGY,1977,2817.0,
Egypt,EGY,1978,2939.0,
Egypt,EGY,1979,3076.0,
Egypt,EGY,1980,3298.0,
Egypt,EGY,1981,3309.0,
Egypt,EGY,1982,3543.0,
Egypt,EGY,1983,3701.0,
Egypt,EGY,1984,3810.0,
Egypt,EGY,1985,3939.0,
Egypt,EGY,1986,3921.0,
Egypt,EGY,1987,3929.0,
Egypt,EGY,1988,4001.0,
Egypt,EGY,1989,4030.0,
Egypt,EGY,1990,4022.0,
Egypt,EGY,1991,4180.133,
Egypt,EGY,1992,4338.9536,
Egypt,EGY,1993,4542.6323,
Egypt,EGY,1994,4746.5884,
Egypt,EGY,1995,5001.067,
Egypt,EGY,1996,5293.1006,
Egypt,EGY,1997,5594.597,
Egypt,EGY,1998,5884.802,
Egypt,EGY,1999,6211.0156,
Egypt,EGY,2000,6593.5317,
Egypt,EGY,2001,6914.937,
Egypt,EGY,2002,7142.6865,
Egypt,EGY,2003,7365.8027,
Egypt,EGY,2004,7661.86,
Egypt,EGY,2005,8021.8833,
Egypt,EGY,2006,8509.614,
Egypt,EGY,2007,9130.598,
Egypt,EGY,2008,9698.017,
Egypt,EGY,2009,10159.002,
Egypt,EGY,2010,10719.291,
Egypt,EGY,2011,10737.0,
Egypt,EGY,2012,10774.53,
Egypt,EGY,2013,10871.145,
Egypt,EGY,2014,11135.728,
Egypt,EGY,2015,11312.848,
Egypt,EGY,2016,11458.447,
Egypt,EGY,2017,11545.594,
Egypt,EGY,2018,11895.312,
Egypt,EGY,2019,12300.201,
Egypt,EGY,2020,12234.504,
Egypt,EGY,2021,12868.262,
Egypt,EGY,2022,13205.406,
El Salvador,SLV,1920,1487.0,
El Salvador,SLV,1921,1466.0,
El Salvador,SLV,1922,1516.0,
El Salvador,SLV,1923,1554.0,
El Salvador,SLV,1924,1623.0,
El Salvador,SLV,1925,1476.0,
El Salvador,SLV,1926,1706.0,
El Salvador,SLV,1927,1478.0,
El Salvador,SLV,1928,1682.0,
El Salvador,SLV,1929,1661.0,
El Salvador,SLV,1930,1667.0,
El Salvador,SLV,1931,1474.0,
El Salvador,SLV,1932,1313.0,
El Salvador,SLV,1933,1471.0,
El Salvador,SLV,1934,1498.0,
El Salvador,SLV,1935,1629.0,
El Salvador,SLV,1936,1572.0,
El Salvador,SLV,1937,1699.0,
El Salvador,SLV,1938,1559.0,
El Salvador,SLV,1939,1651.0,
El Salvador,SLV,1940,1773.0,
El Salvador,SLV,1941,1714.0,
El Salvador,SLV,1942,1828.0,
El Salvador,SLV,1943,1970.0,
El Salvador,SLV,1944,1836.0,
El Salvador,SLV,1945,1741.0,
El Salvador,SLV,1946,1747.0,
El Salvador,SLV,1947,2173.0,
El Salvador,SLV,1948,2723.0,
El Salvador,SLV,1949,2432.0,
El Salvador,SLV,1950,2375.0,
El Salvador,SLV,1951,2361.0,
El Salvador,SLV,1952,2472.0,
El Salvador,SLV,1953,2577.0,
El Salvador,SLV,1954,2536.0,
El Salvador,SLV,1955,2590.0,
El Salvador,SLV,1956,2715.0,
El Salvador,SLV,1957,2775.0,
El Salvador,SLV,1958,2751.0,
El Salvador,SLV,1959,2788.0,
El Salvador,SLV,1960,2813.0,
El Salvador,SLV,1961,2821.0,
El Salvador,SLV,1962,3062.0,
El Salvador,SLV,1963,3096.0,
El Salvador,SLV,1964,3282.0,
El Salvador,SLV,1965,3351.0,
El Salvador,SLV,1966,3464.0,
El Salvador,SLV,1967,3534.0,
El Salvador,SLV,1968,3524.0,
El Salvador,SLV,1969,3520.0,
El Salvador,SLV,1970,3488.0,
El Salvador,SLV,1971,3553.0,
El Salvador,SLV,1972,3668.0,
El Salvador,SLV,1973,3767.0,
El Salvador,SLV,1974,3912.0,
El Salvador,SLV,1975,4030.0,
El Salvador,SLV,1976,4084.0,
El Salvador,SLV,1977,4221.0,
El Salvador,SLV,1978,4375.0,
El Salvador,SLV,1979,4194.0,
El Salvador,SLV,1980,3781.0,
El Salvador,SLV,1981,3507.0,
El Salvador,SLV,1982,3339.0,
El Salvador,SLV,1983,3330.0,
El Salvador,SLV,1984,3357.0,
El Salvador,SLV,1985,3366.0,
El Salvador,SLV,1986,3327.0,
El Salvador,SLV,1987,3351.0,
El Salvador,SLV,1988,3344.0,
El Salvador,SLV,1989,3322.0,
El Salvador,SLV,1990,3378.0,
El Salvador,SLV,1991,3493.5762,
El Salvador,SLV,1992,3750.5173,
El Salvador,SLV,1993,4052.9578,
El Salvador,SLV,1994,4316.398,
El Salvador,SLV,1995,4592.2837,
El Salvador,SLV,1996,4671.339,
El Salvador,SLV,1997,4882.68,
El Salvador,SLV,1998,5077.892,
El Salvador,SLV,1999,5263.8867,
El Salvador,SLV,2000,5403.715,
El Salvador,SLV,2001,5550.187,
El Salvador,SLV,2002,5751.0605,
El Salvador,SLV,2003,5957.201,
El Salvador,SLV,2004,6145.98,
El Salvador,SLV,2005,6441.4956,
El Salvador,SLV,2006,6782.2314,
El Salvador,SLV,2007,7139.182,
El Salvador,SLV,2008,7312.656,
El Salvador,SLV,2009,7166.159,
El Salvador,SLV,2010,7351.1147,
El Salvador,SLV,2011,7607.0,
El Salvador,SLV,2012,7726.0,
El Salvador,SLV,2013,7845.0,
El Salvador,SLV,2014,7935.0,
El Salvador,SLV,2015,8109.0,
El Salvador,SLV,2016,8289.273,
El Salvador,SLV,2017,8454.2,
El Salvador,SLV,2018,8644.79,
El Salvador,SLV,2019,8849.834,
El Salvador,SLV,2020,8137.9746,
El Salvador,SLV,2021,9017.392,
El Salvador,SLV,2022,9218.905,
Equatorial Guinea,GNQ,1950,797.0,
Equatorial Guinea,GNQ,1951,827.0,
Equatorial Guinea,GNQ,1952,845.0,
Equatorial Guinea,GNQ,1953,867.0,
Equatorial Guinea,GNQ,1954,901.0,
Equatorial Guinea,GNQ,1955,915.0,
Equatorial Guinea,GNQ,1956,940.0,
Equatorial Guinea,GNQ,1957,958.0,
Equatorial Guinea,GNQ,1958,974.0,
Equatorial Guinea,GNQ,1959,1015.0,
Equatorial Guinea,GNQ,1960,1101.0,
Equatorial Guinea,GNQ,1961,1191.0,
Equatorial Guinea,GNQ,1962,1310.0,
Equatorial Guinea,GNQ,1963,1486.0,
Equatorial Guinea,GNQ,1964,1690.0,
Equatorial Guinea,GNQ,1965,1898.0,
Equatorial Guinea,GNQ,1966,1953.0,
Equatorial Guinea,GNQ,1967,2058.0,
Equatorial Guinea,GNQ,1968,2102.0,
Equatorial Guinea,GNQ,1969,2015.0,
Equatorial Guinea,GNQ,1970,1934.0,
Equatorial Guinea,GNQ,1971,1989.0,
Equatorial Guinea,GNQ,1972,2007.0,
Equatorial Guinea,GNQ,1973,2204.0,
Equatorial Guinea,GNQ,1974,2466.0,
Equatorial Guinea,GNQ,1975,3080.0,
Equatorial Guinea,GNQ,1976,3453.0,
Equatorial Guinea,GNQ,1977,3668.0,
Equatorial Guinea,GNQ,1978,3451.0,
Equatorial Guinea,GNQ,1979,2882.0,
Equatorial Guinea,GNQ,1980,2613.0,
Equatorial Guinea,GNQ,1981,2603.0,
Equatorial Guinea,GNQ,1982,2533.0,
Equatorial Guinea,GNQ,1983,2534.0,
Equatorial Guinea,GNQ,1984,2437.0,
Equatorial Guinea,GNQ,1985,2662.0,
Equatorial Guinea,GNQ,1986,2534.0,
Equatorial Guinea,GNQ,1987,2579.0,
Equatorial Guinea,GNQ,1988,2577.0,
Equatorial Guinea,GNQ,1989,2479.0,
Equatorial Guinea,GNQ,1990,2474.0,
Equatorial Guinea,GNQ,1991,2427.8804,
Equatorial Guinea,GNQ,1992,2690.633,
Equatorial Guinea,GNQ,1993,2880.204,
Equatorial Guinea,GNQ,1994,3081.1526,
Equatorial Guinea,GNQ,1995,3364.6326,
Equatorial Guinea,GNQ,1996,4426.338,
Equatorial Guinea,GNQ,1997,8445.645,
Equatorial Guinea,GNQ,1998,9712.227,
Equatorial Guinea,GNQ,1999,11690.135,
Equatorial Guinea,GNQ,2000,12914.852,
Equatorial Guinea,GNQ,2001,21167.742,
Equatorial Guinea,GNQ,2002,24845.043,
Equatorial Guinea,GNQ,2003,27571.158,
Equatorial Guinea,GNQ,2004,33419.887,
Equatorial Guinea,GNQ,2005,35569.707,
Equatorial Guinea,GNQ,2006,36615.707,
Equatorial Guinea,GNQ,2007,41277.754,
Equatorial Guinea,GNQ,2008,47562.32,
Equatorial Guinea,GNQ,2009,47161.285,
Equatorial Guinea,GNQ,2010,42037.9,
Equatorial Guinea,GNQ,2011,43841.0,
Equatorial Guinea,GNQ,2012,46255.0,
Equatorial Guinea,GNQ,2013,43209.0,
Equatorial Guinea,GNQ,2014,41907.0,
Equatorial Guinea,GNQ,2015,37822.0,
Equatorial Guinea,GNQ,2016,33206.637,
Equatorial Guinea,GNQ,2017,30206.871,
Equatorial Guinea,GNQ,2018,27353.846,
Equatorial Guinea,GNQ,2019,25006.34,
Equatorial Guinea,GNQ,2020,23300.297,
Equatorial Guinea,GNQ,2021,22537.541,
Equatorial Guinea,GNQ,2022,22707.22,
Estonia,EST,1855,1787.0,
Estonia,EST,1973,13799.0,
Estonia,EST,1980,15044.0,
Estonia,EST,1981,15478.0,
Estonia,EST,1982,15927.0,
Estonia,EST,1983,16361.0,
Estonia,EST,1984,16660.0,
Estonia,EST,1985,16541.0,
Estonia,EST,1986,16866.0,
Estonia,EST,1987,16898.0,
Estonia,EST,1988,17661.0,
Estonia,EST,1989,18779.0,
Estonia,EST,1990,17247.0,
Estonia,EST,1991,15350.635,
Estonia,EST,1992,13214.388,
Estonia,EST,1993,12207.185,
Estonia,EST,1994,12070.061,
Estonia,EST,1995,12881.278,
Estonia,EST,1996,13547.661,
Estonia,EST,1997,15074.775,
Estonia,EST,1998,15593.005,
Estonia,EST,1999,15335.106,
Estonia,EST,2000,16806.975,
Estonia,EST,2001,17696.61,
Estonia,EST,2002,18589.15,
Estonia,EST,2003,19771.742,
Estonia,EST,2004,20803.758,
Estonia,EST,2005,22518.541,
Estonia,EST,2006,24578.816,
Estonia,EST,2007,26177.871,
Estonia,EST,2008,24429.021,
Estonia,EST,2009,20538.049,
Estonia,EST,2010,20713.426,
Estonia,EST,2011,21997.0,
Estonia,EST,2012,22784.3,
Estonia,EST,2013,23204.111,
Estonia,EST,2014,23982.828,
Estonia,EST,2015,24473.66,
Estonia,EST,2016,25196.154,
Estonia,EST,2017,26661.627,
Estonia,EST,2018,27596.41,
Estonia,EST,2019,28505.604,
Estonia,EST,2020,28261.582,
Estonia,EST,2021,30499.156,
Estonia,EST,2022,30067.395,
Eswatini,SWZ,1950,604.0,
Eswatini,SWZ,1951,623.0,
Eswatini,SWZ,1952,628.0,
Eswatini,SWZ,1953,638.0,
Eswatini,SWZ,1954,658.0,
Eswatini,SWZ,1955,663.0,
Eswatini,SWZ,1956,673.0,
Eswatini,SWZ,1957,682.0,
Eswatini,SWZ,1958,684.0,
Eswatini,SWZ,1959,706.0,
Eswatini,SWZ,1960,783.0,
Eswatini,SWZ,1961,861.0,
Eswatini,SWZ,1962,1017.0,
Eswatini,SWZ,1963,1047.0,
Eswatini,SWZ,1964,1172.0,
Eswatini,SWZ,1965,1320.0,
Eswatini,SWZ,1966,1341.0,
Eswatini,SWZ,1967,1431.0,
Eswatini,SWZ,1968,1329.0,
Eswatini,SWZ,1969,1350.0,
Eswatini,SWZ,1970,1704.0,
Eswatini,SWZ,1971,1722.0,
Eswatini,SWZ,1972,1889.0,
Eswatini,SWZ,1973,1902.0,
Eswatini,SWZ,1974,2204.0,
Eswatini,SWZ,1975,2856.0,
Eswatini,SWZ,1976,3142.0,
Eswatini,SWZ,1977,3083.0,
Eswatini,SWZ,1978,3030.0,
Eswatini,SWZ,1979,2990.0,
Eswatini,SWZ,1980,2946.0,
Eswatini,SWZ,1981,3049.0,
Eswatini,SWZ,1982,3005.0,
Eswatini,SWZ,1983,2888.0,
Eswatini,SWZ,1984,2858.0,
Eswatini,SWZ,1985,2812.0,
Eswatini,SWZ,1986,3210.0,
Eswatini,SWZ,1987,3403.0,
Eswatini,SWZ,1988,3492.0,
Eswatini,SWZ,1989,3668.0,
Eswatini,SWZ,1990,3881.0,
Eswatini,SWZ,1991,3851.2898,
Eswatini,SWZ,1992,3901.4001,
Eswatini,SWZ,1993,3982.2793,
Eswatini,SWZ,1994,4134.208,
Eswatini,SWZ,1995,4383.6777,
Eswatini,SWZ,1996,4514.5493,
Eswatini,SWZ,1997,4620.9185,
Eswatini,SWZ,1998,4712.536,
Eswatini,SWZ,1999,4827.286,
Eswatini,SWZ,2000,4894.5205,
Eswatini,SWZ,2001,4976.905,
Eswatini,SWZ,2002,5136.7246,
Eswatini,SWZ,2003,5377.5576,
Eswatini,SWZ,2004,5559.47,
Eswatini,SWZ,2005,5867.2334,
Eswatini,SWZ,2006,6187.766,
Eswatini,SWZ,2007,6467.8203,
Eswatini,SWZ,2008,6791.392,
Eswatini,SWZ,2009,7011.095,
Eswatini,SWZ,2010,7192.752,
Eswatini,SWZ,2011,7389.0,
Eswatini,SWZ,2012,7552.0,
Eswatini,SWZ,2013,7805.0,
Eswatini,SWZ,2014,7927.0,
Eswatini,SWZ,2015,7969.0,
Eswatini,SWZ,2016,7993.1494,
Eswatini,SWZ,2017,8092.3403,
Eswatini,SWZ,2018,8219.499,
Eswatini,SWZ,2019,8375.426,
Eswatini,SWZ,2020,8167.6895,
Eswatini,SWZ,2021,8725.725,
Eswatini,SWZ,2022,8522.45,
Ethiopia,ETH,1950,622.0,
Ethiopia,ETH,1951,630.0,
Ethiopia,ETH,1952,636.0,
Ethiopia,ETH,1953,662.0,
Ethiopia,ETH,1954,650.0,
Ethiopia,ETH,1955,673.0,
Ethiopia,ETH,1956,682.0,
Ethiopia,ETH,1957,665.0,
Ethiopia,ETH,1958,674.0,
Ethiopia,ETH,1959,681.0,
Ethiopia,ETH,1960,701.0,
Ethiopia,ETH,1961,722.0,
Ethiopia,ETH,1962,736.0,
Ethiopia,ETH,1963,818.0,
Ethiopia,ETH,1964,840.0,
Ethiopia,ETH,1965,872.0,
Ethiopia,ETH,1966,888.0,
Ethiopia,ETH,1967,907.0,
Ethiopia,ETH,1968,902.0,
Ethiopia,ETH,1969,917.0,
Ethiopia,ETH,1970,948.0,
Ethiopia,ETH,1971,968.0,
Ethiopia,ETH,1972,995.0,
Ethiopia,ETH,1973,1004.0,
Ethiopia,ETH,1974,993.0,
Ethiopia,ETH,1975,972.0,
Ethiopia,ETH,1976,974.0,
Ethiopia,ETH,1977,977.0,
Ethiopia,ETH,1978,952.0,
Ethiopia,ETH,1979,999.0,
Ethiopia,ETH,1980,1033.0,
Ethiopia,ETH,1981,1009.0,
Ethiopia,ETH,1982,980.0,
Ethiopia,ETH,1983,999.0,
Ethiopia,ETH,1984,956.0,
Ethiopia,ETH,1985,880.0,
Ethiopia,ETH,1986,920.0,
Ethiopia,ETH,1987,980.0,
Ethiopia,ETH,1988,969.0,
Ethiopia,ETH,1989,956.0,
Ethiopia,ETH,1990,915.0,
Ethiopia,ETH,1991,810.7901,
Ethiopia,ETH,1992,708.3693,
Ethiopia,ETH,1993,699.22723,
Ethiopia,ETH,1994,731.7509,
Ethiopia,ETH,1995,744.1418,
Ethiopia,ETH,1996,782.99414,
Ethiopia,ETH,1997,815.14545,
Ethiopia,ETH,1998,786.279,
Ethiopia,ETH,1999,761.90326,
Ethiopia,ETH,2000,771.7315,
Ethiopia,ETH,2001,783.89636,
Ethiopia,ETH,2002,793.9149,
Ethiopia,ETH,2003,764.52826,
Ethiopia,ETH,2004,771.4652,
Ethiopia,ETH,2005,829.2432,
Ethiopia,ETH,2006,880.6544,
Ethiopia,ETH,2007,936.3743,
Ethiopia,ETH,2008,989.9804,
Ethiopia,ETH,2009,1043.5319,
Ethiopia,ETH,2010,1106.383,
Ethiopia,ETH,2011,1199.0,
Ethiopia,ETH,2012,1291.7769,
Ethiopia,ETH,2013,1385.158,
Ethiopia,ETH,2014,1488.9333,
Ethiopia,ETH,2015,1601.2638,
Ethiopia,ETH,2016,1722.3092,
Ethiopia,ETH,2017,1840.3696,
Ethiopia,ETH,2018,1936.8275,
Ethiopia,ETH,2019,2030.6775,
Ethiopia,ETH,2020,2121.8591,
Ethiopia,ETH,2021,2190.6753,
Ethiopia,ETH,2022,2289.409,
Finland,FIN,1600,1191.0,
Finland,FIN,1650,1246.0,
Finland,FIN,1700,1331.0,
Finland,FIN,1750,1486.0,
Finland,FIN,1800,1213.0,
Finland,FIN,1820,1313.0,
Finland,FIN,1850,1519.0,
Finland,FIN,1860,1522.0,
Finland,FIN,1861,1527.0,
Finland,FIN,1862,1428.0,
Finland,FIN,1863,1527.0,
Finland,FIN,1864,1545.0,
Finland,FIN,1865,1516.0,
Finland,FIN,1866,1527.0,
Finland,FIN,1867,1412.0,
Finland,FIN,1868,1599.0,
Finland,FIN,1869,1755.0,
Finland,FIN,1870,1817.0,
Finland,FIN,1871,1796.0,
Finland,FIN,1872,1825.0,
Finland,FIN,1873,1902.0,
Finland,FIN,1874,1919.0,
Finland,FIN,1875,1930.0,
Finland,FIN,1876,2007.0,
Finland,FIN,1877,1930.0,
Finland,FIN,1878,1870.0,
Finland,FIN,1879,1860.0,
Finland,FIN,1880,1841.0,
Finland,FIN,1881,1769.0,
Finland,FIN,1882,1918.0,
Finland,FIN,1883,1961.0,
Finland,FIN,1884,1943.0,
Finland,FIN,1885,1962.0,
Finland,FIN,1886,2034.0,
Finland,FIN,1887,2034.0,
Finland,FIN,1888,2075.0,
Finland,FIN,1889,2115.0,
Finland,FIN,1890,2201.0,
Finland,FIN,1891,2152.0,
Finland,FIN,1892,2040.0,
Finland,FIN,1893,2138.0,
Finland,FIN,1894,2230.0,
Finland,FIN,1895,2378.0,
Finland,FIN,1896,2503.0,
Finland,FIN,1897,2589.0,
Finland,FIN,1898,2659.0,
Finland,FIN,1899,2562.0,
Finland,FIN,1900,2659.0,
Finland,FIN,1901,2608.0,
Finland,FIN,1902,2536.0,
Finland,FIN,1903,2687.0,
Finland,FIN,1904,2759.0,
Finland,FIN,1905,2777.0,
Finland,FIN,1906,2860.0,
Finland,FIN,1907,2923.0,
Finland,FIN,1908,2915.0,
Finland,FIN,1909,3003.0,
Finland,FIN,1910,3038.0,
Finland,FIN,1911,3091.0,
Finland,FIN,1912,3223.0,
Finland,FIN,1913,3365.0,
Finland,FIN,1914,3190.0,
Finland,FIN,1915,3000.0,
Finland,FIN,1916,3017.0,
Finland,FIN,1917,2520.0,
Finland,FIN,1918,2184.0,
Finland,FIN,1919,2643.0,
Finland,FIN,1920,2942.0,
Finland,FIN,1921,3003.0,
Finland,FIN,1922,3280.0,
Finland,FIN,1923,3486.0,
Finland,FIN,1924,3545.0,
Finland,FIN,1925,3711.0,
Finland,FIN,1926,3813.0,
Finland,FIN,1927,4076.0,
Finland,FIN,1928,4315.0,
Finland,FIN,1929,4331.0,
Finland,FIN,1930,4250.0,
Finland,FIN,1931,4114.0,
Finland,FIN,1932,4065.0,
Finland,FIN,1933,4307.0,
Finland,FIN,1934,4763.0,
Finland,FIN,1935,4930.0,
Finland,FIN,1936,5227.0,
Finland,FIN,1937,5485.0,
Finland,FIN,1938,5721.0,
Finland,FIN,1939,5432.0,
Finland,FIN,1940,5133.0,
Finland,FIN,1941,5295.0,
Finland,FIN,1942,5303.0,
Finland,FIN,1943,5893.0,
Finland,FIN,1944,5874.0,
Finland,FIN,1945,5499.0,
Finland,FIN,1946,5871.0,
Finland,FIN,1947,5925.0,
Finland,FIN,1948,6307.0,
Finland,FIN,1949,6604.0,
Finland,FIN,1950,6779.0,
Finland,FIN,1951,7286.0,
Finland,FIN,1952,7450.0,
Finland,FIN,1953,7415.0,
Finland,FIN,1954,7973.0,
Finland,FIN,1955,8284.0,
Finland,FIN,1956,8440.0,
Finland,FIN,1957,8751.0,
Finland,FIN,1958,8725.0,
Finland,FIN,1959,9172.0,
Finland,FIN,1960,9931.0,
Finland,FIN,1961,10613.0,
Finland,FIN,1962,10869.0,
Finland,FIN,1963,11148.0,
Finland,FIN,1964,11647.0,
Finland,FIN,1965,12226.0,
Finland,FIN,1966,12471.0,
Finland,FIN,1967,12667.0,
Finland,FIN,1968,12900.0,
Finland,FIN,1969,14151.0,
Finland,FIN,1970,15266.0,
Finland,FIN,1971,15565.0,
Finland,FIN,1972,16654.0,
Finland,FIN,1973,17669.0,
Finland,FIN,1974,18109.0,
Finland,FIN,1975,18237.0,
Finland,FIN,1976,18104.0,
Finland,FIN,1977,18100.0,
Finland,FIN,1978,18425.0,
Finland,FIN,1979,19657.0,
Finland,FIN,1980,20640.0,
Finland,FIN,1981,20935.0,
Finland,FIN,1982,21495.0,
Finland,FIN,1983,21944.0,
Finland,FIN,1984,22486.0,
Finland,FIN,1985,23148.0,
Finland,FIN,1986,23621.0,
Finland,FIN,1987,24519.0,
Finland,FIN,1988,25644.0,
Finland,FIN,1989,27012.0,
Finland,FIN,1990,26884.0,
Finland,FIN,1991,25174.898,
Finland,FIN,1992,24219.76,
Finland,FIN,1993,23943.744,
Finland,FIN,1994,24797.66,
Finland,FIN,1995,25761.625,
Finland,FIN,1996,26637.266,
Finland,FIN,1997,28239.875,
Finland,FIN,1998,29715.342,
Finland,FIN,1999,30986.889,
Finland,FIN,2000,32689.77,
Finland,FIN,2001,33481.68,
Finland,FIN,2002,33986.555,
Finland,FIN,2003,34607.22,
Finland,FIN,2004,35888.613,
Finland,FIN,2005,36787.258,
Finland,FIN,2006,38160.703,
Finland,FIN,2007,39998.523,
Finland,FIN,2008,40129.652,
Finland,FIN,2009,36662.613,
Finland,FIN,2010,37615.113,
Finland,FIN,2011,38432.0,
Finland,FIN,2012,37715.01,
Finland,FIN,2013,37203.145,
Finland,FIN,2014,36907.92,
Finland,FIN,2015,36986.7,
Finland,FIN,2016,37924.152,
Finland,FIN,2017,39043.19,
Finland,FIN,2018,39430.906,
Finland,FIN,2019,39874.8,
Finland,FIN,2020,38871.703,
Finland,FIN,2021,39977.855,
Finland,FIN,2022,40701.465,
France,FRA,1,956.0,
France,FRA,1276,1366.393,
France,FRA,1277,1417.4048,
France,FRA,1278,1319.0684,
France,FRA,1279,1316.7462,
France,FRA,1280,1311.8418,
France,FRA,1281,1285.5691,
France,FRA,1282,1382.7443,
France,FRA,1283,1376.4803,
France,FRA,1284,1367.225,
France,FRA,1285,1122.3462,
France,FRA,1286,1237.4888,
France,FRA,1287,1395.5033,
France,FRA,1288,1302.734,
France,FRA,1289,1364.1765,
France,FRA,1290,1275.3016,
France,FRA,1291,1255.8231,
France,FRA,1292,1136.3077,
France,FRA,1293,1040.3223,
France,FRA,1294,1082.6333,
France,FRA,1295,1290.9218,
France,FRA,1296,1301.7876,
France,FRA,1297,1375.4855,
France,FRA,1298,1316.5112,
France,FRA,1299,1181.7694,
France,FRA,1300,1268.3297,
France,FRA,1301,1256.841,
France,FRA,1302,1608.3954,
France,FRA,1303,1506.4077,
France,FRA,1304,1190.4598,
France,FRA,1305,1404.7817,
France,FRA,1306,1167.387,
France,FRA,1307,1354.6462,
France,FRA,1308,1580.197,
France,FRA,1309,1522.1388,
France,FRA,1310,1548.0424,
France,FRA,1311,1299.5131,
France,FRA,1312,1360.4386,
France,FRA,1313,1385.6504,
France,FRA,1314,1360.3514,
France,FRA,1315,1228.4558,
France,FRA,1316,959.8248,
France,FRA,1317,1372.8257,
France,FRA,1318,1369.3146,
France,FRA,1319,1298.3457,
France,FRA,1320,1129.8586,
France,FRA,1321,1198.1992,
France,FRA,1322,1158.3602,
France,FRA,1323,1339.016,
France,FRA,1324,1168.028,
France,FRA,1325,1282.1124,
France,FRA,1326,1310.6654,
France,FRA,1327,1358.0782,
France,FRA,1328,1410.5416,
France,FRA,1329,1343.496,
France,FRA,1330,1382.605,
France,FRA,1331,1443.1237,
France,FRA,1332,1526.4474,
France,FRA,1333,1348.6603,
France,FRA,1334,1482.9583,
France,FRA,1335,1611.2675,
France,FRA,1336,1502.946,
France,FRA,1337,1446.2878,
France,FRA,1338,1467.685,
France,FRA,1339,1373.2986,
France,FRA,1340,1521.1095,
France,FRA,1341,1749.1069,
France,FRA,1342,1391.4028,
France,FRA,1343,1485.618,
France,FRA,1344,1566.6233,
France,FRA,1345,1572.8997,
France,FRA,1346,1439.847,
France,FRA,1347,1525.5688,
France,FRA,1348,1414.8728,
France,FRA,1349,1394.1803,
France,FRA,1350,1420.8379,
France,FRA,1351,1112.5127,
France,FRA,1352,1342.3987,
France,FRA,1353,1414.7096,
France,FRA,1354,1445.2821,
France,FRA,1355,1366.8962,
France,FRA,1356,1659.017,
France,FRA,1357,2087.4536,
France,FRA,1358,1602.5197,
France,FRA,1359,1453.3741,
France,FRA,1360,1543.352,
France,FRA,1361,1544.2974,
France,FRA,1362,2006.9365,
France,FRA,1363,1751.1244,
France,FRA,1364,1491.4227,
France,FRA,1365,1946.4097,
France,FRA,1366,1787.7166,
France,FRA,1367,1767.551,
France,FRA,1368,1712.4961,
France,FRA,1369,1496.12,
France,FRA,1370,1409.6755,
France,FRA,1371,1590.5076,
France,FRA,1372,2092.9246,
France,FRA,1373,1804.6511,
France,FRA,1374,1797.0912,
France,FRA,1375,1703.7012,
France,FRA,1376,1646.0918,
France,FRA,1377,1698.6868,
France,FRA,1378,1637.3561,
France,FRA,1379,1617.4108,
France,FRA,1380,1723.1217,
France,FRA,1381,1444.6709,
France,FRA,1382,1690.7242,
France,FRA,1383,1799.0862,
France,FRA,1384,1898.6615,
France,FRA,1385,1854.0756,
France,FRA,1386,1674.8042,
France,FRA,1387,1692.5249,
France,FRA,1388,1602.5411,
France,FRA,1389,1595.3966,
France,FRA,1390,1501.1136,
France,FRA,1391,1431.9095,
France,FRA,1392,1478.654,
France,FRA,1393,1716.179,
France,FRA,1394,1609.4425,
France,FRA,1395,1698.7153,
France,FRA,1396,1456.8473,
France,FRA,1397,1631.7134,
France,FRA,1398,1721.0737,
France,FRA,1399,1628.7186,
France,FRA,1400,1611.8853,
France,FRA,1401,1519.6133,
France,FRA,1402,1546.2439,
France,FRA,1403,1584.7471,
France,FRA,1404,1691.2551,
France,FRA,1405,1587.8978,
France,FRA,1406,1610.8809,
France,FRA,1407,1597.8732,
France,FRA,1408,1571.952,
France,FRA,1409,1594.0382,
France,FRA,1410,1553.2002,
France,FRA,1411,1614.0565,
France,FRA,1412,1574.7443,
France,FRA,1413,1610.0719,
France,FRA,1414,1739.5382,
France,FRA,1415,1651.0267,
France,FRA,1416,1540.1729,
France,FRA,1417,1624.4562,
France,FRA,1418,1606.3206,
France,FRA,1419,1521.9714,
France,FRA,1420,1599.623,
France,FRA,1421,1631.2628,
France,FRA,1422,1605.151,
France,FRA,1423,1666.8602,
France,FRA,1424,1683.731,
France,FRA,1425,1509.5112,
France,FRA,1426,1597.3833,
France,FRA,1427,1645.7386,
France,FRA,1428,1615.9478,
France,FRA,1429,1384.59,
France,FRA,1430,1618.2633,
France,FRA,1431,1552.9746,
France,FRA,1432,1490.0719,
France,FRA,1433,1480.427,
France,FRA,1434,1497.6248,
France,FRA,1435,1491.1783,
France,FRA,1436,1501.2125,
France,FRA,1437,1343.7804,
France,FRA,1438,1181.6656,
France,FRA,1439,1289.6832,
France,FRA,1440,1416.7845,
France,FRA,1441,1539.0104,
France,FRA,1442,1419.0769,
France,FRA,1443,1519.786,
France,FRA,1444,1706.4083,
France,FRA,1445,1641.9417,
France,FRA,1446,1479.6384,
France,FRA,1447,1517.4811,
France,FRA,1448,1575.4348,
France,FRA,1449,1704.5756,
France,FRA,1450,1522.1066,
France,FRA,1451,1698.8483,
France,FRA,1452,1674.1462,
France,FRA,1453,1844.6185,
France,FRA,1454,1772.4021,
France,FRA,1455,1451.9695,
France,FRA,1456,1358.3412,
France,FRA,1457,1357.8759,
France,FRA,1458,1420.5774,
France,FRA,1459,1393.5494,
France,FRA,1460,1272.9297,
France,FRA,1461,1451.2091,
France,FRA,1462,1619.3983,
France,FRA,1463,1674.1931,
France,FRA,1464,1625.6165,
France,FRA,1465,1618.585,
France,FRA,1466,1624.7767,
France,FRA,1467,1732.5519,
France,FRA,1468,1730.6943,
France,FRA,1469,1777.7446,
France,FRA,1470,1724.3057,
France,FRA,1471,1577.6975,
France,FRA,1472,1707.5236,
France,FRA,1473,1563.034,
France,FRA,1474,1630.7373,
France,FRA,1475,1571.1837,
France,FRA,1476,1549.7596,
France,FRA,1477,1505.4514,
France,FRA,1478,1441.7799,
France,FRA,1479,1467.8086,
France,FRA,1480,1574.1465,
France,FRA,1481,1408.6857,
France,FRA,1482,1287.963,
France,FRA,1483,1280.2374,
France,FRA,1484,1552.6895,
France,FRA,1485,1515.3033,
France,FRA,1486,1439.2651,
France,FRA,1487,1528.5011,
France,FRA,1488,1442.1527,
France,FRA,1489,1417.5792,
France,FRA,1490,1484.6577,
France,FRA,1491,1492.3997,
France,FRA,1492,1469.629,
France,FRA,1493,1407.8547,
France,FRA,1494,1547.5466,
France,FRA,1495,1687.254,
France,FRA,1496,1692.6816,
France,FRA,1497,1620.6036,
France,FRA,1498,1533.2258,
France,FRA,1499,1566.758,
France,FRA,1500,1669.8368,
France,FRA,1501,1501.1251,
France,FRA,1502,1398.872,
France,FRA,1503,1479.0094,
France,FRA,1504,1397.7341,
France,FRA,1505,1355.206,
France,FRA,1506,1513.0354,
France,FRA,1507,1502.7952,
France,FRA,1508,1448.6398,
France,FRA,1509,1584.4226,
France,FRA,1510,1589.5966,
France,FRA,1511,1588.7809,
France,FRA,1512,1411.006,
France,FRA,1513,1424.7446,
France,FRA,1514,1524.3862,
France,FRA,1515,1458.887,
France,FRA,1516,1331.3102,
France,FRA,1517,1360.3234,
France,FRA,1518,1430.6859,
France,FRA,1519,1410.4637,
France,FRA,1520,1338.2413,
France,FRA,1521,1340.4131,
France,FRA,1522,1375.1813,
France,FRA,1523,1441.6855,
France,FRA,1524,1366.9487,
France,FRA,1525,1414.6318,
France,FRA,1526,1525.9703,
France,FRA,1527,1417.1279,
France,FRA,1528,1303.4188,
France,FRA,1529,1343.0624,
France,FRA,1530,1329.1915,
France,FRA,1531,1238.6921,
France,FRA,1532,1342.5453,
France,FRA,1533,1497.3652,
France,FRA,1534,1408.1527,
France,FRA,1535,1537.9564,
France,FRA,1536,1557.1814,
France,FRA,1537,1647.0706,
France,FRA,1538,1506.0486,
France,FRA,1539,1486.3503,
France,FRA,1540,1501.6132,
France,FRA,1541,1579.6841,
France,FRA,1542,1616.8888,
France,FRA,1543,1520.5988,
France,FRA,1544,1426.3351,
France,FRA,1545,1205.8086,
France,FRA,1546,1346.4753,
France,FRA,1547,1614.9984,
France,FRA,1548,1556.4996,
France,FRA,1549,1375.8206,
France,FRA,1550,1431.7344,
France,FRA,1551,1335.9977,
France,FRA,1552,1330.0944,
France,FRA,1553,1376.5054,
France,FRA,1554,1375.9304,
France,FRA,1555,1388.4755,
France,FRA,1556,1263.3158,
France,FRA,1557,1289.7416,
France,FRA,1558,1362.336,
France,FRA,1559,1353.2432,
France,FRA,1560,1290.4823,
France,FRA,1561,1278.849,
France,FRA,1562,1269.5238,
France,FRA,1563,1316.4514,
France,FRA,1564,1328.61,
France,FRA,1565,1308.9203,
France,FRA,1566,1177.7274,
France,FRA,1567,1316.2607,
France,FRA,1568,1422.421,
France,FRA,1569,1528.081,
France,FRA,1570,1386.3135,
France,FRA,1571,1240.7745,
France,FRA,1572,1233.6935,
France,FRA,1573,1167.307,
France,FRA,1574,1191.0795,
France,FRA,1575,1304.0892,
France,FRA,1576,1382.1284,
France,FRA,1577,1383.786,
France,FRA,1578,1463.1628,
France,FRA,1579,1345.312,
France,FRA,1580,1288.0773,
France,FRA,1581,1445.0612,
France,FRA,1582,1367.2292,
France,FRA,1583,1345.8705,
France,FRA,1584,1357.5756,
France,FRA,1585,1399.574,
France,FRA,1586,1116.3335,
France,FRA,1587,1116.6212,
France,FRA,1588,1325.5208,
France,FRA,1589,1372.0208,
France,FRA,1590,1390.0759,
France,FRA,1591,1258.5271,
France,FRA,1592,1223.8527,
France,FRA,1593,1255.2606,
France,FRA,1594,1532.2882,
France,FRA,1595,1529.3214,
France,FRA,1596,1508.5372,
France,FRA,1597,1221.6857,
France,FRA,1598,1439.0449,
France,FRA,1599,1446.0906,
France,FRA,1600,1575.7119,
France,FRA,1601,1571.2477,
France,FRA,1602,1637.476,
France,FRA,1603,1561.2797,
France,FRA,1604,1739.3207,
France,FRA,1605,1583.6287,
France,FRA,1606,1578.0879,
France,FRA,1607,1487.4752,
France,FRA,1608,1501.5748,
France,FRA,1609,1582.3751,
France,FRA,1610,1666.4532,
France,FRA,1611,1704.075,
France,FRA,1612,1572.817,
France,FRA,1613,1674.8519,
France,FRA,1614,1541.0413,
France,FRA,1615,1508.7526,
France,FRA,1616,1494.1552,
France,FRA,1617,1699.6509,
France,FRA,1618,1582.0576,
France,FRA,1619,1493.7488,
France,FRA,1620,1741.8516,
France,FRA,1621,1612.0006,
France,FRA,1622,1777.3511,
France,FRA,1623,1568.0293,
France,FRA,1624,1768.2288,
France,FRA,1625,1724.6862,
France,FRA,1626,1423.2004,
France,FRA,1627,1494.455,
France,FRA,1628,1415.2937,
France,FRA,1629,1471.4778,
France,FRA,1630,1457.03,
France,FRA,1631,1406.8789,
France,FRA,1632,1472.0535,
France,FRA,1633,1471.385,
France,FRA,1634,1675.4584,
France,FRA,1635,1481.1901,
France,FRA,1636,1444.4215,
France,FRA,1637,1345.8063,
France,FRA,1638,1505.8352,
France,FRA,1639,1503.9141,
France,FRA,1640,1561.9038,
France,FRA,1641,1489.9661,
France,FRA,1642,1650.1327,
France,FRA,1643,1452.4084,
France,FRA,1644,1397.7031,
France,FRA,1645,1562.2952,
France,FRA,1646,1695.9005,
France,FRA,1647,1714.0845,
France,FRA,1648,1611.9829,
France,FRA,1649,1486.0232,
France,FRA,1650,1559.0819,
France,FRA,1651,1611.761,
France,FRA,1652,1548.978,
France,FRA,1653,1733.599,
France,FRA,1654,1609.462,
France,FRA,1655,1739.3148,
France,FRA,1656,1886.9994,
France,FRA,1657,1903.554,
France,FRA,1658,1730.9274,
France,FRA,1659,1798.2192,
France,FRA,1660,1878.45,
France,FRA,1661,1917.3323,
France,FRA,1662,1806.3756,
France,FRA,1663,1807.562,
France,FRA,1664,1975.1116,
France,FRA,1665,1944.4133,
France,FRA,1666,2075.6528,
France,FRA,1667,2043.6355,
France,FRA,1668,2166.9866,
France,FRA,1669,2157.9507,
France,FRA,1670,2019.7247,
France,FRA,1671,2181.3032,
France,FRA,1672,1933.4053,
France,FRA,1673,2144.278,
France,FRA,1674,1937.4894,
France,FRA,1675,1950.5101,
France,FRA,1676,1934.4109,
France,FRA,1677,1763.4662,
France,FRA,1678,1798.4114,
France,FRA,1679,1742.883,
France,FRA,1680,1837.1229,
France,FRA,1681,1769.9314,
France,FRA,1682,1917.1437,
France,FRA,1683,1953.9238,
France,FRA,1684,1820.2832,
France,FRA,1685,1705.9518,
France,FRA,1686,1750.2732,
France,FRA,1687,1851.6473,
France,FRA,1688,1941.835,
France,FRA,1689,1940.819,
France,FRA,1690,1800.2869,
France,FRA,1691,1723.5846,
France,FRA,1692,1565.6835,
France,FRA,1693,1517.6545,
France,FRA,1694,1623.4886,
France,FRA,1695,1673.7211,
France,FRA,1696,1829.0471,
France,FRA,1697,1720.3716,
France,FRA,1698,1636.5406,
France,FRA,1699,1516.8198,
France,FRA,1700,1757.917,
France,FRA,1701,1776.4618,
France,FRA,1702,1708.6582,
France,FRA,1703,1778.6199,
France,FRA,1704,1907.8228,
France,FRA,1705,1848.7836,
France,FRA,1706,1961.0417,
France,FRA,1707,1998.7808,
France,FRA,1708,1796.769,
France,FRA,1709,1301.2716,
France,FRA,1710,1504.354,
France,FRA,1711,1702.3844,
France,FRA,1712,1654.9578,
France,FRA,1713,1569.4813,
France,FRA,1714,1658.5327,
France,FRA,1715,1931.9984,
France,FRA,1716,2068.1921,
France,FRA,1717,2362.0159,
France,FRA,1718,1995.6526,
France,FRA,1719,1965.826,
France,FRA,1720,1859.178,
France,FRA,1721,2055.8035,
France,FRA,1722,1856.622,
France,FRA,1723,1792.9893,
France,FRA,1724,1718.9618,
France,FRA,1725,1772.6028,
France,FRA,1726,1753.237,
France,FRA,1727,1879.8574,
France,FRA,1728,1896.1257,
France,FRA,1729,1892.0421,
France,FRA,1730,1885.0883,
France,FRA,1731,1898.201,
France,FRA,1732,1957.0159,
France,FRA,1733,2006.0576,
France,FRA,1734,1947.6866,
France,FRA,1735,1897.8805,
France,FRA,1736,1866.6646,
France,FRA,1737,1864.1233,
France,FRA,1738,1838.4174,
France,FRA,1739,1766.1866,
France,FRA,1740,1667.4412,
France,FRA,1741,1641.1106,
France,FRA,1742,1789.5206,
France,FRA,1743,1974.6588,
France,FRA,1744,2044.9849,
France,FRA,1745,1925.0576,
France,FRA,1746,1856.5692,
France,FRA,1747,1798.3673,
France,FRA,1748,1696.9667,
France,FRA,1749,1704.6578,
France,FRA,1750,1743.4982,
France,FRA,1751,1752.8531,
France,FRA,1752,1727.1702,
France,FRA,1753,1932.1814,
France,FRA,1754,1819.1097,
France,FRA,1755,1940.9264,
France,FRA,1756,1971.7367,
France,FRA,1757,1871.188,
France,FRA,1758,1837.1747,
France,FRA,1759,1799.9043,
France,FRA,1760,1843.0281,
France,FRA,1761,1912.1754,
France,FRA,1762,2020.1149,
France,FRA,1763,2002.9077,
France,FRA,1764,1884.9619,
France,FRA,1765,1831.7267,
France,FRA,1766,1848.9745,
France,FRA,1767,1778.1849,
France,FRA,1768,1726.5978,
France,FRA,1769,1690.6312,
France,FRA,1770,1578.4601,
France,FRA,1771,1596.489,
France,FRA,1772,1679.0604,
France,FRA,1773,1729.9089,
France,FRA,1774,1805.2689,
France,FRA,1775,1745.3429,
France,FRA,1776,1853.3687,
France,FRA,1777,1811.2681,
France,FRA,1778,1795.7003,
France,FRA,1779,1905.6895,
France,FRA,1780,1979.351,
France,FRA,1781,1920.4524,
France,FRA,1782,1954.6962,
France,FRA,1783,1875.7897,
France,FRA,1784,1888.5303,
France,FRA,1785,1889.9576,
France,FRA,1786,1934.0798,
France,FRA,1787,1974.7498,
France,FRA,1788,2016.1776,
France,FRA,1789,1698.0148,
France,FRA,1790,1763.7655,
France,FRA,1791,1765.8439,
France,FRA,1792,1618.2173,
France,FRA,1793,1601.7513,
France,FRA,1794,1593.638,
France,FRA,1795,1597.6545,
France,FRA,1796,1633.3368,
France,FRA,1797,1652.1222,
France,FRA,1798,1706.1676,
France,FRA,1799,1737.0356,
France,FRA,1800,1659.6478,
France,FRA,1801,1579.5901,
France,FRA,1802,1583.4694,
France,FRA,1803,1737.1416,
France,FRA,1804,2008.143,
France,FRA,1805,1891.7369,
France,FRA,1806,1861.9406,
France,FRA,1807,1812.0725,
France,FRA,1808,2022.1609,
France,FRA,1809,2010.8484,
France,FRA,1810,1916.6487,
France,FRA,1811,1765.3041,
France,FRA,1812,1601.3053,
France,FRA,1813,1858.498,
France,FRA,1814,1990.3743,
France,FRA,1815,1786.3486,
France,FRA,1816,1583.7054,
France,FRA,1817,1433.1451,
France,FRA,1818,1605.58,
France,FRA,1819,1660.4761,
France,FRA,1820,1809.1045,
France,FRA,1821,1951.8644,
France,FRA,1822,1874.7687,
France,FRA,1823,1933.733,
France,FRA,1824,1985.812,
France,FRA,1825,1898.264,
France,FRA,1826,1948.8735,
France,FRA,1827,1908.201,
France,FRA,1828,1896.1698,
France,FRA,1829,1945.748,
France,FRA,1830,1898.1508,
France,FRA,1831,1924.7241,
France,FRA,1832,2091.7205,
France,FRA,1833,2052.414,
France,FRA,1834,2055.4949,
France,FRA,1835,2124.2776,
France,FRA,1836,2089.476,
France,FRA,1837,2118.767,
France,FRA,1838,2210.644,
France,FRA,1839,2128.7825,
France,FRA,1840,2275.7524,
France,FRA,1841,2320.7622,
France,FRA,1842,2259.9558,
France,FRA,1843,2369.6716,
France,FRA,1844,2444.243,
France,FRA,1845,2358.9246,
France,FRA,1846,2356.3037,
France,FRA,1847,2606.6997,
France,FRA,1848,2437.9539,
France,FRA,1849,2505.5588,
France,FRA,1850,2545.0276,
France,FRA,1851,2498.843,
France,FRA,1852,2652.94,
France,FRA,1853,2515.0432,
France,FRA,1854,2626.9683,
France,FRA,1855,2577.9907,
France,FRA,1856,2686.8047,
France,FRA,1857,2835.7173,
France,FRA,1858,3028.6494,
France,FRA,1859,2826.9219,
France,FRA,1860,3016.0,
France,FRA,1861,2820.0,
France,FRA,1862,3051.0,
France,FRA,1863,3145.0,
France,FRA,1864,3169.0,
France,FRA,1865,3067.0,
France,FRA,1866,3083.0,
France,FRA,1867,2890.0,
France,FRA,1868,3159.0,
France,FRA,1869,3198.0,
France,FRA,1870,2990.0,
France,FRA,1871,3027.0,
France,FRA,1872,3312.0,
France,FRA,1873,3064.0,
France,FRA,1874,3438.0,
France,FRA,1875,3537.0,
France,FRA,1876,3233.0,
France,FRA,1877,3390.0,
France,FRA,1878,3333.0,
France,FRA,1879,3113.0,
France,FRA,1880,3379.0,
France,FRA,1881,3497.0,
France,FRA,1882,3647.0,
France,FRA,1883,3647.0,
France,FRA,1884,3591.0,
France,FRA,1885,3518.0,
France,FRA,1886,3566.0,
France,FRA,1887,3585.0,
France,FRA,1888,3617.0,
France,FRA,1889,3701.0,
France,FRA,1890,3787.0,
France,FRA,1891,3877.0,
France,FRA,1892,3974.0,
France,FRA,1893,4041.0,
France,FRA,1894,4186.0,
France,FRA,1895,4095.0,
France,FRA,1896,4280.0,
France,FRA,1897,4207.0,
France,FRA,1898,4399.0,
France,FRA,1899,4640.0,
France,FRA,1900,4584.0,
France,FRA,1901,4505.0,
France,FRA,1902,4423.0,
France,FRA,1903,4513.0,
France,FRA,1904,4538.0,
France,FRA,1905,4613.0,
France,FRA,1906,4691.0,
France,FRA,1907,4894.0,
France,FRA,1908,4854.0,
France,FRA,1909,5048.0,
France,FRA,1910,4726.0,
France,FRA,1911,5180.0,
France,FRA,1912,5601.0,
France,FRA,1913,5555.0,
France,FRA,1914,5158.0,
France,FRA,1915,5177.0,
France,FRA,1916,5520.0,
France,FRA,1917,4748.0,
France,FRA,1918,3819.0,
France,FRA,1919,4481.0,
France,FRA,1920,5144.0,
France,FRA,1921,4901.0,
France,FRA,1922,5754.0,
France,FRA,1923,5984.0,
France,FRA,1924,6661.0,
France,FRA,1925,6641.0,
France,FRA,1926,6773.0,
France,FRA,1927,6621.0,
France,FRA,1928,7063.0,
France,FRA,1929,7508.0,
France,FRA,1930,7224.0,
France,FRA,1931,6751.0,
France,FRA,1932,6311.0,
France,FRA,1933,6757.0,
France,FRA,1934,6682.0,
France,FRA,1935,6513.0,
France,FRA,1936,6765.0,
France,FRA,1937,7152.0,
France,FRA,1938,7119.0,
France,FRA,1939,7640.0,
France,FRA,1940,6443.0,
France,FRA,1941,5274.0,
France,FRA,1942,4752.0,
France,FRA,1943,4559.0,
France,FRA,1944,3861.0,
France,FRA,1945,4101.0,
France,FRA,1946,6145.0,
France,FRA,1947,6596.0,
France,FRA,1948,7002.0,
France,FRA,1949,7884.0,
France,FRA,1950,8266.0,
France,FRA,1951,8705.0,
France,FRA,1952,8869.0,
France,FRA,1953,9060.0,
France,FRA,1954,9428.0,
France,FRA,1955,9881.0,
France,FRA,1956,10278.0,
France,FRA,1957,10779.0,
France,FRA,1958,10927.0,
France,FRA,1959,11124.0,
France,FRA,1960,11792.0,
France,FRA,1961,12302.0,
France,FRA,1962,12859.0,
France,FRA,1963,13330.0,
France,FRA,1964,14057.0,
France,FRA,1965,14609.0,
France,FRA,1966,15213.0,
France,FRA,1967,15792.0,
France,FRA,1968,16365.0,
France,FRA,1969,17352.0,
France,FRA,1970,18187.0,
France,FRA,1971,18881.0,
France,FRA,1972,19549.0,
France,FRA,1973,20441.0,
France,FRA,1974,20902.0,
France,FRA,1975,20653.0,
France,FRA,1976,21465.0,
France,FRA,1977,22177.0,
France,FRA,1978,22698.0,
France,FRA,1979,23326.0,
France,FRA,1980,23537.0,
France,FRA,1981,23655.0,
France,FRA,1982,24120.0,
France,FRA,1983,24300.0,
France,FRA,1984,24519.0,
France,FRA,1985,24755.0,
France,FRA,1986,25238.0,
France,FRA,1987,25756.0,
France,FRA,1988,26763.0,
France,FRA,1989,27576.0,
France,FRA,1990,28129.0,
France,FRA,1991,28294.264,
France,FRA,1992,28619.805,
France,FRA,1993,28336.16,
France,FRA,1994,28907.977,
France,FRA,1995,29418.863,
France,FRA,1996,29736.645,
France,FRA,1997,30341.807,
France,FRA,1998,31323.078,
France,FRA,1999,32284.611,
France,FRA,2000,33409.68,
France,FRA,2001,33920.098,
France,FRA,2002,34152.773,
France,FRA,2003,34292.03,
France,FRA,2004,35093.824,
France,FRA,2005,35495.465,
France,FRA,2006,36166.16,
France,FRA,2007,36845.684,
France,FRA,2008,36761.793,
France,FRA,2009,35534.926,
France,FRA,2010,36086.727,
France,FRA,2011,36691.0,
France,FRA,2012,36625.926,
France,FRA,2013,36647.22,
France,FRA,2014,36818.54,
France,FRA,2015,37077.89,
France,FRA,2016,37343.84,
France,FRA,2017,38037.336,
France,FRA,2018,38555.465,
France,FRA,2019,39084.656,
France,FRA,2020,35913.82,
France,FRA,2021,38242.133,
France,FRA,2022,39065.71,
Gabon,GAB,1950,2958.0,
Gabon,GAB,1951,3049.0,
Gabon,GAB,1952,3143.0,
Gabon,GAB,1953,3237.0,
Gabon,GAB,1954,3335.0,
Gabon,GAB,1955,3437.0,
Gabon,GAB,1956,3539.0,
Gabon,GAB,1957,3642.0,
Gabon,GAB,1958,3749.0,
Gabon,GAB,1959,3857.0,
Gabon,GAB,1960,3982.0,
Gabon,GAB,1961,4415.0,
Gabon,GAB,1962,4497.0,
Gabon,GAB,1963,4599.0,
Gabon,GAB,1964,4616.0,
Gabon,GAB,1965,4626.0,
Gabon,GAB,1966,4761.0,
Gabon,GAB,1967,4882.0,
Gabon,GAB,1968,4927.0,
Gabon,GAB,1969,5252.0,
Gabon,GAB,1970,5587.0,
Gabon,GAB,1971,6027.0,
Gabon,GAB,1972,6559.0,
Gabon,GAB,1973,6935.0,
Gabon,GAB,1974,9083.0,
Gabon,GAB,1975,9985.0,
Gabon,GAB,1976,12747.0,
Gabon,GAB,1977,10849.0,
Gabon,GAB,1978,8013.0,
Gabon,GAB,1979,8091.0,
Gabon,GAB,1980,8402.0,
Gabon,GAB,1981,8625.0,
Gabon,GAB,1982,8099.0,
Gabon,GAB,1983,8281.0,
Gabon,GAB,1984,8612.0,
Gabon,GAB,1985,8131.0,
Gabon,GAB,1986,7818.0,
Gabon,GAB,1987,6320.0,
Gabon,GAB,1988,6982.0,
Gabon,GAB,1989,7422.0,
Gabon,GAB,1990,7646.0,
Gabon,GAB,1991,8296.574,
Gabon,GAB,1992,8194.499,
Gabon,GAB,1993,8551.059,
Gabon,GAB,1994,9192.5625,
Gabon,GAB,1995,9833.989,
Gabon,GAB,1996,10389.21,
Gabon,GAB,1997,11202.839,
Gabon,GAB,1998,11758.16,
Gabon,GAB,1999,10648.09,
Gabon,GAB,2000,10637.8,
Gabon,GAB,2001,11104.553,
Gabon,GAB,2002,11141.463,
Gabon,GAB,2003,11665.832,
Gabon,GAB,2004,12022.507,
Gabon,GAB,2005,12437.96,
Gabon,GAB,2006,12342.779,
Gabon,GAB,2007,13455.612,
Gabon,GAB,2008,13330.255,
Gabon,GAB,2009,13617.896,
Gabon,GAB,2010,14926.699,
Gabon,GAB,2011,16403.0,
Gabon,GAB,2012,16682.309,
Gabon,GAB,2013,16964.445,
Gabon,GAB,2014,17098.143,
Gabon,GAB,2015,17180.0,
Gabon,GAB,2016,16995.238,
Gabon,GAB,2017,16576.176,
Gabon,GAB,2018,16253.897,
Gabon,GAB,2019,16449.715,
Gabon,GAB,2020,15745.749,
Gabon,GAB,2021,15597.771,
Gabon,GAB,2022,15720.901,
Gambia,GMB,1950,982.0,
Gambia,GMB,1951,1015.0,
Gambia,GMB,1952,1022.0,
Gambia,GMB,1953,1036.0,
Gambia,GMB,1954,1068.0,
Gambia,GMB,1955,1074.0,
Gambia,GMB,1956,1086.0,
Gambia,GMB,1957,1097.0,
Gambia,GMB,1958,1097.0,
Gambia,GMB,1959,1129.0,
Gambia,GMB,1960,1167.0,
Gambia,GMB,1961,1318.0,
Gambia,GMB,1962,1262.0,
Gambia,GMB,1963,1232.0,
Gambia,GMB,1964,1274.0,
Gambia,GMB,1965,1368.0,
Gambia,GMB,1966,1545.0,
Gambia,GMB,1967,1548.0,
Gambia,GMB,1968,1519.0,
Gambia,GMB,1969,1629.0,
Gambia,GMB,1970,1422.0,
Gambia,GMB,1971,1376.0,
Gambia,GMB,1972,1334.0,
Gambia,GMB,1973,1411.0,
Gambia,GMB,1974,1452.0,
Gambia,GMB,1975,1497.0,
Gambia,GMB,1976,1436.0,
Gambia,GMB,1977,1417.0,
Gambia,GMB,1978,1446.0,
Gambia,GMB,1979,1360.0,
Gambia,GMB,1980,1325.0,
Gambia,GMB,1981,1521.0,
Gambia,GMB,1982,1581.0,
Gambia,GMB,1983,1482.0,
Gambia,GMB,1984,1462.0,
Gambia,GMB,1985,1451.0,
Gambia,GMB,1986,1422.0,
Gambia,GMB,1987,1406.0,
Gambia,GMB,1988,1417.0,
Gambia,GMB,1989,1407.0,
Gambia,GMB,1990,1400.0,
Gambia,GMB,1991,1390.705,
Gambia,GMB,1992,1391.4054,
Gambia,GMB,1993,1385.5908,
Gambia,GMB,1994,1345.035,
Gambia,GMB,1995,1317.2426,
Gambia,GMB,1996,1336.8473,
Gambia,GMB,1997,1308.4867,
Gambia,GMB,1998,1324.9244,
Gambia,GMB,1999,1385.6318,
Gambia,GMB,2000,1440.8619,
Gambia,GMB,2001,1495.0918,
Gambia,GMB,2002,1473.4006,
Gambia,GMB,2003,1478.9562,
Gambia,GMB,2004,1585.7992,
Gambia,GMB,2005,1541.6116,
Gambia,GMB,2006,1530.6844,
Gambia,GMB,2007,1557.8474,
Gambia,GMB,2008,1618.4445,
Gambia,GMB,2009,1692.6423,
Gambia,GMB,2010,1772.7268,
Gambia,GMB,2011,1669.0,
Gambia,GMB,2012,1725.0,
Gambia,GMB,2013,1767.0,
Gambia,GMB,2014,1743.0,
Gambia,GMB,2015,1786.0,
Gambia,GMB,2016,1770.3645,
Gambia,GMB,2017,1805.8812,
Gambia,GMB,2018,1886.0532,
Gambia,GMB,2019,1952.326,
Gambia,GMB,2020,1914.1969,
Gambia,GMB,2021,1964.4937,
Gambia,GMB,2022,2010.5322,
Georgia,GEO,1973,9456.0,
Georgia,GEO,1980,10519.0,
Georgia,GEO,1981,11053.0,
Georgia,GEO,1982,11611.0,
Georgia,GEO,1983,12234.0,
Georgia,GEO,1984,13128.0,
Georgia,GEO,1985,13868.0,
Georgia,GEO,1986,13839.0,
Georgia,GEO,1987,13707.0,
Georgia,GEO,1988,14665.0,
Georgia,GEO,1989,14161.0,
Georgia,GEO,1990,12140.0,
Georgia,GEO,1991,9535.051,
Georgia,GEO,1992,5286.925,
Georgia,GEO,1993,3792.6177,
Georgia,GEO,1994,3463.476,
Georgia,GEO,1995,3610.8408,
Georgia,GEO,1996,4030.8848,
Georgia,GEO,1997,4480.898,
Georgia,GEO,1998,4619.905,
Georgia,GEO,1999,4763.3506,
Georgia,GEO,2000,4891.664,
Georgia,GEO,2001,5125.1274,
Georgia,GEO,2002,5406.953,
Georgia,GEO,2003,6013.0093,
Georgia,GEO,2004,6342.708,
Georgia,GEO,2005,6849.789,
Georgia,GEO,2006,7398.0527,
Georgia,GEO,2007,8300.144,
Georgia,GEO,2008,8461.917,
Georgia,GEO,2009,8062.084,
Georgia,GEO,2010,8443.437,
Georgia,GEO,2011,8946.0,
Georgia,GEO,2012,9497.121,
Georgia,GEO,2013,9856.679,
Georgia,GEO,2014,10307.604,
Georgia,GEO,2015,10629.594,
Georgia,GEO,2016,10945.466,
Georgia,GEO,2017,11479.426,
Georgia,GEO,2018,12035.715,
Georgia,GEO,2019,12631.664,
Georgia,GEO,2020,11770.782,
Georgia,GEO,2021,12994.772,
Georgia,GEO,2022,14360.359,
Germany,DEU,1500,1755.9738,
Germany,DEU,1501,1724.7797,
Germany,DEU,1502,1720.4808,
Germany,DEU,1503,1685.6226,
Germany,DEU,1504,1736.369,
Germany,DEU,1505,1789.3281,
Germany,DEU,1506,1808.3455,
Germany,DEU,1507,1826.3696,
Germany,DEU,1508,1804.6511,
Germany,DEU,1509,1816.9453,
Germany,DEU,1510,1805.6371,
Germany,DEU,1511,1757.3357,
Germany,DEU,1512,1735.6704,
Germany,DEU,1513,1785.1626,
Germany,DEU,1514,1739.028,
Germany,DEU,1515,1755.0385,
Germany,DEU,1516,1737.6512,
Germany,DEU,1517,1676.7551,
Germany,DEU,1518,1709.999,
Germany,DEU,1519,1737.5056,
Germany,DEU,1520,1724.638,
Germany,DEU,1521,1730.2898,
Germany,DEU,1522,1712.2456,
Germany,DEU,1523,1715.7938,
Germany,DEU,1524,1724.9673,
Germany,DEU,1525,1734.8722,
Germany,DEU,1526,1750.9297,
Germany,DEU,1527,1702.3058,
Germany,DEU,1528,1668.7416,
Germany,DEU,1529,1644.5831,
Germany,DEU,1530,1625.5775,
Germany,DEU,1531,1600.8914,
Germany,DEU,1532,1662.3925,
Germany,DEU,1533,1603.005,
Germany,DEU,1534,1615.1499,
Germany,DEU,1535,1652.1368,
Germany,DEU,1536,1720.8008,
Germany,DEU,1537,1670.2998,
Germany,DEU,1538,1677.6107,
Germany,DEU,1539,1608.6866,
Germany,DEU,1540,1541.5656,
Germany,DEU,1541,1576.2599,
Germany,DEU,1542,1593.768,
Germany,DEU,1543,1541.2091,
Germany,DEU,1544,1570.155,
Germany,DEU,1545,1531.2812,
Germany,DEU,1546,1479.8538,
Germany,DEU,1547,1588.8876,
Germany,DEU,1548,1577.6205,
Germany,DEU,1549,1551.5454,
Germany,DEU,1550,1500.4504,
Germany,DEU,1551,1441.5123,
Germany,DEU,1552,1439.1599,
Germany,DEU,1553,1505.2671,
Germany,DEU,1554,1558.6564,
Germany,DEU,1555,1561.2732,
Germany,DEU,1556,1569.8971,
Germany,DEU,1557,1553.5646,
Germany,DEU,1558,1582.3456,
Germany,DEU,1559,1544.2969,
Germany,DEU,1560,1537.6754,
Germany,DEU,1561,1519.9193,
Germany,DEU,1562,1501.396,
Germany,DEU,1563,1515.9688,
Germany,DEU,1564,1535.39,
Germany,DEU,1565,1539.4778,
Germany,DEU,1566,1513.5375,
Germany,DEU,1567,1510.395,
Germany,DEU,1568,1507.6725,
Germany,DEU,1569,1508.3188,
Germany,DEU,1570,1475.4696,
Germany,DEU,1571,1439.6359,
Germany,DEU,1572,1464.3419,
Germany,DEU,1573,1444.1178,
Germany,DEU,1574,1463.8562,
Germany,DEU,1575,1509.8666,
Germany,DEU,1576,1613.3422,
Germany,DEU,1577,1594.6825,
Germany,DEU,1578,1603.7303,
Germany,DEU,1579,1540.3806,
Germany,DEU,1580,1492.5597,
Germany,DEU,1581,1509.6125,
Germany,DEU,1582,1539.8931,
Germany,DEU,1583,1542.224,
Germany,DEU,1584,1517.7374,
Germany,DEU,1585,1502.748,
Germany,DEU,1586,1467.7635,
Germany,DEU,1587,1475.2965,
Germany,DEU,1588,1473.9216,
Germany,DEU,1589,1462.9307,
Germany,DEU,1590,1428.905,
Germany,DEU,1591,1445.2131,
Germany,DEU,1592,1485.7374,
Germany,DEU,1593,1471.9446,
Germany,DEU,1594,1463.4268,
Germany,DEU,1595,1458.4031,
Germany,DEU,1596,1455.1442,
Germany,DEU,1597,1462.4666,
Germany,DEU,1598,1462.8483,
Germany,DEU,1599,1445.1831,
Germany,DEU,1600,1492.4355,
Germany,DEU,1601,1456.1047,
Germany,DEU,1602,1502.3153,
Germany,DEU,1603,1501.042,
Germany,DEU,1604,1488.1534,
Germany,DEU,1605,1571.6158,
Germany,DEU,1606,1574.6782,
Germany,DEU,1607,1518.5251,
Germany,DEU,1608,1520.7736,
Germany,DEU,1609,1518.0273,
Germany,DEU,1610,1461.3932,
Germany,DEU,1611,1431.7041,
Germany,DEU,1612,1425.8041,
Germany,DEU,1613,1495.1547,
Germany,DEU,1614,1494.8617,
Germany,DEU,1615,1473.8125,
Germany,DEU,1616,1502.1395,
Germany,DEU,1617,1506.4075,
Germany,DEU,1618,1507.2927,
Germany,DEU,1619,1571.0004,
Germany,DEU,1620,1641.2155,
Germany,DEU,1621,1613.7068,
Germany,DEU,1622,1584.524,
Germany,DEU,1623,1431.8313,
Germany,DEU,1624,1415.226,
Germany,DEU,1625,1403.6925,
Germany,DEU,1626,1439.2826,
Germany,DEU,1627,1486.1128,
Germany,DEU,1628,1521.4199,
Germany,DEU,1629,1474.0823,
Germany,DEU,1630,1469.437,
Germany,DEU,1631,1488.7289,
Germany,DEU,1632,1500.9172,
Germany,DEU,1633,1502.4604,
Germany,DEU,1634,1438.7013,
Germany,DEU,1635,1460.1222,
Germany,DEU,1636,1438.4452,
Germany,DEU,1637,1463.9531,
Germany,DEU,1638,1452.4469,
Germany,DEU,1639,1455.5239,
Germany,DEU,1640,1551.0046,
Germany,DEU,1641,1556.5381,
Germany,DEU,1642,1526.478,
Germany,DEU,1643,1540.4674,
Germany,DEU,1644,1594.6818,
Germany,DEU,1645,1583.5421,
Germany,DEU,1646,1598.1448,
Germany,DEU,1647,1597.5425,
Germany,DEU,1648,1555.8918,
Germany,DEU,1649,1484.6813,
Germany,DEU,1650,1531.3812,
Germany,DEU,1651,1562.3783,
Germany,DEU,1652,1581.8857,
Germany,DEU,1653,1633.6826,
Germany,DEU,1654,1696.506,
Germany,DEU,1655,1714.211,
Germany,DEU,1656,1698.8097,
Germany,DEU,1657,1689.8787,
Germany,DEU,1658,1674.77,
Germany,DEU,1659,1657.134,
Germany,DEU,1660,1615.8876,
Germany,DEU,1661,1588.5255,
Germany,DEU,1662,1527.0074,
Germany,DEU,1663,1573.4094,
Germany,DEU,1664,1630.633,
Germany,DEU,1665,1647.096,
Germany,DEU,1666,1658.4808,
Germany,DEU,1667,1698.7037,
Germany,DEU,1668,1708.9491,
Germany,DEU,1669,1712.47,
Germany,DEU,1670,1734.0977,
Germany,DEU,1671,1714.4976,
Germany,DEU,1672,1701.5322,
Germany,DEU,1673,1700.962,
Germany,DEU,1674,1642.2063,
Germany,DEU,1675,1573.0774,
Germany,DEU,1676,1558.5062,
Germany,DEU,1677,1608.2085,
Germany,DEU,1678,1632.5715,
Germany,DEU,1679,1625.2521,
Germany,DEU,1680,1644.0374,
Germany,DEU,1681,1645.4824,
Germany,DEU,1682,1669.5801,
Germany,DEU,1683,1670.6371,
Germany,DEU,1684,1629.7512,
Germany,DEU,1685,1644.4595,
Germany,DEU,1686,1679.513,
Germany,DEU,1687,1681.2949,
Germany,DEU,1688,1667.0884,
Germany,DEU,1689,1657.4368,
Germany,DEU,1690,1654.9115,
Germany,DEU,1691,1637.8589,
Germany,DEU,1692,1581.074,
Germany,DEU,1693,1529.7655,
Germany,DEU,1694,1549.2314,
Germany,DEU,1695,1611.4259,
Germany,DEU,1696,1655.5702,
Germany,DEU,1697,1640.2238,
Germany,DEU,1698,1571.588,
Germany,DEU,1699,1485.7681,
Germany,DEU,1700,1511.1891,
Germany,DEU,1701,1581.3479,
Germany,DEU,1702,1613.7688,
Germany,DEU,1703,1631.2996,
Germany,DEU,1704,1622.6595,
Germany,DEU,1705,1638.9977,
Germany,DEU,1706,1672.5271,
Germany,DEU,1707,1678.0659,
Germany,DEU,1708,1662.5765,
Germany,DEU,1709,1600.095,
Germany,DEU,1710,1593.7854,
Germany,DEU,1711,1618.5592,
Germany,DEU,1712,1608.5339,
Germany,DEU,1713,1612.942,
Germany,DEU,1714,1633.609,
Germany,DEU,1715,1663.1766,
Germany,DEU,1716,1685.4961,
Germany,DEU,1717,1678.1299,
Germany,DEU,1718,1695.3597,
Germany,DEU,1719,1682.067,
Germany,DEU,1720,1669.4391,
Germany,DEU,1721,1720.5381,
Germany,DEU,1722,1746.1176,
Germany,DEU,1723,1750.807,
Germany,DEU,1724,1730.0114,
Germany,DEU,1725,1706.8354,
Germany,DEU,1726,1681.1938,
Germany,DEU,1727,1683.0836,
Germany,DEU,1728,1716.6835,
Germany,DEU,1729,1729.1094,
Germany,DEU,1730,1758.0817,
Germany,DEU,1731,1735.9102,
Germany,DEU,1732,1752.553,
Germany,DEU,1733,1771.7555,
Germany,DEU,1734,1752.4833,
Germany,DEU,1735,1737.3729,
Germany,DEU,1736,1712.1392,
Germany,DEU,1737,1684.0205,
Germany,DEU,1738,1706.8042,
Germany,DEU,1739,1710.5719,
Germany,DEU,1740,1653.3423,
Germany,DEU,1741,1626.2153,
Germany,DEU,1742,1667.7042,
Germany,DEU,1743,1713.0615,
Germany,DEU,1744,1726.3339,
Germany,DEU,1745,1737.3284,
Germany,DEU,1746,1688.7045,
Germany,DEU,1747,1720.1537,
Germany,DEU,1748,1729.1714,
Germany,DEU,1749,1738.2495,
Germany,DEU,1750,1761.9381,
Germany,DEU,1751,1785.4755,
Germany,DEU,1752,1786.8143,
Germany,DEU,1753,1777.4713,
Germany,DEU,1754,1762.1643,
Germany,DEU,1755,1770.2443,
Germany,DEU,1756,1732.9696,
Germany,DEU,1757,1707.8639,
Germany,DEU,1758,1709.4214,
Germany,DEU,1759,1773.6427,
Germany,DEU,1760,1773.7021,
Germany,DEU,1761,1755.046,
Germany,DEU,1762,1651.1968,
Germany,DEU,1763,1683.4458,
Germany,DEU,1764,1731.1179,
Germany,DEU,1765,1719.3861,
Germany,DEU,1766,1746.6333,
Germany,DEU,1767,1764.5778,
Germany,DEU,1768,1770.3538,
Germany,DEU,1769,1758.9304,
Germany,DEU,1770,1709.996,
Germany,DEU,1771,1595.9061,
Germany,DEU,1772,1604.2036,
Germany,DEU,1773,1707.9178,
Germany,DEU,1774,1768.1805,
Germany,DEU,1775,1758.8209,
Germany,DEU,1776,1778.6161,
Germany,DEU,1777,1782.3582,
Germany,DEU,1778,1776.2603,
Germany,DEU,1779,1798.5022,
Germany,DEU,1780,1812.0632,
Germany,DEU,1781,1780.3279,
Germany,DEU,1782,1776.6688,
Germany,DEU,1783,1794.4166,
Germany,DEU,1784,1793.6388,
Germany,DEU,1785,1791.5961,
Germany,DEU,1786,1796.1755,
Germany,DEU,1787,1778.0863,
Germany,DEU,1788,1780.9388,
Germany,DEU,1789,1761.9445,
Germany,DEU,1790,1774.1471,
Germany,DEU,1791,1808.8876,
Germany,DEU,1792,1820.4912,
Germany,DEU,1793,1800.3862,
Germany,DEU,1794,1790.6516,
Germany,DEU,1795,1777.8365,
Germany,DEU,1796,1784.9218,
Germany,DEU,1797,1836.4882,
Germany,DEU,1798,1821.0795,
Germany,DEU,1799,1786.2535,
Germany,DEU,1800,1786.9178,
Germany,DEU,1801,1780.7715,
Germany,DEU,1802,1796.5463,
Germany,DEU,1803,1802.9662,
Germany,DEU,1804,1808.3966,
Germany,DEU,1805,1725.1097,
Germany,DEU,1806,1738.1777,
Germany,DEU,1807,1740.1249,
Germany,DEU,1808,1796.3077,
Germany,DEU,1809,1836.7468,
Germany,DEU,1810,1920.2607,
Germany,DEU,1811,1898.1327,
Germany,DEU,1812,1842.7404,
Germany,DEU,1813,1763.2545,
Germany,DEU,1814,1868.2655,
Germany,DEU,1815,1917.8317,
Germany,DEU,1816,1829.2747,
Germany,DEU,1817,1746.289,
Germany,DEU,1818,1867.8699,
Germany,DEU,1819,1957.7445,
Germany,DEU,1820,2041.1141,
Germany,DEU,1821,2060.628,
Germany,DEU,1822,2045.6512,
Germany,DEU,1823,2028.8699,
Germany,DEU,1824,2135.2434,
Germany,DEU,1825,2141.0432,
Germany,DEU,1826,2144.8384,
Germany,DEU,1827,2100.243,
Germany,DEU,1828,2046.0916,
Germany,DEU,1829,2069.0476,
Germany,DEU,1830,2044.5804,
Germany,DEU,1831,2029.0862,
Germany,DEU,1832,2073.2432,
Germany,DEU,1833,2142.035,
Germany,DEU,1834,2168.9006,
Germany,DEU,1835,2170.5002,
Germany,DEU,1836,2173.3818,
Germany,DEU,1837,2169.2285,
Germany,DEU,1838,2116.1455,
Germany,DEU,1839,2119.0686,
Germany,DEU,1840,2163.846,
Germany,DEU,1841,2230.6484,
Germany,DEU,1842,2192.6577,
Germany,DEU,1843,2102.564,
Germany,DEU,1844,2139.2788,
Germany,DEU,1845,2158.174,
Germany,DEU,1846,2086.6536,
Germany,DEU,1847,2064.5083,
Germany,DEU,1848,2202.5588,
Germany,DEU,1849,2288.2742,
Germany,DEU,1850,2276.0,
Germany,DEU,1851,2244.0,
Germany,DEU,1852,2273.0,
Germany,DEU,1853,2252.0,
Germany,DEU,1854,2300.0,
Germany,DEU,1855,2263.0,
Germany,DEU,1856,2440.0,
Germany,DEU,1857,2541.0,
Germany,DEU,1858,2509.0,
Germany,DEU,1859,2495.0,
Germany,DEU,1860,2613.0,
Germany,DEU,1861,2523.0,
Germany,DEU,1862,2622.0,
Germany,DEU,1863,2788.0,
Germany,DEU,1864,2837.0,
Germany,DEU,1865,2821.0,
Germany,DEU,1866,2823.0,
Germany,DEU,1867,2815.0,
Germany,DEU,1868,2966.0,
Germany,DEU,1869,2965.0,
Germany,DEU,1870,2931.0,
Germany,DEU,1871,2896.0,
Germany,DEU,1872,3078.0,
Germany,DEU,1873,3186.0,
Germany,DEU,1874,3386.0,
Germany,DEU,1875,3366.0,
Germany,DEU,1876,3301.0,
Germany,DEU,1877,3241.0,
Germany,DEU,1878,3352.0,
Germany,DEU,1879,3234.0,
Germany,DEU,1880,3174.0,
Germany,DEU,1881,3228.0,
Germany,DEU,1882,3258.0,
Germany,DEU,1883,3416.0,
Germany,DEU,1884,3472.0,
Germany,DEU,1885,3532.0,
Germany,DEU,1886,3524.0,
Germany,DEU,1887,3626.0,
Germany,DEU,1888,3732.0,
Germany,DEU,1889,3792.0,
Germany,DEU,1890,3870.0,
Germany,DEU,1891,3821.0,
Germany,DEU,1892,3936.0,
Germany,DEU,1893,4089.0,
Germany,DEU,1894,4141.0,
Germany,DEU,1895,4281.0,
Germany,DEU,1896,4368.0,
Germany,DEU,1897,4423.0,
Germany,DEU,1898,4540.0,
Germany,DEU,1899,4631.0,
Germany,DEU,1900,4758.0,
Germany,DEU,1901,4576.0,
Germany,DEU,1902,4611.0,
Germany,DEU,1903,4795.0,
Germany,DEU,1904,4914.0,
Germany,DEU,1905,4948.0,
Germany,DEU,1906,5024.0,
Germany,DEU,1907,5172.0,
Germany,DEU,1908,5187.0,
Germany,DEU,1909,5220.0,
Germany,DEU,1910,5337.0,
Germany,DEU,1911,5432.0,
Germany,DEU,1912,5617.0,
Germany,DEU,1913,5815.0,
Germany,DEU,1914,4876.0,
Germany,DEU,1915,4621.0,
Germany,DEU,1916,4678.0,
Germany,DEU,1917,4705.0,
Germany,DEU,1918,4755.0,
Germany,DEU,1919,4122.0,
Germany,DEU,1920,4457.0,
Germany,DEU,1921,4906.0,
Germany,DEU,1922,5310.0,
Germany,DEU,1923,4383.0,
Germany,DEU,1924,5099.0,
Germany,DEU,1925,5630.0,
Germany,DEU,1926,5746.0,
Germany,DEU,1927,6282.0,
Germany,DEU,1928,6519.0,
Germany,DEU,1929,6457.0,
Germany,DEU,1930,6333.0,
Germany,DEU,1931,5821.0,
Germany,DEU,1932,5359.0,
Germany,DEU,1933,5668.0,
Germany,DEU,1934,6150.0,
Germany,DEU,1935,6567.0,
Germany,DEU,1936,7095.0,
Germany,DEU,1937,7468.0,
Germany,DEU,1938,7960.0,
Germany,DEU,1939,8617.0,
Germany,DEU,1940,8612.0,
Germany,DEU,1941,9103.0,
Germany,DEU,1942,9149.0,
Germany,DEU,1943,9389.0,
Germany,DEU,1944,9698.0,
Germany,DEU,1945,7195.0,
Germany,DEU,1946,3534.0,
Germany,DEU,1947,3883.0,
Germany,DEU,1948,4517.0,
Germany,DEU,1949,5231.0,
Germany,DEU,1950,6186.0,
Germany,DEU,1951,6704.0,
Germany,DEU,1952,7257.0,
Germany,DEU,1953,7818.0,
Germany,DEU,1954,8364.0,
Germany,DEU,1955,9240.0,
Germany,DEU,1956,9846.0,
Germany,DEU,1957,10348.0,
Germany,DEU,1958,10739.0,
Germany,DEU,1959,11440.0,
Germany,DEU,1960,12282.0,
Germany,DEU,1961,12675.0,
Germany,DEU,1962,13106.0,
Germany,DEU,1963,13367.0,
Germany,DEU,1964,14062.0,
Germany,DEU,1965,14642.0,
Germany,DEU,1966,14964.0,
Germany,DEU,1967,14979.0,
Germany,DEU,1968,15723.0,
Germany,DEU,1969,16641.0,
Germany,DEU,1970,17277.0,
Germany,DEU,1971,17657.0,
Germany,DEU,1972,18301.0,
Germany,DEU,1973,19074.0,
Germany,DEU,1974,19228.0,
Germany,DEU,1975,19193.0,
Germany,DEU,1976,20218.0,
Germany,DEU,1977,20837.0,
Germany,DEU,1978,21447.0,
Germany,DEU,1979,22305.0,
Germany,DEU,1980,22497.0,
Germany,DEU,1981,22553.0,
Germany,DEU,1982,22380.0,
Germany,DEU,1983,22840.0,
Germany,DEU,1984,23564.0,
Germany,DEU,1985,24133.0,
Germany,DEU,1986,24657.0,
Germany,DEU,1987,25027.0,
Germany,DEU,1988,25759.0,
Germany,DEU,1989,26393.0,
Germany,DEU,1990,25391.0,
Germany,DEU,1991,26769.96,
Germany,DEU,1992,27385.055,
Germany,DEU,1993,27250.701,
Germany,DEU,1994,28140.057,
Germany,DEU,1995,28868.945,
Germany,DEU,1996,29349.982,
Germany,DEU,1997,30186.945,
Germany,DEU,1998,31129.584,
Germany,DEU,1999,32087.604,
Germany,DEU,2000,33367.285,
Germany,DEU,2001,34260.29,
Germany,DEU,2002,34590.93,
Germany,DEU,2003,34716.44,
Germany,DEU,2004,35528.715,
Germany,DEU,2005,36205.574,
Germany,DEU,2006,38014.137,
Germany,DEU,2007,39752.207,
Germany,DEU,2008,40715.434,
Germany,DEU,2009,38962.938,
Germany,DEU,2010,41109.582,
Germany,DEU,2011,43189.0,
Germany,DEU,2012,43288.32,
Germany,DEU,2013,43359.137,
Germany,DEU,2014,44132.758,
Germany,DEU,2015,44405.168,
Germany,DEU,2016,45030.47,
Germany,DEU,2017,46065.1,
Germany,DEU,2018,46377.39,
Germany,DEU,2019,46761.945,
Germany,DEU,2020,44996.43,
Germany,DEU,2021,46159.05,
Germany,DEU,2022,46647.793,
Ghana,GHA,1885,1042.2032,
Ghana,GHA,1886,1026.2673,
Ghana,GHA,1887,1026.2673,
Ghana,GHA,1888,1043.7968,
Ghana,GHA,1889,1042.2032,
Ghana,GHA,1890,1053.3583,
Ghana,GHA,1891,1112.3208,
Ghana,GHA,1892,1070.8877,
Ghana,GHA,1893,1080.4492,
Ghana,GHA,1894,1166.5027,
Ghana,GHA,1895,1121.8823,
Ghana,GHA,1896,1112.3208,
Ghana,GHA,1897,1125.0695,
Ghana,GHA,1898,1125.0695,
Ghana,GHA,1899,1120.2888,
Ghana,GHA,1900,1126.6631,
Ghana,GHA,1901,1109.1337,
Ghana,GHA,1902,1125.0695,
Ghana,GHA,1903,1209.5294,
Ghana,GHA,1904,1255.7433,
Ghana,GHA,1905,1209.5294,
Ghana,GHA,1906,1227.0588,
Ghana,GHA,1907,1242.9946,
Ghana,GHA,1908,1231.8396,
Ghana,GHA,1909,1246.1818,
Ghana,GHA,1910,1244.5883,
Ghana,GHA,1911,1271.6792,
Ghana,GHA,1920,1298.77,
Ghana,GHA,1921,1434.2246,
Ghana,GHA,1922,1504.3423,
Ghana,GHA,1923,1658.9198,
Ghana,GHA,1924,1708.3208,
Ghana,GHA,1925,1708.3208,
Ghana,GHA,1926,1729.0375,
Ghana,GHA,1927,1724.2567,
Ghana,GHA,1928,1572.8663,
Ghana,GHA,1929,1834.2139,
Ghana,GHA,1930,1743.3796,
Ghana,GHA,1931,1904.3315,
Ghana,GHA,1932,1752.9412,
Ghana,GHA,1933,1713.1016,
Ghana,GHA,1934,1725.8502,
Ghana,GHA,1935,1776.845,
Ghana,GHA,1936,2033.4117,
Ghana,GHA,1937,1770.4706,
Ghana,GHA,1938,1819.8717,
Ghana,GHA,1939,1842.1818,
Ghana,GHA,1942,1603.1444,
Ghana,GHA,1943,1642.984,
Ghana,GHA,1944,1611.1123,
Ghana,GHA,1945,1628.6417,
Ghana,GHA,1948,1845.369,
Ghana,GHA,1949,1827.8396,
Ghana,GHA,1950,1788.0,
Ghana,GHA,1951,1808.0,
Ghana,GHA,1952,1728.0,
Ghana,GHA,1953,1916.0,
Ghana,GHA,1954,2099.0,
Ghana,GHA,1955,1913.0,
Ghana,GHA,1956,1970.0,
Ghana,GHA,1957,1978.0,
Ghana,GHA,1958,1892.0,
Ghana,GHA,1959,2106.0,
Ghana,GHA,1960,2197.0,
Ghana,GHA,1961,2212.0,
Ghana,GHA,1962,2257.0,
Ghana,GHA,1963,2270.0,
Ghana,GHA,1964,2254.0,
Ghana,GHA,1965,2220.0,
Ghana,GHA,1966,2158.0,
Ghana,GHA,1967,2134.0,
Ghana,GHA,1968,2101.0,
Ghana,GHA,1969,2112.0,
Ghana,GHA,1970,2270.0,
Ghana,GHA,1971,2377.0,
Ghana,GHA,1972,2235.0,
Ghana,GHA,1973,2227.0,
Ghana,GHA,1974,2319.0,
Ghana,GHA,1975,1988.0,
Ghana,GHA,1976,1878.0,
Ghana,GHA,1977,1882.0,
Ghana,GHA,1978,2008.0,
Ghana,GHA,1979,1929.0,
Ghana,GHA,1980,1844.0,
Ghana,GHA,1981,1820.0,
Ghana,GHA,1982,1661.0,
Ghana,GHA,1983,1487.0,
Ghana,GHA,1984,1530.0,
Ghana,GHA,1985,1559.0,
Ghana,GHA,1986,1575.0,
Ghana,GHA,1987,1605.0,
Ghana,GHA,1988,1648.0,
Ghana,GHA,1989,1685.0,
Ghana,GHA,1990,1693.0,
Ghana,GHA,1991,1742.6276,
Ghana,GHA,1992,1771.6003,
Ghana,GHA,1993,1791.1127,
Ghana,GHA,1994,1813.6117,
Ghana,GHA,1995,1856.5728,
Ghana,GHA,1996,1907.9348,
Ghana,GHA,1997,1964.9125,
Ghana,GHA,1998,2017.9895,
Ghana,GHA,1999,2066.7412,
Ghana,GHA,2000,2100.293,
Ghana,GHA,2001,2143.1062,
Ghana,GHA,2002,2192.0203,
Ghana,GHA,2003,2256.8174,
Ghana,GHA,2004,2329.5156,
Ghana,GHA,2005,2411.2876,
Ghana,GHA,2006,2503.9578,
Ghana,GHA,2007,2553.1658,
Ghana,GHA,2008,2725.7883,
Ghana,GHA,2009,2793.8708,
Ghana,GHA,2010,2946.0393,
Ghana,GHA,2011,3283.0,
Ghana,GHA,2012,3467.1042,
Ghana,GHA,2013,3621.6008,
Ghana,GHA,2014,3627.8384,
Ghana,GHA,2015,3610.646,
Ghana,GHA,2016,3640.779,
Ghana,GHA,2017,3841.8796,
Ghana,GHA,2018,3983.1216,
Ghana,GHA,2019,4143.3774,
Ghana,GHA,2020,4069.252,
Ghana,GHA,2021,4190.578,
Ghana,GHA,2022,4242.4106,
Greece,GRC,1,1275.0,
Greece,GRC,1833,1537.0,
Greece,GRC,1834,1635.0,
Greece,GRC,1835,2138.0,
Greece,GRC,1836,2067.0,
Greece,GRC,1837,2120.0,
Greece,GRC,1838,2230.0,
Greece,GRC,1839,2020.0,
Greece,GRC,1840,1932.0,
Greece,GRC,1841,1918.0,
Greece,GRC,1842,1959.0,
Greece,GRC,1843,1653.0,
Greece,GRC,1844,1602.0,
Greece,GRC,1845,1543.0,
Greece,GRC,1846,1691.0,
Greece,GRC,1847,1441.0,
Greece,GRC,1848,1554.0,
Greece,GRC,1849,1591.0,
Greece,GRC,1850,1607.0,
Greece,GRC,1851,1969.0,
Greece,GRC,1852,1663.0,
Greece,GRC,1853,1822.0,
Greece,GRC,1854,1908.0,
Greece,GRC,1855,2007.0,
Greece,GRC,1856,1757.0,
Greece,GRC,1857,2278.0,
Greece,GRC,1858,2197.0,
Greece,GRC,1859,2161.0,
Greece,GRC,1860,2125.0,
Greece,GRC,1861,2262.0,
Greece,GRC,1862,2283.0,
Greece,GRC,1863,2039.0,
Greece,GRC,1864,1854.0,
Greece,GRC,1865,1981.0,
Greece,GRC,1866,1890.0,
Greece,GRC,1867,1997.0,
Greece,GRC,1868,2020.0,
Greece,GRC,1869,1992.0,
Greece,GRC,1870,1938.0,
Greece,GRC,1871,1859.0,
Greece,GRC,1872,1806.0,
Greece,GRC,1873,2128.0,
Greece,GRC,1874,2013.0,
Greece,GRC,1875,1929.0,
Greece,GRC,1876,1921.0,
Greece,GRC,1877,1804.0,
Greece,GRC,1878,1985.0,
Greece,GRC,1879,2063.0,
Greece,GRC,1880,2028.0,
Greece,GRC,1881,1970.0,
Greece,GRC,1882,2098.0,
Greece,GRC,1883,2091.0,
Greece,GRC,1884,2351.0,
Greece,GRC,1885,2536.0,
Greece,GRC,1886,2426.0,
Greece,GRC,1887,2511.0,
Greece,GRC,1888,2566.0,
Greece,GRC,1889,2391.0,
Greece,GRC,1890,2257.0,
Greece,GRC,1891,1967.0,
Greece,GRC,1892,2053.0,
Greece,GRC,1893,2185.0,
Greece,GRC,1894,2233.0,
Greece,GRC,1895,2149.0,
Greece,GRC,1896,2359.0,
Greece,GRC,1897,2004.0,
Greece,GRC,1898,2165.0,
Greece,GRC,1899,2209.0,
Greece,GRC,1900,1972.0,
Greece,GRC,1901,1890.0,
Greece,GRC,1902,2423.0,
Greece,GRC,1903,2367.0,
Greece,GRC,1904,2498.0,
Greece,GRC,1905,2560.0,
Greece,GRC,1906,2530.0,
Greece,GRC,1907,2565.0,
Greece,GRC,1908,2550.0,
Greece,GRC,1909,2601.0,
Greece,GRC,1910,2592.0,
Greece,GRC,1911,3231.0,
Greece,GRC,1912,3135.0,
Greece,GRC,1913,1876.0,
Greece,GRC,1914,2394.0,
Greece,GRC,1915,1822.0,
Greece,GRC,1916,1549.0,
Greece,GRC,1917,1352.0,
Greece,GRC,1918,2279.0,
Greece,GRC,1919,2031.0,
Greece,GRC,1920,2284.0,
Greece,GRC,1921,3057.0,
Greece,GRC,1922,3129.0,
Greece,GRC,1923,3169.0,
Greece,GRC,1924,3279.0,
Greece,GRC,1925,3411.0,
Greece,GRC,1926,3475.0,
Greece,GRC,1927,3539.0,
Greece,GRC,1928,3561.0,
Greece,GRC,1929,3733.0,
Greece,GRC,1930,3599.0,
Greece,GRC,1931,3402.0,
Greece,GRC,1932,3649.0,
Greece,GRC,1933,3818.0,
Greece,GRC,1934,3854.0,
Greece,GRC,1935,3953.0,
Greece,GRC,1936,3913.0,
Greece,GRC,1937,4414.0,
Greece,GRC,1938,4267.0,
Greece,GRC,1939,4205.0,
Greece,GRC,1940,3543.0,
Greece,GRC,1941,2987.0,
Greece,GRC,1942,2517.0,
Greece,GRC,1943,2115.0,
Greece,GRC,1944,1779.0,
Greece,GRC,1945,1495.0,
Greece,GRC,1946,2209.0,
Greece,GRC,1947,2810.0,
Greece,GRC,1948,2866.0,
Greece,GRC,1949,2979.0,
Greece,GRC,1950,3052.0,
Greece,GRC,1951,3287.0,
Greece,GRC,1952,3272.0,
Greece,GRC,1953,3681.0,
Greece,GRC,1954,3759.0,
Greece,GRC,1955,4007.0,
Greece,GRC,1956,4313.0,
Greece,GRC,1957,4557.0,
Greece,GRC,1958,4723.0,
Greece,GRC,1959,4846.0,
Greece,GRC,1960,5015.0,
Greece,GRC,1961,5408.0,
Greece,GRC,1962,5577.0,
Greece,GRC,1963,6122.0,
Greece,GRC,1964,6601.0,
Greece,GRC,1965,7187.0,
Greece,GRC,1966,7570.0,
Greece,GRC,1967,7892.0,
Greece,GRC,1968,8394.0,
Greece,GRC,1969,9191.0,
Greece,GRC,1970,9900.0,
Greece,GRC,1971,10559.0,
Greece,GRC,1972,11795.0,
Greece,GRC,1973,12202.0,
Greece,GRC,1974,11716.0,
Greece,GRC,1975,12309.0,
Greece,GRC,1976,12919.0,
Greece,GRC,1977,13158.0,
Greece,GRC,1978,13860.0,
Greece,GRC,1979,14193.0,
Greece,GRC,1980,14300.0,
Greece,GRC,1981,14180.0,
Greece,GRC,1982,14153.0,
Greece,GRC,1983,14132.0,
Greece,GRC,1984,14453.0,
Greece,GRC,1985,14850.0,
Greece,GRC,1986,15047.0,
Greece,GRC,1987,14944.0,
Greece,GRC,1988,15596.0,
Greece,GRC,1989,16117.0,
Greece,GRC,1990,15964.0,
Greece,GRC,1991,16409.69,
Greece,GRC,1992,16545.963,
Greece,GRC,1993,16331.314,
Greece,GRC,1994,16724.287,
Greece,GRC,1995,17148.197,
Greece,GRC,1996,17719.557,
Greece,GRC,1997,18588.295,
Greece,GRC,1998,19378.709,
Greece,GRC,1999,20076.559,
Greece,GRC,2000,20965.332,
Greece,GRC,2001,21913.797,
Greece,GRC,2002,22893.959,
Greece,GRC,2003,24380.066,
Greece,GRC,2004,25780.385,
Greece,GRC,2005,26091.523,
Greece,GRC,2006,27731.111,
Greece,GRC,2007,28822.916,
Greece,GRC,2008,28907.926,
Greece,GRC,2009,27839.898,
Greece,GRC,2010,26517.465,
Greece,GRC,2011,24349.0,
Greece,GRC,2012,22746.207,
Greece,GRC,2013,22335.27,
Greece,GRC,2014,22591.598,
Greece,GRC,2015,22696.203,
Greece,GRC,2016,22679.81,
Greece,GRC,2017,22972.889,
Greece,GRC,2018,23403.611,
Greece,GRC,2019,23869.793,
Greece,GRC,2020,21767.22,
Greece,GRC,2021,23732.201,
Greece,GRC,2022,25283.906,
Guatemala,GTM,1920,2028.0,
Guatemala,GTM,1921,2203.0,
Guatemala,GTM,1922,2058.0,
Guatemala,GTM,1923,2240.0,
Guatemala,GTM,1924,2397.0,
Guatemala,GTM,1925,2327.0,
Guatemala,GTM,1926,2327.0,
Guatemala,GTM,1927,2453.0,
Guatemala,GTM,1928,2482.0,
Guatemala,GTM,1929,2742.0,
Guatemala,GTM,1930,2831.0,
Guatemala,GTM,1931,2582.0,
Guatemala,GTM,1932,2200.0,
Guatemala,GTM,1933,2165.0,
Guatemala,GTM,1934,2410.0,
Guatemala,GTM,1935,2729.0,
Guatemala,GTM,1936,3674.0,
Guatemala,GTM,1937,3516.0,
Guatemala,GTM,1938,3545.0,
Guatemala,GTM,1939,3916.0,
Guatemala,GTM,1940,4371.0,
Guatemala,GTM,1941,4503.0,
Guatemala,GTM,1942,4463.0,
Guatemala,GTM,1943,2925.0,
Guatemala,GTM,1944,2775.0,
Guatemala,GTM,1945,2761.0,
Guatemala,GTM,1946,3191.0,
Guatemala,GTM,1947,3148.0,
Guatemala,GTM,1948,3169.0,
Guatemala,GTM,1949,3365.0,
Guatemala,GTM,1950,3323.0,
Guatemala,GTM,1951,3263.0,
Guatemala,GTM,1952,3226.0,
Guatemala,GTM,1953,3239.0,
Guatemala,GTM,1954,3194.0,
Guatemala,GTM,1955,3170.0,
Guatemala,GTM,1956,3347.0,
Guatemala,GTM,1957,3424.0,
Guatemala,GTM,1958,3470.0,
Guatemala,GTM,1959,3524.0,
Guatemala,GTM,1960,3496.0,
Guatemala,GTM,1961,3532.0,
Guatemala,GTM,1962,3543.0,
Guatemala,GTM,1963,3762.0,
Guatemala,GTM,1964,3814.0,
Guatemala,GTM,1965,3900.0,
Guatemala,GTM,1966,4033.0,
Guatemala,GTM,1967,4114.0,
Guatemala,GTM,1968,4385.0,
Guatemala,GTM,1969,4497.0,
Guatemala,GTM,1970,4653.0,
Guatemala,GTM,1971,4801.0,
Guatemala,GTM,1972,5037.0,
Guatemala,GTM,1973,5255.0,
Guatemala,GTM,1974,5461.0,
Guatemala,GTM,1975,5439.0,
Guatemala,GTM,1976,5705.0,
Guatemala,GTM,1977,6005.0,
Guatemala,GTM,1978,6156.0,
Guatemala,GTM,1979,6298.0,
Guatemala,GTM,1980,6384.0,
Guatemala,GTM,1981,6256.0,
Guatemala,GTM,1982,5903.0,
Guatemala,GTM,1983,5585.0,
Guatemala,GTM,1984,5469.0,
Guatemala,GTM,1985,5292.0,
Guatemala,GTM,1986,5136.0,
Guatemala,GTM,1987,5098.0,
Guatemala,GTM,1988,5086.0,
Guatemala,GTM,1989,5144.0,
Guatemala,GTM,1990,5165.0,
Guatemala,GTM,1991,5166.55,
Guatemala,GTM,1992,5303.5986,
Guatemala,GTM,1993,5382.9785,
Guatemala,GTM,1994,5414.541,
Guatemala,GTM,1995,5501.042,
Guatemala,GTM,1996,5511.905,
Guatemala,GTM,1997,5601.2075,
Guatemala,GTM,1998,5730.646,
Guatemala,GTM,1999,5824.8833,
Guatemala,GTM,2000,5860.272,
Guatemala,GTM,2001,5882.7197,
Guatemala,GTM,2002,5980.242,
Guatemala,GTM,2003,6004.1445,
Guatemala,GTM,2004,6070.1943,
Guatemala,GTM,2005,6130.4824,
Guatemala,GTM,2006,6305.8184,
Guatemala,GTM,2007,6545.7524,
Guatemala,GTM,2008,6604.6826,
Guatemala,GTM,2009,6488.646,
Guatemala,GTM,2010,6526.4575,
Guatemala,GTM,2011,6650.0,
Guatemala,GTM,2012,6718.332,
Guatemala,GTM,2013,6813.4116,
Guatemala,GTM,2014,6978.106,
Guatemala,GTM,2015,7126.9927,
Guatemala,GTM,2016,7186.66,
Guatemala,GTM,2017,7279.7397,
Guatemala,GTM,2018,7399.198,
Guatemala,GTM,2019,7565.846,
Guatemala,GTM,2020,7309.368,
Guatemala,GTM,2021,7764.6963,
Guatemala,GTM,2022,7969.431,
Guinea,GIN,1950,520.0,
Guinea,GIN,1951,542.0,
Guinea,GIN,1952,550.0,
Guinea,GIN,1953,563.0,
Guinea,GIN,1954,587.0,
Guinea,GIN,1955,598.0,
Guinea,GIN,1956,610.0,
Guinea,GIN,1957,622.0,
Guinea,GIN,1958,630.0,
Guinea,GIN,1959,655.0,
Guinea,GIN,1960,671.0,
Guinea,GIN,1961,703.0,
Guinea,GIN,1962,741.0,
Guinea,GIN,1963,689.0,
Guinea,GIN,1964,720.0,
Guinea,GIN,1965,756.0,
Guinea,GIN,1966,759.0,
Guinea,GIN,1967,767.0,
Guinea,GIN,1968,776.0,
Guinea,GIN,1969,784.0,
Guinea,GIN,1970,795.0,
Guinea,GIN,1971,822.0,
Guinea,GIN,1972,826.0,
Guinea,GIN,1973,821.0,
Guinea,GIN,1974,848.0,
Guinea,GIN,1975,854.0,
Guinea,GIN,1976,905.0,
Guinea,GIN,1977,858.0,
Guinea,GIN,1978,897.0,
Guinea,GIN,1979,869.0,
Guinea,GIN,1980,872.0,
Guinea,GIN,1981,859.0,
Guinea,GIN,1982,858.0,
Guinea,GIN,1983,850.0,
Guinea,GIN,1984,824.0,
Guinea,GIN,1985,821.0,
Guinea,GIN,1986,819.0,
Guinea,GIN,1987,826.0,
Guinea,GIN,1988,856.0,
Guinea,GIN,1989,869.0,
Guinea,GIN,1990,861.0,
Guinea,GIN,1991,827.0069,
Guinea,GIN,1992,833.22675,
Guinea,GIN,1993,862.73126,
Guinea,GIN,1994,882.49445,
Guinea,GIN,1995,906.2644,
Guinea,GIN,1996,927.12946,
Guinea,GIN,1997,976.49664,
Guinea,GIN,1998,1010.79193,
Guinea,GIN,1999,1031.3826,
Guinea,GIN,2000,1046.567,
Guinea,GIN,2001,1090.652,
Guinea,GIN,2002,1148.5447,
Guinea,GIN,2003,1146.3353,
Guinea,GIN,2004,1159.8251,
Guinea,GIN,2005,1186.6047,
Guinea,GIN,2006,1188.4846,
Guinea,GIN,2007,1253.4077,
Guinea,GIN,2008,1290.4037,
Guinea,GIN,2009,1255.2418,
Guinea,GIN,2010,1291.6963,
Guinea,GIN,2011,1347.0,
Guinea,GIN,2012,1397.0,
Guinea,GIN,2013,1421.0,
Guinea,GIN,2014,1399.0,
Guinea,GIN,2015,1364.0,
Guinea,GIN,2016,1472.953,
Guinea,GIN,2017,1583.5482,
Guinea,GIN,2018,1642.1047,
Guinea,GIN,2019,1690.8837,
Guinea,GIN,2020,1726.5083,
Guinea,GIN,2021,1769.8623,
Guinea,GIN,2022,1809.2666,
Guinea-Bissau,GNB,1950,462.0,
Guinea-Bissau,GNB,1951,489.0,
Guinea-Bissau,GNB,1952,516.0,
Guinea-Bissau,GNB,1953,547.0,
Guinea-Bissau,GNB,1954,652.0,
Guinea-Bissau,GNB,1955,622.0,
Guinea-Bissau,GNB,1956,703.0,
Guinea-Bissau,GNB,1957,744.0,
Guinea-Bissau,GNB,1958,762.0,
Guinea-Bissau,GNB,1959,765.0,
Guinea-Bissau,GNB,1960,800.0,
Guinea-Bissau,GNB,1961,851.0,
Guinea-Bissau,GNB,1962,899.0,
Guinea-Bissau,GNB,1963,932.0,
Guinea-Bissau,GNB,1964,1027.0,
Guinea-Bissau,GNB,1965,1097.0,
Guinea-Bissau,GNB,1966,1165.0,
Guinea-Bissau,GNB,1967,1232.0,
Guinea-Bissau,GNB,1968,1270.0,
Guinea-Bissau,GNB,1969,1333.0,
Guinea-Bissau,GNB,1970,1395.0,
Guinea-Bissau,GNB,1971,1333.0,
Guinea-Bissau,GNB,1972,1412.0,
Guinea-Bissau,GNB,1973,1411.0,
Guinea-Bissau,GNB,1974,1458.0,
Guinea-Bissau,GNB,1975,1479.0,
Guinea-Bissau,GNB,1976,1443.0,
Guinea-Bissau,GNB,1977,1317.0,
Guinea-Bissau,GNB,1978,1465.0,
Guinea-Bissau,GNB,1979,1468.0,
Guinea-Bissau,GNB,1980,1207.0,
Guinea-Bissau,GNB,1981,1173.0,
Guinea-Bissau,GNB,1982,1195.0,
Guinea-Bissau,GNB,1983,1129.0,
Guinea-Bissau,GNB,1984,1162.0,
Guinea-Bissau,GNB,1985,1184.0,
Guinea-Bissau,GNB,1986,1146.0,
Guinea-Bissau,GNB,1987,1183.0,
Guinea-Bissau,GNB,1988,1235.0,
Guinea-Bissau,GNB,1989,1259.0,
Guinea-Bissau,GNB,1990,1270.0,
Guinea-Bissau,GNB,1991,1282.7288,
Guinea-Bissau,GNB,1992,1287.2765,
Guinea-Bissau,GNB,1993,1280.342,
Guinea-Bissau,GNB,1994,1284.927,
Guinea-Bissau,GNB,1995,1310.1874,
Guinea-Bissau,GNB,1996,1337.4675,
Guinea-Bissau,GNB,1997,1388.1027,
Guinea-Bissau,GNB,1998,1130.8127,
Guinea-Bissau,GNB,1999,1256.0825,
Guinea-Bissau,GNB,2000,1230.6406,
Guinea-Bissau,GNB,2001,1233.072,
Guinea-Bissau,GNB,2002,1196.2325,
Guinea-Bissau,GNB,2003,1181.9435,
Guinea-Bissau,GNB,2004,1194.6708,
Guinea-Bissau,GNB,2005,1226.5609,
Guinea-Bissau,GNB,2006,1233.8132,
Guinea-Bissau,GNB,2007,1252.574,
Guinea-Bissau,GNB,2008,1270.7228,
Guinea-Bissau,GNB,2009,1292.0293,
Guinea-Bissau,GNB,2010,1329.3724,
Guinea-Bissau,GNB,2011,1413.0,
Guinea-Bissau,GNB,2012,1361.0,
Guinea-Bissau,GNB,2013,1378.0,
Guinea-Bissau,GNB,2014,1355.0,
Guinea-Bissau,GNB,2015,1393.0,
Guinea-Bissau,GNB,2016,1443.4241,
Guinea-Bissau,GNB,2017,1492.0392,
Guinea-Bissau,GNB,2018,1511.8668,
Guinea-Bissau,GNB,2019,1543.4176,
Guinea-Bissau,GNB,2020,1531.3096,
Guinea-Bissau,GNB,2021,1593.8186,
Guinea-Bissau,GNB,2022,1625.3876,
Haiti,HTI,1945,1780.0,
Haiti,HTI,1946,1776.0,
Haiti,HTI,1947,1785.0,
Haiti,HTI,1948,1784.0,
Haiti,HTI,1949,1782.0,
Haiti,HTI,1950,1790.0,
Haiti,HTI,1951,1788.0,
Haiti,HTI,1952,1860.0,
Haiti,HTI,1953,1771.0,
Haiti,HTI,1954,1884.0,
Haiti,HTI,1955,1776.0,
Haiti,HTI,1956,1897.0,
Haiti,HTI,1957,1752.0,
Haiti,HTI,1958,1855.0,
Haiti,HTI,1959,1734.0,
Haiti,HTI,1960,1809.0,
Haiti,HTI,1961,1702.0,
Haiti,HTI,1962,1828.0,
Haiti,HTI,1963,1675.0,
Haiti,HTI,1964,1604.0,
Haiti,HTI,1965,1588.0,
Haiti,HTI,1966,1546.0,
Haiti,HTI,1967,1482.0,
Haiti,HTI,1968,1510.0,
Haiti,HTI,1969,1527.0,
Haiti,HTI,1970,1567.0,
Haiti,HTI,1971,1651.0,
Haiti,HTI,1972,1635.0,
Haiti,HTI,1973,1678.0,
Haiti,HTI,1974,1742.0,
Haiti,HTI,1975,1726.0,
Haiti,HTI,1976,1835.0,
Haiti,HTI,1977,1808.0,
Haiti,HTI,1978,1859.0,
Haiti,HTI,1979,1959.0,
Haiti,HTI,1980,2063.0,
Haiti,HTI,1981,1964.0,
Haiti,HTI,1982,1855.0,
Haiti,HTI,1983,1835.0,
Haiti,HTI,1984,1803.0,
Haiti,HTI,1985,1776.0,
Haiti,HTI,1986,1729.0,
Haiti,HTI,1987,1682.0,
Haiti,HTI,1988,1701.0,
Haiti,HTI,1989,1619.0,
Haiti,HTI,1990,1602.0,
Haiti,HTI,1991,1628.7188,
Haiti,HTI,1992,1535.9707,
Haiti,HTI,1993,1443.1808,
Haiti,HTI,1994,1262.337,
Haiti,HTI,1995,1378.5417,
Haiti,HTI,1996,1426.4126,
Haiti,HTI,1997,1456.2339,
Haiti,HTI,1998,1480.5769,
Haiti,HTI,1999,1513.3318,
Haiti,HTI,2000,1520.7292,
Haiti,HTI,2001,1501.1024,
Haiti,HTI,2002,1494.1837,
Haiti,HTI,2003,1495.8921,
Haiti,HTI,2004,1439.2076,
Haiti,HTI,2005,1461.8,
Haiti,HTI,2006,1493.0382,
Haiti,HTI,2007,1541.7675,
Haiti,HTI,2008,1555.4932,
Haiti,HTI,2009,1604.1127,
Haiti,HTI,2010,1556.5504,
Haiti,HTI,2011,1648.0,
Haiti,HTI,2012,1674.0,
Haiti,HTI,2013,1722.0,
Haiti,HTI,2014,1749.0,
Haiti,HTI,2015,1742.0,
Haiti,HTI,2016,1748.7269,
Haiti,HTI,2017,1767.923,
Haiti,HTI,2018,1773.1095,
Haiti,HTI,2019,1719.4462,
Haiti,HTI,2020,1641.7617,
Haiti,HTI,2021,1591.76,
Haiti,HTI,2022,1546.4222,
Honduras,HND,1920,1957.0,
Honduras,HND,1921,1924.0,
Honduras,HND,1922,2012.0,
Honduras,HND,1923,1924.0,
Honduras,HND,1924,1753.0,
Honduras,HND,1925,2042.0,
Honduras,HND,1926,1991.0,
Honduras,HND,1927,2161.0,
Honduras,HND,1928,2377.0,
Honduras,HND,1929,2303.0,
Honduras,HND,1930,2402.0,
Honduras,HND,1931,2402.0,
Honduras,HND,1932,2109.0,
Honduras,HND,1933,1940.0,
Honduras,HND,1934,1860.0,
Honduras,HND,1935,1744.0,
Honduras,HND,1936,1741.0,
Honduras,HND,1937,1632.0,
Honduras,HND,1938,1698.0,
Honduras,HND,1939,1714.0,
Honduras,HND,1940,1782.0,
Honduras,HND,1941,1747.0,
Honduras,HND,1942,1557.0,
Honduras,HND,1943,1548.0,
Honduras,HND,1944,1545.0,
Honduras,HND,1945,1873.0,
Honduras,HND,1946,1969.0,
Honduras,HND,1947,2048.0,
Honduras,HND,1948,2045.0,
Honduras,HND,1949,2013.0,
Honduras,HND,1950,2018.0,
Honduras,HND,1951,2066.0,
Honduras,HND,1952,2083.0,
Honduras,HND,1953,2184.0,
Honduras,HND,1954,1997.0,
Honduras,HND,1955,1986.0,
Honduras,HND,1956,2080.0,
Honduras,HND,1957,2107.0,
Honduras,HND,1958,2106.0,
Honduras,HND,1959,2090.0,
Honduras,HND,1960,2147.0,
Honduras,HND,1961,2130.0,
Honduras,HND,1962,2174.0,
Honduras,HND,1963,2177.0,
Honduras,HND,1964,2209.0,
Honduras,HND,1965,2314.0,
Honduras,HND,1966,2364.0,
Honduras,HND,1967,2410.0,
Honduras,HND,1968,2463.0,
Honduras,HND,1969,2396.0,
Honduras,HND,1970,2391.0,
Honduras,HND,1971,2404.0,
Honduras,HND,1972,2448.0,
Honduras,HND,1973,2544.0,
Honduras,HND,1974,2797.0,
Honduras,HND,1975,2764.0,
Honduras,HND,1976,2954.0,
Honduras,HND,1977,3153.0,
Honduras,HND,1978,3346.0,
Honduras,HND,1979,3382.0,
Honduras,HND,1980,3282.0,
Honduras,HND,1981,3231.0,
Honduras,HND,1982,3076.0,
Honduras,HND,1983,2947.0,
Honduras,HND,1984,2968.0,
Honduras,HND,1985,2982.0,
Honduras,HND,1986,2898.0,
Honduras,HND,1987,2970.0,
Honduras,HND,1988,3009.0,
Honduras,HND,1989,3045.0,
Honduras,HND,1990,2960.0,
Honduras,HND,1991,2993.124,
Honduras,HND,1992,3094.5479,
Honduras,HND,1993,3216.8804,
Honduras,HND,1994,3105.972,
Honduras,HND,1995,3163.8262,
Honduras,HND,1996,3210.2703,
Honduras,HND,1997,3303.2676,
Honduras,HND,1998,3332.9067,
Honduras,HND,1999,3215.1848,
Honduras,HND,2000,3335.7153,
Honduras,HND,2001,3365.233,
Honduras,HND,2002,3431.2512,
Honduras,HND,2003,3527.1218,
Honduras,HND,2004,3686.6667,
Honduras,HND,2005,3851.0554,
Honduras,HND,2006,4045.2976,
Honduras,HND,2007,4237.302,
Honduras,HND,2008,4358.763,
Honduras,HND,2009,4200.1606,
Honduras,HND,2010,4305.892,
Honduras,HND,2011,4421.0,
Honduras,HND,2012,4518.0,
Honduras,HND,2013,4561.0,
Honduras,HND,2014,4620.0,
Honduras,HND,2015,4706.0,
Honduras,HND,2016,4803.2803,
Honduras,HND,2017,4949.0254,
Honduras,HND,2018,5052.2056,
Honduras,HND,2019,5099.8145,
Honduras,HND,2020,4567.8857,
Honduras,HND,2021,5062.1187,
Honduras,HND,2022,5186.5303,
Hong Kong,HKG,1820,1132.0,
Hong Kong,HKG,1870,1256.0,
Hong Kong,HKG,1913,2354.0,
Hong Kong,HKG,1950,4082.0,
Hong Kong,HKG,1951,3688.0,
Hong Kong,HKG,1952,3846.0,
Hong Kong,HKG,1953,3982.0,
Hong Kong,HKG,1954,4124.0,
Hong Kong,HKG,1955,4280.0,
Hong Kong,HKG,1956,4450.0,
Hong Kong,HKG,1957,4626.0,
Hong Kong,HKG,1958,4799.0,
Hong Kong,HKG,1959,4957.0,
Hong Kong,HKG,1960,5088.0,
Hong Kong,HKG,1961,5169.0,
Hong Kong,HKG,1962,5780.0,
Hong Kong,HKG,1963,6381.0,
Hong Kong,HKG,1964,6664.0,
Hong Kong,HKG,1965,7414.0,
Hong Kong,HKG,1966,7412.0,
Hong Kong,HKG,1967,7474.0,
Hong Kong,HKG,1968,7696.0,
Hong Kong,HKG,1969,8534.0,
Hong Kong,HKG,1970,9250.0,
Hong Kong,HKG,1971,9787.0,
Hong Kong,HKG,1972,10632.0,
Hong Kong,HKG,1973,11717.0,
Hong Kong,HKG,1974,11719.0,
Hong Kong,HKG,1975,11456.0,
Hong Kong,HKG,1976,12929.0,
Hong Kong,HKG,1977,13986.0,
Hong Kong,HKG,1978,14689.0,
Hong Kong,HKG,1979,15903.0,
Hong Kong,HKG,1980,17086.0,
Hong Kong,HKG,1981,18301.0,
Hong Kong,HKG,1982,18527.0,
Hong Kong,HKG,1983,19349.0,
Hong Kong,HKG,1984,21042.0,
Hong Kong,HKG,1985,20883.0,
Hong Kong,HKG,1986,22823.0,
Hong Kong,HKG,1987,25414.0,
Hong Kong,HKG,1988,27063.0,
Hong Kong,HKG,1989,27377.0,
Hong Kong,HKG,1990,27960.0,
Hong Kong,HKG,1991,29008.7,
Hong Kong,HKG,1992,30202.54,
Hong Kong,HKG,1993,31242.2,
Hong Kong,HKG,1994,32219.357,
Hong Kong,HKG,1995,31941.908,
Hong Kong,HKG,1996,32261.803,
Hong Kong,HKG,1997,33385.82,
Hong Kong,HKG,1998,30866.428,
Hong Kong,HKG,1999,31134.166,
Hong Kong,HKG,2000,32894.01,
Hong Kong,HKG,2001,32734.201,
Hong Kong,HKG,2002,33038.15,
Hong Kong,HKG,2003,33594.316,
Hong Kong,HKG,2004,36052.992,
Hong Kong,HKG,2005,38191.9,
Hong Kong,HKG,2006,40172.855,
Hong Kong,HKG,2007,42230.887,
Hong Kong,HKG,2008,42635.48,
Hong Kong,HKG,2009,41076.234,
Hong Kong,HKG,2010,43170.55,
Hong Kong,HKG,2011,44532.0,
Hong Kong,HKG,2012,44795.11,
Hong Kong,HKG,2013,45997.89,
Hong Kong,HKG,2014,46941.586,
Hong Kong,HKG,2015,47653.695,
Hong Kong,HKG,2016,48385.113,
Hong Kong,HKG,2017,49841.457,
Hong Kong,HKG,2018,50847.723,
Hong Kong,HKG,2019,49631.062,
Hong Kong,HKG,2020,46550.258,
Hong Kong,HKG,2021,50006.348,
Hong Kong,HKG,2022,48289.383,
Hungary,HUN,1870,1741.0,
Hungary,HUN,1890,2348.0,
Hungary,HUN,1900,2681.0,
Hungary,HUN,1910,3188.0,
Hungary,HUN,1913,3344.0,
Hungary,HUN,1920,2724.0,
Hungary,HUN,1924,3048.0,
Hungary,HUN,1925,3633.0,
Hungary,HUN,1926,3446.0,
Hungary,HUN,1927,3566.0,
Hungary,HUN,1928,3849.0,
Hungary,HUN,1929,3947.0,
Hungary,HUN,1930,3832.0,
Hungary,HUN,1931,3615.0,
Hungary,HUN,1932,3494.0,
Hungary,HUN,1933,3784.0,
Hungary,HUN,1934,3778.0,
Hungary,HUN,1935,3939.0,
Hungary,HUN,1936,4173.0,
Hungary,HUN,1937,4053.0,
Hungary,HUN,1938,4232.0,
Hungary,HUN,1939,4524.0,
Hungary,HUN,1940,4186.0,
Hungary,HUN,1941,4186.0,
Hungary,HUN,1942,4372.0,
Hungary,HUN,1946,2743.0,
Hungary,HUN,1947,2828.0,
Hungary,HUN,1948,3507.0,
Hungary,HUN,1949,3752.0,
Hungary,HUN,1950,3953.0,
Hungary,HUN,1951,4296.0,
Hungary,HUN,1952,4403.0,
Hungary,HUN,1953,4441.0,
Hungary,HUN,1954,4543.0,
Hungary,HUN,1955,4894.0,
Hungary,HUN,1956,4632.0,
Hungary,HUN,1957,5051.0,
Hungary,HUN,1958,5367.0,
Hungary,HUN,1959,5553.0,
Hungary,HUN,1960,5816.0,
Hungary,HUN,1961,6083.0,
Hungary,HUN,1962,6315.0,
Hungary,HUN,1963,6644.0,
Hungary,HUN,1964,6994.0,
Hungary,HUN,1965,7029.0,
Hungary,HUN,1966,7406.0,
Hungary,HUN,1967,7801.0,
Hungary,HUN,1968,7865.0,
Hungary,HUN,1969,8069.0,
Hungary,HUN,1970,8015.0,
Hungary,HUN,1971,8349.0,
Hungary,HUN,1972,8505.0,
Hungary,HUN,1973,8920.0,
Hungary,HUN,1974,9111.0,
Hungary,HUN,1975,9253.0,
Hungary,HUN,1976,9231.0,
Hungary,HUN,1977,9765.0,
Hungary,HUN,1978,9967.0,
Hungary,HUN,1979,9964.0,
Hungary,HUN,1980,10052.0,
Hungary,HUN,1981,10123.0,
Hungary,HUN,1982,10493.0,
Hungary,HUN,1983,10401.0,
Hungary,HUN,1984,10696.0,
Hungary,HUN,1985,10452.0,
Hungary,HUN,1986,10678.0,
Hungary,HUN,1987,10861.0,
Hungary,HUN,1988,11207.0,
Hungary,HUN,1989,11003.0,
Hungary,HUN,1990,10296.0,
Hungary,HUN,1991,9255.909,
Hungary,HUN,1992,9153.921,
Hungary,HUN,1993,9294.464,
Hungary,HUN,1994,9772.224,
Hungary,HUN,1995,10134.834,
Hungary,HUN,1996,10359.182,
Hungary,HUN,1997,10942.326,
Hungary,HUN,1998,11663.028,
Hungary,HUN,1999,12316.724,
Hungary,HUN,2000,13129.273,
Hungary,HUN,2001,13933.562,
Hungary,HUN,2002,14899.307,
Hungary,HUN,2003,15829.9,
Hungary,HUN,2004,16999.006,
Hungary,HUN,2005,18140.617,
Hungary,HUN,2006,19253.062,
Hungary,HUN,2007,19763.791,
Hungary,HUN,2008,20380.63,
Hungary,HUN,2009,19461.07,
Hungary,HUN,2010,20036.334,
Hungary,HUN,2011,20886.0,
Hungary,HUN,2012,20731.67,
Hungary,HUN,2013,21163.564,
Hungary,HUN,2014,22118.75,
Hungary,HUN,2015,22993.375,
Hungary,HUN,2016,23568.926,
Hungary,HUN,2017,24641.197,
Hungary,HUN,2018,25995.51,
Hungary,HUN,2019,27272.312,
Hungary,HUN,2020,26091.4,
Hungary,HUN,2021,28085.963,
Hungary,HUN,2022,29451.855,
Iceland,ISL,1870,1563.4025,
Iceland,ISL,1871,1591.018,
Iceland,ISL,1872,1585.4081,
Iceland,ISL,1873,1657.2225,
Iceland,ISL,1874,1707.3717,
Iceland,ISL,1875,1699.8375,
Iceland,ISL,1876,1672.1128,
Iceland,ISL,1877,1707.6581,
Iceland,ISL,1878,1771.3691,
Iceland,ISL,1879,1874.6492,
Iceland,ISL,1880,1986.2583,
Iceland,ISL,1881,1990.0474,
Iceland,ISL,1882,1776.3137,
Iceland,ISL,1883,1708.1365,
Iceland,ISL,1884,1728.5359,
Iceland,ISL,1885,1765.3726,
Iceland,ISL,1886,1771.2716,
Iceland,ISL,1887,1741.4335,
Iceland,ISL,1888,1801.7098,
Iceland,ISL,1889,1878.5946,
Iceland,ISL,1890,1957.955,
Iceland,ISL,1891,2005.0107,
Iceland,ISL,1892,2133.1963,
Iceland,ISL,1893,2271.4685,
Iceland,ISL,1894,2296.5273,
Iceland,ISL,1895,2246.9114,
Iceland,ISL,1896,2291.2607,
Iceland,ISL,1897,2276.3167,
Iceland,ISL,1898,2207.9602,
Iceland,ISL,1899,2205.3682,
Iceland,ISL,1900,2289.4734,
Iceland,ISL,1901,2391.6582,
Iceland,ISL,1902,2447.642,
Iceland,ISL,1903,2445.6538,
Iceland,ISL,1904,2460.797,
Iceland,ISL,1905,2623.715,
Iceland,ISL,1906,2682.6045,
Iceland,ISL,1907,2780.3992,
Iceland,ISL,1908,2766.639,
Iceland,ISL,1909,2739.8945,
Iceland,ISL,1910,2920.3022,
Iceland,ISL,1911,3037.196,
Iceland,ISL,1912,3067.8557,
Iceland,ISL,1913,3211.54,
Iceland,ISL,1914,3139.0825,
Iceland,ISL,1915,3074.8152,
Iceland,ISL,1916,2716.3972,
Iceland,ISL,1917,2662.7654,
Iceland,ISL,1918,2496.7,
Iceland,ISL,1919,2889.7415,
Iceland,ISL,1920,2450.5056,
Iceland,ISL,1921,2683.5315,
Iceland,ISL,1922,3011.732,
Iceland,ISL,1923,2851.3992,
Iceland,ISL,1924,3028.7258,
Iceland,ISL,1925,3037.0515,
Iceland,ISL,1926,3258.5618,
Iceland,ISL,1927,3575.7673,
Iceland,ISL,1928,3706.4622,
Iceland,ISL,1929,3918.6665,
Iceland,ISL,1930,4337.2075,
Iceland,ISL,1931,4251.3413,
Iceland,ISL,1932,4068.9983,
Iceland,ISL,1933,4475.0005,
Iceland,ISL,1934,4500.284,
Iceland,ISL,1935,4331.851,
Iceland,ISL,1936,4312.975,
Iceland,ISL,1937,4479.1904,
Iceland,ISL,1938,4483.7676,
Iceland,ISL,1939,4980.0405,
Iceland,ISL,1940,5235.019,
Iceland,ISL,1941,5916.153,
Iceland,ISL,1942,6832.1396,
Iceland,ISL,1943,7198.4536,
Iceland,ISL,1944,7775.6357,
Iceland,ISL,1945,8282.08,
Iceland,ISL,1946,8490.288,
Iceland,ISL,1947,9230.586,
Iceland,ISL,1948,9215.163,
Iceland,ISL,1949,8868.148,
Iceland,ISL,1950,8498.0,
Iceland,ISL,1951,8080.0,
Iceland,ISL,1952,8823.0,
Iceland,ISL,1953,8886.0,
Iceland,ISL,1954,9446.0,
Iceland,ISL,1955,10096.0,
Iceland,ISL,1956,10323.0,
Iceland,ISL,1957,10079.0,
Iceland,ISL,1958,10568.0,
Iceland,ISL,1959,10702.0,
Iceland,ISL,1960,10959.0,
Iceland,ISL,1961,10728.0,
Iceland,ISL,1962,11435.0,
Iceland,ISL,1963,12366.0,
Iceland,ISL,1964,13386.0,
Iceland,ISL,1965,14100.0,
Iceland,ISL,1966,15058.0,
Iceland,ISL,1967,14642.0,
Iceland,ISL,1968,13648.0,
Iceland,ISL,1969,13880.0,
Iceland,ISL,1970,14830.0,
Iceland,ISL,1971,16606.0,
Iceland,ISL,1972,17366.0,
Iceland,ISL,1973,18277.0,
Iceland,ISL,1974,19054.0,
Iceland,ISL,1975,18935.0,
Iceland,ISL,1976,19877.0,
Iceland,ISL,1977,21465.0,
Iceland,ISL,1978,22579.0,
Iceland,ISL,1979,23443.0,
Iceland,ISL,1980,24528.0,
Iceland,ISL,1981,25284.0,
Iceland,ISL,1982,25477.0,
Iceland,ISL,1983,24605.0,
Iceland,ISL,1984,25357.0,
Iceland,ISL,1985,25990.0,
Iceland,ISL,1986,27439.0,
Iceland,ISL,1987,29576.0,
Iceland,ISL,1988,28934.0,
Iceland,ISL,1989,28652.0,
Iceland,ISL,1990,28760.0,
Iceland,ISL,1991,28258.018,
Iceland,ISL,1992,26859.281,
Iceland,ISL,1993,26833.8,
Iceland,ISL,1994,27457.807,
Iceland,ISL,1995,27235.834,
Iceland,ISL,1996,28277.787,
Iceland,ISL,1997,29939.143,
Iceland,ISL,1998,31444.615,
Iceland,ISL,1999,32186.932,
Iceland,ISL,2000,33108.29,
Iceland,ISL,2001,33794.453,
Iceland,ISL,2002,33470.496,
Iceland,ISL,2003,33920.707,
Iceland,ISL,2004,36209.242,
Iceland,ISL,2005,37884.06,
Iceland,ISL,2006,38707.215,
Iceland,ISL,2007,41111.156,
Iceland,ISL,2008,40810.23,
Iceland,ISL,2009,37701.85,
Iceland,ISL,2010,36272.688,
Iceland,ISL,2011,36740.0,
Iceland,ISL,2012,36933.895,
Iceland,ISL,2013,38245.496,
Iceland,ISL,2014,38463.027,
Iceland,ISL,2015,39756.527,
Iceland,ISL,2016,41682.867,
Iceland,ISL,2017,42419.383,
Iceland,ISL,2018,43321.062,
Iceland,ISL,2019,43136.605,
Iceland,ISL,2020,39368.4,
Iceland,ISL,2021,40412.617,
Iceland,ISL,2022,42145.594,
India,IND,1600,1264.0,
India,IND,1650,1189.0,
India,IND,1700,1162.0,
India,IND,1750,1068.0,
India,IND,1801,1033.0,
India,IND,1811,983.0,
India,IND,1821,937.0,
India,IND,1831,945.0,
India,IND,1841,944.0,
India,IND,1850,947.0,
India,IND,1851,947.0,
India,IND,1861,896.0,
India,IND,1870,850.0,
India,IND,1884,878.0,
India,IND,1885,904.0,
India,IND,1886,874.0,
India,IND,1887,912.0,
India,IND,1888,918.0,
India,IND,1889,891.0,
India,IND,1890,931.0,
India,IND,1891,843.0,
India,IND,1892,910.0,
India,IND,1893,931.0,
India,IND,1894,944.0,
India,IND,1895,920.0,
India,IND,1896,850.0,
India,IND,1897,1004.0,
India,IND,1898,1004.0,
India,IND,1899,925.0,
India,IND,1900,955.0,
India,IND,1901,969.0,
India,IND,1902,1044.0,
India,IND,1903,1052.0,
India,IND,1904,1050.0,
India,IND,1905,1025.0,
India,IND,1906,1047.0,
India,IND,1907,979.0,
India,IND,1908,987.0,
India,IND,1909,1116.0,
India,IND,1910,1111.0,
India,IND,1911,1101.0,
India,IND,1912,1098.0,
India,IND,1913,1073.0,
India,IND,1914,1130.0,
India,IND,1915,1101.0,
India,IND,1916,1132.0,
India,IND,1917,1111.0,
India,IND,1918,968.0,
India,IND,1919,1100.0,
India,IND,1920,1012.0,
India,IND,1921,1082.0,
India,IND,1922,1117.0,
India,IND,1923,1070.0,
India,IND,1924,1111.0,
India,IND,1925,1113.0,
India,IND,1926,1137.0,
India,IND,1927,1125.0,
India,IND,1928,1125.0,
India,IND,1929,1160.0,
India,IND,1930,1157.0,
India,IND,1931,1133.0,
India,IND,1932,1130.0,
India,IND,1933,1116.0,
India,IND,1934,1111.0,
India,IND,1935,1084.0,
India,IND,1936,1111.0,
India,IND,1937,1078.0,
India,IND,1938,1065.0,
India,IND,1939,1074.0,
India,IND,1940,1093.0,
India,IND,1941,1101.0,
India,IND,1942,1082.0,
India,IND,1943,1113.0,
India,IND,1944,1089.0,
India,IND,1945,1058.0,
India,IND,1946,991.0,
India,IND,1947,985.0,
India,IND,1948,983.0,
India,IND,1949,995.0,
India,IND,1950,987.0,
India,IND,1951,993.0,
India,IND,1952,1003.0,
India,IND,1953,1047.0,
India,IND,1954,1071.0,
India,IND,1955,1078.0,
India,IND,1956,1117.0,
India,IND,1957,1084.0,
India,IND,1958,1141.0,
India,IND,1959,1143.0,
India,IND,1960,1200.0,
India,IND,1961,1208.0,
India,IND,1962,1208.0,
India,IND,1963,1242.0,
India,IND,1964,1309.0,
India,IND,1965,1229.0,
India,IND,1966,1215.0,
India,IND,1967,1286.0,
India,IND,1968,1290.0,
India,IND,1969,1347.0,
India,IND,1970,1384.0,
India,IND,1971,1364.0,
India,IND,1972,1329.0,
India,IND,1973,1360.0,
India,IND,1974,1344.0,
India,IND,1975,1430.0,
India,IND,1976,1417.0,
India,IND,1977,1494.0,
India,IND,1978,1540.0,
India,IND,1979,1427.0,
India,IND,1980,1495.0,
India,IND,1981,1557.0,
India,IND,1982,1570.0,
India,IND,1983,1663.0,
India,IND,1984,1690.0,
India,IND,1985,1720.0,
India,IND,1986,1755.0,
India,IND,1987,1793.0,
India,IND,1988,1938.0,
India,IND,1989,2024.0,
India,IND,1990,2087.0,
India,IND,1991,2062.3103,
India,IND,1992,2115.2573,
India,IND,1993,2176.4277,
India,IND,1994,2254.899,
India,IND,1995,2355.9631,
India,IND,1996,2475.568,
India,IND,1997,2514.0217,
India,IND,1998,2611.7815,
India,IND,1999,2707.7407,
India,IND,2000,2753.0854,
India,IND,2001,2837.8555,
India,IND,2002,2870.9236,
India,IND,2003,3035.9226,
India,IND,2004,3212.511,
India,IND,2005,3396.6487,
India,IND,2006,3629.4111,
India,IND,2007,3870.699,
India,IND,2008,4030.6543,
India,IND,2009,4270.708,
India,IND,2010,4525.7456,
India,IND,2011,4768.0,
India,IND,2012,4982.083,
India,IND,2013,5224.1445,
India,IND,2014,5524.1147,
India,IND,2015,5869.8467,
India,IND,2016,6326.0645,
India,IND,2017,6638.7275,
India,IND,2018,7046.4365,
India,IND,2019,7293.9897,
India,IND,2020,6730.547,
India,IND,2021,7315.1216,
India,IND,2022,7765.593,
Indonesia,IDN,1815,795.0,
Indonesia,IDN,1816,862.0,
Indonesia,IDN,1817,851.0,
Indonesia,IDN,1818,834.0,
Indonesia,IDN,1819,835.0,
Indonesia,IDN,1820,827.0,
Indonesia,IDN,1821,837.0,
Indonesia,IDN,1822,835.0,
Indonesia,IDN,1823,837.0,
Indonesia,IDN,1824,795.0,
Indonesia,IDN,1825,818.0,
Indonesia,IDN,1826,867.0,
Indonesia,IDN,1827,874.0,
Indonesia,IDN,1828,858.0,
Indonesia,IDN,1829,834.0,
Indonesia,IDN,1830,822.0,
Indonesia,IDN,1831,811.0,
Indonesia,IDN,1832,811.0,
Indonesia,IDN,1833,840.0,
Indonesia,IDN,1834,867.0,
Indonesia,IDN,1835,838.0,
Indonesia,IDN,1836,821.0,
Indonesia,IDN,1837,862.0,
Indonesia,IDN,1838,859.0,
Indonesia,IDN,1839,843.0,
Indonesia,IDN,1840,883.0,
Indonesia,IDN,1841,877.0,
Indonesia,IDN,1842,878.0,
Indonesia,IDN,1843,861.0,
Indonesia,IDN,1844,832.0,
Indonesia,IDN,1845,783.0,
Indonesia,IDN,1846,759.0,
Indonesia,IDN,1847,748.0,
Indonesia,IDN,1848,775.0,
Indonesia,IDN,1849,746.0,
Indonesia,IDN,1850,724.0,
Indonesia,IDN,1851,744.0,
Indonesia,IDN,1852,717.0,
Indonesia,IDN,1853,743.0,
Indonesia,IDN,1854,711.0,
Indonesia,IDN,1855,746.0,
Indonesia,IDN,1856,797.0,
Indonesia,IDN,1857,764.0,
Indonesia,IDN,1858,815.0,
Indonesia,IDN,1859,816.0,
Indonesia,IDN,1860,819.0,
Indonesia,IDN,1861,824.0,
Indonesia,IDN,1862,770.0,
Indonesia,IDN,1863,773.0,
Indonesia,IDN,1864,764.0,
Indonesia,IDN,1865,784.0,
Indonesia,IDN,1866,800.0,
Indonesia,IDN,1867,826.0,
Indonesia,IDN,1868,800.0,
Indonesia,IDN,1869,787.0,
Indonesia,IDN,1870,810.0,
Indonesia,IDN,1871,811.0,
Indonesia,IDN,1872,830.0,
Indonesia,IDN,1873,813.0,
Indonesia,IDN,1874,802.0,
Indonesia,IDN,1875,832.0,
Indonesia,IDN,1876,827.0,
Indonesia,IDN,1877,838.0,
Indonesia,IDN,1878,864.0,
Indonesia,IDN,1879,859.0,
Indonesia,IDN,1880,1041.0,
Indonesia,IDN,1881,1097.0,
Indonesia,IDN,1882,1054.0,
Indonesia,IDN,1883,1030.0,
Indonesia,IDN,1884,1108.0,
Indonesia,IDN,1885,1108.0,
Indonesia,IDN,1886,1089.0,
Indonesia,IDN,1887,1090.0,
Indonesia,IDN,1888,1081.0,
Indonesia,IDN,1889,1070.0,
Indonesia,IDN,1890,1030.0,
Indonesia,IDN,1891,1049.0,
Indonesia,IDN,1892,1081.0,
Indonesia,IDN,1893,1103.0,
Indonesia,IDN,1894,1106.0,
Indonesia,IDN,1895,1097.0,
Indonesia,IDN,1896,1092.0,
Indonesia,IDN,1897,1092.0,
Indonesia,IDN,1898,1084.0,
Indonesia,IDN,1899,1127.0,
Indonesia,IDN,1900,1151.0,
Indonesia,IDN,1901,1121.0,
Indonesia,IDN,1902,1087.0,
Indonesia,IDN,1903,1135.0,
Indonesia,IDN,1904,1138.0,
Indonesia,IDN,1905,1140.0,
Indonesia,IDN,1906,1157.0,
Indonesia,IDN,1907,1175.0,
Indonesia,IDN,1908,1160.0,
Indonesia,IDN,1909,1205.0,
Indonesia,IDN,1910,1264.0,
Indonesia,IDN,1911,1309.0,
Indonesia,IDN,1912,1315.0,
Indonesia,IDN,1913,1361.0,
Indonesia,IDN,1914,1345.0,
Indonesia,IDN,1915,1349.0,
Indonesia,IDN,1916,1344.0,
Indonesia,IDN,1917,1333.0,
Indonesia,IDN,1918,1358.0,
Indonesia,IDN,1919,1468.0,
Indonesia,IDN,1920,1409.0,
Indonesia,IDN,1921,1395.0,
Indonesia,IDN,1922,1417.0,
Indonesia,IDN,1923,1428.0,
Indonesia,IDN,1924,1486.0,
Indonesia,IDN,1925,1497.0,
Indonesia,IDN,1926,1565.0,
Indonesia,IDN,1927,1645.0,
Indonesia,IDN,1928,1685.0,
Indonesia,IDN,1929,1702.0,
Indonesia,IDN,1930,1704.0,
Indonesia,IDN,1931,1568.0,
Indonesia,IDN,1932,1481.0,
Indonesia,IDN,1933,1470.0,
Indonesia,IDN,1934,1465.0,
Indonesia,IDN,1935,1478.0,
Indonesia,IDN,1936,1543.0,
Indonesia,IDN,1937,1694.0,
Indonesia,IDN,1938,1655.0,
Indonesia,IDN,1939,1639.0,
Indonesia,IDN,1940,1766.0,
Indonesia,IDN,1941,1808.0,
Indonesia,IDN,1949,1159.0,
Indonesia,IDN,1950,1280.0,
Indonesia,IDN,1951,1356.0,
Indonesia,IDN,1952,1401.0,
Indonesia,IDN,1953,1451.0,
Indonesia,IDN,1954,1517.0,
Indonesia,IDN,1955,1537.0,
Indonesia,IDN,1956,1533.0,
Indonesia,IDN,1957,1613.0,
Indonesia,IDN,1958,1530.0,
Indonesia,IDN,1959,1570.0,
Indonesia,IDN,1960,1613.0,
Indonesia,IDN,1961,1690.0,
Indonesia,IDN,1962,1653.0,
Indonesia,IDN,1963,1557.0,
Indonesia,IDN,1964,1583.0,
Indonesia,IDN,1965,1567.0,
Indonesia,IDN,1966,1535.0,
Indonesia,IDN,1967,1470.0,
Indonesia,IDN,1968,1580.0,
Indonesia,IDN,1969,1739.0,
Indonesia,IDN,1970,1882.0,
Indonesia,IDN,1971,1946.0,
Indonesia,IDN,1972,2117.0,
Indonesia,IDN,1973,2375.0,
Indonesia,IDN,1974,2439.0,
Indonesia,IDN,1975,2386.0,
Indonesia,IDN,1976,2536.0,
Indonesia,IDN,1977,2670.0,
Indonesia,IDN,1978,2727.0,
Indonesia,IDN,1979,2810.0,
Indonesia,IDN,1980,2981.0,
Indonesia,IDN,1981,3119.0,
Indonesia,IDN,1982,2941.0,
Indonesia,IDN,1983,2994.0,
Indonesia,IDN,1984,3134.0,
Indonesia,IDN,1985,3143.0,
Indonesia,IDN,1986,3269.0,
Indonesia,IDN,1987,3370.0,
Indonesia,IDN,1988,3500.0,
Indonesia,IDN,1989,3747.0,
Indonesia,IDN,1990,4007.0,
Indonesia,IDN,1991,4310.778,
Indonesia,IDN,1992,4536.4097,
Indonesia,IDN,1993,4837.1313,
Indonesia,IDN,1994,5140.025,
Indonesia,IDN,1995,5494.904,
Indonesia,IDN,1996,5851.2954,
Indonesia,IDN,1997,6055.8486,
Indonesia,IDN,1998,5203.5796,
Indonesia,IDN,1999,5186.7134,
Indonesia,IDN,2000,5384.3867,
Indonesia,IDN,2001,5526.1475,
Indonesia,IDN,2002,5720.2817,
Indonesia,IDN,2003,5938.878,
Indonesia,IDN,2004,6180.91,
Indonesia,IDN,2005,6482.012,
Indonesia,IDN,2006,6782.6245,
Indonesia,IDN,2007,7157.313,
Indonesia,IDN,2008,7633.166,
Indonesia,IDN,2009,7935.844,
Indonesia,IDN,2010,8386.434,
Indonesia,IDN,2011,8849.0,
Indonesia,IDN,2012,9272.009,
Indonesia,IDN,2013,9676.147,
Indonesia,IDN,2014,10050.717,
Indonesia,IDN,2015,10432.305,
Indonesia,IDN,2016,10849.67,
Indonesia,IDN,2017,11292.259,
Indonesia,IDN,2018,11768.468,
Indonesia,IDN,2019,12250.278,
Indonesia,IDN,2020,11895.075,
Indonesia,IDN,2021,12233.969,
Indonesia,IDN,2022,12801.671,
Iran,IRN,1,1116.0,
Iran,IRN,1820,877.0,
Iran,IRN,1870,956.0,
Iran,IRN,1913,1275.0,
Iran,IRN,1950,2742.0,
Iran,IRN,1951,2668.0,
Iran,IRN,1952,2597.0,
Iran,IRN,1953,2531.0,
Iran,IRN,1954,2464.0,
Iran,IRN,1955,2397.0,
Iran,IRN,1956,2541.0,
Iran,IRN,1957,2817.0,
Iran,IRN,1958,3057.0,
Iran,IRN,1959,3226.0,
Iran,IRN,1960,3437.0,
Iran,IRN,1961,3622.0,
Iran,IRN,1962,3586.0,
Iran,IRN,1963,3867.0,
Iran,IRN,1964,4026.0,
Iran,IRN,1965,4388.0,
Iran,IRN,1966,4686.0,
Iran,IRN,1967,5062.0,
Iran,IRN,1968,5659.0,
Iran,IRN,1969,6212.0,
Iran,IRN,1970,6677.0,
Iran,IRN,1971,7296.0,
Iran,IRN,1972,8247.0,
Iran,IRN,1973,8706.0,
Iran,IRN,1974,9210.0,
Iran,IRN,1975,9377.0,
Iran,IRN,1976,10665.0,
Iran,IRN,1977,10205.0,
Iran,IRN,1978,8710.0,
Iran,IRN,1979,7678.0,
Iran,IRN,1980,6334.0,
Iran,IRN,1981,5887.0,
Iran,IRN,1982,6535.0,
Iran,IRN,1983,7108.0,
Iran,IRN,1984,6951.0,
Iran,IRN,1985,6853.0,
Iran,IRN,1986,5984.0,
Iran,IRN,1987,5713.0,
Iran,IRN,1988,5249.0,
Iran,IRN,1989,5303.0,
Iran,IRN,1990,5620.0,
Iran,IRN,1991,6380.55,
Iran,IRN,1992,7036.315,
Iran,IRN,1993,6914.7666,
Iran,IRN,1994,6884.706,
Iran,IRN,1995,7093.735,
Iran,IRN,1996,7746.409,
Iran,IRN,1997,8113.724,
Iran,IRN,1998,8458.387,
Iran,IRN,1999,8714.627,
Iran,IRN,2000,9104.763,
Iran,IRN,2001,9620.627,
Iran,IRN,2002,10467.371,
Iran,IRN,2003,11502.853,
Iran,IRN,2004,12404.323,
Iran,IRN,2005,13110.143,
Iran,IRN,2006,14185.753,
Iran,IRN,2007,15467.107,
Iran,IRN,2008,15739.983,
Iran,IRN,2009,16575.07,
Iran,IRN,2010,17751.33,
Iran,IRN,2011,18024.0,
Iran,IRN,2012,17556.533,
Iran,IRN,2013,16842.896,
Iran,IRN,2014,17449.938,
Iran,IRN,2015,16922.88,
Iran,IRN,2016,17738.059,
Iran,IRN,2017,18416.479,
Iran,IRN,2018,18154.533,
Iran,IRN,2019,17400.414,
Iran,IRN,2020,17296.264,
Iran,IRN,2021,18052.37,
Iran,IRN,2022,18473.066,
Iraq,IRQ,1,1116.0,
Iraq,IRQ,730,1466.0,
Iraq,IRQ,1000,1307.0,
Iraq,IRQ,1150,1084.0,
Iraq,IRQ,1820,877.0,
Iraq,IRQ,1870,956.0,
Iraq,IRQ,1913,1275.0,
Iraq,IRQ,1950,2174.0,
Iraq,IRQ,1951,2303.0,
Iraq,IRQ,1952,2482.0,
Iraq,IRQ,1953,3394.0,
Iraq,IRQ,1954,3926.0,
Iraq,IRQ,1955,3663.0,
Iraq,IRQ,1956,3808.0,
Iraq,IRQ,1957,3666.0,
Iraq,IRQ,1958,3974.0,
Iraq,IRQ,1959,4022.0,
Iraq,IRQ,1960,4360.0,
Iraq,IRQ,1961,4720.0,
Iraq,IRQ,1962,4809.0,
Iraq,IRQ,1963,4578.0,
Iraq,IRQ,1964,4965.0,
Iraq,IRQ,1965,5241.0,
Iraq,IRQ,1966,5338.0,
Iraq,IRQ,1967,5043.0,
Iraq,IRQ,1968,5745.0,
Iraq,IRQ,1969,5745.0,
Iraq,IRQ,1970,5536.0,
Iraq,IRQ,1971,5686.0,
Iraq,IRQ,1972,5297.0,
Iraq,IRQ,1973,5982.0,
Iraq,IRQ,1974,6097.0,
Iraq,IRQ,1975,6878.0,
Iraq,IRQ,1976,8007.0,
Iraq,IRQ,1977,7957.0,
Iraq,IRQ,1978,9075.0,
Iraq,IRQ,1979,10769.0,
Iraq,IRQ,1980,10165.0,
Iraq,IRQ,1981,8035.0,
Iraq,IRQ,1982,7704.0,
Iraq,IRQ,1983,6805.0,
Iraq,IRQ,1984,6593.0,
Iraq,IRQ,1985,6268.0,
Iraq,IRQ,1986,5992.0,
Iraq,IRQ,1987,6052.0,
Iraq,IRQ,1988,4635.0,
Iraq,IRQ,1989,4098.0,
Iraq,IRQ,1990,3918.0,
Iraq,IRQ,1991,1518.7421,
Iraq,IRQ,1992,2046.1809,
Iraq,IRQ,1993,2132.3823,
Iraq,IRQ,1994,2108.538,
Iraq,IRQ,1995,1996.9279,
Iraq,IRQ,1996,2337.5227,
Iraq,IRQ,1997,2337.948,
Iraq,IRQ,1998,2794.7864,
Iraq,IRQ,1999,3157.1125,
Iraq,IRQ,2000,3649.493,
Iraq,IRQ,2001,4147.6484,
Iraq,IRQ,2002,4631.6523,
Iraq,IRQ,2003,3782.4526,
Iraq,IRQ,2004,6061.5547,
Iraq,IRQ,2005,6441.41,
Iraq,IRQ,2006,7117.6133,
Iraq,IRQ,2007,7587.6055,
Iraq,IRQ,2008,8587.265,
Iraq,IRQ,2009,9268.709,
Iraq,IRQ,2010,10274.33,
Iraq,IRQ,2011,11484.0,
Iraq,IRQ,2012,12521.541,
Iraq,IRQ,2013,12877.205,
Iraq,IRQ,2014,12559.504,
Iraq,IRQ,2015,12574.508,
Iraq,IRQ,2016,14173.763,
Iraq,IRQ,2017,13403.638,
Iraq,IRQ,2018,13724.742,
Iraq,IRQ,2019,14203.617,
Iraq,IRQ,2020,11717.375,
Iraq,IRQ,2021,12355.587,
Iraq,IRQ,2022,13071.94,
Ireland,IRL,1820,1398.0,
Ireland,IRL,1870,2829.0,
Ireland,IRL,1913,4361.0,
Ireland,IRL,1921,4038.0,
Ireland,IRL,1922,4141.0,
Ireland,IRL,1923,4105.0,
Ireland,IRL,1924,4095.0,
Ireland,IRL,1925,4101.0,
Ireland,IRL,1926,4100.0,
Ireland,IRL,1927,4229.0,
Ireland,IRL,1928,4363.0,
Ireland,IRL,1929,4501.0,
Ireland,IRL,1930,4618.0,
Ireland,IRL,1931,4737.0,
Ireland,IRL,1932,4599.0,
Ireland,IRL,1933,4463.0,
Ireland,IRL,1934,4594.0,
Ireland,IRL,1935,4728.0,
Ireland,IRL,1936,4865.0,
Ireland,IRL,1937,4713.0,
Ireland,IRL,1938,4865.0,
Ireland,IRL,1939,4865.0,
Ireland,IRL,1940,4865.0,
Ireland,IRL,1941,4865.0,
Ireland,IRL,1942,4865.0,
Ireland,IRL,1943,4865.0,
Ireland,IRL,1944,4865.0,
Ireland,IRL,1945,4812.0,
Ireland,IRL,1946,4865.0,
Ireland,IRL,1947,4929.0,
Ireland,IRL,1948,5149.0,
Ireland,IRL,1949,5426.0,
Ireland,IRL,1950,5504.0,
Ireland,IRL,1951,5649.0,
Ireland,IRL,1952,5805.0,
Ireland,IRL,1953,5973.0,
Ireland,IRL,1954,6048.0,
Ireland,IRL,1955,6248.0,
Ireland,IRL,1956,6212.0,
Ireland,IRL,1957,6239.0,
Ireland,IRL,1958,6169.0,
Ireland,IRL,1959,6437.0,
Ireland,IRL,1960,6825.0,
Ireland,IRL,1961,7186.0,
Ireland,IRL,1962,7390.0,
Ireland,IRL,1963,7685.0,
Ireland,IRL,1964,7948.0,
Ireland,IRL,1965,8051.0,
Ireland,IRL,1966,8097.0,
Ireland,IRL,1967,8531.0,
Ireland,IRL,1968,9197.0,
Ireland,IRL,1969,9706.0,
Ireland,IRL,1970,9881.0,
Ireland,IRL,1971,10128.0,
Ireland,IRL,1972,10621.0,
Ireland,IRL,1973,10946.0,
Ireland,IRL,1974,11225.0,
Ireland,IRL,1975,11662.0,
Ireland,IRL,1976,11639.0,
Ireland,IRL,1977,12425.0,
Ireland,IRL,1978,13150.0,
Ireland,IRL,1979,13335.0,
Ireland,IRL,1980,13614.0,
Ireland,IRL,1981,13893.0,
Ireland,IRL,1982,14061.0,
Ireland,IRL,1983,13931.0,
Ireland,IRL,1984,14435.0,
Ireland,IRL,1985,14834.0,
Ireland,IRL,1986,14768.0,
Ireland,IRL,1987,15458.0,
Ireland,IRL,1988,16313.0,
Ireland,IRL,1989,17343.0,
Ireland,IRL,1990,18838.0,
Ireland,IRL,1991,19253.943,
Ireland,IRL,1992,20032.719,
Ireland,IRL,1993,20627.078,
Ireland,IRL,1994,22004.814,
Ireland,IRL,1995,24266.143,
Ireland,IRL,1996,26562.908,
Ireland,IRL,1997,29455.92,
Ireland,IRL,1998,31908.648,
Ireland,IRL,1999,35377.164,
Ireland,IRL,2000,38806.5,
Ireland,IRL,2001,40966.332,
Ireland,IRL,2002,43012.816,
Ireland,IRL,2003,44372.758,
Ireland,IRL,2004,47028.863,
Ireland,IRL,2005,49223.383,
Ireland,IRL,2006,51296.195,
Ireland,IRL,2007,52322.23,
Ireland,IRL,2008,49583.14,
Ireland,IRL,2009,47375.734,
Ireland,IRL,2010,48623.81,
Ireland,IRL,2011,48980.0,
Ireland,IRL,2012,47360.09,
Ireland,IRL,2013,48181.234,
Ireland,IRL,2014,50732.348,
Ireland,IRL,2015,53196.598,
Ireland,IRL,2016,53686.844,
Ireland,IRL,2017,55465.652,
Ireland,IRL,2018,58083.45,
Ireland,IRL,2019,59733.91,
Ireland,IRL,2020,55134.855,
Ireland,IRL,2021,57278.42,
Ireland,IRL,2022,60257.082,
Israel,ISR,1,1116.0,
Israel,ISR,1950,4490.0,
Israel,ISR,1951,5035.0,
Israel,ISR,1952,4828.0,
Israel,ISR,1953,4638.0,
Israel,ISR,1954,5378.0,
Israel,ISR,1955,5899.0,
Israel,ISR,1956,6153.0,
Israel,ISR,1957,6363.0,
Israel,ISR,1958,6550.0,
Israel,ISR,1959,7175.0,
Israel,ISR,1960,7433.0,
Israel,ISR,1961,7964.0,
Israel,ISR,1962,8396.0,
Israel,ISR,1963,8915.0,
Israel,ISR,1964,9430.0,
Israel,ISR,1965,9997.0,
Israel,ISR,1966,9867.0,
Israel,ISR,1967,9918.0,
Israel,ISR,1968,11210.0,
Israel,ISR,1969,12310.0,
Israel,ISR,1970,12913.0,
Israel,ISR,1971,13885.0,
Israel,ISR,1972,15108.0,
Israel,ISR,1973,15374.0,
Israel,ISR,1974,15980.0,
Israel,ISR,1975,16176.0,
Israel,ISR,1976,16053.0,
Israel,ISR,1977,15721.0,
Israel,ISR,1978,16139.0,
Israel,ISR,1979,16761.0,
Israel,ISR,1980,17508.0,
Israel,ISR,1981,18103.0,
Israel,ISR,1982,18155.0,
Israel,ISR,1983,18468.0,
Israel,ISR,1984,18305.0,
Israel,ISR,1985,18605.0,
Israel,ISR,1986,19160.0,
Israel,ISR,1987,20196.0,
Israel,ISR,1988,20256.0,
Israel,ISR,1989,20091.0,
Israel,ISR,1990,20829.0,
Israel,ISR,1991,20912.941,
Israel,ISR,1992,21531.596,
Israel,ISR,1993,21484.979,
Israel,ISR,1994,22128.805,
Israel,ISR,1995,23378.16,
Israel,ISR,1996,23979.996,
Israel,ISR,1997,24226.73,
Israel,ISR,1998,24506.16,
Israel,ISR,1999,24644.205,
Israel,ISR,2000,26058.84,
Israel,ISR,2001,25427.32,
Israel,ISR,2002,24823.553,
Israel,ISR,2003,24545.244,
Israel,ISR,2004,25210.879,
Israel,ISR,2005,25686.406,
Israel,ISR,2006,26571.256,
Israel,ISR,2007,27624.883,
Israel,ISR,2008,27857.62,
Israel,ISR,2009,27644.697,
Israel,ISR,2010,28575.531,
Israel,ISR,2011,29370.0,
Israel,ISR,2012,29580.836,
Israel,ISR,2013,30316.602,
Israel,ISR,2014,30906.148,
Israel,ISR,2015,31050.408,
Israel,ISR,2016,31822.875,
Israel,ISR,2017,32549.818,
Israel,ISR,2018,33227.125,
Israel,ISR,2019,33951.89,
Israel,ISR,2020,32730.943,
Israel,ISR,2021,34969.016,
Israel,ISR,2022,36648.918,
Italy,ITA,1,1407.0,
Italy,ITA,1451,2529.9917,
Italy,ITA,1501,2549.0698,
Italy,ITA,1551,2340.2688,
Italy,ITA,1601,2542.7104,
Italy,ITA,1651,2396.4436,
Italy,ITA,1701,2468.5173,
Italy,ITA,1751,2485.4756,
Italy,ITA,1801,2515.153,
Italy,ITA,1802,2510.9133,
Italy,ITA,1803,2517.2727,
Italy,ITA,1804,2523.6323,
Italy,ITA,1805,2524.6921,
Italy,ITA,1806,2523.6323,
Italy,ITA,1807,2524.6921,
Italy,ITA,1808,2519.3926,
Italy,ITA,1809,2514.093,
Italy,ITA,1810,2509.8535,
Italy,ITA,1811,2503.4941,
Italy,ITA,1812,2503.4941,
Italy,ITA,1813,2501.3743,
Italy,ITA,1814,2503.4941,
Italy,ITA,1815,2504.554,
Italy,ITA,1816,2499.2544,
Italy,ITA,1817,2505.6138,
Italy,ITA,1818,2524.6921,
Italy,ITA,1819,2526.812,
Italy,ITA,1820,2522.5723,
Italy,ITA,1821,2521.5125,
Italy,ITA,1822,2521.5125,
Italy,ITA,1823,2520.4526,
Italy,ITA,1824,2532.1116,
Italy,ITA,1825,2541.6506,
Italy,ITA,1826,2537.411,
Italy,ITA,1827,2529.9917,
Italy,ITA,1828,2523.6323,
Italy,ITA,1829,2516.213,
Italy,ITA,1830,2513.0332,
Italy,ITA,1831,2510.9133,
Italy,ITA,1832,2506.6738,
Italy,ITA,1833,2513.0332,
Italy,ITA,1834,2520.4526,
Italy,ITA,1835,2531.0515,
Italy,ITA,1836,2524.6921,
Italy,ITA,1837,2525.752,
Italy,ITA,1838,2514.093,
Italy,ITA,1839,2511.9734,
Italy,ITA,1840,2513.0332,
Italy,ITA,1841,2514.093,
Italy,ITA,1842,2506.6738,
Italy,ITA,1843,2507.7336,
Italy,ITA,1844,2540.5908,
Italy,ITA,1845,2542.7104,
Italy,ITA,1846,2538.471,
Italy,ITA,1847,2536.351,
Italy,ITA,1848,2536.351,
Italy,ITA,1849,2538.471,
Italy,ITA,1850,2540.5908,
Italy,ITA,1851,2542.7104,
Italy,ITA,1852,2540.5908,
Italy,ITA,1853,2549.0698,
Italy,ITA,1854,2548.01,
Italy,ITA,1855,2570.268,
Italy,ITA,1856,2562.8486,
Italy,ITA,1857,2557.549,
Italy,ITA,1858,2551.1897,
Italy,ITA,1859,2544.8303,
Italy,ITA,1860,2538.471,
Italy,ITA,1861,2558.0,
Italy,ITA,1862,2634.3525,
Italy,ITA,1863,2688.1147,
Italy,ITA,1864,2642.0327,
Italy,ITA,1865,2780.2788,
Italy,ITA,1866,2588.2705,
Italy,ITA,1867,2611.3115,
Italy,ITA,1868,2626.672,
Italy,ITA,1869,2695.7952,
Italy,ITA,1870,2826.3606,
Italy,ITA,1871,2811.12,
Italy,ITA,1872,2593.0,
Italy,ITA,1873,2581.0,
Italy,ITA,1874,2715.0,
Italy,ITA,1875,2727.0,
Italy,ITA,1876,2662.0,
Italy,ITA,1877,2678.0,
Italy,ITA,1878,2745.0,
Italy,ITA,1879,2753.0,
Italy,ITA,1880,2796.0,
Italy,ITA,1881,2880.0,
Italy,ITA,1882,2915.0,
Italy,ITA,1883,2942.0,
Italy,ITA,1884,2898.0,
Italy,ITA,1885,2941.0,
Italy,ITA,1886,3005.0,
Italy,ITA,1887,3081.0,
Italy,ITA,1888,3065.0,
Italy,ITA,1889,2971.0,
Italy,ITA,1890,2974.0,
Italy,ITA,1891,3014.0,
Italy,ITA,1892,3017.0,
Italy,ITA,1893,3064.0,
Italy,ITA,1894,3081.0,
Italy,ITA,1895,3107.0,
Italy,ITA,1896,3153.0,
Italy,ITA,1897,3158.0,
Italy,ITA,1898,3145.0,
Italy,ITA,1899,3180.0,
Italy,ITA,1900,3264.0,
Italy,ITA,1901,3317.0,
Italy,ITA,1902,3371.0,
Italy,ITA,1903,3402.0,
Italy,ITA,1904,3461.0,
Italy,ITA,1905,3532.0,
Italy,ITA,1906,3652.0,
Italy,ITA,1907,3716.0,
Italy,ITA,1908,3795.0,
Italy,ITA,1909,3826.0,
Italy,ITA,1910,3829.0,
Italy,ITA,1911,3870.0,
Italy,ITA,1912,3875.0,
Italy,ITA,1913,4057.0,
Italy,ITA,1914,3835.0,
Italy,ITA,1915,3642.0,
Italy,ITA,1916,3942.0,
Italy,ITA,1917,3955.0,
Italy,ITA,1918,3856.0,
Italy,ITA,1919,3701.0,
Italy,ITA,1920,3789.0,
Italy,ITA,1921,3660.0,
Italy,ITA,1922,3928.0,
Italy,ITA,1923,4248.0,
Italy,ITA,1924,4324.0,
Italy,ITA,1925,4580.0,
Italy,ITA,1926,4576.0,
Italy,ITA,1927,4454.0,
Italy,ITA,1928,4693.0,
Italy,ITA,1929,4889.0,
Italy,ITA,1930,4631.0,
Italy,ITA,1931,4538.0,
Italy,ITA,1932,4602.0,
Italy,ITA,1933,4514.0,
Italy,ITA,1934,4466.0,
Italy,ITA,1935,4670.0,
Italy,ITA,1936,4471.0,
Italy,ITA,1937,4879.0,
Italy,ITA,1938,4981.0,
Italy,ITA,1939,5246.0,
Italy,ITA,1940,5099.0,
Italy,ITA,1941,4967.0,
Italy,ITA,1942,4661.0,
Italy,ITA,1943,3931.0,
Italy,ITA,1944,3162.0,
Italy,ITA,1945,2831.0,
Italy,ITA,1946,3805.0,
Italy,ITA,1947,4498.0,
Italy,ITA,1948,4814.0,
Italy,ITA,1949,5188.0,
Italy,ITA,1950,5582.0,
Italy,ITA,1951,5958.0,
Italy,ITA,1952,6371.0,
Italy,ITA,1953,6790.0,
Italy,ITA,1954,7092.0,
Italy,ITA,1955,7453.0,
Italy,ITA,1956,7745.0,
Italy,ITA,1957,8158.0,
Italy,ITA,1958,8544.0,
Italy,ITA,1959,9011.0,
Italy,ITA,1960,9430.0,
Italy,ITA,1961,10158.0,
Italy,ITA,1962,10882.0,
Italy,ITA,1963,11576.0,
Italy,ITA,1964,11934.0,
Italy,ITA,1965,12111.0,
Italy,ITA,1966,12659.0,
Italy,ITA,1967,13476.0,
Italy,ITA,1968,14513.0,
Italy,ITA,1969,15248.0,
Italy,ITA,1970,15492.0,
Italy,ITA,1971,15683.0,
Italy,ITA,1972,16035.0,
Italy,ITA,1973,16950.0,
Italy,ITA,1974,17607.0,
Italy,ITA,1975,17123.0,
Italy,ITA,1976,18147.0,
Italy,ITA,1977,18599.0,
Italy,ITA,1978,19230.0,
Italy,ITA,1979,20275.0,
Italy,ITA,1980,20959.0,
Italy,ITA,1981,21041.0,
Italy,ITA,1982,21123.0,
Italy,ITA,1983,21345.0,
Italy,ITA,1984,21868.0,
Italy,ITA,1985,22469.0,
Italy,ITA,1986,23106.0,
Italy,ITA,1987,23824.0,
Italy,ITA,1988,24743.0,
Italy,ITA,1989,25454.0,
Italy,ITA,1990,26003.0,
Italy,ITA,1991,26570.363,
Italy,ITA,1992,26960.611,
Italy,ITA,1993,26902.398,
Italy,ITA,1994,27668.258,
Italy,ITA,1995,28666.352,
Italy,ITA,1996,29231.275,
Italy,ITA,1997,29960.7,
Italy,ITA,1998,30649.629,
Italy,ITA,1999,31340.48,
Italy,ITA,2000,32716.98,
Italy,ITA,2001,33511.434,
Italy,ITA,2002,33780.055,
Italy,ITA,2003,33917.8,
Italy,ITA,2004,34472.13,
Italy,ITA,2005,34872.125,
Italy,ITA,2006,35713.805,
Italy,ITA,2007,36310.734,
Italy,ITA,2008,35942.938,
Italy,ITA,2009,34055.227,
Italy,ITA,2010,34765.938,
Italy,ITA,2011,35151.0,
Italy,ITA,2012,34010.035,
Italy,ITA,2013,33317.242,
Italy,ITA,2014,33310.703,
Italy,ITA,2015,33620.742,
Italy,ITA,2016,34120.42,
Italy,ITA,2017,34754.77,
Italy,ITA,2018,35149.824,
Italy,ITA,2019,35407.242,
Italy,ITA,2020,32385.326,
Italy,ITA,2021,34827.137,
Italy,ITA,2022,36224.293,
Jamaica,JAM,1820,1117.0,
Jamaica,JAM,1850,867.0,
Jamaica,JAM,1860,856.0,
Jamaica,JAM,1870,845.0,
Jamaica,JAM,1880,864.0,
Jamaica,JAM,1890,881.0,
Jamaica,JAM,1900,926.0,
Jamaica,JAM,1913,974.0,
Jamaica,JAM,1925,1078.0,
Jamaica,JAM,1929,1116.0,
Jamaica,JAM,1933,1154.0,
Jamaica,JAM,1938,1549.0,
Jamaica,JAM,1942,1546.0,
Jamaica,JAM,1943,1833.0,
Jamaica,JAM,1946,2628.0,
Jamaica,JAM,1947,2410.0,
Jamaica,JAM,1950,2115.0,
Jamaica,JAM,1951,2251.0,
Jamaica,JAM,1952,2397.0,
Jamaica,JAM,1953,2695.0,
Jamaica,JAM,1954,2962.0,
Jamaica,JAM,1955,3220.0,
Jamaica,JAM,1956,3491.0,
Jamaica,JAM,1957,3934.0,
Jamaica,JAM,1958,3918.0,
Jamaica,JAM,1959,4050.0,
Jamaica,JAM,1960,4230.0,
Jamaica,JAM,1961,4307.0,
Jamaica,JAM,1962,4339.0,
Jamaica,JAM,1963,4395.0,
Jamaica,JAM,1964,4629.0,
Jamaica,JAM,1965,4894.0,
Jamaica,JAM,1966,4988.0,
Jamaica,JAM,1967,5066.0,
Jamaica,JAM,1968,5235.0,
Jamaica,JAM,1969,5547.0,
Jamaica,JAM,1970,6135.0,
Jamaica,JAM,1971,6062.0,
Jamaica,JAM,1972,6150.0,
Jamaica,JAM,1973,6583.0,
Jamaica,JAM,1974,6229.0,
Jamaica,JAM,1975,6129.0,
Jamaica,JAM,1976,5681.0,
Jamaica,JAM,1977,5501.0,
Jamaica,JAM,1978,5482.0,
Jamaica,JAM,1979,5318.0,
Jamaica,JAM,1980,4975.0,
Jamaica,JAM,1981,5040.0,
Jamaica,JAM,1982,5019.0,
Jamaica,JAM,1983,5117.0,
Jamaica,JAM,1984,5059.0,
Jamaica,JAM,1985,4814.0,
Jamaica,JAM,1986,4884.0,
Jamaica,JAM,1987,5254.0,
Jamaica,JAM,1988,5397.0,
Jamaica,JAM,1989,5748.0,
Jamaica,JAM,1990,6035.0,
Jamaica,JAM,1991,6116.5835,
Jamaica,JAM,1992,6292.029,
Jamaica,JAM,1993,6414.475,
Jamaica,JAM,1994,6517.052,
Jamaica,JAM,1995,6656.283,
Jamaica,JAM,1996,6648.933,
Jamaica,JAM,1997,6523.636,
Jamaica,JAM,1998,6432.653,
Jamaica,JAM,1999,6485.3228,
Jamaica,JAM,2000,6531.2847,
Jamaica,JAM,2001,6615.193,
Jamaica,JAM,2002,6660.763,
Jamaica,JAM,2003,6908.667,
Jamaica,JAM,2004,7004.9844,
Jamaica,JAM,2005,7073.7705,
Jamaica,JAM,2006,7286.967,
Jamaica,JAM,2007,7402.178,
Jamaica,JAM,2008,7353.107,
Jamaica,JAM,2009,7115.373,
Jamaica,JAM,2010,7025.93,
Jamaica,JAM,2011,7141.0,
Jamaica,JAM,2012,7119.5054,
Jamaica,JAM,2013,7147.5337,
Jamaica,JAM,2014,7198.43,
Jamaica,JAM,2015,7268.231,
Jamaica,JAM,2016,7381.3325,
Jamaica,JAM,2017,7433.147,
Jamaica,JAM,2018,7569.063,
Jamaica,JAM,2019,7641.0815,
Jamaica,JAM,2020,6880.4883,
Jamaica,JAM,2021,7193.1064,
Jamaica,JAM,2022,7481.6685,
Japan,JPN,730,597.84,
Japan,JPN,1000,1009.65,
Japan,JPN,1150,926.97,
Japan,JPN,1280,841.11,
Japan,JPN,1450,866.55,
Japan,JPN,1600,1061.0,
Japan,JPN,1700,1073.0,
Japan,JPN,1721,1073.25,
Japan,JPN,1750,953.0,
Japan,JPN,1800,1317.0,
Japan,JPN,1804,1316.52,
Japan,JPN,1820,1317.0,
Japan,JPN,1846,1435.77,
Japan,JPN,1850,1436.0,
Japan,JPN,1870,1580.0,
Japan,JPN,1874,1607.49,
Japan,JPN,1885,1728.6804,
Japan,JPN,1886,1831.8822,
Japan,JPN,1887,1847.5294,
Japan,JPN,1888,1723.5686,
Japan,JPN,1889,1754.5337,
Japan,JPN,1890,1853.5754,
Japan,JPN,1891,1749.7372,
Japan,JPN,1892,1841.7019,
Japan,JPN,1893,1832.4438,
Japan,JPN,1894,2016.4187,
Japan,JPN,1895,2021.8254,
Japan,JPN,1896,1904.4431,
Japan,JPN,1897,1904.511,
Japan,JPN,1898,2232.8545,
Japan,JPN,1899,2104.5571,
Japan,JPN,1900,2123.2505,
Japan,JPN,1901,2161.515,
Japan,JPN,1902,2012.7671,
Japan,JPN,1903,2203.8716,
Japan,JPN,1904,2178.991,
Japan,JPN,1905,2111.251,
Japan,JPN,1906,2328.9773,
Japan,JPN,1907,2358.2205,
Japan,JPN,1908,2356.9175,
Japan,JPN,1909,2333.2012,
Japan,JPN,1910,2316.9758,
Japan,JPN,1911,2399.7747,
Japan,JPN,1912,2419.7095,
Japan,JPN,1913,2430.625,
Japan,JPN,1914,2357.804,
Japan,JPN,1915,2512.0647,
Japan,JPN,1916,2829.287,
Japan,JPN,1917,2940.6257,
Japan,JPN,1918,2973.488,
Japan,JPN,1919,3219.3054,
Japan,JPN,1920,2973.9624,
Japan,JPN,1921,3244.352,
Japan,JPN,1922,3243.83,
Japan,JPN,1923,3243.5498,
Japan,JPN,1924,3316.3572,
Japan,JPN,1925,3414.354,
Japan,JPN,1926,3358.5393,
Japan,JPN,1927,3346.892,
Japan,JPN,1928,3554.1157,
Japan,JPN,1929,3665.0867,
Japan,JPN,1930,3334.1082,
Japan,JPN,1931,3320.8108,
Japan,JPN,1932,3529.2878,
Japan,JPN,1933,3786.8018,
Japan,JPN,1934,3755.6877,
Japan,JPN,1935,3825.303,
Japan,JPN,1936,3985.5457,
Japan,JPN,1937,4074.9224,
Japan,JPN,1938,4256.8413,
Japan,JPN,1939,4803.7827,
Japan,JPN,1940,4882.3984,
Japan,JPN,1941,4986.24,
Japan,JPN,1942,4938.54,
Japan,JPN,1943,4825.65,
Japan,JPN,1944,4816.11,
Japan,JPN,1945,3677.67,
Japan,JPN,1946,2771.37,
Japan,JPN,1947,2710.95,
Japan,JPN,1948,2857.23,
Japan,JPN,1949,2866.77,
Japan,JPN,1950,3062.0,
Japan,JPN,1951,3389.0,
Japan,JPN,1952,3724.0,
Japan,JPN,1953,3944.0,
Japan,JPN,1954,4116.0,
Japan,JPN,1955,4417.0,
Japan,JPN,1956,4699.0,
Japan,JPN,1957,4999.0,
Japan,JPN,1958,5243.0,
Japan,JPN,1959,5665.0,
Japan,JPN,1960,6354.0,
Japan,JPN,1961,7055.0,
Japan,JPN,1962,7614.0,
Japan,JPN,1963,8176.0,
Japan,JPN,1964,9035.0,
Japan,JPN,1965,9459.0,
Japan,JPN,1966,10370.0,
Japan,JPN,1967,11400.0,
Japan,JPN,1968,12725.0,
Japan,JPN,1969,14145.0,
Japan,JPN,1970,15484.0,
Japan,JPN,1971,16004.0,
Japan,JPN,1972,17110.0,
Japan,JPN,1973,18226.0,
Japan,JPN,1974,17765.0,
Japan,JPN,1975,18082.0,
Japan,JPN,1976,18600.0,
Japan,JPN,1977,19230.0,
Japan,JPN,1978,20060.0,
Japan,JPN,1979,20982.0,
Japan,JPN,1980,21404.0,
Japan,JPN,1981,21924.0,
Japan,JPN,1982,22440.0,
Japan,JPN,1983,22805.0,
Japan,JPN,1984,23548.0,
Japan,JPN,1985,24437.0,
Japan,JPN,1986,24992.0,
Japan,JPN,1987,25904.0,
Japan,JPN,1988,27393.0,
Japan,JPN,1989,28601.0,
Japan,JPN,1990,29949.0,
Japan,JPN,1991,30837.432,
Japan,JPN,1992,30977.814,
Japan,JPN,1993,30920.66,
Japan,JPN,1994,31135.428,
Japan,JPN,1995,31887.277,
Japan,JPN,1996,32784.156,
Japan,JPN,1997,33038.293,
Japan,JPN,1998,32558.188,
Japan,JPN,1999,32394.516,
Japan,JPN,2000,33210.81,
Japan,JPN,2001,33246.39,
Japan,JPN,2002,33195.402,
Japan,JPN,2003,33619.95,
Japan,JPN,2004,34313.56,
Japan,JPN,2005,34857.754,
Japan,JPN,2006,35333.113,
Japan,JPN,2007,35892.71,
Japan,JPN,2008,35496.227,
Japan,JPN,2009,33590.01,
Japan,JPN,2010,35011.402,
Japan,JPN,2011,34979.0,
Japan,JPN,2012,35537.438,
Japan,JPN,2013,36312.348,
Japan,JPN,2014,36440.215,
Japan,JPN,2015,37053.176,
Japan,JPN,2016,37384.56,
Japan,JPN,2017,38078.96,
Japan,JPN,2018,38403.68,
Japan,JPN,2019,38332.934,
Japan,JPN,2020,36826.64,
Japan,JPN,2021,37678.277,
Japan,JPN,2022,38268.79,
Jordan,JOR,1,1116.0,
Jordan,JOR,1820,877.0,
Jordan,JOR,1870,1116.0,
Jordan,JOR,1913,1594.0,
Jordan,JOR,1950,2651.0,
Jordan,JOR,1951,2702.0,
Jordan,JOR,1952,2751.0,
Jordan,JOR,1953,2801.0,
Jordan,JOR,1954,2848.0,
Jordan,JOR,1955,2590.0,
Jordan,JOR,1956,3410.0,
Jordan,JOR,1957,3354.0,
Jordan,JOR,1958,3539.0,
Jordan,JOR,1959,3645.0,
Jordan,JOR,1960,3714.0,
Jordan,JOR,1961,4280.0,
Jordan,JOR,1962,4176.0,
Jordan,JOR,1963,4222.0,
Jordan,JOR,1964,4752.0,
Jordan,JOR,1965,5074.0,
Jordan,JOR,1966,5000.0,
Jordan,JOR,1967,4876.0,
Jordan,JOR,1968,4262.0,
Jordan,JOR,1969,4420.0,
Jordan,JOR,1970,3818.0,
Jordan,JOR,1971,3771.0,
Jordan,JOR,1972,3754.0,
Jordan,JOR,1973,3806.0,
Jordan,JOR,1974,3995.0,
Jordan,JOR,1975,4117.0,
Jordan,JOR,1976,4935.0,
Jordan,JOR,1977,5072.0,
Jordan,JOR,1978,5926.0,
Jordan,JOR,1979,6247.0,
Jordan,JOR,1980,7141.0,
Jordan,JOR,1981,7176.0,
Jordan,JOR,1982,7401.0,
Jordan,JOR,1983,7262.0,
Jordan,JOR,1984,7599.0,
Jordan,JOR,1985,7578.0,
Jordan,JOR,1986,7973.0,
Jordan,JOR,1987,7911.0,
Jordan,JOR,1988,7571.0,
Jordan,JOR,1989,6540.0,
Jordan,JOR,1990,6044.0,
Jordan,JOR,1991,5900.5093,
Jordan,JOR,1992,6456.123,
Jordan,JOR,1993,6460.6626,
Jordan,JOR,1994,6538.1733,
Jordan,JOR,1995,6760.1084,
Jordan,JOR,1996,6783.229,
Jordan,JOR,1997,6942.459,
Jordan,JOR,1998,7120.4937,
Jordan,JOR,1999,7340.4937,
Jordan,JOR,2000,7621.841,
Jordan,JOR,2001,7982.7407,
Jordan,JOR,2002,8394.055,
Jordan,JOR,2003,8669.625,
Jordan,JOR,2004,9288.616,
Jordan,JOR,2005,9860.809,
Jordan,JOR,2006,10404.562,
Jordan,JOR,2007,10938.805,
Jordan,JOR,2008,11378.256,
Jordan,JOR,2009,11651.25,
Jordan,JOR,2010,11601.088,
Jordan,JOR,2011,11615.0,
Jordan,JOR,2012,11704.657,
Jordan,JOR,2013,10834.426,
Jordan,JOR,2014,9765.811,
Jordan,JOR,2015,9307.248,
Jordan,JOR,2016,9149.412,
Jordan,JOR,2017,9186.477,
Jordan,JOR,2018,9174.501,
Jordan,JOR,2019,9166.066,
Jordan,JOR,2020,8896.383,
Jordan,JOR,2021,9019.895,
Jordan,JOR,2022,9151.479,
Kazakhstan,KAZ,1973,12154.0,
Kazakhstan,KAZ,1980,11899.0,
Kazakhstan,KAZ,1981,11604.0,
Kazakhstan,KAZ,1982,11322.0,
Kazakhstan,KAZ,1983,11735.0,
Kazakhstan,KAZ,1984,11553.0,
Kazakhstan,KAZ,1985,11545.0,
Kazakhstan,KAZ,1986,11576.0,
Kazakhstan,KAZ,1987,11389.0,
Kazakhstan,KAZ,1988,12256.0,
Kazakhstan,KAZ,1989,12153.0,
Kazakhstan,KAZ,1990,11888.0,
Kazakhstan,KAZ,1991,10557.115,
Kazakhstan,KAZ,1992,10012.611,
Kazakhstan,KAZ,1993,9173.638,
Kazakhstan,KAZ,1994,8178.791,
Kazakhstan,KAZ,1995,7674.0635,
Kazakhstan,KAZ,1996,7826.8574,
Kazakhstan,KAZ,1997,8093.796,
Kazakhstan,KAZ,1998,8088.648,
Kazakhstan,KAZ,1999,8421.348,
Kazakhstan,KAZ,2000,9309.42,
Kazakhstan,KAZ,2001,10589.103,
Kazakhstan,KAZ,2002,11640.18,
Kazakhstan,KAZ,2003,12726.287,
Kazakhstan,KAZ,2004,13929.7295,
Kazakhstan,KAZ,2005,15233.841,
Kazakhstan,KAZ,2006,16786.555,
Kazakhstan,KAZ,2007,18181.06,
Kazakhstan,KAZ,2008,18665.766,
Kazakhstan,KAZ,2009,18750.541,
Kazakhstan,KAZ,2010,19964.53,
Kazakhstan,KAZ,2011,21302.0,
Kazakhstan,KAZ,2012,22089.924,
Kazakhstan,KAZ,2013,23110.025,
Kazakhstan,KAZ,2014,23819.748,
Kazakhstan,KAZ,2015,23782.562,
Kazakhstan,KAZ,2016,23731.512,
Kazakhstan,KAZ,2017,24396.78,
Kazakhstan,KAZ,2018,25142.707,
Kazakhstan,KAZ,2019,26026.064,
Kazakhstan,KAZ,2020,25124.486,
Kazakhstan,KAZ,2021,25936.383,
Kazakhstan,KAZ,2022,26491.857,
Kenya,KEN,1904,652.13824,
Kenya,KEN,1905,597.9263,
Kenya,KEN,1906,602.70966,
Kenya,KEN,1907,612.2765,
Kenya,KEN,1908,629.8157,
Kenya,KEN,1909,628.2212,
Kenya,KEN,1910,733.45624,
Kenya,KEN,1911,672.86633,
Kenya,KEN,1912,687.2166,
Kenya,KEN,1913,717.51154,
Kenya,KEN,1926,1002.92163,
Kenya,KEN,1927,1154.3964,
Kenya,KEN,1928,1068.2949,
Kenya,KEN,1929,907.2535,
Kenya,KEN,1930,1122.507,
Kenya,KEN,1931,1077.8617,
Kenya,KEN,1932,1058.7281,
Kenya,KEN,1933,1152.8019,
Kenya,KEN,1934,1012.48846,
Kenya,KEN,1935,1049.1613,
Kenya,KEN,1936,1230.9309,
Kenya,KEN,1937,1042.7834,
Kenya,KEN,1938,1127.2903,
Kenya,KEN,1941,1128.8848,
Kenya,KEN,1942,1112.9401,
Kenya,KEN,1943,942.3318,
Kenya,KEN,1944,1119.318,
Kenya,KEN,1945,1061.917,
Kenya,KEN,1950,1038.0,
Kenya,KEN,1951,1229.0,
Kenya,KEN,1952,1063.0,
Kenya,KEN,1953,1009.0,
Kenya,KEN,1954,1095.0,
Kenya,KEN,1955,1144.0,
Kenya,KEN,1956,1173.0,
Kenya,KEN,1957,1176.0,
Kenya,KEN,1958,1156.0,
Kenya,KEN,1959,1148.0,
Kenya,KEN,1960,1157.0,
Kenya,KEN,1961,1093.0,
Kenya,KEN,1962,1117.0,
Kenya,KEN,1963,1138.0,
Kenya,KEN,1964,1208.0,
Kenya,KEN,1965,1184.0,
Kenya,KEN,1966,1294.0,
Kenya,KEN,1967,1317.0,
Kenya,KEN,1968,1366.0,
Kenya,KEN,1969,1404.0,
Kenya,KEN,1970,1458.0,
Kenya,KEN,1971,1500.0,
Kenya,KEN,1972,1524.0,
Kenya,KEN,1973,1546.0,
Kenya,KEN,1974,1564.0,
Kenya,KEN,1975,1502.0,
Kenya,KEN,1976,1503.0,
Kenya,KEN,1977,1580.0,
Kenya,KEN,1978,1656.0,
Kenya,KEN,1979,1651.0,
Kenya,KEN,1980,1675.0,
Kenya,KEN,1981,1647.0,
Kenya,KEN,1982,1680.0,
Kenya,KEN,1983,1627.0,
Kenya,KEN,1984,1594.0,
Kenya,KEN,1985,1604.0,
Kenya,KEN,1986,1658.0,
Kenya,KEN,1987,1698.0,
Kenya,KEN,1988,1741.0,
Kenya,KEN,1989,1761.0,
Kenya,KEN,1990,1780.0,
Kenya,KEN,1991,1777.7838,
Kenya,KEN,1992,1724.8744,
Kenya,KEN,1993,1698.2542,
Kenya,KEN,1994,1729.7172,
Kenya,KEN,1995,1789.8945,
Kenya,KEN,1996,1851.2814,
Kenya,KEN,1997,1846.3738,
Kenya,KEN,1998,1889.9731,
Kenya,KEN,1999,1920.834,
Kenya,KEN,2000,1914.8864,
Kenya,KEN,2001,1972.3811,
Kenya,KEN,2002,1961.8949,
Kenya,KEN,2003,1997.7769,
Kenya,KEN,2004,2066.2102,
Kenya,KEN,2005,2157.8416,
Kenya,KEN,2006,2255.2585,
Kenya,KEN,2007,2380.7764,
Kenya,KEN,2008,2357.2324,
Kenya,KEN,2009,2404.6296,
Kenya,KEN,2010,2579.531,
Kenya,KEN,2011,2712.0,
Kenya,KEN,2012,2754.7646,
Kenya,KEN,2013,2786.1372,
Kenya,KEN,2014,2852.933,
Kenya,KEN,2015,2921.3428,
Kenya,KEN,2016,2975.4795,
Kenya,KEN,2017,3020.9817,
Kenya,KEN,2018,3120.4314,
Kenya,KEN,2019,3207.2622,
Kenya,KEN,2020,3129.5852,
Kenya,KEN,2021,3292.7585,
Kenya,KEN,2022,3403.9238,
Kuwait,KWT,1950,46031.0,
Kuwait,KWT,1951,47464.0,
Kuwait,KWT,1952,47856.0,
Kuwait,KWT,1953,49989.0,
Kuwait,KWT,1954,52920.0,
Kuwait,KWT,1955,51417.0,
Kuwait,KWT,1956,52404.0,
Kuwait,KWT,1957,50126.0,
Kuwait,KWT,1958,47671.0,
Kuwait,KWT,1959,47131.0,
Kuwait,KWT,1960,45929.0,
Kuwait,KWT,1961,41622.0,
Kuwait,KWT,1962,42150.0,
Kuwait,KWT,1963,40377.0,
Kuwait,KWT,1964,40333.0,
Kuwait,KWT,1965,37511.0,
Kuwait,KWT,1966,38335.0,
Kuwait,KWT,1967,35720.0,
Kuwait,KWT,1968,35546.0,
Kuwait,KWT,1969,33415.0,
Kuwait,KWT,1970,48927.0,
Kuwait,KWT,1971,49302.0,
Kuwait,KWT,1972,48283.0,
Kuwait,KWT,1973,42542.0,
Kuwait,KWT,1974,34962.0,
Kuwait,KWT,1975,28950.0,
Kuwait,KWT,1976,28956.0,
Kuwait,KWT,1977,26168.0,
Kuwait,KWT,1978,26363.0,
Kuwait,KWT,1979,28174.0,
Kuwait,KWT,1980,21154.0,
Kuwait,KWT,1981,16402.0,
Kuwait,KWT,1982,13845.0,
Kuwait,KWT,1983,14292.0,
Kuwait,KWT,1984,14384.0,
Kuwait,KWT,1985,13015.0,
Kuwait,KWT,1986,13509.0,
Kuwait,KWT,1987,12416.0,
Kuwait,KWT,1988,12317.0,
Kuwait,KWT,1989,12701.0,
Kuwait,KWT,1990,9757.0,
Kuwait,KWT,1991,6310.9067,
Kuwait,KWT,1992,12965.067,
Kuwait,KWT,1993,19955.314,
Kuwait,KWT,1994,24532.414,
Kuwait,KWT,1995,27552.96,
Kuwait,KWT,1996,29612.66,
Kuwait,KWT,1997,31511.191,
Kuwait,KWT,1998,33331.297,
Kuwait,KWT,1999,33351.195,
Kuwait,KWT,2000,35844.746,
Kuwait,KWT,2001,37225.87,
Kuwait,KWT,2002,39943.15,
Kuwait,KWT,2003,48809.71,
Kuwait,KWT,2004,55911.793,
Kuwait,KWT,2005,62959.6,
Kuwait,KWT,2006,68546.14,
Kuwait,KWT,2007,73096.87,
Kuwait,KWT,2008,75138.12,
Kuwait,KWT,2009,70072.73,
Kuwait,KWT,2010,68865.31,
Kuwait,KWT,2011,77126.0,
Kuwait,KWT,2012,80657.13,
Kuwait,KWT,2013,80098.64,
Kuwait,KWT,2014,79103.414,
Kuwait,KWT,2015,78261.195,
Kuwait,KWT,2016,79289.17,
Kuwait,KWT,2017,74427.02,
Kuwait,KWT,2018,75163.984,
Kuwait,KWT,2019,73748.44,
Kuwait,KWT,2020,66365.99,
Kuwait,KWT,2021,66418.2,
Kuwait,KWT,2022,71533.516,
Kyrgyzstan,KGZ,1973,5941.0,
Kyrgyzstan,KGZ,1980,5848.0,
Kyrgyzstan,KGZ,1981,5789.0,
Kyrgyzstan,KGZ,1982,5726.0,
Kyrgyzstan,KGZ,1983,5992.0,
Kyrgyzstan,KGZ,1984,5952.0,
Kyrgyzstan,KGZ,1985,5616.0,
Kyrgyzstan,KGZ,1986,5413.0,
Kyrgyzstan,KGZ,1987,5241.0,
Kyrgyzstan,KGZ,1988,5679.0,
Kyrgyzstan,KGZ,1989,5719.0,
Kyrgyzstan,KGZ,1990,5742.0,
Kyrgyzstan,KGZ,1991,5161.9043,
Kyrgyzstan,KGZ,1992,4362.113,
Kyrgyzstan,KGZ,1993,3764.9421,
Kyrgyzstan,KGZ,1994,2993.828,
Kyrgyzstan,KGZ,1995,2776.0303,
Kyrgyzstan,KGZ,1996,2901.5542,
Kyrgyzstan,KGZ,1997,3114.675,
Kyrgyzstan,KGZ,1998,3105.961,
Kyrgyzstan,KGZ,1999,3144.4612,
Kyrgyzstan,KGZ,2000,3246.383,
Kyrgyzstan,KGZ,2001,3357.993,
Kyrgyzstan,KGZ,2002,3299.246,
Kyrgyzstan,KGZ,2003,3464.82,
Kyrgyzstan,KGZ,2004,3632.1472,
Kyrgyzstan,KGZ,2005,3554.1855,
Kyrgyzstan,KGZ,2006,3594.5652,
Kyrgyzstan,KGZ,2007,3831.4949,
Kyrgyzstan,KGZ,2008,4046.7207,
Kyrgyzstan,KGZ,2009,4075.834,
Kyrgyzstan,KGZ,2010,3977.649,
Kyrgyzstan,KGZ,2011,4142.0,
Kyrgyzstan,KGZ,2012,4103.82,
Kyrgyzstan,KGZ,2013,4509.7515,
Kyrgyzstan,KGZ,2014,4644.326,
Kyrgyzstan,KGZ,2015,4772.76,
Kyrgyzstan,KGZ,2016,4925.4097,
Kyrgyzstan,KGZ,2017,5104.14,
Kyrgyzstan,KGZ,2018,5226.4805,
Kyrgyzstan,KGZ,2019,5412.708,
Kyrgyzstan,KGZ,2020,4899.061,
Kyrgyzstan,KGZ,2021,5035.9272,
Kyrgyzstan,KGZ,2022,5304.841,
Laos,LAO,1950,697.0,
Laos,LAO,1951,706.0,
Laos,LAO,1952,714.0,
Laos,LAO,1953,722.0,
Laos,LAO,1954,730.0,
Laos,LAO,1955,738.0,
Laos,LAO,1956,744.0,
Laos,LAO,1957,751.0,
Laos,LAO,1958,759.0,
Laos,LAO,1959,765.0,
Laos,LAO,1960,771.0,
Laos,LAO,1961,779.0,
Laos,LAO,1962,787.0,
Laos,LAO,1963,794.0,
Laos,LAO,1964,802.0,
Laos,LAO,1965,810.0,
Laos,LAO,1966,818.0,
Laos,LAO,1967,826.0,
Laos,LAO,1968,834.0,
Laos,LAO,1969,842.0,
Laos,LAO,1970,850.0,
Laos,LAO,1971,875.0,
Laos,LAO,1972,886.0,
Laos,LAO,1973,944.0,
Laos,LAO,1974,958.0,
Laos,LAO,1975,999.0,
Laos,LAO,1976,1023.0,
Laos,LAO,1977,993.0,
Laos,LAO,1978,991.0,
Laos,LAO,1979,966.0,
Laos,LAO,1980,1054.0,
Laos,LAO,1981,1199.0,
Laos,LAO,1982,1256.0,
Laos,LAO,1983,1283.0,
Laos,LAO,1984,1344.0,
Laos,LAO,1985,1382.0,
Laos,LAO,1986,1409.0,
Laos,LAO,1987,1350.0,
Laos,LAO,1988,1286.0,
Laos,LAO,1989,1428.0,
Laos,LAO,1990,1481.0,
Laos,LAO,1991,1512.4799,
Laos,LAO,1992,1563.9058,
Laos,LAO,1993,1622.5546,
Laos,LAO,1994,1718.1158,
Laos,LAO,1995,1801.5441,
Laos,LAO,1996,1899.8959,
Laos,LAO,1997,2002.236,
Laos,LAO,1998,2050.8838,
Laos,LAO,1999,2167.7795,
Laos,LAO,2000,2262.2356,
Laos,LAO,2001,2365.1033,
Laos,LAO,2002,2486.9893,
Laos,LAO,2003,2625.3481,
Laos,LAO,2004,2784.6802,
Laos,LAO,2005,2948.6997,
Laos,LAO,2006,2896.1355,
Laos,LAO,2007,3389.364,
Laos,LAO,2008,3614.4768,
Laos,LAO,2009,3843.8298,
Laos,LAO,2010,4114.0103,
Laos,LAO,2011,4401.0,
Laos,LAO,2012,4670.0,
Laos,LAO,2013,4961.0,
Laos,LAO,2014,5251.0,
Laos,LAO,2015,5559.0,
Laos,LAO,2016,5859.663,
Laos,LAO,2017,6168.1704,
Laos,LAO,2018,6454.778,
Laos,LAO,2019,6706.0063,
Laos,LAO,2020,6824.144,
Laos,LAO,2021,6961.1216,
Laos,LAO,2022,7168.1904,
Latin America (Maddison),,1820,956.9071,
Latin America (Maddison),,1830,925.0,
Latin America (Maddison),,1840,1081.0,
Latin America (Maddison),,1850,1067.8584,
Latin America (Maddison),,1860,1588.0,
Latin America (Maddison),,1870,1292.8846,
Latin America (Maddison),,1880,1441.5989,
Latin America (Maddison),,1890,1672.813,
Latin America (Maddison),,1900,1713.7573,
Latin America (Maddison),,1910,2189.3704,
Latin America (Maddison),,1920,2332.3687,
Latin America (Maddison),,1930,2687.6016,
Latin America (Maddison),,1940,2984.4153,
Latin America (Maddison),,1950,3678.346,
Latin America (Maddison),,1960,4698.2524,
Latin America (Maddison),,1970,6193.1772,
Latin America (Maddison),,1980,8611.507,
Latin America (Maddison),,1990,8054.83,
Latin America (Maddison),,2000,10132.75,
Latin America (Maddison),,2010,13356.442,
Latin America (Maddison),,2015,14328.678,
Latin America (Maddison),,2016,14074.377,
Latin America (Maddison),,2017,14102.67,
Latin America (Maddison),,2018,14103.097,
Latin America (Maddison),,2019,13957.887,
Latin America (Maddison),,2020,12865.496,
Latin America (Maddison),,2021,13610.789,
Latin America (Maddison),,2022,14028.038,
Latvia,LVA,1973,12506.0,
Latvia,LVA,1980,13739.0,
Latvia,LVA,1981,13970.0,
Latvia,LVA,1982,14190.0,
Latvia,LVA,1983,14376.0,
Latvia,LVA,1984,14682.0,
Latvia,LVA,1985,14273.0,
Latvia,LVA,1986,14539.0,
Latvia,LVA,1987,14360.0,
Latvia,LVA,1988,14875.0,
Latvia,LVA,1989,15661.0,
Latvia,LVA,1990,15806.0,
Latvia,LVA,1991,13774.934,
Latvia,LVA,1992,9411.195,
Latvia,LVA,1993,8439.33,
Latvia,LVA,1994,8704.267,
Latvia,LVA,1995,8709.07,
Latvia,LVA,1996,8947.269,
Latvia,LVA,1997,9773.499,
Latvia,LVA,1998,10429.767,
Latvia,LVA,1999,10707.706,
Latvia,LVA,2000,11309.74,
Latvia,LVA,2001,12103.828,
Latvia,LVA,2002,13015.475,
Latvia,LVA,2003,14142.125,
Latvia,LVA,2004,15371.182,
Latvia,LVA,2005,17069.656,
Latvia,LVA,2006,19128.69,
Latvia,LVA,2007,21042.367,
Latvia,LVA,2008,20342.2,
Latvia,LVA,2009,17582.111,
Latvia,LVA,2010,17140.227,
Latvia,LVA,2011,18428.0,
Latvia,LVA,2012,19970.031,
Latvia,LVA,2013,20581.918,
Latvia,LVA,2014,21168.535,
Latvia,LVA,2015,22179.42,
Latvia,LVA,2016,22913.023,
Latvia,LVA,2017,23893.832,
Latvia,LVA,2018,25039.865,
Latvia,LVA,2019,25858.602,
Latvia,LVA,2020,25453.064,
Latvia,LVA,2021,26738.615,
Latvia,LVA,2022,27220.303,
Lebanon,LBN,1820,1084.0,
Lebanon,LBN,1870,1514.0,
Lebanon,LBN,1913,2311.0,
Lebanon,LBN,1950,3872.0,
Lebanon,LBN,1951,5150.0,
Lebanon,LBN,1952,5327.0,
Lebanon,LBN,1953,5968.0,
Lebanon,LBN,1954,6668.0,
Lebanon,LBN,1955,7010.0,
Lebanon,LBN,1956,6663.0,
Lebanon,LBN,1957,6599.0,
Lebanon,LBN,1958,5510.0,
Lebanon,LBN,1959,5818.0,
Lebanon,LBN,1960,5812.0,
Lebanon,LBN,1961,6027.0,
Lebanon,LBN,1962,6089.0,
Lebanon,LBN,1963,5973.0,
Lebanon,LBN,1964,6156.0,
Lebanon,LBN,1965,6572.0,
Lebanon,LBN,1966,6811.0,
Lebanon,LBN,1967,6295.0,
Lebanon,LBN,1968,6876.0,
Lebanon,LBN,1969,6824.0,
Lebanon,LBN,1970,7084.0,
Lebanon,LBN,1971,7533.0,
Lebanon,LBN,1972,8228.0,
Lebanon,LBN,1973,8397.0,
Lebanon,LBN,1974,8383.0,
Lebanon,LBN,1975,5742.0,
Lebanon,LBN,1976,2442.0,
Lebanon,LBN,1977,4417.0,
Lebanon,LBN,1978,4218.0,
Lebanon,LBN,1979,4536.0,
Lebanon,LBN,1980,4608.0,
Lebanon,LBN,1981,4549.0,
Lebanon,LBN,1982,2823.0,
Lebanon,LBN,1983,3402.0,
Lebanon,LBN,1984,4828.0,
Lebanon,LBN,1985,5895.0,
Lebanon,LBN,1986,5400.0,
Lebanon,LBN,1987,6202.0,
Lebanon,LBN,1988,4385.0,
Lebanon,LBN,1989,2488.0,
Lebanon,LBN,1990,3086.0,
Lebanon,LBN,1991,4326.2993,
Lebanon,LBN,1992,4618.0054,
Lebanon,LBN,1993,5053.2803,
Lebanon,LBN,1994,5585.667,
Lebanon,LBN,1995,6095.397,
Lebanon,LBN,1996,6567.4004,
Lebanon,LBN,1997,6581.053,
Lebanon,LBN,1998,6994.1567,
Lebanon,LBN,1999,7147.5547,
Lebanon,LBN,2000,7405.707,
Lebanon,LBN,2001,7836.8267,
Lebanon,LBN,2002,8248.101,
Lebanon,LBN,2003,8671.1875,
Lebanon,LBN,2004,9491.61,
Lebanon,LBN,2005,9933.082,
Lebanon,LBN,2006,10236.868,
Lebanon,LBN,2007,11276.507,
Lebanon,LBN,2008,12479.107,
Lebanon,LBN,2009,14039.346,
Lebanon,LBN,2010,15622.367,
Lebanon,LBN,2011,16230.0,
Lebanon,LBN,2012,16284.763,
Lebanon,LBN,2013,15145.569,
Lebanon,LBN,2014,13586.273,
Lebanon,LBN,2015,12982.721,
Lebanon,LBN,2016,13073.557,
Lebanon,LBN,2017,13209.284,
Lebanon,LBN,2018,13236.691,
Lebanon,LBN,2019,12854.797,
Lebanon,LBN,2020,10182.637,
Lebanon,LBN,2021,10573.861,
Lebanon,LBN,2022,10341.159,
Lesotho,LSO,1950,631.0,
Lesotho,LSO,1951,657.0,
Lesotho,LSO,1952,666.0,
Lesotho,LSO,1953,682.0,
Lesotho,LSO,1954,708.0,
Lesotho,LSO,1955,719.0,
Lesotho,LSO,1956,735.0,
Lesotho,LSO,1957,749.0,
Lesotho,LSO,1958,764.0,
Lesotho,LSO,1959,773.0,
Lesotho,LSO,1960,813.0,
Lesotho,LSO,1961,813.0,
Lesotho,LSO,1962,918.0,
Lesotho,LSO,1963,995.0,
Lesotho,LSO,1964,1054.0,
Lesotho,LSO,1965,1054.0,
Lesotho,LSO,1966,1025.0,
Lesotho,LSO,1967,1113.0,
Lesotho,LSO,1968,1084.0,
Lesotho,LSO,1969,1074.0,
Lesotho,LSO,1970,1073.0,
Lesotho,LSO,1971,952.0,
Lesotho,LSO,1972,1108.0,
Lesotho,LSO,1973,1364.0,
Lesotho,LSO,1974,1414.0,
Lesotho,LSO,1975,1270.0,
Lesotho,LSO,1976,1447.0,
Lesotho,LSO,1977,1658.0,
Lesotho,LSO,1978,1934.0,
Lesotho,LSO,1979,1678.0,
Lesotho,LSO,1980,1589.0,
Lesotho,LSO,1981,1564.0,
Lesotho,LSO,1982,1576.0,
Lesotho,LSO,1983,1561.0,
Lesotho,LSO,1984,1589.0,
Lesotho,LSO,1985,1600.0,
Lesotho,LSO,1986,1645.0,
Lesotho,LSO,1987,1621.0,
Lesotho,LSO,1988,1736.0,
Lesotho,LSO,1989,1804.0,
Lesotho,LSO,1990,1882.0,
Lesotho,LSO,1991,1853.543,
Lesotho,LSO,1992,1914.6238,
Lesotho,LSO,1993,1903.6763,
Lesotho,LSO,1994,1924.0946,
Lesotho,LSO,1995,1888.699,
Lesotho,LSO,1996,1931.6608,
Lesotho,LSO,1997,1940.3105,
Lesotho,LSO,1998,1922.6793,
Lesotho,LSO,1999,1923.9032,
Lesotho,LSO,2000,1967.4332,
Lesotho,LSO,2001,1997.3577,
Lesotho,LSO,2002,1959.028,
Lesotho,LSO,2003,2003.09,
Lesotho,LSO,2004,2004.0602,
Lesotho,LSO,2005,2013.8077,
Lesotho,LSO,2006,2056.3296,
Lesotho,LSO,2007,2106.84,
Lesotho,LSO,2008,2177.8574,
Lesotho,LSO,2009,2199.3948,
Lesotho,LSO,2010,2313.882,
Lesotho,LSO,2011,2346.0,
Lesotho,LSO,2012,2456.0,
Lesotho,LSO,2013,2559.0,
Lesotho,LSO,2014,2644.0,
Lesotho,LSO,2015,2710.0,
Lesotho,LSO,2016,2774.5996,
Lesotho,LSO,2017,2654.4136,
Lesotho,LSO,2018,2582.512,
Lesotho,LSO,2019,2514.2244,
Lesotho,LSO,2020,2297.383,
Lesotho,LSO,2021,2311.8909,
Lesotho,LSO,2022,2312.9583,
Liberia,LBR,1845,1252.8423,
Liberia,LBR,1846,1258.6559,
Liberia,LBR,1847,1264.4696,
Liberia,LBR,1848,1270.2832,
Liberia,LBR,1849,1276.0969,
Liberia,LBR,1850,1281.9105,
Liberia,LBR,1851,1287.7241,
Liberia,LBR,1852,1290.631,
Liberia,LBR,1853,1293.5378,
Liberia,LBR,1854,1290.631,
Liberia,LBR,1855,1299.3514,
Liberia,LBR,1856,1310.9788,
Liberia,LBR,1857,1281.9105,
Liberia,LBR,1858,1287.7241,
Liberia,LBR,1859,1331.3265,
Liberia,LBR,1860,1401.0905,
Liberia,LBR,1861,1415.6245,
Liberia,LBR,1862,1502.8293,
Liberia,LBR,1863,1479.5747,
Liberia,LBR,1864,1459.2269,
Liberia,LBR,1865,1441.786,
Liberia,LBR,1866,1418.5314,
Liberia,LBR,1867,1401.0905,
Liberia,LBR,1868,1380.7427,
Liberia,LBR,1869,1438.8792,
Liberia,LBR,1870,1558.0591,
Liberia,LBR,1871,1616.1956,
Liberia,LBR,1872,1662.7048,
Liberia,LBR,1873,1398.1836,
Liberia,LBR,1874,1433.0656,
Liberia,LBR,1875,1433.0656,
Liberia,LBR,1876,1479.5747,
Liberia,LBR,1877,1494.1089,
Liberia,LBR,1878,1520.2703,
Liberia,LBR,1879,1555.1522,
Liberia,LBR,1880,1569.6864,
Liberia,LBR,1881,1595.8478,
Liberia,LBR,1882,1619.1024,
Liberia,LBR,1883,1706.3073,
Liberia,LBR,1884,1648.1707,
Liberia,LBR,1885,1668.5184,
Liberia,LBR,1886,1630.7297,
Liberia,LBR,1887,1578.4069,
Liberia,LBR,1888,1528.9907,
Liberia,LBR,1889,1528.9907,
Liberia,LBR,1890,1517.3635,
Liberia,LBR,1891,1523.1771,
Liberia,LBR,1892,1523.1771,
Liberia,LBR,1893,1540.618,
Liberia,LBR,1894,1459.2269,
Liberia,LBR,1895,1459.2269,
Liberia,LBR,1896,1398.1836,
Liberia,LBR,1897,1337.1403,
Liberia,LBR,1898,1337.1403,
Liberia,LBR,1899,1421.4382,
Liberia,LBR,1900,1401.0905,
Liberia,LBR,1901,1363.3016,
Liberia,LBR,1902,1395.2767,
Liberia,LBR,1903,1479.5747,
Liberia,LBR,1904,1467.9474,
Liberia,LBR,1905,1427.2518,
Liberia,LBR,1906,1549.3385,
Liberia,LBR,1907,1590.0342,
Liberia,LBR,1908,1590.0342,
Liberia,LBR,1909,1622.0093,
Liberia,LBR,1910,1613.2887,
Liberia,LBR,1911,1627.8229,
Liberia,LBR,1912,1683.0526,
Liberia,LBR,1913,1709.214,
Liberia,LBR,1914,1528.9907,
Liberia,LBR,1915,1395.2767,
Liberia,LBR,1916,1322.6061,
Liberia,LBR,1917,1360.3948,
Liberia,LBR,1918,1383.6494,
Liberia,LBR,1919,1401.0905,
Liberia,LBR,1920,1424.345,
Liberia,LBR,1921,1372.0221,
Liberia,LBR,1922,1421.4382,
Liberia,LBR,1923,1456.3201,
Liberia,LBR,1924,1511.5498,
Liberia,LBR,1925,1598.7546,
Liberia,LBR,1926,1566.7795,
Liberia,LBR,1927,1555.1522,
Liberia,LBR,1928,1517.3635,
Liberia,LBR,1929,1514.4567,
Liberia,LBR,1930,1383.6494,
Liberia,LBR,1931,1357.488,
Liberia,LBR,1932,1360.3948,
Liberia,LBR,1933,1348.7676,
Liberia,LBR,1934,1337.1403,
Liberia,LBR,1935,1369.1154,
Liberia,LBR,1936,1465.0406,
Liberia,LBR,1937,1572.5931,
Liberia,LBR,1938,1549.3385,
Liberia,LBR,1939,1636.5433,
Liberia,LBR,1940,1680.1458,
Liberia,LBR,1941,1840.0212,
Liberia,LBR,1942,1985.3625,
Liberia,LBR,1943,2162.679,
Liberia,LBR,1944,2284.7656,
Liberia,LBR,1945,2354.5295,
Liberia,LBR,1946,2342.902,
Liberia,LBR,1947,2267.3247,
Liberia,LBR,1948,2360.3433,
Liberia,LBR,1949,2348.7158,
Liberia,LBR,1950,3151.0,
Liberia,LBR,1951,3257.0,
Liberia,LBR,1952,3277.0,
Liberia,LBR,1953,3325.0,
Liberia,LBR,1954,3427.0,
Liberia,LBR,1955,3454.0,
Liberia,LBR,1956,3494.0,
Liberia,LBR,1957,3537.0,
Liberia,LBR,1958,3545.0,
Liberia,LBR,1959,3655.0,
Liberia,LBR,1960,3674.0,
Liberia,LBR,1961,3663.0,
Liberia,LBR,1962,3612.0,
Liberia,LBR,1963,3598.0,
Liberia,LBR,1964,3679.0,
Liberia,LBR,1965,3639.0,
Liberia,LBR,1966,4208.0,
Liberia,LBR,1967,4065.0,
Liberia,LBR,1968,4136.0,
Liberia,LBR,1969,4309.0,
Liberia,LBR,1970,4457.0,
Liberia,LBR,1971,4544.0,
Liberia,LBR,1972,4568.0,
Liberia,LBR,1973,4603.0,
Liberia,LBR,1974,4616.0,
Liberia,LBR,1975,4326.0,
Liberia,LBR,1976,4415.0,
Liberia,LBR,1977,4339.0,
Liberia,LBR,1978,4463.0,
Liberia,LBR,1979,4546.0,
Liberia,LBR,1980,4138.0,
Liberia,LBR,1981,3862.0,
Liberia,LBR,1982,3813.0,
Liberia,LBR,1983,3572.0,
Liberia,LBR,1984,3443.0,
Liberia,LBR,1985,3269.0,
Liberia,LBR,1986,3129.0,
Liberia,LBR,1987,3084.0,
Liberia,LBR,1988,3070.0,
Liberia,LBR,1989,3054.0,
Liberia,LBR,1990,1690.0,
Liberia,LBR,1991,1568.4043,
Liberia,LBR,1992,915.1206,
Liberia,LBR,1993,560.333,
Liberia,LBR,1994,418.12158,
Liberia,LBR,1995,377.58008,
Liberia,LBR,1996,391.0859,
Liberia,LBR,1997,701.7854,
Liberia,LBR,1998,772.67645,
Liberia,LBR,1999,848.42114,
Liberia,LBR,2000,971.93304,
Liberia,LBR,2001,1097.2496,
Liberia,LBR,2002,1342.7588,
Liberia,LBR,2003,851.91095,
Liberia,LBR,2004,760.8758,
Liberia,LBR,2005,755.2236,
Liberia,LBR,2006,769.29297,
Liberia,LBR,2007,768.20703,
Liberia,LBR,2008,811.158,
Liberia,LBR,2009,838.452,
Liberia,LBR,2010,854.235,
Liberia,LBR,2011,820.0,
Liberia,LBR,2012,853.0,
Liberia,LBR,2013,900.0,
Liberia,LBR,2014,884.0,
Liberia,LBR,2015,865.0,
Liberia,LBR,2016,843.52625,
Liberia,LBR,2017,848.2952,
Liberia,LBR,2018,842.37573,
Liberia,LBR,2019,807.3494,
Liberia,LBR,2020,768.40546,
Liberia,LBR,2021,790.2841,
Liberia,LBR,2022,811.2146,
Libya,LBY,1950,620.0,
Libya,LBY,1951,668.0,
Libya,LBY,1952,697.0,
Libya,LBY,1953,685.0,
Libya,LBY,1954,662.0,
Libya,LBY,1955,807.0,
Libya,LBY,1956,950.0,
Libya,LBY,1957,958.0,
Libya,LBY,1958,1020.0,
Libya,LBY,1959,1063.0,
Libya,LBY,1960,1323.0,
Libya,LBY,1961,1400.0,
Libya,LBY,1962,1788.0,
Libya,LBY,1963,2322.0,
Libya,LBY,1964,3156.0,
Libya,LBY,1965,3889.0,
Libya,LBY,1966,4417.0,
Libya,LBY,1967,4733.0,
Libya,LBY,1968,6071.0,
Libya,LBY,1969,6539.0,
Libya,LBY,1970,6591.0,
Libya,LBY,1971,6008.0,
Libya,LBY,1972,6237.0,
Libya,LBY,1973,6005.0,
Libya,LBY,1974,6923.0,
Libya,LBY,1975,6872.0,
Libya,LBY,1976,8142.0,
Libya,LBY,1977,8682.0,
Libya,LBY,1978,8730.0,
Libya,LBY,1979,9086.0,
Libya,LBY,1980,8741.0,
Libya,LBY,1981,6760.0,
Libya,LBY,1982,6661.0,
Libya,LBY,1983,6237.0,
Libya,LBY,1984,5695.0,
Libya,LBY,1985,6092.0,
Libya,LBY,1986,5370.0,
Libya,LBY,1987,4465.0,
Libya,LBY,1988,4670.0,
Libya,LBY,1989,4873.0,
Libya,LBY,1990,4921.0,
Libya,LBY,1991,5977.337,
Libya,LBY,1992,6113.3535,
Libya,LBY,1993,6190.681,
Libya,LBY,1994,6645.0767,
Libya,LBY,1995,6898.952,
Libya,LBY,1996,7543.9355,
Libya,LBY,1997,8422.215,
Libya,LBY,1998,8545.48,
Libya,LBY,1999,9064.067,
Libya,LBY,2000,9770.98,
Libya,LBY,2001,10354.482,
Libya,LBY,2002,10787.675,
Libya,LBY,2003,12870.574,
Libya,LBY,2004,14193.259,
Libya,LBY,2005,16538.557,
Libya,LBY,2006,18657.062,
Libya,LBY,2007,20731.719,
Libya,LBY,2008,25140.6,
Libya,LBY,2009,26403.787,
Libya,LBY,2010,29157.143,
Libya,LBY,2011,12893.0,
Libya,LBY,2012,25302.516,
Libya,LBY,2013,20190.09,
Libya,LBY,2014,15154.099,
Libya,LBY,2015,14720.548,
Libya,LBY,2016,14219.172,
Libya,LBY,2017,18455.953,
Libya,LBY,2018,19504.555,
Libya,LBY,2019,16971.502,
Libya,LBY,2020,11741.864,
Libya,LBY,2021,14797.098,
Libya,LBY,2022,12755.204,
Lithuania,LTU,1973,12103.0,
Lithuania,LTU,1980,12734.0,
Lithuania,LTU,1981,13190.0,
Lithuania,LTU,1982,13654.0,
Lithuania,LTU,1983,13718.0,
Lithuania,LTU,1984,13796.0,
Lithuania,LTU,1985,13287.0,
Lithuania,LTU,1986,13667.0,
Lithuania,LTU,1987,13831.0,
Lithuania,LTU,1988,14851.0,
Lithuania,LTU,1989,14693.0,
Lithuania,LTU,1990,13809.0,
Lithuania,LTU,1991,12999.309,
Lithuania,LTU,1992,10240.939,
Lithuania,LTU,1993,8621.097,
Lithuania,LTU,1994,7830.0054,
Lithuania,LTU,1995,8299.47,
Lithuania,LTU,1996,8793.701,
Lithuania,LTU,1997,9592.64,
Lithuania,LTU,1998,10382.117,
Lithuania,LTU,1999,10336.3955,
Lithuania,LTU,2000,10806.874,
Lithuania,LTU,2001,11606.729,
Lithuania,LTU,2002,12490.621,
Lithuania,LTU,2003,13917.508,
Lithuania,LTU,2004,14995.767,
Lithuania,LTU,2005,16417.95,
Lithuania,LTU,2006,17916.059,
Lithuania,LTU,2007,20138.473,
Lithuania,LTU,2008,20879.803,
Lithuania,LTU,2009,17983.35,
Lithuania,LTU,2010,18663.762,
Lithuania,LTU,2011,20243.0,
Lithuania,LTU,2012,21305.004,
Lithuania,LTU,2013,22285.684,
Lithuania,LTU,2014,23273.172,
Lithuania,LTU,2015,23968.848,
Lithuania,LTU,2016,24886.84,
Lithuania,LTU,2017,26318.023,
Lithuania,LTU,2018,27631.46,
Lithuania,LTU,2019,28986.053,
Lithuania,LTU,2020,28971.844,
Lithuania,LTU,2021,30557.03,
Lithuania,LTU,2022,30863.32,
Luxembourg,LUX,1950,13378.0,
Luxembourg,LUX,1951,12337.0,
Luxembourg,LUX,1952,13162.0,
Luxembourg,LUX,1953,13256.0,
Luxembourg,LUX,1954,13238.0,
Luxembourg,LUX,1955,13818.0,
Luxembourg,LUX,1956,14343.0,
Luxembourg,LUX,1957,14961.0,
Luxembourg,LUX,1958,15093.0,
Luxembourg,LUX,1959,15382.0,
Luxembourg,LUX,1960,15870.0,
Luxembourg,LUX,1961,16349.0,
Luxembourg,LUX,1962,16370.0,
Luxembourg,LUX,1963,16766.0,
Luxembourg,LUX,1964,17864.0,
Luxembourg,LUX,1965,18002.0,
Luxembourg,LUX,1966,18084.0,
Luxembourg,LUX,1967,18066.0,
Luxembourg,LUX,1968,18774.0,
Luxembourg,LUX,1969,20516.0,
Luxembourg,LUX,1970,20763.0,
Luxembourg,LUX,1971,21117.0,
Luxembourg,LUX,1972,22236.0,
Luxembourg,LUX,1973,23820.0,
Luxembourg,LUX,1974,24503.0,
Luxembourg,LUX,1975,22643.0,
Luxembourg,LUX,1976,23100.0,
Luxembourg,LUX,1977,23417.0,
Luxembourg,LUX,1978,24331.0,
Luxembourg,LUX,1979,24836.0,
Luxembourg,LUX,1980,24951.0,
Luxembourg,LUX,1981,25136.0,
Luxembourg,LUX,1982,25005.0,
Luxembourg,LUX,1983,25738.0,
Luxembourg,LUX,1984,27303.0,
Luxembourg,LUX,1985,28032.0,
Luxembourg,LUX,1986,30051.0,
Luxembourg,LUX,1987,30533.0,
Luxembourg,LUX,1988,33351.0,
Luxembourg,LUX,1989,36442.0,
Luxembourg,LUX,1990,36706.0,
Luxembourg,LUX,1991,39198.3,
Luxembourg,LUX,1992,39231.594,
Luxembourg,LUX,1993,40179.496,
Luxembourg,LUX,1994,40990.71,
Luxembourg,LUX,1995,40838.566,
Luxembourg,LUX,1996,40687.902,
Luxembourg,LUX,1997,42311.344,
Luxembourg,LUX,1998,44142.56,
Luxembourg,LUX,1999,47061.11,
Luxembourg,LUX,2000,50063.824,
Luxembourg,LUX,2001,50527.664,
Luxembourg,LUX,2002,51709.734,
Luxembourg,LUX,2003,51717.03,
Luxembourg,LUX,2004,52624.164,
Luxembourg,LUX,2005,53262.094,
Luxembourg,LUX,2006,54920.81,
Luxembourg,LUX,2007,58369.703,
Luxembourg,LUX,2008,56383.19,
Luxembourg,LUX,2009,52731.39,
Luxembourg,LUX,2010,54086.336,
Luxembourg,LUX,2011,54031.0,
Luxembourg,LUX,2012,53675.46,
Luxembourg,LUX,2013,53973.395,
Luxembourg,LUX,2014,54100.086,
Luxembourg,LUX,2015,54251.45,
Luxembourg,LUX,2016,55516.098,
Luxembourg,LUX,2017,55037.188,
Luxembourg,LUX,2018,54625.96,
Luxembourg,LUX,2019,54751.6,
Luxembourg,LUX,2020,53489.332,
Luxembourg,LUX,2021,55346.676,
Luxembourg,LUX,2022,55484.777,
Madagascar,MDG,1950,1516.0,
Madagascar,MDG,1951,1549.0,
Madagascar,MDG,1952,1581.0,
Madagascar,MDG,1953,1613.0,
Madagascar,MDG,1954,1645.0,
Madagascar,MDG,1955,1677.0,
Madagascar,MDG,1956,1709.0,
Madagascar,MDG,1957,1741.0,
Madagascar,MDG,1958,1773.0,
Madagascar,MDG,1959,1804.0,
Madagascar,MDG,1960,1793.0,
Madagascar,MDG,1961,1795.0,
Madagascar,MDG,1962,1800.0,
Madagascar,MDG,1963,1747.0,
Madagascar,MDG,1964,1779.0,
Madagascar,MDG,1965,1734.0,
Madagascar,MDG,1966,1733.0,
Madagascar,MDG,1967,1790.0,
Madagascar,MDG,1968,1871.0,
Madagascar,MDG,1969,1900.0,
Madagascar,MDG,1970,1954.0,
Madagascar,MDG,1971,1986.0,
Madagascar,MDG,1972,1916.0,
Madagascar,MDG,1973,1824.0,
Madagascar,MDG,1974,1816.0,
Madagascar,MDG,1975,1795.0,
Madagascar,MDG,1976,1694.0,
Madagascar,MDG,1977,1691.0,
Madagascar,MDG,1978,1604.0,
Madagascar,MDG,1979,1714.0,
Madagascar,MDG,1980,1680.0,
Madagascar,MDG,1981,1492.0,
Madagascar,MDG,1982,1423.0,
Madagascar,MDG,1983,1395.0,
Madagascar,MDG,1984,1305.0,
Madagascar,MDG,1985,1296.0,
Madagascar,MDG,1986,1267.0,
Madagascar,MDG,1987,1258.0,
Madagascar,MDG,1988,1240.0,
Madagascar,MDG,1989,1251.0,
Madagascar,MDG,1990,1262.0,
Madagascar,MDG,1991,1160.6705,
Madagascar,MDG,1992,1152.6461,
Madagascar,MDG,1993,1154.1895,
Madagascar,MDG,1994,1132.1718,
Madagascar,MDG,1995,1129.8485,
Madagascar,MDG,1996,1132.4437,
Madagascar,MDG,1997,1152.1545,
Madagascar,MDG,1998,1174.2272,
Madagascar,MDG,1999,1206.8938,
Madagascar,MDG,2000,1238.7764,
Madagascar,MDG,2001,1290.1064,
Madagascar,MDG,2002,1110.8217,
Madagascar,MDG,2003,1198.4432,
Madagascar,MDG,2004,1239.897,
Madagascar,MDG,2005,1276.4868,
Madagascar,MDG,2006,1322.4795,
Madagascar,MDG,2007,1384.185,
Madagascar,MDG,2008,1458.7854,
Madagascar,MDG,2009,1367.6863,
Madagascar,MDG,2010,1349.6199,
Madagascar,MDG,2011,1347.0,
Madagascar,MDG,2012,1350.6381,
Madagascar,MDG,2013,1345.351,
Madagascar,MDG,2014,1354.1407,
Madagascar,MDG,2015,1360.7545,
Madagascar,MDG,2016,1379.3699,
Madagascar,MDG,2017,1398.0183,
Madagascar,MDG,2018,1407.4424,
Madagascar,MDG,2019,1434.2703,
Madagascar,MDG,2020,1300.5428,
Madagascar,MDG,2021,1343.4438,
Madagascar,MDG,2022,1367.0938,
Malawi,MWI,1904,424.89474,
Malawi,MWI,1905,423.33264,
Malawi,MWI,1906,423.33264,
Malawi,MWI,1907,417.0842,
Malawi,MWI,1908,417.0842,
Malawi,MWI,1909,428.01898,
Malawi,MWI,1910,424.89474,
Malawi,MWI,1911,432.70532,
Malawi,MWI,1912,438.95377,
Malawi,MWI,1913,487.37927,
Malawi,MWI,1915,492.1111,
Malawi,MWI,1917,473.0,
Malawi,MWI,1918,447.51852,
Malawi,MWI,1919,437.96295,
Malawi,MWI,1920,430.0,
Malawi,MWI,1921,426.81482,
Malawi,MWI,1922,431.5926,
Malawi,MWI,1923,457.07407,
Malawi,MWI,1924,495.2963,
Malawi,MWI,1925,519.1852,
Malawi,MWI,1926,471.4074,
Malawi,MWI,1927,504.85184,
Malawi,MWI,1928,504.85184,
Malawi,MWI,1929,504.85184,
Malawi,MWI,1930,512.8148,
Malawi,MWI,1931,629.0741,
Malawi,MWI,1932,629.0741,
Malawi,MWI,1933,683.2222,
Malawi,MWI,1934,649.7778,
Malawi,MWI,1935,649.7778,
Malawi,MWI,1936,684.8148,
Malawi,MWI,1937,694.37036,
Malawi,MWI,1938,691.1852,
Malawi,MWI,1939,683.2222,
Malawi,MWI,1940,686.4074,
Malawi,MWI,1941,684.8148,
Malawi,MWI,1948,514.4074,
Malawi,MWI,1949,560.5926,
Malawi,MWI,1950,516.0,
Malawi,MWI,1951,529.0,
Malawi,MWI,1952,540.0,
Malawi,MWI,1953,553.0,
Malawi,MWI,1954,566.0,
Malawi,MWI,1955,564.0,
Malawi,MWI,1956,599.0,
Malawi,MWI,1957,610.0,
Malawi,MWI,1958,618.0,
Malawi,MWI,1959,626.0,
Malawi,MWI,1960,628.0,
Malawi,MWI,1961,644.0,
Malawi,MWI,1962,626.0,
Malawi,MWI,1963,599.0,
Malawi,MWI,1964,572.0,
Malawi,MWI,1965,633.0,
Malawi,MWI,1966,679.0,
Malawi,MWI,1967,725.0,
Malawi,MWI,1968,697.0,
Malawi,MWI,1969,722.0,
Malawi,MWI,1970,713.0,
Malawi,MWI,1971,794.0,
Malawi,MWI,1972,851.0,
Malawi,MWI,1973,896.0,
Malawi,MWI,1974,928.0,
Malawi,MWI,1975,934.0,
Malawi,MWI,1976,942.0,
Malawi,MWI,1977,961.0,
Malawi,MWI,1978,1015.0,
Malawi,MWI,1979,1030.0,
Malawi,MWI,1980,1004.0,
Malawi,MWI,1981,925.0,
Malawi,MWI,1982,904.0,
Malawi,MWI,1983,913.0,
Malawi,MWI,1984,925.0,
Malawi,MWI,1985,966.0,
Malawi,MWI,1986,936.0,
Malawi,MWI,1987,905.0,
Malawi,MWI,1988,872.0,
Malawi,MWI,1989,864.0,
Malawi,MWI,1990,861.0,
Malawi,MWI,1991,899.9751,
Malawi,MWI,1992,802.9305,
Malawi,MWI,1993,865.7632,
Malawi,MWI,1994,791.55005,
Malawi,MWI,1995,906.879,
Malawi,MWI,1996,972.82135,
Malawi,MWI,1997,1005.8521,
Malawi,MWI,1998,986.0287,
Malawi,MWI,1999,989.83594,
Malawi,MWI,2000,967.0872,
Malawi,MWI,2001,899.2305,
Malawi,MWI,2002,886.1978,
Malawi,MWI,2003,905.7955,
Malawi,MWI,2004,922.7613,
Malawi,MWI,2005,920.0499,
Malawi,MWI,2006,929.4762,
Malawi,MWI,2007,982.39166,
Malawi,MWI,2008,1017.8208,
Malawi,MWI,2009,1061.9495,
Malawi,MWI,2010,1091.5876,
Malawi,MWI,2011,1102.0,
Malawi,MWI,2012,1089.3064,
Malawi,MWI,2013,1112.7039,
Malawi,MWI,2014,1142.9807,
Malawi,MWI,2015,1144.3241,
Malawi,MWI,2016,1138.7363,
Malawi,MWI,2017,1153.043,
Malawi,MWI,2018,1172.6713,
Malawi,MWI,2019,1205.477,
Malawi,MWI,2020,1186.6827,
Malawi,MWI,2021,1211.2092,
Malawi,MWI,2022,1190.0509,
Malaysia,MYS,1820,961.0,
Malaysia,MYS,1870,1055.0,
Malaysia,MYS,1900,817.74304,
Malaysia,MYS,1901,950.5307,
Malaysia,MYS,1902,1018.35754,
Malaysia,MYS,1903,881.7486,
Malaysia,MYS,1904,822.51953,
Malaysia,MYS,1905,863.5978,
Malaysia,MYS,1906,794.8156,
Malaysia,MYS,1907,852.1341,
Malaysia,MYS,1908,983.9665,
Malaysia,MYS,1909,919.0056,
Malaysia,MYS,1910,1073.7654,
Malaysia,MYS,1911,1133.9497,
Malaysia,MYS,1912,1093.8268,
Malaysia,MYS,1913,1288.7095,
Malaysia,MYS,1914,1445.3799,
Malaysia,MYS,1915,1541.866,
Malaysia,MYS,1916,1389.0167,
Malaysia,MYS,1917,1718.5978,
Malaysia,MYS,1918,1795.0223,
Malaysia,MYS,1919,1877.1787,
Malaysia,MYS,1920,1786.4246,
Malaysia,MYS,1921,2172.3687,
Malaysia,MYS,1922,2404.5083,
Malaysia,MYS,1923,2052.0,
Malaysia,MYS,1924,2044.3575,
Malaysia,MYS,1925,1732.9274,
Malaysia,MYS,1926,2179.056,
Malaysia,MYS,1927,2049.134,
Malaysia,MYS,1928,2537.2961,
Malaysia,MYS,1929,3220.3408,
Malaysia,MYS,1930,3147.7375,
Malaysia,MYS,1931,3072.268,
Malaysia,MYS,1932,2792.363,
Malaysia,MYS,1933,2790.4524,
Malaysia,MYS,1934,2805.7375,
Malaysia,MYS,1935,2688.2346,
Malaysia,MYS,1936,2906.0447,
Malaysia,MYS,1937,3162.0671,
Malaysia,MYS,1938,2515.324,
Malaysia,MYS,1939,2565.0,
Malaysia,MYS,1940,2037.0,
Malaysia,MYS,1941,1973.0,
Malaysia,MYS,1942,2667.0,
Malaysia,MYS,1947,1704.0,
Malaysia,MYS,1948,1889.0,
Malaysia,MYS,1949,2440.0,
Malaysia,MYS,1950,2485.0,
Malaysia,MYS,1951,2295.0,
Malaysia,MYS,1952,2345.0,
Malaysia,MYS,1953,2295.0,
Malaysia,MYS,1954,2375.0,
Malaysia,MYS,1955,2327.0,
Malaysia,MYS,1956,2399.0,
Malaysia,MYS,1957,2319.0,
Malaysia,MYS,1958,2252.0,
Malaysia,MYS,1959,2338.0,
Malaysia,MYS,1960,2439.0,
Malaysia,MYS,1961,2538.0,
Malaysia,MYS,1962,2609.0,
Malaysia,MYS,1963,2660.0,
Malaysia,MYS,1964,2754.0,
Malaysia,MYS,1965,2876.0,
Malaysia,MYS,1966,2942.0,
Malaysia,MYS,1967,2917.0,
Malaysia,MYS,1968,3096.0,
Malaysia,MYS,1969,3196.0,
Malaysia,MYS,1970,3314.0,
Malaysia,MYS,1971,3475.0,
Malaysia,MYS,1972,3649.0,
Malaysia,MYS,1973,4081.0,
Malaysia,MYS,1974,4285.0,
Malaysia,MYS,1975,4221.0,
Malaysia,MYS,1976,4638.0,
Malaysia,MYS,1977,4903.0,
Malaysia,MYS,1978,5214.0,
Malaysia,MYS,1979,5510.0,
Malaysia,MYS,1980,5829.0,
Malaysia,MYS,1981,6095.0,
Malaysia,MYS,1982,6303.0,
Malaysia,MYS,1983,6529.0,
Malaysia,MYS,1984,6867.0,
Malaysia,MYS,1985,6626.0,
Malaysia,MYS,1986,6543.0,
Malaysia,MYS,1987,6723.0,
Malaysia,MYS,1988,7144.0,
Malaysia,MYS,1989,7634.0,
Malaysia,MYS,1990,8179.0,
Malaysia,MYS,1991,8781.209,
Malaysia,MYS,1992,9383.933,
Malaysia,MYS,1993,10131.93,
Malaysia,MYS,1994,10867.256,
Malaysia,MYS,1995,11725.093,
Malaysia,MYS,1996,12668.668,
Malaysia,MYS,1997,13344.57,
Malaysia,MYS,1998,12129.636,
Malaysia,MYS,1999,12636.607,
Malaysia,MYS,2000,13474.701,
Malaysia,MYS,2001,13307.215,
Malaysia,MYS,2002,13809.872,
Malaysia,MYS,2003,14362.155,
Malaysia,MYS,2004,15087.251,
Malaysia,MYS,2005,15651.118,
Malaysia,MYS,2006,16353.924,
Malaysia,MYS,2007,17209.584,
Malaysia,MYS,2008,17865.64,
Malaysia,MYS,2009,17430.445,
Malaysia,MYS,2010,18574.299,
Malaysia,MYS,2011,19390.0,
Malaysia,MYS,2012,20162.178,
Malaysia,MYS,2013,20819.164,
Malaysia,MYS,2014,21769.006,
Malaysia,MYS,2015,22550.342,
Malaysia,MYS,2016,23251.902,
Malaysia,MYS,2017,24301.559,
Malaysia,MYS,2018,25175.799,
Malaysia,MYS,2019,25986.412,
Malaysia,MYS,2020,24279.316,
Malaysia,MYS,2021,24764.65,
Malaysia,MYS,2022,26628.707,
Mali,MLI,1950,728.0,
Mali,MLI,1951,740.0,
Mali,MLI,1952,752.0,
Mali,MLI,1953,765.0,
Mali,MLI,1954,778.0,
Mali,MLI,1955,791.0,
Mali,MLI,1956,803.0,
Mali,MLI,1957,816.0,
Mali,MLI,1958,830.0,
Mali,MLI,1959,845.0,
Mali,MLI,1960,851.0,
Mali,MLI,1961,840.0,
Mali,MLI,1962,827.0,
Mali,MLI,1963,866.0,
Mali,MLI,1964,888.0,
Mali,MLI,1965,881.0,
Mali,MLI,1966,899.0,
Mali,MLI,1967,910.0,
Mali,MLI,1968,923.0,
Mali,MLI,1969,899.0,
Mali,MLI,1970,934.0,
Mali,MLI,1971,945.0,
Mali,MLI,1972,971.0,
Mali,MLI,1973,926.0,
Mali,MLI,1974,883.0,
Mali,MLI,1975,982.0,
Mali,MLI,1976,1090.0,
Mali,MLI,1977,1148.0,
Mali,MLI,1978,1101.0,
Mali,MLI,1979,1345.0,
Mali,MLI,1980,1168.0,
Mali,MLI,1981,1111.0,
Mali,MLI,1982,1030.0,
Mali,MLI,1983,1057.0,
Mali,MLI,1984,1084.0,
Mali,MLI,1985,1089.0,
Mali,MLI,1986,1138.0,
Mali,MLI,1987,1138.0,
Mali,MLI,1988,1116.0,
Mali,MLI,1989,1205.0,
Mali,MLI,1990,1191.0,
Mali,MLI,1991,1186.7577,
Mali,MLI,1992,1115.406,
Mali,MLI,1993,1115.1002,
Mali,MLI,1994,1111.7854,
Mali,MLI,1995,1100.2433,
Mali,MLI,1996,1130.5096,
Mali,MLI,1997,1160.9517,
Mali,MLI,1998,1167.4326,
Mali,MLI,1999,1192.3168,
Mali,MLI,2000,1153.0461,
Mali,MLI,2001,1309.2559,
Mali,MLI,2002,1321.3389,
Mali,MLI,2003,1391.2634,
Mali,MLI,2004,1366.983,
Mali,MLI,2005,1414.7927,
Mali,MLI,2006,1438.2079,
Mali,MLI,2007,1441.2059,
Mali,MLI,2008,1460.496,
Mali,MLI,2009,1477.4183,
Mali,MLI,2010,1504.9956,
Mali,MLI,2011,1500.0,
Mali,MLI,2012,1449.1959,
Mali,MLI,2013,1444.1879,
Mali,MLI,2014,1505.6677,
Mali,MLI,2015,1555.8046,
Mali,MLI,2016,1602.7819,
Mali,MLI,2017,1642.5182,
Mali,MLI,2018,1673.8774,
Mali,MLI,2019,1706.0105,
Mali,MLI,2020,1638.9304,
Mali,MLI,2021,1643.0144,
Mali,MLI,2022,1651.9413,
Malta,MLT,1950,1573.0,
Malta,MLT,1951,1642.0,
Malta,MLT,1952,1701.0,
Malta,MLT,1953,1779.0,
Malta,MLT,1954,1844.0,
Malta,MLT,1955,1930.0,
Malta,MLT,1956,2150.0,
Malta,MLT,1957,2144.0,
Malta,MLT,1958,2255.0,
Malta,MLT,1959,2278.0,
Malta,MLT,1960,2383.0,
Malta,MLT,1961,2361.0,
Malta,MLT,1962,2260.0,
Malta,MLT,1963,2263.0,
Malta,MLT,1964,2343.0,
Malta,MLT,1965,2539.0,
Malta,MLT,1966,2828.0,
Malta,MLT,1967,3014.0,
Malta,MLT,1968,3309.0,
Malta,MLT,1969,3483.0,
Malta,MLT,1970,3889.0,
Malta,MLT,1971,3987.0,
Malta,MLT,1972,4299.0,
Malta,MLT,1973,4442.0,
Malta,MLT,1974,4863.0,
Malta,MLT,1975,5738.0,
Malta,MLT,1976,6684.0,
Malta,MLT,1977,7438.0,
Malta,MLT,1978,8080.0,
Malta,MLT,1979,8745.0,
Malta,MLT,1980,8920.0,
Malta,MLT,1981,9224.0,
Malta,MLT,1982,9526.0,
Malta,MLT,1983,9586.0,
Malta,MLT,1984,9797.0,
Malta,MLT,1985,10176.0,
Malta,MLT,1986,10584.0,
Malta,MLT,1987,10943.0,
Malta,MLT,1988,11765.0,
Malta,MLT,1989,12607.0,
Malta,MLT,1990,13259.0,
Malta,MLT,1991,13834.927,
Malta,MLT,1992,14341.302,
Malta,MLT,1993,14840.319,
Malta,MLT,1994,15539.06,
Malta,MLT,1995,16417.174,
Malta,MLT,1996,16932.047,
Malta,MLT,1997,17694.79,
Malta,MLT,1998,18488.666,
Malta,MLT,1999,19254.365,
Malta,MLT,2000,20434.549,
Malta,MLT,2001,20413.05,
Malta,MLT,2002,20873.984,
Malta,MLT,2003,21273.135,
Malta,MLT,2004,21233.002,
Malta,MLT,2005,21905.215,
Malta,MLT,2006,22233.717,
Malta,MLT,2007,23048.264,
Malta,MLT,2008,23674.594,
Malta,MLT,2009,22927.654,
Malta,MLT,2010,23632.625,
Malta,MLT,2011,23871.0,
Malta,MLT,2012,24629.777,
Malta,MLT,2013,25611.121,
Malta,MLT,2014,27007.89,
Malta,MLT,2015,28906.48,
Malta,MLT,2016,29207.27,
Malta,MLT,2017,31495.494,
Malta,MLT,2018,32292.822,
Malta,MLT,2019,33220.285,
Malta,MLT,2020,29703.762,
Malta,MLT,2021,33031.184,
Malta,MLT,2022,34496.34,
Mauritania,MRT,1950,679.0,
Mauritania,MRT,1951,698.0,
Mauritania,MRT,1952,717.0,
Mauritania,MRT,1953,736.0,
Mauritania,MRT,1954,756.0,
Mauritania,MRT,1955,776.0,
Mauritania,MRT,1956,797.0,
Mauritania,MRT,1957,816.0,
Mauritania,MRT,1958,837.0,
Mauritania,MRT,1959,858.0,
Mauritania,MRT,1960,913.0,
Mauritania,MRT,1961,1055.0,
Mauritania,MRT,1962,1019.0,
Mauritania,MRT,1963,944.0,
Mauritania,MRT,1964,1208.0,
Mauritania,MRT,1965,1358.0,
Mauritania,MRT,1966,1345.0,
Mauritania,MRT,1967,1372.0,
Mauritania,MRT,1968,1471.0,
Mauritania,MRT,1969,1425.0,
Mauritania,MRT,1970,1548.0,
Mauritania,MRT,1971,1533.0,
Mauritania,MRT,1972,1511.0,
Mauritania,MRT,1973,1473.0,
Mauritania,MRT,1974,1570.0,
Mauritania,MRT,1975,1699.0,
Mauritania,MRT,1976,1779.0,
Mauritania,MRT,1977,1742.0,
Mauritania,MRT,1978,1581.0,
Mauritania,MRT,1979,1706.0,
Mauritania,MRT,1980,1682.0,
Mauritania,MRT,1981,1714.0,
Mauritania,MRT,1982,1548.0,
Mauritania,MRT,1983,1553.0,
Mauritania,MRT,1984,1486.0,
Mauritania,MRT,1985,1502.0,
Mauritania,MRT,1986,1553.0,
Mauritania,MRT,1987,1551.0,
Mauritania,MRT,1988,1533.0,
Mauritania,MRT,1989,1559.0,
Mauritania,MRT,1990,1511.0,
Mauritania,MRT,1991,1547.5435,
Mauritania,MRT,1992,1559.9049,
Mauritania,MRT,1993,1668.722,
Mauritania,MRT,1994,1732.9971,
Mauritania,MRT,1995,1686.1978,
Mauritania,MRT,1996,1873.0509,
Mauritania,MRT,1997,1799.8252,
Mauritania,MRT,1998,1841.2075,
Mauritania,MRT,1999,1954.2294,
Mauritania,MRT,2000,1934.7421,
Mauritania,MRT,2001,1964.4457,
Mauritania,MRT,2002,1967.4484,
Mauritania,MRT,2003,2076.2332,
Mauritania,MRT,2004,2185.9502,
Mauritania,MRT,2005,2371.0066,
Mauritania,MRT,2006,2807.199,
Mauritania,MRT,2007,2875.0347,
Mauritania,MRT,2008,2895.665,
Mauritania,MRT,2009,2855.5747,
Mauritania,MRT,2010,2982.7488,
Mauritania,MRT,2011,3104.0,
Mauritania,MRT,2012,3213.0,
Mauritania,MRT,2013,3319.0,
Mauritania,MRT,2014,3459.0,
Mauritania,MRT,2015,3424.0,
Mauritania,MRT,2016,3376.7524,
Mauritania,MRT,2017,3495.223,
Mauritania,MRT,2018,3567.1013,
Mauritania,MRT,2019,3659.103,
Mauritania,MRT,2020,3532.2979,
Mauritania,MRT,2021,3527.4277,
Mauritania,MRT,2022,3680.3662,
Mauritius,MUS,1950,3942.0,
Mauritius,MUS,1951,4022.0,
Mauritius,MUS,1952,4002.0,
Mauritius,MUS,1953,4006.0,
Mauritius,MUS,1954,4095.0,
Mauritius,MUS,1955,4095.0,
Mauritius,MUS,1956,4106.0,
Mauritius,MUS,1957,4136.0,
Mauritius,MUS,1958,4132.0,
Mauritius,MUS,1959,4251.0,
Mauritius,MUS,1960,4396.0,
Mauritius,MUS,1961,5254.0,
Mauritius,MUS,1962,5144.0,
Mauritius,MUS,1963,5745.0,
Mauritius,MUS,1964,5196.0,
Mauritius,MUS,1965,5227.0,
Mauritius,MUS,1966,4921.0,
Mauritius,MUS,1967,5035.0,
Mauritius,MUS,1968,4602.0,
Mauritius,MUS,1969,4758.0,
Mauritius,MUS,1970,4662.0,
Mauritius,MUS,1971,4804.0,
Mauritius,MUS,1972,5128.0,
Mauritius,MUS,1973,5668.0,
Mauritius,MUS,1974,6038.0,
Mauritius,MUS,1975,6030.0,
Mauritius,MUS,1976,7264.0,
Mauritius,MUS,1977,7610.0,
Mauritius,MUS,1978,7763.0,
Mauritius,MUS,1979,7889.0,
Mauritius,MUS,1980,6970.0,
Mauritius,MUS,1981,7264.0,
Mauritius,MUS,1982,7563.0,
Mauritius,MUS,1983,7516.0,
Mauritius,MUS,1984,7798.0,
Mauritius,MUS,1985,8265.0,
Mauritius,MUS,1986,9001.0,
Mauritius,MUS,1987,9840.0,
Mauritius,MUS,1988,10418.0,
Mauritius,MUS,1989,10806.0,
Mauritius,MUS,1990,11489.0,
Mauritius,MUS,1991,11643.398,
Mauritius,MUS,1992,12002.38,
Mauritius,MUS,1993,12228.814,
Mauritius,MUS,1994,12381.066,
Mauritius,MUS,1995,12567.928,
Mauritius,MUS,1996,12841.931,
Mauritius,MUS,1997,13198.295,
Mauritius,MUS,1998,13607.885,
Mauritius,MUS,1999,13572.681,
Mauritius,MUS,2000,14272.301,
Mauritius,MUS,2001,14347.61,
Mauritius,MUS,2002,14196.041,
Mauritius,MUS,2003,14623.309,
Mauritius,MUS,2004,14854.613,
Mauritius,MUS,2005,14725.164,
Mauritius,MUS,2006,15042.541,
Mauritius,MUS,2007,15519.419,
Mauritius,MUS,2008,15957.96,
Mauritius,MUS,2009,16029.264,
Mauritius,MUS,2010,16269.32,
Mauritius,MUS,2011,16483.0,
Mauritius,MUS,2012,17021.246,
Mauritius,MUS,2013,17555.555,
Mauritius,MUS,2014,18192.188,
Mauritius,MUS,2015,18828.0,
Mauritius,MUS,2016,19525.314,
Mauritius,MUS,2017,20259.887,
Mauritius,MUS,2018,21040.639,
Mauritius,MUS,2019,21624.842,
Mauritius,MUS,2020,18445.975,
Mauritius,MUS,2021,19069.049,
Mauritius,MUS,2022,20643.094,
Mexico,MEX,1550,574.0,
Mexico,MEX,1570,606.0,
Mexico,MEX,1595,746.0,
Mexico,MEX,1596,752.0,
Mexico,MEX,1597,740.0,
Mexico,MEX,1598,741.0,
Mexico,MEX,1599,767.0,
Mexico,MEX,1600,799.0,
Mexico,MEX,1601,811.0,
Mexico,MEX,1602,821.0,
Mexico,MEX,1603,835.0,
Mexico,MEX,1604,853.0,
Mexico,MEX,1605,867.0,
Mexico,MEX,1606,891.0,
Mexico,MEX,1607,907.0,
Mexico,MEX,1608,936.0,
Mexico,MEX,1609,964.0,
Mexico,MEX,1610,976.0,
Mexico,MEX,1611,979.0,
Mexico,MEX,1612,1003.0,
Mexico,MEX,1613,1009.0,
Mexico,MEX,1614,1004.0,
Mexico,MEX,1615,999.0,
Mexico,MEX,1616,993.0,
Mexico,MEX,1617,996.0,
Mexico,MEX,1618,1001.0,
Mexico,MEX,1619,987.0,
Mexico,MEX,1620,1003.0,
Mexico,MEX,1621,1014.0,
Mexico,MEX,1622,1023.0,
Mexico,MEX,1623,1022.0,
Mexico,MEX,1624,1015.0,
Mexico,MEX,1625,1022.0,
Mexico,MEX,1626,1050.0,
Mexico,MEX,1627,1079.0,
Mexico,MEX,1628,1078.0,
Mexico,MEX,1629,1089.0,
Mexico,MEX,1630,1121.0,
Mexico,MEX,1631,1121.0,
Mexico,MEX,1632,1117.0,
Mexico,MEX,1633,1119.0,
Mexico,MEX,1634,1117.0,
Mexico,MEX,1635,1137.0,
Mexico,MEX,1636,1152.0,
Mexico,MEX,1637,1129.0,
Mexico,MEX,1638,1098.0,
Mexico,MEX,1639,1092.0,
Mexico,MEX,1640,1090.0,
Mexico,MEX,1641,1090.0,
Mexico,MEX,1642,1092.0,
Mexico,MEX,1643,1090.0,
Mexico,MEX,1644,1087.0,
Mexico,MEX,1645,1081.0,
Mexico,MEX,1646,1078.0,
Mexico,MEX,1647,1089.0,
Mexico,MEX,1648,1117.0,
Mexico,MEX,1649,1146.0,
Mexico,MEX,1650,1172.0,
Mexico,MEX,1651,1164.0,
Mexico,MEX,1652,1167.0,
Mexico,MEX,1653,1165.0,
Mexico,MEX,1654,1165.0,
Mexico,MEX,1655,1168.0,
Mexico,MEX,1656,1162.0,
Mexico,MEX,1657,1146.0,
Mexico,MEX,1658,1148.0,
Mexico,MEX,1659,1157.0,
Mexico,MEX,1660,1172.0,
Mexico,MEX,1661,1181.0,
Mexico,MEX,1662,1180.0,
Mexico,MEX,1663,1176.0,
Mexico,MEX,1664,1216.0,
Mexico,MEX,1665,1278.0,
Mexico,MEX,1666,1336.0,
Mexico,MEX,1667,1379.0,
Mexico,MEX,1668,1388.0,
Mexico,MEX,1669,1406.0,
Mexico,MEX,1670,1428.0,
Mexico,MEX,1671,1451.0,
Mexico,MEX,1672,1457.0,
Mexico,MEX,1673,1466.0,
Mexico,MEX,1674,1474.0,
Mexico,MEX,1675,1449.0,
Mexico,MEX,1676,1396.0,
Mexico,MEX,1677,1350.0,
Mexico,MEX,1678,1326.0,
Mexico,MEX,1679,1318.0,
Mexico,MEX,1680,1301.0,
Mexico,MEX,1681,1256.0,
Mexico,MEX,1682,1223.0,
Mexico,MEX,1683,1213.0,
Mexico,MEX,1684,1218.0,
Mexico,MEX,1685,1258.0,
Mexico,MEX,1686,1274.0,
Mexico,MEX,1687,1269.0,
Mexico,MEX,1688,1270.0,
Mexico,MEX,1689,1286.0,
Mexico,MEX,1690,1278.0,
Mexico,MEX,1691,1267.0,
Mexico,MEX,1692,1304.0,
Mexico,MEX,1693,1326.0,
Mexico,MEX,1694,1376.0,
Mexico,MEX,1695,1382.0,
Mexico,MEX,1696,1380.0,
Mexico,MEX,1697,1393.0,
Mexico,MEX,1698,1415.0,
Mexico,MEX,1699,1443.0,
Mexico,MEX,1700,1476.0,
Mexico,MEX,1701,1498.0,
Mexico,MEX,1702,1541.0,
Mexico,MEX,1703,1564.0,
Mexico,MEX,1704,1538.0,
Mexico,MEX,1705,1478.0,
Mexico,MEX,1706,1465.0,
Mexico,MEX,1707,1431.0,
Mexico,MEX,1708,1406.0,
Mexico,MEX,1709,1441.0,
Mexico,MEX,1710,1490.0,
Mexico,MEX,1711,1516.0,
Mexico,MEX,1712,1540.0,
Mexico,MEX,1713,1525.0,
Mexico,MEX,1714,1490.0,
Mexico,MEX,1715,1510.0,
Mexico,MEX,1716,1529.0,
Mexico,MEX,1717,1529.0,
Mexico,MEX,1718,1537.0,
Mexico,MEX,1719,1557.0,
Mexico,MEX,1720,1522.0,
Mexico,MEX,1721,1451.0,
Mexico,MEX,1722,1384.0,
Mexico,MEX,1723,1355.0,
Mexico,MEX,1724,1350.0,
Mexico,MEX,1725,1352.0,
Mexico,MEX,1726,1339.0,
Mexico,MEX,1727,1334.0,
Mexico,MEX,1728,1321.0,
Mexico,MEX,1729,1320.0,
Mexico,MEX,1730,1328.0,
Mexico,MEX,1731,1353.0,
Mexico,MEX,1732,1358.0,
Mexico,MEX,1733,1353.0,
Mexico,MEX,1734,1339.0,
Mexico,MEX,1735,1329.0,
Mexico,MEX,1736,1309.0,
Mexico,MEX,1737,1302.0,
Mexico,MEX,1738,1307.0,
Mexico,MEX,1739,1320.0,
Mexico,MEX,1740,1325.0,
Mexico,MEX,1741,1305.0,
Mexico,MEX,1742,1277.0,
Mexico,MEX,1743,1269.0,
Mexico,MEX,1744,1253.0,
Mexico,MEX,1745,1242.0,
Mexico,MEX,1746,1254.0,
Mexico,MEX,1747,1290.0,
Mexico,MEX,1748,1313.0,
Mexico,MEX,1749,1305.0,
Mexico,MEX,1750,1296.0,
Mexico,MEX,1751,1301.0,
Mexico,MEX,1752,1361.0,
Mexico,MEX,1753,1398.0,
Mexico,MEX,1754,1415.0,
Mexico,MEX,1755,1430.0,
Mexico,MEX,1756,1454.0,
Mexico,MEX,1757,1462.0,
Mexico,MEX,1758,1465.0,
Mexico,MEX,1759,1465.0,
Mexico,MEX,1760,1476.0,
Mexico,MEX,1761,1486.0,
Mexico,MEX,1762,1487.0,
Mexico,MEX,1763,1417.0,
Mexico,MEX,1764,1392.0,
Mexico,MEX,1765,1390.0,
Mexico,MEX,1766,1404.0,
Mexico,MEX,1767,1403.0,
Mexico,MEX,1768,1393.0,
Mexico,MEX,1769,1382.0,
Mexico,MEX,1770,1388.0,
Mexico,MEX,1771,1369.0,
Mexico,MEX,1772,1382.0,
Mexico,MEX,1773,1393.0,
Mexico,MEX,1774,1433.0,
Mexico,MEX,1775,1439.0,
Mexico,MEX,1776,1446.0,
Mexico,MEX,1777,1447.0,
Mexico,MEX,1778,1470.0,
Mexico,MEX,1779,1478.0,
Mexico,MEX,1780,1460.0,
Mexico,MEX,1781,1423.0,
Mexico,MEX,1782,1406.0,
Mexico,MEX,1783,1352.0,
Mexico,MEX,1784,1312.0,
Mexico,MEX,1785,1294.0,
Mexico,MEX,1786,1298.0,
Mexico,MEX,1787,1302.0,
Mexico,MEX,1788,1302.0,
Mexico,MEX,1789,1304.0,
Mexico,MEX,1790,1298.0,
Mexico,MEX,1791,1331.0,
Mexico,MEX,1792,1353.0,
Mexico,MEX,1793,1374.0,
Mexico,MEX,1794,1385.0,
Mexico,MEX,1795,1388.0,
Mexico,MEX,1796,1380.0,
Mexico,MEX,1797,1356.0,
Mexico,MEX,1798,1341.0,
Mexico,MEX,1799,1323.0,
Mexico,MEX,1800,1305.0,
Mexico,MEX,1801,1298.0,
Mexico,MEX,1802,1274.0,
Mexico,MEX,1803,1264.0,
Mexico,MEX,1804,1240.0,
Mexico,MEX,1805,1223.0,
Mexico,MEX,1806,1202.0,
Mexico,MEX,1807,1172.0,
Mexico,MEX,1808,1143.0,
Mexico,MEX,1809,1111.0,
Mexico,MEX,1810,1073.0,
Mexico,MEX,1811,1044.0,
Mexico,MEX,1820,1007.0,
Mexico,MEX,1850,1054.0,
Mexico,MEX,1860,921.0,
Mexico,MEX,1870,1046.0,
Mexico,MEX,1890,1568.0,
Mexico,MEX,1895,1757.0,
Mexico,MEX,1896,1785.0,
Mexico,MEX,1897,1878.0,
Mexico,MEX,1898,1959.0,
Mexico,MEX,1899,1835.0,
Mexico,MEX,1900,1822.0,
Mexico,MEX,1901,1957.0,
Mexico,MEX,1902,1796.0,
Mexico,MEX,1903,1978.0,
Mexico,MEX,1904,1992.0,
Mexico,MEX,1905,2177.0,
Mexico,MEX,1906,2130.0,
Mexico,MEX,1907,2232.0,
Mexico,MEX,1908,2203.0,
Mexico,MEX,1909,2244.0,
Mexico,MEX,1910,2240.0,
Mexico,MEX,1911,2150.0,
Mexico,MEX,1912,2131.0,
Mexico,MEX,1913,2004.0,
Mexico,MEX,1914,2007.0,
Mexico,MEX,1915,1978.0,
Mexico,MEX,1916,2130.0,
Mexico,MEX,1917,2220.0,
Mexico,MEX,1918,2308.0,
Mexico,MEX,1919,2399.0,
Mexico,MEX,1920,2552.0,
Mexico,MEX,1921,2542.0,
Mexico,MEX,1922,2562.0,
Mexico,MEX,1923,2608.0,
Mexico,MEX,1924,2523.0,
Mexico,MEX,1925,2640.0,
Mexico,MEX,1926,2756.0,
Mexico,MEX,1927,2590.0,
Mexico,MEX,1928,2565.0,
Mexico,MEX,1929,2424.0,
Mexico,MEX,1930,2233.0,
Mexico,MEX,1931,2268.0,
Mexico,MEX,1932,1890.0,
Mexico,MEX,1933,2071.0,
Mexico,MEX,1934,2176.0,
Mexico,MEX,1935,2299.0,
Mexico,MEX,1936,2444.0,
Mexico,MEX,1937,2482.0,
Mexico,MEX,1938,2479.0,
Mexico,MEX,1939,2570.0,
Mexico,MEX,1940,2560.0,
Mexico,MEX,1941,2738.0,
Mexico,MEX,1942,2817.0,
Mexico,MEX,1943,2844.0,
Mexico,MEX,1944,2998.0,
Mexico,MEX,1945,3009.0,
Mexico,MEX,1946,3124.0,
Mexico,MEX,1947,3145.0,
Mexico,MEX,1948,3188.0,
Mexico,MEX,1949,3276.0,
Mexico,MEX,1950,3510.0,
Mexico,MEX,1951,3673.0,
Mexico,MEX,1952,3706.0,
Mexico,MEX,1953,3602.0,
Mexico,MEX,1954,3851.0,
Mexico,MEX,1955,4060.0,
Mexico,MEX,1956,4213.0,
Mexico,MEX,1957,4403.0,
Mexico,MEX,1958,4501.0,
Mexico,MEX,1959,4497.0,
Mexico,MEX,1960,4723.0,
Mexico,MEX,1961,4807.0,
Mexico,MEX,1962,4881.0,
Mexico,MEX,1963,5118.0,
Mexico,MEX,1964,5555.0,
Mexico,MEX,1965,5737.0,
Mexico,MEX,1966,5950.0,
Mexico,MEX,1967,6132.0,
Mexico,MEX,1968,6432.0,
Mexico,MEX,1969,6629.0,
Mexico,MEX,1970,6873.0,
Mexico,MEX,1971,6912.0,
Mexico,MEX,1972,7256.0,
Mexico,MEX,1973,7597.0,
Mexico,MEX,1974,7801.0,
Mexico,MEX,1975,8011.0,
Mexico,MEX,1976,8131.0,
Mexico,MEX,1977,8177.0,
Mexico,MEX,1978,8690.0,
Mexico,MEX,1979,9307.0,
Mexico,MEX,1980,9929.0,
Mexico,MEX,1981,10538.0,
Mexico,MEX,1982,10240.0,
Mexico,MEX,1983,9656.0,
Mexico,MEX,1984,9777.0,
Mexico,MEX,1985,9785.0,
Mexico,MEX,1986,9283.0,
Mexico,MEX,1987,9256.0,
Mexico,MEX,1988,9193.0,
Mexico,MEX,1989,9392.0,
Mexico,MEX,1990,9699.0,
Mexico,MEX,1991,10008.551,
Mexico,MEX,1992,10262.211,
Mexico,MEX,1993,10357.829,
Mexico,MEX,1994,10721.008,
Mexico,MEX,1995,9944.953,
Mexico,MEX,1996,10386.499,
Mexico,MEX,1997,11030.343,
Mexico,MEX,1998,11510.877,
Mexico,MEX,1999,11894.203,
Mexico,MEX,2000,12613.396,
Mexico,MEX,2001,12565.465,
Mexico,MEX,2002,12645.504,
Mexico,MEX,2003,12793.956,
Mexico,MEX,2004,13287.6,
Mexico,MEX,2005,13655.801,
Mexico,MEX,2006,14287.559,
Mexico,MEX,2007,14684.728,
Mexico,MEX,2008,14808.09,
Mexico,MEX,2009,14026.989,
Mexico,MEX,2010,14697.298,
Mexico,MEX,2011,15210.0,
Mexico,MEX,2012,15547.994,
Mexico,MEX,2013,15614.781,
Mexico,MEX,2014,15883.877,
Mexico,MEX,2015,16235.004,
Mexico,MEX,2016,16705.047,
Mexico,MEX,2017,16900.13,
Mexico,MEX,2018,17055.117,
Mexico,MEX,2019,16802.014,
Mexico,MEX,2020,15253.691,
Mexico,MEX,2021,15853.376,
Mexico,MEX,2022,16235.455,
Middle East and North Africa (Maddison),,1820,885.8996,
Middle East and North Africa (Maddison),,1870,1085.2244,
Middle East and North Africa (Maddison),,1930,1600.0,
Middle East and North Africa (Maddison),,1940,2146.0,
Middle East and North Africa (Maddison),,1950,2287.5552,
Middle East and North Africa (Maddison),,1960,3102.628,
Middle East and North Africa (Maddison),,1970,4790.016,
Middle East and North Africa (Maddison),,1980,6731.1772,
Middle East and North Africa (Maddison),,1990,6431.515,
Middle East and North Africa (Maddison),,2000,9658.656,
Middle East and North Africa (Maddison),,2010,16565.371,
Middle East and North Africa (Maddison),,2015,18401.537,
Middle East and North Africa (Maddison),,2016,18831.977,
Middle East and North Africa (Maddison),,2017,19067.09,
Middle East and North Africa (Maddison),,2018,19221.93,
Middle East and North Africa (Maddison),,2019,19088.29,
Middle East and North Africa (Maddison),,2020,18227.408,
Middle East and North Africa (Maddison),,2021,19162.693,
Middle East and North Africa (Maddison),,2022,19874.799,
Moldova,MDA,1973,8552.0,
Moldova,MDA,1980,9078.0,
Moldova,MDA,1981,9538.0,
Moldova,MDA,1982,10026.0,
Moldova,MDA,1983,10378.0,
Moldova,MDA,1984,10508.0,
Moldova,MDA,1985,9398.0,
Moldova,MDA,1986,9937.0,
Moldova,MDA,1987,9852.0,
Moldova,MDA,1988,9731.0,
Moldova,MDA,1989,10288.0,
Moldova,MDA,1990,9835.0,
Moldova,MDA,1991,7957.6885,
Moldova,MDA,1992,5546.366,
Moldova,MDA,1993,5383.8584,
Moldova,MDA,1994,3662.2087,
Moldova,MDA,1995,3558.8267,
Moldova,MDA,1996,3305.4966,
Moldova,MDA,1997,3322.479,
Moldova,MDA,1998,3078.0095,
Moldova,MDA,1999,2949.9065,
Moldova,MDA,2000,2989.535,
Moldova,MDA,2001,3150.6313,
Moldova,MDA,2002,3373.7092,
Moldova,MDA,2003,3575.268,
Moldova,MDA,2004,3813.4312,
Moldova,MDA,2005,4073.6736,
Moldova,MDA,2006,4243.0703,
Moldova,MDA,2007,4342.7456,
Moldova,MDA,2008,4652.457,
Moldova,MDA,2009,4342.528,
Moldova,MDA,2010,4615.324,
Moldova,MDA,2011,4892.0,
Moldova,MDA,2012,4914.038,
Moldova,MDA,2013,5414.3506,
Moldova,MDA,2014,5744.252,
Moldova,MDA,2015,5784.4917,
Moldova,MDA,2016,6102.6943,
Moldova,MDA,2017,6425.865,
Moldova,MDA,2018,6760.1113,
Moldova,MDA,2019,7078.23,
Moldova,MDA,2020,6560.7476,
Moldova,MDA,2021,7557.3857,
Moldova,MDA,2022,6674.871,
Mongolia,MNG,1950,677.0,
Mongolia,MNG,1951,697.0,
Mongolia,MNG,1952,719.0,
Mongolia,MNG,1953,741.0,
Mongolia,MNG,1954,764.0,
Mongolia,MNG,1955,786.0,
Mongolia,MNG,1956,810.0,
Mongolia,MNG,1957,835.0,
Mongolia,MNG,1958,859.0,
Mongolia,MNG,1959,885.0,
Mongolia,MNG,1960,912.0,
Mongolia,MNG,1961,939.0,
Mongolia,MNG,1962,966.0,
Mongolia,MNG,1963,996.0,
Mongolia,MNG,1964,1027.0,
Mongolia,MNG,1965,1057.0,
Mongolia,MNG,1966,1087.0,
Mongolia,MNG,1967,1122.0,
Mongolia,MNG,1968,1154.0,
Mongolia,MNG,1969,1189.0,
Mongolia,MNG,1970,1226.0,
Mongolia,MNG,1971,1246.0,
Mongolia,MNG,1972,1256.0,
Mongolia,MNG,1973,1328.0,
Mongolia,MNG,1974,1342.0,
Mongolia,MNG,1975,1387.0,
Mongolia,MNG,1976,1401.0,
Mongolia,MNG,1977,1470.0,
Mongolia,MNG,1978,1537.0,
Mongolia,MNG,1979,1556.0,
Mongolia,MNG,1980,1618.0,
Mongolia,MNG,1981,1714.0,
Mongolia,MNG,1982,1814.0,
Mongolia,MNG,1983,1876.0,
Mongolia,MNG,1984,1940.0,
Mongolia,MNG,1985,2004.0,
Mongolia,MNG,1986,2142.0,
Mongolia,MNG,1987,2168.0,
Mongolia,MNG,1988,2227.0,
Mongolia,MNG,1989,2232.0,
Mongolia,MNG,1990,2123.0,
Mongolia,MNG,1991,1976.0231,
Mongolia,MNG,1992,1841.0125,
Mongolia,MNG,1993,1846.2256,
Mongolia,MNG,1994,1955.4773,
Mongolia,MNG,1995,2147.8286,
Mongolia,MNG,1996,2271.7988,
Mongolia,MNG,1997,2445.0127,
Mongolia,MNG,1998,2620.489,
Mongolia,MNG,1999,2801.8618,
Mongolia,MNG,2000,2936.0627,
Mongolia,MNG,2001,3133.556,
Mongolia,MNG,2002,3401.9465,
Mongolia,MNG,2003,3775.438,
Mongolia,MNG,2004,4334.2314,
Mongolia,MNG,2005,4822.2334,
Mongolia,MNG,2006,5426.8535,
Mongolia,MNG,2007,6196.5894,
Mongolia,MNG,2008,6982.1465,
Mongolia,MNG,2009,7126.8086,
Mongolia,MNG,2010,7830.064,
Mongolia,MNG,2011,9484.0,
Mongolia,MNG,2012,10493.0,
Mongolia,MNG,2013,11545.0,
Mongolia,MNG,2014,12283.0,
Mongolia,MNG,2015,12398.0,
Mongolia,MNG,2016,12313.544,
Mongolia,MNG,2017,12728.355,
Mongolia,MNG,2018,13419.578,
Mongolia,MNG,2019,13871.33,
Mongolia,MNG,2020,12990.328,
Mongolia,MNG,2021,12992.167,
Mongolia,MNG,2022,13442.906,
Montenegro,MNE,1952,1784.0,
Montenegro,MNE,1953,1570.0,
Montenegro,MNE,1954,1581.0,
Montenegro,MNE,1955,2099.0,
Montenegro,MNE,1956,1906.0,
Montenegro,MNE,1957,2125.0,
Montenegro,MNE,1958,2072.0,
Montenegro,MNE,1959,2200.0,
Montenegro,MNE,1960,2439.0,
Montenegro,MNE,1961,2922.0,
Montenegro,MNE,1962,2847.0,
Montenegro,MNE,1963,3217.0,
Montenegro,MNE,1964,3732.0,
Montenegro,MNE,1965,3802.0,
Montenegro,MNE,1966,3948.0,
Montenegro,MNE,1967,3995.0,
Montenegro,MNE,1968,4160.0,
Montenegro,MNE,1969,4546.0,
Montenegro,MNE,1970,4857.0,
Montenegro,MNE,1971,4994.0,
Montenegro,MNE,1972,5206.0,
Montenegro,MNE,1973,5137.0,
Montenegro,MNE,1974,5394.0,
Montenegro,MNE,1975,5512.0,
Montenegro,MNE,1976,5740.0,
Montenegro,MNE,1977,6298.0,
Montenegro,MNE,1978,6583.0,
Montenegro,MNE,1979,6523.0,
Montenegro,MNE,1980,7992.0,
Montenegro,MNE,1981,7635.0,
Montenegro,MNE,1982,7790.0,
Montenegro,MNE,1983,7610.0,
Montenegro,MNE,1984,7828.0,
Montenegro,MNE,1985,7804.0,
Montenegro,MNE,1986,8021.0,
Montenegro,MNE,1987,7592.0,
Montenegro,MNE,1988,7299.0,
Montenegro,MNE,1989,7278.0,
Montenegro,MNE,1990,6605.0,
Montenegro,MNE,1991,6068.2153,
Montenegro,MNE,1992,4605.299,
Montenegro,MNE,1993,2981.8047,
Montenegro,MNE,1994,3073.9207,
Montenegro,MNE,1995,3571.0723,
Montenegro,MNE,1996,4663.16,
Montenegro,MNE,1997,5121.728,
Montenegro,MNE,1998,5522.1045,
Montenegro,MNE,1999,5142.729,
Montenegro,MNE,2000,6046.142,
Montenegro,MNE,2001,6429.561,
Montenegro,MNE,2002,6897.725,
Montenegro,MNE,2003,7445.0503,
Montenegro,MNE,2004,8193.75,
Montenegro,MNE,2005,9002.218,
Montenegro,MNE,2006,10307.647,
Montenegro,MNE,2007,12027.43,
Montenegro,MNE,2008,13550.356,
Montenegro,MNE,2009,13459.499,
Montenegro,MNE,2010,14509.766,
Montenegro,MNE,2011,15747.0,
Montenegro,MNE,2012,15421.0,
Montenegro,MNE,2013,16064.0,
Montenegro,MNE,2014,16437.0,
Montenegro,MNE,2015,17249.0,
Montenegro,MNE,2016,17777.416,
Montenegro,MNE,2017,18640.195,
Montenegro,MNE,2018,19617.215,
Montenegro,MNE,2019,20448.549,
Montenegro,MNE,2020,17355.623,
Montenegro,MNE,2021,19656.557,
Montenegro,MNE,2022,20941.805,
Morocco,MAR,1820,685.0,
Morocco,MAR,1870,897.0,
Morocco,MAR,1913,1132.0,
Morocco,MAR,1950,2319.0,
Morocco,MAR,1951,2324.0,
Morocco,MAR,1952,2327.0,
Morocco,MAR,1953,2340.0,
Morocco,MAR,1954,2353.0,
Morocco,MAR,1955,2364.0,
Morocco,MAR,1956,2313.0,
Morocco,MAR,1957,2263.0,
Morocco,MAR,1958,2214.0,
Morocco,MAR,1959,2165.0,
Morocco,MAR,1960,2118.0,
Morocco,MAR,1961,2138.0,
Morocco,MAR,1962,2158.0,
Morocco,MAR,1963,2179.0,
Morocco,MAR,1964,2201.0,
Morocco,MAR,1965,2222.0,
Morocco,MAR,1966,2289.0,
Morocco,MAR,1967,2359.0,
Morocco,MAR,1968,2429.0,
Morocco,MAR,1969,2503.0,
Morocco,MAR,1970,2576.0,
Morocco,MAR,1971,2654.0,
Morocco,MAR,1972,2660.0,
Morocco,MAR,1973,2700.0,
Morocco,MAR,1974,2791.0,
Morocco,MAR,1975,2919.0,
Morocco,MAR,1976,3175.0,
Morocco,MAR,1977,3268.0,
Morocco,MAR,1978,3298.0,
Morocco,MAR,1979,3382.0,
Morocco,MAR,1980,3622.0,
Morocco,MAR,1981,3457.0,
Morocco,MAR,1982,3725.0,
Morocco,MAR,1983,3606.0,
Morocco,MAR,1984,3657.0,
Morocco,MAR,1985,3784.0,
Morocco,MAR,1986,3977.0,
Morocco,MAR,1987,3790.0,
Morocco,MAR,1988,4077.0,
Morocco,MAR,1989,4073.0,
Morocco,MAR,1990,4130.0,
Morocco,MAR,1991,4353.7295,
Morocco,MAR,1992,4194.447,
Morocco,MAR,1993,4097.281,
Morocco,MAR,1994,4461.0625,
Morocco,MAR,1995,4156.9253,
Morocco,MAR,1996,4603.652,
Morocco,MAR,1997,4469.19,
Morocco,MAR,1998,4729.183,
Morocco,MAR,1999,4720.7715,
Morocco,MAR,2000,4753.638,
Morocco,MAR,2001,5042.073,
Morocco,MAR,2002,5140.8726,
Morocco,MAR,2003,5386.8506,
Morocco,MAR,2004,5584.154,
Morocco,MAR,2005,5708.0312,
Morocco,MAR,2006,6076.9526,
Morocco,MAR,2007,6228.4316,
Morocco,MAR,2008,6530.978,
Morocco,MAR,2009,6741.4604,
Morocco,MAR,2010,6931.558,
Morocco,MAR,2011,7226.0,
Morocco,MAR,2012,7355.326,
Morocco,MAR,2013,7599.724,
Morocco,MAR,2014,7714.632,
Morocco,MAR,2015,7959.528,
Morocco,MAR,2016,7912.222,
Morocco,MAR,2017,8222.67,
Morocco,MAR,2018,8385.949,
Morocco,MAR,2019,8540.804,
Morocco,MAR,2020,7849.208,
Morocco,MAR,2021,8391.295,
Morocco,MAR,2022,8400.127,
Mozambique,MOZ,1950,1806.0,
Mozambique,MOZ,1951,1841.0,
Mozambique,MOZ,1952,1878.0,
Mozambique,MOZ,1953,1911.0,
Mozambique,MOZ,1954,1924.0,
Mozambique,MOZ,1955,2007.0,
Mozambique,MOZ,1956,1980.0,
Mozambique,MOZ,1957,1986.0,
Mozambique,MOZ,1958,2040.0,
Mozambique,MOZ,1959,2109.0,
Mozambique,MOZ,1960,2115.0,
Mozambique,MOZ,1961,2131.0,
Mozambique,MOZ,1962,2232.0,
Mozambique,MOZ,1963,2106.0,
Mozambique,MOZ,1964,2150.0,
Mozambique,MOZ,1965,2153.0,
Mozambique,MOZ,1966,2174.0,
Mozambique,MOZ,1967,2271.0,
Mozambique,MOZ,1968,2469.0,
Mozambique,MOZ,1969,2699.0,
Mozambique,MOZ,1970,2778.0,
Mozambique,MOZ,1971,2895.0,
Mozambique,MOZ,1972,2906.0,
Mozambique,MOZ,1973,2986.0,
Mozambique,MOZ,1974,2684.0,
Mozambique,MOZ,1975,2238.0,
Mozambique,MOZ,1976,2064.0,
Mozambique,MOZ,1977,2013.0,
Mozambique,MOZ,1978,1969.0,
Mozambique,MOZ,1979,1937.0,
Mozambique,MOZ,1980,1945.0,
Mozambique,MOZ,1981,1940.0,
Mozambique,MOZ,1982,1852.0,
Mozambique,MOZ,1983,1694.0,
Mozambique,MOZ,1984,1629.0,
Mozambique,MOZ,1985,1466.0,
Mozambique,MOZ,1986,1479.0,
Mozambique,MOZ,1987,1562.0,
Mozambique,MOZ,1988,1701.0,
Mozambique,MOZ,1989,1776.0,
Mozambique,MOZ,1990,1776.0,
Mozambique,MOZ,1991,1719.0991,
Mozambique,MOZ,1992,1482.4166,
Mozambique,MOZ,1993,1439.2897,
Mozambique,MOZ,1994,1312.3721,
Mozambique,MOZ,1995,1165.8102,
Mozambique,MOZ,1996,1325.5953,
Mozambique,MOZ,1997,1323.6936,
Mozambique,MOZ,1998,1335.6608,
Mozambique,MOZ,1999,1301.5763,
Mozambique,MOZ,2000,1196.0149,
Mozambique,MOZ,2001,1219.381,
Mozambique,MOZ,2002,1199.7332,
Mozambique,MOZ,2003,1155.7037,
Mozambique,MOZ,2004,1125.8322,
Mozambique,MOZ,2005,1107.5338,
Mozambique,MOZ,2006,1099.3418,
Mozambique,MOZ,2007,1067.9664,
Mozambique,MOZ,2008,1031.3622,
Mozambique,MOZ,2009,991.74524,
Mozambique,MOZ,2010,956.53046,
Mozambique,MOZ,2011,925.0,
Mozambique,MOZ,2012,964.58234,
Mozambique,MOZ,2013,1003.7287,
Mozambique,MOZ,2014,1049.1935,
Mozambique,MOZ,2015,1090.3977,
Mozambique,MOZ,2016,1102.8173,
Mozambique,MOZ,2017,1114.3684,
Mozambique,MOZ,2018,1122.5856,
Mozambique,MOZ,2019,1118.6304,
Mozambique,MOZ,2020,1076.6941,
Mozambique,MOZ,2021,1073.57,
Mozambique,MOZ,2022,1087.836,
Myanmar,MMR,1820,803.0,
Myanmar,MMR,1870,803.0,
Myanmar,MMR,1901,1114.0,
Myanmar,MMR,1906,902.0,
Myanmar,MMR,1911,968.0,
Myanmar,MMR,1913,1092.0,
Myanmar,MMR,1916,1312.0,
Myanmar,MMR,1921,1133.0,
Myanmar,MMR,1926,1298.0,
Myanmar,MMR,1931,1438.0,
Myanmar,MMR,1936,1336.0,
Myanmar,MMR,1938,1180.0,
Myanmar,MMR,1950,631.0,
Myanmar,MMR,1951,711.0,
Myanmar,MMR,1952,716.0,
Myanmar,MMR,1953,724.0,
Myanmar,MMR,1954,668.0,
Myanmar,MMR,1955,744.0,
Myanmar,MMR,1956,781.0,
Myanmar,MMR,1957,813.0,
Myanmar,MMR,1958,778.0,
Myanmar,MMR,1959,885.0,
Myanmar,MMR,1960,899.0,
Myanmar,MMR,1961,904.0,
Myanmar,MMR,1962,966.0,
Myanmar,MMR,1963,977.0,
Myanmar,MMR,1964,976.0,
Myanmar,MMR,1965,983.0,
Myanmar,MMR,1966,925.0,
Myanmar,MMR,1967,934.0,
Myanmar,MMR,1968,976.0,
Myanmar,MMR,1969,998.0,
Myanmar,MMR,1970,1023.0,
Myanmar,MMR,1971,1036.0,
Myanmar,MMR,1972,1023.0,
Myanmar,MMR,1973,1001.0,
Myanmar,MMR,1974,1033.0,
Myanmar,MMR,1975,1057.0,
Myanmar,MMR,1976,1103.0,
Myanmar,MMR,1977,1148.0,
Myanmar,MMR,1978,1205.0,
Myanmar,MMR,1979,1240.0,
Myanmar,MMR,1980,1320.0,
Myanmar,MMR,1981,1369.0,
Myanmar,MMR,1982,1417.0,
Myanmar,MMR,1983,1451.0,
Myanmar,MMR,1984,1492.0,
Myanmar,MMR,1985,1506.0,
Myanmar,MMR,1986,1465.0,
Myanmar,MMR,1987,1382.0,
Myanmar,MMR,1988,1207.0,
Myanmar,MMR,1989,1234.0,
Myanmar,MMR,1990,1253.0,
Myanmar,MMR,1991,1205.0714,
Myanmar,MMR,1992,1283.8254,
Myanmar,MMR,1993,1321.8102,
Myanmar,MMR,1994,1373.9629,
Myanmar,MMR,1995,1423.6505,
Myanmar,MMR,1996,1469.0317,
Myanmar,MMR,1997,1505.9805,
Myanmar,MMR,1998,1547.0283,
Myanmar,MMR,1999,1667.6613,
Myanmar,MMR,2000,1843.4945,
Myanmar,MMR,2001,1996.3737,
Myanmar,MMR,2002,2175.8835,
Myanmar,MMR,2003,2410.5698,
Myanmar,MMR,2004,2664.9412,
Myanmar,MMR,2005,2947.0989,
Myanmar,MMR,2006,3246.6934,
Myanmar,MMR,2007,3542.5884,
Myanmar,MMR,2008,3585.7651,
Myanmar,MMR,2009,3673.4368,
Myanmar,MMR,2010,3772.9985,
Myanmar,MMR,2011,3884.0,
Myanmar,MMR,2012,4091.202,
Myanmar,MMR,2013,4371.003,
Myanmar,MMR,2014,4684.643,
Myanmar,MMR,2015,4984.669,
Myanmar,MMR,2016,5252.832,
Myanmar,MMR,2017,5503.632,
Myanmar,MMR,2018,5803.431,
Myanmar,MMR,2019,6140.885,
Myanmar,MMR,2020,6282.8115,
Myanmar,MMR,2021,5113.337,
Myanmar,MMR,2022,5177.4326,
Namibia,NAM,1950,4009.0,
Namibia,NAM,1951,4038.0,
Namibia,NAM,1952,4066.0,
Namibia,NAM,1953,4125.0,
Namibia,NAM,1954,4254.0,
Namibia,NAM,1955,4288.0,
Namibia,NAM,1956,4340.0,
Namibia,NAM,1957,4398.0,
Namibia,NAM,1958,4409.0,
Namibia,NAM,1959,4549.0,
Namibia,NAM,1960,4855.0,
Namibia,NAM,1961,4787.0,
Namibia,NAM,1962,5324.0,
Namibia,NAM,1963,5710.0,
Namibia,NAM,1964,6468.0,
Namibia,NAM,1965,6728.0,
Namibia,NAM,1966,6808.0,
Namibia,NAM,1967,6365.0,
Namibia,NAM,1968,6253.0,
Namibia,NAM,1969,6303.0,
Namibia,NAM,1970,6164.0,
Namibia,NAM,1971,6258.0,
Namibia,NAM,1972,6156.0,
Namibia,NAM,1973,6177.0,
Namibia,NAM,1974,6387.0,
Namibia,NAM,1975,6293.0,
Namibia,NAM,1976,6150.0,
Namibia,NAM,1977,5984.0,
Namibia,NAM,1978,6027.0,
Namibia,NAM,1979,6073.0,
Namibia,NAM,1980,6293.0,
Namibia,NAM,1981,6271.0,
Namibia,NAM,1982,6064.0,
Namibia,NAM,1983,5734.0,
Namibia,NAM,1984,5539.0,
Namibia,NAM,1985,5396.0,
Namibia,NAM,1986,5530.0,
Namibia,NAM,1987,5595.0,
Namibia,NAM,1988,5386.0,
Namibia,NAM,1989,5208.0,
Namibia,NAM,1990,5007.0,
Namibia,NAM,1991,5239.034,
Namibia,NAM,1992,5532.6724,
Namibia,NAM,1993,5294.2427,
Namibia,NAM,1994,5545.4624,
Namibia,NAM,1995,5638.7666,
Namibia,NAM,1996,5687.1167,
Namibia,NAM,1997,5796.632,
Namibia,NAM,1998,5859.8833,
Namibia,NAM,1999,5926.4277,
Namibia,NAM,2000,5971.815,
Namibia,NAM,2001,5888.432,
Namibia,NAM,2002,6069.3203,
Namibia,NAM,2003,6082.4263,
Namibia,NAM,2004,6712.772,
Namibia,NAM,2005,6807.5757,
Namibia,NAM,2006,7208.6885,
Namibia,NAM,2007,7509.527,
Namibia,NAM,2008,7618.031,
Namibia,NAM,2009,7548.129,
Namibia,NAM,2010,7905.541,
Namibia,NAM,2011,8203.0,
Namibia,NAM,2012,8482.415,
Namibia,NAM,2013,8788.875,
Namibia,NAM,2014,9134.8545,
Namibia,NAM,2015,9333.583,
Namibia,NAM,2016,9152.549,
Namibia,NAM,2017,8882.617,
Namibia,NAM,2018,8805.334,
Namibia,NAM,2019,8567.793,
Namibia,NAM,2020,7734.6055,
Namibia,NAM,2021,7796.0615,
Namibia,NAM,2022,7979.328,
Nepal,NPL,1820,641.0,
Nepal,NPL,1870,641.0,
Nepal,NPL,1913,870.0,
Nepal,NPL,1950,802.0,
Nepal,NPL,1951,816.0,
Nepal,NPL,1952,835.0,
Nepal,NPL,1953,877.0,
Nepal,NPL,1954,886.0,
Nepal,NPL,1955,894.0,
Nepal,NPL,1956,925.0,
Nepal,NPL,1957,915.0,
Nepal,NPL,1958,956.0,
Nepal,NPL,1959,971.0,
Nepal,NPL,1960,980.0,
Nepal,NPL,1961,990.0,
Nepal,NPL,1962,998.0,
Nepal,NPL,1963,1006.0,
Nepal,NPL,1964,1012.0,
Nepal,NPL,1965,1019.0,
Nepal,NPL,1966,1071.0,
Nepal,NPL,1967,1034.0,
Nepal,NPL,1968,1023.0,
Nepal,NPL,1969,1049.0,
Nepal,NPL,1970,1055.0,
Nepal,NPL,1971,1022.0,
Nepal,NPL,1972,1034.0,
Nepal,NPL,1973,1009.0,
Nepal,NPL,1974,1052.0,
Nepal,NPL,1975,1047.0,
Nepal,NPL,1976,1071.0,
Nepal,NPL,1977,1081.0,
Nepal,NPL,1978,1105.0,
Nepal,NPL,1979,1106.0,
Nepal,NPL,1980,1057.0,
Nepal,NPL,1981,1119.0,
Nepal,NPL,1982,1135.0,
Nepal,NPL,1983,1076.0,
Nepal,NPL,1984,1152.0,
Nepal,NPL,1985,1194.0,
Nepal,NPL,1986,1218.0,
Nepal,NPL,1987,1208.0,
Nepal,NPL,1988,1269.0,
Nepal,NPL,1989,1290.0,
Nepal,NPL,1990,1315.0,
Nepal,NPL,1991,1360.7836,
Nepal,NPL,1992,1374.6611,
Nepal,NPL,1993,1385.2411,
Nepal,NPL,1994,1456.0203,
Nepal,NPL,1995,1468.079,
Nepal,NPL,1996,1511.7336,
Nepal,NPL,1997,1558.3988,
Nepal,NPL,1998,1570.6635,
Nepal,NPL,1999,1609.1803,
Nepal,NPL,2000,1676.7456,
Nepal,NPL,2001,1738.3142,
Nepal,NPL,2002,1709.7787,
Nepal,NPL,2003,1747.7766,
Nepal,NPL,2004,1802.1438,
Nepal,NPL,2005,1836.3057,
Nepal,NPL,2006,1884.1871,
Nepal,NPL,2007,1927.3865,
Nepal,NPL,2008,2021.154,
Nepal,NPL,2009,2085.2437,
Nepal,NPL,2010,2152.2747,
Nepal,NPL,2011,2189.0,
Nepal,NPL,2012,2258.0,
Nepal,NPL,2013,2316.0,
Nepal,NPL,2014,2421.0,
Nepal,NPL,2015,2455.0,
Nepal,NPL,2016,2443.4324,
Nepal,NPL,2017,2632.3408,
Nepal,NPL,2018,2800.8596,
Nepal,NPL,2019,2953.5603,
Nepal,NPL,2020,2832.8608,
Nepal,NPL,2021,2902.0503,
Nepal,NPL,2022,3013.5178,
Netherlands,NLD,1348,1404.6345,
Netherlands,NLD,1349,1459.8931,
Netherlands,NLD,1350,1631.016,
Netherlands,NLD,1351,1713.9037,
Netherlands,NLD,1352,1646.1676,
Netherlands,NLD,1353,1654.189,
Netherlands,NLD,1354,1655.0802,
Netherlands,NLD,1355,1682.7095,
Netherlands,NLD,1356,1742.4242,
Netherlands,NLD,1357,1745.9893,
Netherlands,NLD,1358,1744.2068,
Netherlands,NLD,1359,1766.4884,
Netherlands,NLD,1360,1739.7505,
Netherlands,NLD,1361,1780.7487,
Netherlands,NLD,1362,1778.0748,
Netherlands,NLD,1363,1749.5543,
Netherlands,NLD,1364,1726.3815,
Netherlands,NLD,1365,1729.0553,
Netherlands,NLD,1366,1765.5972,
Netherlands,NLD,1367,1901.9608,
Netherlands,NLD,1368,1892.1569,
Netherlands,NLD,1369,2097.148,
Netherlands,NLD,1370,2132.7986,
Netherlands,NLD,1371,1942.959,
Netherlands,NLD,1372,1896.6132,
Netherlands,NLD,1373,1926.9163,
Netherlands,NLD,1374,1765.5972,
Netherlands,NLD,1375,1903.7433,
Netherlands,NLD,1376,1954.5454,
Netherlands,NLD,1377,1975.9358,
Netherlands,NLD,1378,2030.303,
Netherlands,NLD,1379,1980.3922,
Netherlands,NLD,1380,2055.2585,
Netherlands,NLD,1381,1950.0891,
Netherlands,NLD,1382,2010.6952,
Netherlands,NLD,1383,2144.385,
Netherlands,NLD,1384,2297.6826,
Netherlands,NLD,1385,2123.886,
Netherlands,NLD,1386,2248.663,
Netherlands,NLD,1387,2072.1926,
Netherlands,NLD,1388,2108.7344,
Netherlands,NLD,1389,2365.419,
Netherlands,NLD,1390,2265.5972,
Netherlands,NLD,1391,2169.3406,
Netherlands,NLD,1392,2228.164,
Netherlands,NLD,1393,2283.4224,
Netherlands,NLD,1394,2203.2085,
Netherlands,NLD,1395,2188.9482,
Netherlands,NLD,1396,2066.845,
Netherlands,NLD,1397,1977.7184,
Netherlands,NLD,1398,2138.1462,
Netherlands,NLD,1399,2017.8253,
Netherlands,NLD,1400,1917.1123,
Netherlands,NLD,1401,1943.8502,
Netherlands,NLD,1402,1880.5704,
Netherlands,NLD,1403,1957.2192,
Netherlands,NLD,1404,2167.5579,
Netherlands,NLD,1405,2043.672,
Netherlands,NLD,1406,2079.3228,
Netherlands,NLD,1407,2021.3904,
Netherlands,NLD,1408,2058.8235,
Netherlands,NLD,1409,1897.5045,
Netherlands,NLD,1410,1966.132,
Netherlands,NLD,1411,2063.2798,
Netherlands,NLD,1412,1950.9803,
Netherlands,NLD,1413,1861.8539,
Netherlands,NLD,1414,2098.9304,
Netherlands,NLD,1415,1932.2638,
Netherlands,NLD,1416,1890.3744,
Netherlands,NLD,1417,1900.1782,
Netherlands,NLD,1418,1912.656,
Netherlands,NLD,1419,1913.5472,
Netherlands,NLD,1420,1924.2424,
Netherlands,NLD,1421,1824.4207,
Netherlands,NLD,1422,1897.5045,
Netherlands,NLD,1423,1920.6774,
Netherlands,NLD,1424,2072.1926,
Netherlands,NLD,1425,1917.1123,
Netherlands,NLD,1426,2093.583,
Netherlands,NLD,1427,2267.3796,
Netherlands,NLD,1428,1880.5704,
Netherlands,NLD,1429,1909.091,
Netherlands,NLD,1430,1914.4385,
Netherlands,NLD,1431,1955.4368,
Netherlands,NLD,1432,2229.0552,
Netherlands,NLD,1433,2165.7754,
Netherlands,NLD,1434,2239.7505,
Netherlands,NLD,1435,2319.9644,
Netherlands,NLD,1436,2135.4724,
Netherlands,NLD,1437,2177.3618,
Netherlands,NLD,1438,2133.69,
Netherlands,NLD,1439,1982.1747,
Netherlands,NLD,1440,2081.1052,
Netherlands,NLD,1441,2131.016,
Netherlands,NLD,1442,1996.4349,
Netherlands,NLD,1443,2141.7112,
Netherlands,NLD,1444,2280.7488,
Netherlands,NLD,1445,2150.6238,
Netherlands,NLD,1446,2158.6453,
Netherlands,NLD,1447,2114.082,
Netherlands,NLD,1448,2159.5366,
Netherlands,NLD,1449,2179.1443,
Netherlands,NLD,1450,2201.426,
Netherlands,NLD,1451,2392.157,
Netherlands,NLD,1452,2276.2922,
Netherlands,NLD,1453,2367.2014,
Netherlands,NLD,1454,2420.6772,
Netherlands,NLD,1455,2295.009,
Netherlands,NLD,1456,2249.5544,
Netherlands,NLD,1457,2209.4475,
Netherlands,NLD,1458,2248.663,
Netherlands,NLD,1459,2304.8127,
Netherlands,NLD,1460,2321.7468,
Netherlands,NLD,1461,2262.032,
Netherlands,NLD,1462,2368.984,
Netherlands,NLD,1463,2362.745,
Netherlands,NLD,1464,2357.3975,
Netherlands,NLD,1465,2438.5027,
Netherlands,NLD,1466,2338.681,
Netherlands,NLD,1467,2292.3352,
Netherlands,NLD,1468,2248.663,
Netherlands,NLD,1469,2278.075,
Netherlands,NLD,1470,2279.8574,
Netherlands,NLD,1471,2237.968,
Netherlands,NLD,1472,2335.116,
Netherlands,NLD,1473,2358.2888,
Netherlands,NLD,1474,2352.9412,
Netherlands,NLD,1475,2279.8574,
Netherlands,NLD,1476,2301.2478,
Netherlands,NLD,1477,2352.0498,
Netherlands,NLD,1478,2330.6594,
Netherlands,NLD,1479,2272.7273,
Netherlands,NLD,1480,2302.139,
Netherlands,NLD,1481,2272.7273,
Netherlands,NLD,1482,2200.5347,
Netherlands,NLD,1483,2197.861,
Netherlands,NLD,1484,2252.2283,
Netherlands,NLD,1485,2222.8164,
Netherlands,NLD,1486,2235.2942,
Netherlands,NLD,1487,2239.7505,
Netherlands,NLD,1488,2248.663,
Netherlands,NLD,1489,2214.795,
Netherlands,NLD,1490,2272.7273,
Netherlands,NLD,1491,2240.6416,
Netherlands,NLD,1492,2251.337,
Netherlands,NLD,1493,2241.533,
Netherlands,NLD,1494,2324.4207,
Netherlands,NLD,1495,2307.4866,
Netherlands,NLD,1496,2278.075,
Netherlands,NLD,1497,2309.269,
Netherlands,NLD,1498,2327.0945,
Netherlands,NLD,1499,2360.0713,
Netherlands,NLD,1500,2332.4421,
Netherlands,NLD,1501,2418.8948,
Netherlands,NLD,1502,2329.7683,
Netherlands,NLD,1503,2332.4421,
Netherlands,NLD,1504,2480.392,
Netherlands,NLD,1505,2311.0518,
Netherlands,NLD,1506,2307.4866,
Netherlands,NLD,1507,2314.6167,
Netherlands,NLD,1508,2461.6755,
Netherlands,NLD,1509,2505.3477,
Netherlands,NLD,1510,2439.394,
Netherlands,NLD,1511,2508.0215,
Netherlands,NLD,1512,2585.5615,
Netherlands,NLD,1513,2667.5579,
Netherlands,NLD,1514,2795.9001,
Netherlands,NLD,1515,2931.3726,
Netherlands,NLD,1516,2635.4724,
Netherlands,NLD,1517,2721.925,
Netherlands,NLD,1518,2736.1853,
Netherlands,NLD,1519,2802.139,
Netherlands,NLD,1520,3010.695,
Netherlands,NLD,1521,3180.927,
Netherlands,NLD,1522,2936.7202,
Netherlands,NLD,1523,2894.8306,
Netherlands,NLD,1524,2937.6113,
Netherlands,NLD,1525,2789.6614,
Netherlands,NLD,1526,2740.6416,
Netherlands,NLD,1527,2854.7236,
Netherlands,NLD,1528,2539.2156,
Netherlands,NLD,1529,3213.9038,
Netherlands,NLD,1530,3388.5918,
Netherlands,NLD,1531,3441.1765,
Netherlands,NLD,1532,3222.8164,
Netherlands,NLD,1533,2835.116,
Netherlands,NLD,1534,2998.2175,
Netherlands,NLD,1535,3110.5168,
Netherlands,NLD,1536,3453.6543,
Netherlands,NLD,1537,2778.966,
Netherlands,NLD,1538,2916.221,
Netherlands,NLD,1539,2645.2764,
Netherlands,NLD,1540,2403.7434,
Netherlands,NLD,1541,2213.9038,
Netherlands,NLD,1542,2390.3743,
Netherlands,NLD,1543,2299.4653,
Netherlands,NLD,1544,2426.025,
Netherlands,NLD,1545,2595.3655,
Netherlands,NLD,1546,2190.731,
Netherlands,NLD,1547,2721.034,
Netherlands,NLD,1548,2614.9731,
Netherlands,NLD,1549,2666.6667,
Netherlands,NLD,1550,2884.1355,
Netherlands,NLD,1551,2632.7986,
Netherlands,NLD,1552,3045.4546,
Netherlands,NLD,1553,2557.9324,
Netherlands,NLD,1554,2741.533,
Netherlands,NLD,1555,3078.4314,
Netherlands,NLD,1556,3499.1086,
Netherlands,NLD,1557,3218.36,
Netherlands,NLD,1558,3295.9001,
Netherlands,NLD,1559,2940.2852,
Netherlands,NLD,1560,3083.779,
Netherlands,NLD,1561,3457.2192,
Netherlands,NLD,1562,3827.0945,
Netherlands,NLD,1563,3490.196,
Netherlands,NLD,1564,3520.499,
Netherlands,NLD,1565,3655.9714,
Netherlands,NLD,1566,3084.6702,
Netherlands,NLD,1567,3965.2407,
Netherlands,NLD,1568,4090.9092,
Netherlands,NLD,1569,2434.0464,
Netherlands,NLD,1570,2297.6826,
Netherlands,NLD,1571,2456.328,
Netherlands,NLD,1572,2056.1497,
Netherlands,NLD,1573,2258.467,
Netherlands,NLD,1574,2659.5366,
Netherlands,NLD,1575,2924.2424,
Netherlands,NLD,1576,2860.0713,
Netherlands,NLD,1577,3838.681,
Netherlands,NLD,1578,4064.1711,
Netherlands,NLD,1579,3180.927,
Netherlands,NLD,1580,3292.3352,
Netherlands,NLD,1581,3433.155,
Netherlands,NLD,1582,3567.736,
Netherlands,NLD,1583,3432.264,
Netherlands,NLD,1584,3886.8093,
Netherlands,NLD,1585,3380.5703,
Netherlands,NLD,1586,3450.089,
Netherlands,NLD,1587,3987.5222,
Netherlands,NLD,1588,3659.5366,
Netherlands,NLD,1589,3982.1748,
Netherlands,NLD,1590,4050.8022,
Netherlands,NLD,1591,3933.155,
Netherlands,NLD,1592,3838.681,
Netherlands,NLD,1593,3656.8628,
Netherlands,NLD,1594,3887.7004,
Netherlands,NLD,1595,4207.665,
Netherlands,NLD,1596,4006.2388,
Netherlands,NLD,1597,4490.1963,
Netherlands,NLD,1598,3957.2192,
Netherlands,NLD,1599,4152.4062,
Netherlands,NLD,1600,4270.0537,
Netherlands,NLD,1601,3790.5525,
Netherlands,NLD,1602,3265.5972,
Netherlands,NLD,1603,3849.3762,
Netherlands,NLD,1604,3924.2424,
Netherlands,NLD,1605,3278.075,
Netherlands,NLD,1606,3622.1033,
Netherlands,NLD,1607,3196.0784,
Netherlands,NLD,1608,4798.574,
Netherlands,NLD,1609,4054.3672,
Netherlands,NLD,1610,3365.419,
Netherlands,NLD,1611,3567.736,
Netherlands,NLD,1612,3383.2441,
Netherlands,NLD,1613,3217.4688,
Netherlands,NLD,1614,3391.2656,
Netherlands,NLD,1615,3064.1711,
Netherlands,NLD,1616,3269.162,
Netherlands,NLD,1617,3360.9626,
Netherlands,NLD,1618,5117.647,
Netherlands,NLD,1619,4620.321,
Netherlands,NLD,1620,3492.8699,
Netherlands,NLD,1621,4185.3833,
Netherlands,NLD,1622,4450.9805,
Netherlands,NLD,1623,3940.2852,
Netherlands,NLD,1624,3659.5366,
Netherlands,NLD,1625,3312.8342,
Netherlands,NLD,1626,4233.5117,
Netherlands,NLD,1627,3380.5703,
Netherlands,NLD,1628,3441.1765,
Netherlands,NLD,1629,3287.879,
Netherlands,NLD,1630,3197.861,
Netherlands,NLD,1631,4188.057,
Netherlands,NLD,1632,3853.8325,
Netherlands,NLD,1633,4184.492,
Netherlands,NLD,1634,4006.2388,
Netherlands,NLD,1635,4372.549,
Netherlands,NLD,1636,4093.583,
Netherlands,NLD,1637,3502.6738,
Netherlands,NLD,1638,3916.221,
Netherlands,NLD,1639,3852.0498,
Netherlands,NLD,1640,3532.0854,
Netherlands,NLD,1641,3919.7861,
Netherlands,NLD,1642,4047.237,
Netherlands,NLD,1643,3913.547,
Netherlands,NLD,1644,4307.487,
Netherlands,NLD,1645,3952.763,
Netherlands,NLD,1646,3878.7878,
Netherlands,NLD,1647,3964.3494,
Netherlands,NLD,1648,4202.3174,
Netherlands,NLD,1649,4055.2585,
Netherlands,NLD,1650,4316.3994,
Netherlands,NLD,1651,3987.5222,
Netherlands,NLD,1652,3392.157,
Netherlands,NLD,1653,3630.1248,
Netherlands,NLD,1654,3420.6772,
Netherlands,NLD,1655,3524.9553,
Netherlands,NLD,1656,3349.3762,
Netherlands,NLD,1657,3033.8682,
Netherlands,NLD,1658,3070.41,
Netherlands,NLD,1659,3097.148,
Netherlands,NLD,1660,3168.4492,
Netherlands,NLD,1661,3172.9055,
Netherlands,NLD,1662,3561.4973,
Netherlands,NLD,1663,3811.0518,
Netherlands,NLD,1664,3411.7646,
Netherlands,NLD,1665,3265.5972,
Netherlands,NLD,1666,3176.4707,
Netherlands,NLD,1667,3401.9607,
Netherlands,NLD,1668,3671.123,
Netherlands,NLD,1669,3448.3066,
Netherlands,NLD,1670,3475.9358,
Netherlands,NLD,1671,3235.2942,
Netherlands,NLD,1672,2923.351,
Netherlands,NLD,1673,3171.123,
Netherlands,NLD,1674,3522.2817,
Netherlands,NLD,1675,3472.3708,
Netherlands,NLD,1676,3409.0908,
Netherlands,NLD,1677,3144.385,
Netherlands,NLD,1678,3385.0269,
Netherlands,NLD,1679,3208.5562,
Netherlands,NLD,1680,3549.0195,
Netherlands,NLD,1681,3376.114,
Netherlands,NLD,1682,3368.984,
Netherlands,NLD,1683,3346.7024,
Netherlands,NLD,1684,3290.5525,
Netherlands,NLD,1685,3609.6257,
Netherlands,NLD,1686,3684.492,
Netherlands,NLD,1687,3630.1248,
Netherlands,NLD,1688,3817.2905,
Netherlands,NLD,1689,3741.533,
Netherlands,NLD,1690,3915.3298,
Netherlands,NLD,1691,3840.4634,
Netherlands,NLD,1692,3653.2976,
Netherlands,NLD,1693,4092.6917,
Netherlands,NLD,1694,3673.7969,
Netherlands,NLD,1695,3786.0962,
Netherlands,NLD,1696,3429.59,
Netherlands,NLD,1697,3653.2976,
Netherlands,NLD,1698,3612.2996,
Netherlands,NLD,1699,3967.9146,
Netherlands,NLD,1700,3377.0054,
Netherlands,NLD,1701,3745.9893,
Netherlands,NLD,1702,4270.945,
Netherlands,NLD,1703,3342.246,
Netherlands,NLD,1704,3580.2139,
Netherlands,NLD,1705,4224.599,
Netherlands,NLD,1706,3912.656,
Netherlands,NLD,1707,4073.975,
Netherlands,NLD,1708,3879.6792,
Netherlands,NLD,1709,4131.016,
Netherlands,NLD,1710,4221.9253,
Netherlands,NLD,1711,3957.2192,
Netherlands,NLD,1712,4064.1711,
Netherlands,NLD,1713,4254.902,
Netherlands,NLD,1714,4165.7754,
Netherlands,NLD,1715,3793.2263,
Netherlands,NLD,1716,3406.417,
Netherlands,NLD,1717,3663.1016,
Netherlands,NLD,1718,3778.075,
Netherlands,NLD,1719,3451.8716,
Netherlands,NLD,1720,3516.0427,
Netherlands,NLD,1721,3409.0908,
Netherlands,NLD,1722,3397.5044,
Netherlands,NLD,1723,3539.2156,
Netherlands,NLD,1724,3591.8003,
Netherlands,NLD,1725,3721.034,
Netherlands,NLD,1726,3817.2905,
Netherlands,NLD,1727,3762.032,
Netherlands,NLD,1728,3776.2922,
Netherlands,NLD,1729,3960.7844,
Netherlands,NLD,1730,3693.4045,
Netherlands,NLD,1731,3518.7166,
Netherlands,NLD,1732,3540.9983,
Netherlands,NLD,1733,3523.1729,
Netherlands,NLD,1734,3643.4937,
Netherlands,NLD,1735,3639.0374,
Netherlands,NLD,1736,3507.1301,
Netherlands,NLD,1737,3463.458,
Netherlands,NLD,1738,3490.196,
Netherlands,NLD,1739,3491.9785,
Netherlands,NLD,1740,3465.2407,
Netherlands,NLD,1741,3441.1765,
Netherlands,NLD,1742,3650.6238,
Netherlands,NLD,1743,3701.426,
Netherlands,NLD,1744,4132.7983,
Netherlands,NLD,1745,3601.6042,
Netherlands,NLD,1746,3976.8271,
Netherlands,NLD,1747,4557.041,
Netherlands,NLD,1748,4393.0483,
Netherlands,NLD,1749,3844.9197,
Netherlands,NLD,1750,3777.1836,
Netherlands,NLD,1751,4046.3457,
Netherlands,NLD,1752,3885.0269,
Netherlands,NLD,1753,4217.4688,
Netherlands,NLD,1754,4048.1284,
Netherlands,NLD,1755,3920.6772,
Netherlands,NLD,1756,3578.4314,
Netherlands,NLD,1757,3984.8484,
Netherlands,NLD,1758,3887.7004,
Netherlands,NLD,1759,3786.0962,
Netherlands,NLD,1760,3963.458,
Netherlands,NLD,1761,3975.9358,
Netherlands,NLD,1762,4032.9768,
Netherlands,NLD,1763,4311.943,
Netherlands,NLD,1764,4327.094,
Netherlands,NLD,1765,4880.5703,
Netherlands,NLD,1766,4359.18,
Netherlands,NLD,1767,4188.057,
Netherlands,NLD,1768,4307.487,
Netherlands,NLD,1769,4553.476,
Netherlands,NLD,1770,4340.4634,
Netherlands,NLD,1771,4721.0337,
Netherlands,NLD,1772,4799.4653,
Netherlands,NLD,1773,4561.4976,
Netherlands,NLD,1774,4573.084,
Netherlands,NLD,1775,4485.7397,
Netherlands,NLD,1776,4431.3726,
Netherlands,NLD,1777,4578.431,
Netherlands,NLD,1778,4497.326,
Netherlands,NLD,1779,4254.0107,
Netherlands,NLD,1780,4552.5845,
Netherlands,NLD,1781,4108.7344,
Netherlands,NLD,1782,4336.8984,
Netherlands,NLD,1783,4195.187,
Netherlands,NLD,1784,4213.0127,
Netherlands,NLD,1785,4169.3403,
Netherlands,NLD,1786,3768.271,
Netherlands,NLD,1787,3950.9805,
Netherlands,NLD,1788,3726.3813,
Netherlands,NLD,1789,3876.114,
Netherlands,NLD,1790,4198.7524,
Netherlands,NLD,1791,4246.8804,
Netherlands,NLD,1792,4398.3955,
Netherlands,NLD,1793,4480.392,
Netherlands,NLD,1794,4665.7754,
Netherlands,NLD,1795,3846.7024,
Netherlands,NLD,1796,4506.239,
Netherlands,NLD,1797,4661.319,
Netherlands,NLD,1798,4725.49,
Netherlands,NLD,1799,4332.442,
Netherlands,NLD,1800,4184.492,
Netherlands,NLD,1801,4110.517,
Netherlands,NLD,1802,4337.7896,
Netherlands,NLD,1803,4244.2065,
Netherlands,NLD,1804,4445.633,
Netherlands,NLD,1805,4184.492,
Netherlands,NLD,1806,4215.686,
Netherlands,NLD,1807,3862.745,
Netherlands,NLD,1808,2632.0,
Netherlands,NLD,1815,3011.0,
Netherlands,NLD,1816,2869.0,
Netherlands,NLD,1817,2898.0,
Netherlands,NLD,1818,2942.0,
Netherlands,NLD,1819,2807.0,
Netherlands,NLD,1820,3006.0,
Netherlands,NLD,1821,2947.0,
Netherlands,NLD,1822,2974.0,
Netherlands,NLD,1823,3121.0,
Netherlands,NLD,1824,3100.0,
Netherlands,NLD,1825,3022.0,
Netherlands,NLD,1826,3068.0,
Netherlands,NLD,1827,3250.0,
Netherlands,NLD,1828,3319.0,
Netherlands,NLD,1829,3325.0,
Netherlands,NLD,1830,3038.0,
Netherlands,NLD,1831,3264.0,
Netherlands,NLD,1832,3417.0,
Netherlands,NLD,1833,3341.0,
Netherlands,NLD,1834,3370.0,
Netherlands,NLD,1835,3360.0,
Netherlands,NLD,1836,3472.0,
Netherlands,NLD,1837,3553.0,
Netherlands,NLD,1838,3590.0,
Netherlands,NLD,1839,3588.0,
Netherlands,NLD,1840,3623.0,
Netherlands,NLD,1841,3658.0,
Netherlands,NLD,1842,3569.0,
Netherlands,NLD,1843,3507.0,
Netherlands,NLD,1844,3540.0,
Netherlands,NLD,1845,3515.0,
Netherlands,NLD,1846,3521.0,
Netherlands,NLD,1847,3545.0,
Netherlands,NLD,1848,3602.0,
Netherlands,NLD,1849,3709.0,
Netherlands,NLD,1850,3779.0,
Netherlands,NLD,1851,3834.0,
Netherlands,NLD,1852,3790.0,
Netherlands,NLD,1853,3704.0,
Netherlands,NLD,1854,3931.0,
Netherlands,NLD,1855,3824.0,
Netherlands,NLD,1856,3977.0,
Netherlands,NLD,1857,3907.0,
Netherlands,NLD,1858,3800.0,
Netherlands,NLD,1859,3665.0,
Netherlands,NLD,1860,3840.0,
Netherlands,NLD,1861,3735.0,
Netherlands,NLD,1862,3881.0,
Netherlands,NLD,1863,3953.0,
Netherlands,NLD,1864,4111.0,
Netherlands,NLD,1865,4117.0,
Netherlands,NLD,1866,4272.0,
Netherlands,NLD,1867,4127.0,
Netherlands,NLD,1868,4152.0,
Netherlands,NLD,1869,4286.0,
Netherlands,NLD,1870,4422.0,
Netherlands,NLD,1871,4364.0,
Netherlands,NLD,1872,4414.0,
Netherlands,NLD,1873,4503.0,
Netherlands,NLD,1874,4337.0,
Netherlands,NLD,1875,4584.0,
Netherlands,NLD,1876,4595.0,
Netherlands,NLD,1877,4651.0,
Netherlands,NLD,1878,4637.0,
Netherlands,NLD,1879,4414.0,
Netherlands,NLD,1880,4666.0,
Netherlands,NLD,1881,4694.0,
Netherlands,NLD,1882,4758.0,
Netherlands,NLD,1883,5053.0,
Netherlands,NLD,1884,5085.0,
Netherlands,NLD,1885,5137.0,
Netherlands,NLD,1886,5157.0,
Netherlands,NLD,1887,5223.0,
Netherlands,NLD,1888,5231.0,
Netherlands,NLD,1889,5349.0,
Netherlands,NLD,1890,5078.0,
Netherlands,NLD,1891,5035.0,
Netherlands,NLD,1892,5131.0,
Netherlands,NLD,1893,5019.0,
Netherlands,NLD,1894,5247.0,
Netherlands,NLD,1895,5212.0,
Netherlands,NLD,1896,5359.0,
Netherlands,NLD,1897,5421.0,
Netherlands,NLD,1898,5431.0,
Netherlands,NLD,1899,5435.0,
Netherlands,NLD,1900,5306.0,
Netherlands,NLD,1901,5483.0,
Netherlands,NLD,1902,5630.0,
Netherlands,NLD,1903,5544.0,
Netherlands,NLD,1904,5541.0,
Netherlands,NLD,1905,5735.0,
Netherlands,NLD,1906,5770.0,
Netherlands,NLD,1907,5592.0,
Netherlands,NLD,1908,5628.0,
Netherlands,NLD,1909,5852.0,
Netherlands,NLD,1910,6030.0,
Netherlands,NLD,1911,6158.0,
Netherlands,NLD,1912,6245.0,
Netherlands,NLD,1913,6454.0,
Netherlands,NLD,1914,6166.0,
Netherlands,NLD,1915,6258.0,
Netherlands,NLD,1916,6306.0,
Netherlands,NLD,1917,5781.0,
Netherlands,NLD,1918,5343.0,
Netherlands,NLD,1919,6570.0,
Netherlands,NLD,1920,6727.0,
Netherlands,NLD,1921,7063.0,
Netherlands,NLD,1922,7331.0,
Netherlands,NLD,1923,7388.0,
Netherlands,NLD,1924,7803.0,
Netherlands,NLD,1925,8019.0,
Netherlands,NLD,1926,8541.0,
Netherlands,NLD,1927,8773.0,
Netherlands,NLD,1928,9118.0,
Netherlands,NLD,1929,9068.0,
Netherlands,NLD,1930,8931.0,
Netherlands,NLD,1931,8265.0,
Netherlands,NLD,1932,8026.0,
Netherlands,NLD,1933,7900.0,
Netherlands,NLD,1934,7659.0,
Netherlands,NLD,1935,7857.0,
Netherlands,NLD,1936,8273.0,
Netherlands,NLD,1937,8660.0,
Netherlands,NLD,1938,8368.0,
Netherlands,NLD,1939,8837.0,
Netherlands,NLD,1940,7701.0,
Netherlands,NLD,1941,7222.0,
Netherlands,NLD,1942,6546.0,
Netherlands,NLD,1943,6346.0,
Netherlands,NLD,1944,4222.0,
Netherlands,NLD,1945,4281.0,
Netherlands,NLD,1946,7104.0,
Netherlands,NLD,1947,8046.0,
Netherlands,NLD,1948,8751.0,
Netherlands,NLD,1949,9373.0,
Netherlands,NLD,1950,9558.0,
Netherlands,NLD,1951,9615.0,
Netherlands,NLD,1952,9698.0,
Netherlands,NLD,1953,10429.0,
Netherlands,NLD,1954,11010.0,
Netherlands,NLD,1955,11678.0,
Netherlands,NLD,1956,11953.0,
Netherlands,NLD,1957,12137.0,
Netherlands,NLD,1958,11926.0,
Netherlands,NLD,1959,12333.0,
Netherlands,NLD,1960,13209.0,
Netherlands,NLD,1961,13074.0,
Netherlands,NLD,1962,13770.0,
Netherlands,NLD,1963,14078.0,
Netherlands,NLD,1964,15042.0,
Netherlands,NLD,1965,15618.0,
Netherlands,NLD,1966,15838.0,
Netherlands,NLD,1967,16483.0,
Netherlands,NLD,1968,17365.0,
Netherlands,NLD,1969,18270.0,
Netherlands,NLD,1970,19075.0,
Netherlands,NLD,1971,19636.0,
Netherlands,NLD,1972,20079.0,
Netherlands,NLD,1973,20851.0,
Netherlands,NLD,1974,21514.0,
Netherlands,NLD,1975,21318.0,
Netherlands,NLD,1976,22132.0,
Netherlands,NLD,1977,22598.0,
Netherlands,NLD,1978,22992.0,
Netherlands,NLD,1979,23347.0,
Netherlands,NLD,1980,23438.0,
Netherlands,NLD,1981,23153.0,
Netherlands,NLD,1982,22780.0,
Netherlands,NLD,1983,23086.0,
Netherlands,NLD,1984,23750.0,
Netherlands,NLD,1985,24361.0,
Netherlands,NLD,1986,24893.0,
Netherlands,NLD,1987,25085.0,
Netherlands,NLD,1988,25574.0,
Netherlands,NLD,1989,26612.0,
Netherlands,NLD,1990,27515.0,
Netherlands,NLD,1991,28126.781,
Netherlands,NLD,1992,28555.732,
Netherlands,NLD,1993,28879.996,
Netherlands,NLD,1994,29727.557,
Netherlands,NLD,1995,30680.348,
Netherlands,NLD,1996,31811.738,
Netherlands,NLD,1997,33199.633,
Netherlands,NLD,1998,34688.55,
Netherlands,NLD,1999,36409.08,
Netherlands,NLD,2000,37899.95,
Netherlands,NLD,2001,38636.223,
Netherlands,NLD,2002,38653.125,
Netherlands,NLD,2003,38803.957,
Netherlands,NLD,2004,39682.375,
Netherlands,NLD,2005,40679.49,
Netherlands,NLD,2006,42286.51,
Netherlands,NLD,2007,44008.75,
Netherlands,NLD,2008,44840.71,
Netherlands,NLD,2009,43178.508,
Netherlands,NLD,2010,43812.348,
Netherlands,NLD,2011,44591.0,
Netherlands,NLD,2012,43968.254,
Netherlands,NLD,2013,43782.97,
Netherlands,NLD,2014,44245.56,
Netherlands,NLD,2015,44912.664,
Netherlands,NLD,2016,45654.47,
Netherlands,NLD,2017,46706.438,
Netherlands,NLD,2018,47528.902,
Netherlands,NLD,2019,48142.67,
Netherlands,NLD,2020,46014.484,
Netherlands,NLD,2021,48001.84,
Netherlands,NLD,2022,49669.867,
New Zealand,NZL,1820,826.0,
New Zealand,NZL,1850,1824.0,
New Zealand,NZL,1860,3526.0,
New Zealand,NZL,1870,4941.0,
New Zealand,NZL,1871,5029.0,
New Zealand,NZL,1872,5616.0,
New Zealand,NZL,1873,6107.0,
New Zealand,NZL,1874,6126.0,
New Zealand,NZL,1875,5879.0,
New Zealand,NZL,1876,5775.0,
New Zealand,NZL,1877,6347.0,
New Zealand,NZL,1878,6808.0,
New Zealand,NZL,1879,5689.0,
New Zealand,NZL,1880,5973.0,
New Zealand,NZL,1881,6001.0,
New Zealand,NZL,1882,5812.0,
New Zealand,NZL,1883,5571.0,
New Zealand,NZL,1884,5903.0,
New Zealand,NZL,1885,5718.0,
New Zealand,NZL,1886,5742.0,
New Zealand,NZL,1887,5745.0,
New Zealand,NZL,1888,5665.0,
New Zealand,NZL,1889,5899.0,
New Zealand,NZL,1890,5985.0,
New Zealand,NZL,1891,5947.0,
New Zealand,NZL,1892,6059.0,
New Zealand,NZL,1893,6038.0,
New Zealand,NZL,1894,5705.0,
New Zealand,NZL,1895,5805.0,
New Zealand,NZL,1896,6357.0,
New Zealand,NZL,1897,6296.0,
New Zealand,NZL,1898,6352.0,
New Zealand,NZL,1899,6441.0,
New Zealand,NZL,1900,6851.0,
New Zealand,NZL,1901,6731.0,
New Zealand,NZL,1902,7074.0,
New Zealand,NZL,1903,7535.0,
New Zealand,NZL,1904,7285.0,
New Zealand,NZL,1905,7731.0,
New Zealand,NZL,1906,8222.0,
New Zealand,NZL,1907,8512.0,
New Zealand,NZL,1908,7707.0,
New Zealand,NZL,1909,7603.0,
New Zealand,NZL,1910,8474.0,
New Zealand,NZL,1911,8757.0,
New Zealand,NZL,1912,8303.0,
New Zealand,NZL,1913,8212.0,
New Zealand,NZL,1914,8271.0,
New Zealand,NZL,1915,8247.0,
New Zealand,NZL,1916,8161.0,
New Zealand,NZL,1917,7983.0,
New Zealand,NZL,1918,7828.0,
New Zealand,NZL,1919,8421.0,
New Zealand,NZL,1920,8992.0,
New Zealand,NZL,1921,8174.0,
New Zealand,NZL,1922,7716.0,
New Zealand,NZL,1923,8199.0,
New Zealand,NZL,1924,8198.0,
New Zealand,NZL,1925,8435.0,
New Zealand,NZL,1926,7818.0,
New Zealand,NZL,1927,7465.0,
New Zealand,NZL,1928,8195.0,
New Zealand,NZL,1929,8388.0,
New Zealand,NZL,1930,7906.0,
New Zealand,NZL,1931,7133.0,
New Zealand,NZL,1932,6897.0,
New Zealand,NZL,1933,7294.0,
New Zealand,NZL,1934,7600.0,
New Zealand,NZL,1935,7905.0,
New Zealand,NZL,1936,9309.0,
New Zealand,NZL,1937,9726.0,
New Zealand,NZL,1938,10300.0,
New Zealand,NZL,1939,10297.0,
New Zealand,NZL,1940,10042.0,
New Zealand,NZL,1941,9770.0,
New Zealand,NZL,1942,10779.0,
New Zealand,NZL,1943,11043.0,
New Zealand,NZL,1944,10947.0,
New Zealand,NZL,1945,11043.0,
New Zealand,NZL,1946,11415.0,
New Zealand,NZL,1947,12506.0,
New Zealand,NZL,1948,11045.0,
New Zealand,NZL,1949,11988.0,
New Zealand,NZL,1950,13479.0,
New Zealand,NZL,1951,12199.0,
New Zealand,NZL,1952,12427.0,
New Zealand,NZL,1953,12522.0,
New Zealand,NZL,1954,13936.0,
New Zealand,NZL,1955,13908.0,
New Zealand,NZL,1956,14346.0,
New Zealand,NZL,1957,14418.0,
New Zealand,NZL,1958,14641.0,
New Zealand,NZL,1959,15350.0,
New Zealand,NZL,1960,15087.0,
New Zealand,NZL,1961,15533.0,
New Zealand,NZL,1962,15511.0,
New Zealand,NZL,1963,16150.0,
New Zealand,NZL,1964,16606.0,
New Zealand,NZL,1965,17341.0,
New Zealand,NZL,1966,18111.0,
New Zealand,NZL,1967,17027.0,
New Zealand,NZL,1968,16809.0,
New Zealand,NZL,1969,18348.0,
New Zealand,NZL,1970,17835.0,
New Zealand,NZL,1971,18452.0,
New Zealand,NZL,1972,18889.0,
New Zealand,NZL,1973,19804.0,
New Zealand,NZL,1974,20529.0,
New Zealand,NZL,1975,19907.0,
New Zealand,NZL,1976,20161.0,
New Zealand,NZL,1977,19110.0,
New Zealand,NZL,1978,19182.0,
New Zealand,NZL,1979,19580.0,
New Zealand,NZL,1980,19681.0,
New Zealand,NZL,1981,20537.0,
New Zealand,NZL,1982,20715.0,
New Zealand,NZL,1983,21015.0,
New Zealand,NZL,1984,21783.0,
New Zealand,NZL,1985,21780.0,
New Zealand,NZL,1986,22124.0,
New Zealand,NZL,1987,22142.0,
New Zealand,NZL,1988,22022.0,
New Zealand,NZL,1989,22107.0,
New Zealand,NZL,1990,21817.0,
New Zealand,NZL,1991,21125.895,
New Zealand,NZL,1992,21093.06,
New Zealand,NZL,1993,21897.676,
New Zealand,NZL,1994,23076.857,
New Zealand,NZL,1995,23751.902,
New Zealand,NZL,1996,24321.248,
New Zealand,NZL,1997,24802.129,
New Zealand,NZL,1998,24861.416,
New Zealand,NZL,1999,25867.992,
New Zealand,NZL,2000,26823.018,
New Zealand,NZL,2001,27167.318,
New Zealand,NZL,2002,28065.855,
New Zealand,NZL,2003,28876.287,
New Zealand,NZL,2004,29806.734,
New Zealand,NZL,2005,30270.248,
New Zealand,NZL,2006,30798.63,
New Zealand,NZL,2007,31784.441,
New Zealand,NZL,2008,31444.633,
New Zealand,NZL,2009,31233.076,
New Zealand,NZL,2010,31586.09,
New Zealand,NZL,2011,32057.0,
New Zealand,NZL,2012,32714.732,
New Zealand,NZL,2013,33109.26,
New Zealand,NZL,2014,33591.32,
New Zealand,NZL,2015,34248.477,
New Zealand,NZL,2016,34879.938,
New Zealand,NZL,2017,35573.965,
New Zealand,NZL,2018,36420.047,
New Zealand,NZL,2019,36912.074,
New Zealand,NZL,2020,35853.69,
New Zealand,NZL,2021,37837.457,
New Zealand,NZL,2022,38250.12,
Nicaragua,NIC,1920,2007.0,
Nicaragua,NIC,1921,2083.0,
Nicaragua,NIC,1922,1878.0,
Nicaragua,NIC,1923,2010.0,
Nicaragua,NIC,1924,2098.0,
Nicaragua,NIC,1925,2316.0,
Nicaragua,NIC,1926,1983.0,
Nicaragua,NIC,1927,1992.0,
Nicaragua,NIC,1928,2523.0,
Nicaragua,NIC,1929,2778.0,
Nicaragua,NIC,1930,2246.0,
Nicaragua,NIC,1931,2071.0,
Nicaragua,NIC,1932,1863.0,
Nicaragua,NIC,1933,2311.0,
Nicaragua,NIC,1934,2067.0,
Nicaragua,NIC,1935,2043.0,
Nicaragua,NIC,1936,1583.0,
Nicaragua,NIC,1937,1672.0,
Nicaragua,NIC,1938,1707.0,
Nicaragua,NIC,1939,2042.0,
Nicaragua,NIC,1940,2179.0,
Nicaragua,NIC,1941,2354.0,
Nicaragua,NIC,1942,2214.0,
Nicaragua,NIC,1943,2373.0,
Nicaragua,NIC,1944,2299.0,
Nicaragua,NIC,1945,2259.0,
Nicaragua,NIC,1946,2377.0,
Nicaragua,NIC,1947,2310.0,
Nicaragua,NIC,1948,2460.0,
Nicaragua,NIC,1949,2345.0,
Nicaragua,NIC,1950,2565.0,
Nicaragua,NIC,1951,2657.0,
Nicaragua,NIC,1952,3016.0,
Nicaragua,NIC,1953,2997.0,
Nicaragua,NIC,1954,3178.0,
Nicaragua,NIC,1955,3288.0,
Nicaragua,NIC,1956,3186.0,
Nicaragua,NIC,1957,3351.0,
Nicaragua,NIC,1958,3258.0,
Nicaragua,NIC,1959,3204.0,
Nicaragua,NIC,1960,3148.0,
Nicaragua,NIC,1961,3277.0,
Nicaragua,NIC,1962,3521.0,
Nicaragua,NIC,1963,3781.0,
Nicaragua,NIC,1964,4092.0,
Nicaragua,NIC,1965,4340.0,
Nicaragua,NIC,1966,4342.0,
Nicaragua,NIC,1967,4500.0,
Nicaragua,NIC,1968,4419.0,
Nicaragua,NIC,1969,4564.0,
Nicaragua,NIC,1970,4463.0,
Nicaragua,NIC,1971,4533.0,
Nicaragua,NIC,1972,4543.0,
Nicaragua,NIC,1973,4637.0,
Nicaragua,NIC,1974,5064.0,
Nicaragua,NIC,1975,5013.0,
Nicaragua,NIC,1976,5099.0,
Nicaragua,NIC,1977,5247.0,
Nicaragua,NIC,1978,4771.0,
Nicaragua,NIC,1979,3405.0,
Nicaragua,NIC,1980,3414.0,
Nicaragua,NIC,1981,3480.0,
Nicaragua,NIC,1982,3360.0,
Nicaragua,NIC,1983,3437.0,
Nicaragua,NIC,1984,3308.0,
Nicaragua,NIC,1985,3107.0,
Nicaragua,NIC,1986,3011.0,
Nicaragua,NIC,1987,2922.0,
Nicaragua,NIC,1988,2498.0,
Nicaragua,NIC,1989,2393.0,
Nicaragua,NIC,1990,2291.0,
Nicaragua,NIC,1991,2209.7942,
Nicaragua,NIC,1992,2163.4165,
Nicaragua,NIC,1993,2114.692,
Nicaragua,NIC,1994,2154.299,
Nicaragua,NIC,1995,2264.0925,
Nicaragua,NIC,1996,2395.2021,
Nicaragua,NIC,1997,2482.691,
Nicaragua,NIC,1998,2569.8284,
Nicaragua,NIC,1999,2748.127,
Nicaragua,NIC,2000,2858.5269,
Nicaragua,NIC,2001,2944.2446,
Nicaragua,NIC,2002,2969.4575,
Nicaragua,NIC,2003,3049.15,
Nicaragua,NIC,2004,3220.261,
Nicaragua,NIC,2005,3370.7776,
Nicaragua,NIC,2006,3525.5537,
Nicaragua,NIC,2007,3729.8513,
Nicaragua,NIC,2008,3856.5522,
Nicaragua,NIC,2009,3771.947,
Nicaragua,NIC,2010,3916.9658,
Nicaragua,NIC,2011,4189.0,
Nicaragua,NIC,2012,4376.0,
Nicaragua,NIC,2013,4527.0,
Nicaragua,NIC,2014,4685.0,
Nicaragua,NIC,2015,4866.0,
Nicaragua,NIC,2016,5015.8643,
Nicaragua,NIC,2017,5174.224,
Nicaragua,NIC,2018,4930.4297,
Nicaragua,NIC,2019,4721.7275,
Nicaragua,NIC,2020,4575.1865,
Nicaragua,NIC,2021,4978.8413,
Nicaragua,NIC,2022,5092.8413,
Niger,NER,1950,983.0,
Niger,NER,1951,1004.0,
Niger,NER,1952,1023.0,
Niger,NER,1953,1042.0,
Niger,NER,1954,1063.0,
Niger,NER,1955,1082.0,
Niger,NER,1956,1103.0,
Niger,NER,1957,1122.0,
Niger,NER,1958,1143.0,
Niger,NER,1959,1162.0,
Niger,NER,1960,1213.0,
Niger,NER,1961,1239.0,
Niger,NER,1962,1341.0,
Niger,NER,1963,1443.0,
Niger,NER,1964,1415.0,
Niger,NER,1965,1490.0,
Niger,NER,1966,1441.0,
Niger,NER,1967,1417.0,
Niger,NER,1968,1398.0,
Niger,NER,1969,1326.0,
Niger,NER,1970,1337.0,
Niger,NER,1971,1382.0,
Niger,NER,1972,1282.0,
Niger,NER,1973,1039.0,
Niger,NER,1974,1105.0,
Niger,NER,1975,1050.0,
Niger,NER,1976,1033.0,
Niger,NER,1977,1087.0,
Niger,NER,1978,1205.0,
Niger,NER,1979,1261.0,
Niger,NER,1980,1291.0,
Niger,NER,1981,1277.0,
Niger,NER,1982,1231.0,
Niger,NER,1983,1180.0,
Niger,NER,1984,956.0,
Niger,NER,1985,950.0,
Niger,NER,1986,969.0,
Niger,NER,1987,912.0,
Niger,NER,1988,939.0,
Niger,NER,1989,915.0,
Niger,NER,1990,872.0,
Niger,NER,1991,865.9134,
Niger,NER,1992,785.2636,
Niger,NER,1993,771.54144,
Niger,NER,1994,776.80255,
Niger,NER,1995,702.4934,
Niger,NER,1996,712.85583,
Niger,NER,1997,693.1094,
Niger,NER,1998,755.248,
Niger,NER,1999,736.91754,
Niger,NER,2000,693.3765,
Niger,NER,2001,723.31134,
Niger,NER,2002,734.59155,
Niger,NER,2003,758.1143,
Niger,NER,2004,725.13165,
Niger,NER,2005,757.2439,
Niger,NER,2006,771.4197,
Niger,NER,2007,766.18695,
Niger,NER,2008,809.4504,
Niger,NER,2009,775.2534,
Niger,NER,2010,810.1572,
Niger,NER,2011,799.0,
Niger,NER,2012,849.7977,
Niger,NER,2013,861.0156,
Niger,NER,2014,884.34576,
Niger,NER,2015,888.36847,
Niger,NER,2016,903.57153,
Niger,NER,2017,913.8115,
Niger,NER,2018,942.5486,
Niger,NER,2019,964.32434,
Niger,NER,2020,962.7823,
Niger,NER,2021,941.2575,
Niger,NER,2022,1007.72095,
Nigeria,NGA,1885,809.56177,
Nigeria,NGA,1886,815.9363,
Nigeria,NGA,1887,764.94025,
Nigeria,NGA,1888,764.94025,
Nigeria,NGA,1889,801.5936,
Nigeria,NGA,1890,764.94025,
Nigeria,NGA,1891,870.1195,
Nigeria,NGA,1892,833.4661,
Nigeria,NGA,1893,858.9642,
Nigeria,NGA,1894,949.8008,
Nigeria,NGA,1895,983.2669,
Nigeria,NGA,1896,983.2669,
Nigeria,NGA,1897,911.5538,
Nigeria,NGA,1898,964.14343,
Nigeria,NGA,1899,1002.39044,
Nigeria,NGA,1900,1024.7012,
Nigeria,NGA,1901,1024.7012,
Nigeria,NGA,1902,938.64545,
Nigeria,NGA,1903,948.20715,
Nigeria,NGA,1904,988.0478,
Nigeria,NGA,1905,992.8287,
Nigeria,NGA,1906,986.45416,
Nigeria,NGA,1907,1005.5777,
Nigeria,NGA,1908,1002.39044,
Nigeria,NGA,1909,1075.6973,
Nigeria,NGA,1910,970.51794,
Nigeria,NGA,1911,980.07965,
Nigeria,NGA,1912,988.0478,
Nigeria,NGA,1914,994.4223,
Nigeria,NGA,1915,917.9283,
Nigeria,NGA,1919,631.0757,
Nigeria,NGA,1920,988.0478,
Nigeria,NGA,1921,881.2749,
Nigeria,NGA,1922,860.55774,
Nigeria,NGA,1923,726.69324,
Nigeria,NGA,1924,855.7769,
Nigeria,NGA,1925,879.6813,
Nigeria,NGA,1926,1005.5777,
Nigeria,NGA,1927,878.08765,
Nigeria,NGA,1928,956.1753,
Nigeria,NGA,1929,962.5498,
Nigeria,NGA,1930,906.7729,
Nigeria,NGA,1931,900.3984,
Nigeria,NGA,1933,892.4303,
Nigeria,NGA,1934,908.3665,
Nigeria,NGA,1935,935.4582,
Nigeria,NGA,1936,1074.1036,
Nigeria,NGA,1937,1118.7251,
Nigeria,NGA,1938,1077.2909,
Nigeria,NGA,1939,1011.9522,
Nigeria,NGA,1940,878.08765,
Nigeria,NGA,1942,988.0478,
Nigeria,NGA,1943,838.247,
Nigeria,NGA,1950,1200.0,
Nigeria,NGA,1951,1262.0,
Nigeria,NGA,1952,1323.0,
Nigeria,NGA,1953,1325.0,
Nigeria,NGA,1954,1382.0,
Nigeria,NGA,1955,1379.0,
Nigeria,NGA,1956,1309.0,
Nigeria,NGA,1957,1323.0,
Nigeria,NGA,1958,1270.0,
Nigeria,NGA,1959,1288.0,
Nigeria,NGA,1960,1307.0,
Nigeria,NGA,1961,1313.0,
Nigeria,NGA,1962,1349.0,
Nigeria,NGA,1963,1433.0,
Nigeria,NGA,1964,1451.0,
Nigeria,NGA,1965,1505.0,
Nigeria,NGA,1966,1414.0,
Nigeria,NGA,1967,1160.0,
Nigeria,NGA,1968,1114.0,
Nigeria,NGA,1969,1372.0,
Nigeria,NGA,1970,1744.0,
Nigeria,NGA,1971,1894.0,
Nigeria,NGA,1972,1908.0,
Nigeria,NGA,1973,2012.0,
Nigeria,NGA,1974,2179.0,
Nigeria,NGA,1975,2051.0,
Nigeria,NGA,1976,2208.0,
Nigeria,NGA,1977,2220.0,
Nigeria,NGA,1978,2028.0,
Nigeria,NGA,1979,2104.0,
Nigeria,NGA,1980,2080.0,
Nigeria,NGA,1981,1855.0,
Nigeria,NGA,1982,1784.0,
Nigeria,NGA,1983,1631.0,
Nigeria,NGA,1984,1527.0,
Nigeria,NGA,1985,1621.0,
Nigeria,NGA,1986,1610.0,
Nigeria,NGA,1987,1556.0,
Nigeria,NGA,1988,1667.0,
Nigeria,NGA,1989,1729.0,
Nigeria,NGA,1990,1773.0,
Nigeria,NGA,1991,1759.0035,
Nigeria,NGA,1992,1793.9402,
Nigeria,NGA,1993,1817.7495,
Nigeria,NGA,1994,1820.3046,
Nigeria,NGA,1995,1851.0375,
Nigeria,NGA,1996,1924.0884,
Nigeria,NGA,1997,1977.2856,
Nigeria,NGA,1998,2025.8649,
Nigeria,NGA,1999,2034.8275,
Nigeria,NGA,2000,2144.8254,
Nigeria,NGA,2001,2282.823,
Nigeria,NGA,2002,2609.1294,
Nigeria,NGA,2003,2848.2812,
Nigeria,NGA,2004,3136.6274,
Nigeria,NGA,2005,3347.8206,
Nigeria,NGA,2006,3564.6323,
Nigeria,NGA,2007,3817.4836,
Nigeria,NGA,2008,4084.2002,
Nigeria,NGA,2009,4416.347,
Nigeria,NGA,2010,4904.8657,
Nigeria,NGA,2011,5136.0,
Nigeria,NGA,2012,5216.3154,
Nigeria,NGA,2013,5356.3887,
Nigeria,NGA,2014,5550.727,
Nigeria,NGA,2015,5558.026,
Nigeria,NGA,2016,5337.1294,
Nigeria,NGA,2017,5248.6885,
Nigeria,NGA,2018,5215.3755,
Nigeria,NGA,2019,5197.0825,
Nigeria,NGA,2020,4976.3223,
Nigeria,NGA,2021,5029.0884,
Nigeria,NGA,2022,5070.4927,
North Korea,PRK,1820,752.72565,
North Korea,PRK,1870,757.5924,
North Korea,PRK,1911,1073.7922,
North Korea,PRK,1912,1170.1295,
North Korea,PRK,1913,1216.4597,
North Korea,PRK,1914,1219.2501,
North Korea,PRK,1915,1286.298,
North Korea,PRK,1916,1385.4614,
North Korea,PRK,1917,1307.7706,
North Korea,PRK,1918,1382.3108,
North Korea,PRK,1919,1102.647,
North Korea,PRK,1920,1469.8208,
North Korea,PRK,1921,1440.4432,
North Korea,PRK,1922,1433.4868,
North Korea,PRK,1923,1453.1302,
North Korea,PRK,1924,1402.9271,
North Korea,PRK,1925,1422.4949,
North Korea,PRK,1926,1460.898,
North Korea,PRK,1927,1593.8983,
North Korea,PRK,1928,1561.0217,
North Korea,PRK,1929,1596.1881,
North Korea,PRK,1930,1725.5968,
North Korea,PRK,1931,1831.314,
North Korea,PRK,1932,1837.194,
North Korea,PRK,1933,1895.4532,
North Korea,PRK,1934,1793.0282,
North Korea,PRK,1935,1996.1649,
North Korea,PRK,1936,2121.9248,
North Korea,PRK,1937,2469.6777,
North Korea,PRK,1938,2557.0732,
North Korea,PRK,1939,2494.338,
North Korea,PRK,1940,2623.7305,
North Korea,PRK,1941,2621.0432,
North Korea,PRK,1942,2399.642,
North Korea,PRK,1943,2462.0046,
North Korea,PRK,1990,2455.8186,
North Korea,PRK,1991,2315.959,
North Korea,PRK,1992,2120.5461,
North Korea,PRK,1993,1996.2933,
North Korea,PRK,1994,1925.956,
North Korea,PRK,1995,1816.009,
North Korea,PRK,1996,1733.0995,
North Korea,PRK,1997,1604.8995,
North Korea,PRK,1998,1579.9309,
North Korea,PRK,1999,1664.6421,
North Korea,PRK,2000,1657.1444,
North Korea,PRK,2001,1704.3733,
North Korea,PRK,2002,1710.9496,
North Korea,PRK,2003,1729.6221,
North Korea,PRK,2004,1753.6919,
North Korea,PRK,2005,1808.0618,
North Korea,PRK,2006,1778.4956,
North Korea,PRK,2007,1746.9276,
North Korea,PRK,2008,1794.6573,
North Korea,PRK,2009,1768.8898,
North Korea,PRK,2010,1751.4363,
North Korea,PRK,2011,1756.6108,
North Korea,PRK,2012,1770.9209,
North Korea,PRK,2013,1781.3009,
North Korea,PRK,2014,1791.3436,
North Korea,PRK,2015,1762.5167,
North Korea,PRK,2016,1821.212,
North Korea,PRK,2017,1749.0596,
North Korea,PRK,2018,1668.5446,
North Korea,PRK,2019,1666.8143,
North Korea,PRK,2020,1584.3771,
North Korea,PRK,2021,1577.1321,
North Korea,PRK,2022,1568.847,
North Macedonia,MKD,1952,2150.0,
North Macedonia,MKD,1953,2240.0,
North Macedonia,MKD,1954,2289.0,
North Macedonia,MKD,1955,2766.0,
North Macedonia,MKD,1956,2799.0,
North Macedonia,MKD,1957,3062.0,
North Macedonia,MKD,1958,3301.0,
North Macedonia,MKD,1959,3381.0,
North Macedonia,MKD,1960,3586.0,
North Macedonia,MKD,1961,3634.0,
North Macedonia,MKD,1962,3666.0,
North Macedonia,MKD,1963,4261.0,
North Macedonia,MKD,1964,5450.0,
North Macedonia,MKD,1965,4933.0,
North Macedonia,MKD,1966,5308.0,
North Macedonia,MKD,1967,5485.0,
North Macedonia,MKD,1968,5606.0,
North Macedonia,MKD,1969,6129.0,
North Macedonia,MKD,1970,6545.0,
North Macedonia,MKD,1971,6884.0,
North Macedonia,MKD,1972,7127.0,
North Macedonia,MKD,1973,7471.0,
North Macedonia,MKD,1974,7803.0,
North Macedonia,MKD,1975,8064.0,
North Macedonia,MKD,1976,8319.0,
North Macedonia,MKD,1977,8738.0,
North Macedonia,MKD,1978,9341.0,
North Macedonia,MKD,1979,9891.0,
North Macedonia,MKD,1980,9899.0,
North Macedonia,MKD,1981,9937.0,
North Macedonia,MKD,1982,9977.0,
North Macedonia,MKD,1983,9728.0,
North Macedonia,MKD,1984,10007.0,
North Macedonia,MKD,1985,9894.0,
North Macedonia,MKD,1986,10551.0,
North Macedonia,MKD,1987,10385.0,
North Macedonia,MKD,1988,10034.0,
North Macedonia,MKD,1989,10206.0,
North Macedonia,MKD,1990,9173.0,
North Macedonia,MKD,1991,8615.759,
North Macedonia,MKD,1992,7991.5977,
North Macedonia,MKD,1993,7317.835,
North Macedonia,MKD,1994,7154.067,
North Macedonia,MKD,1995,7039.1196,
North Macedonia,MKD,1996,7095.1665,
North Macedonia,MKD,1997,7179.0264,
North Macedonia,MKD,1998,7411.548,
North Macedonia,MKD,1999,7732.047,
North Macedonia,MKD,2000,8083.7896,
North Macedonia,MKD,2001,7835.027,
North Macedonia,MKD,2002,7964.0776,
North Macedonia,MKD,2003,8160.413,
North Macedonia,MKD,2004,8561.384,
North Macedonia,MKD,2005,8984.545,
North Macedonia,MKD,2006,9466.264,
North Macedonia,MKD,2007,10099.407,
North Macedonia,MKD,2008,10674.208,
North Macedonia,MKD,2009,10657.878,
North Macedonia,MKD,2010,11038.29,
North Macedonia,MKD,2011,11321.0,
North Macedonia,MKD,2012,11255.701,
North Macedonia,MKD,2013,11568.169,
North Macedonia,MKD,2014,11968.066,
North Macedonia,MKD,2015,12412.94,
North Macedonia,MKD,2016,12752.585,
North Macedonia,MKD,2017,12878.021,
North Macedonia,MKD,2018,13238.034,
North Macedonia,MKD,2019,13751.228,
North Macedonia,MKD,2020,13125.83,
North Macedonia,MKD,2021,13692.046,
North Macedonia,MKD,2022,14050.995,
Norway,NOR,1820,1384.0,
Norway,NOR,1830,1441.0,
Norway,NOR,1831,1355.0,
Norway,NOR,1832,1393.0,
Norway,NOR,1833,1508.0,
Norway,NOR,1834,1527.0,
Norway,NOR,1835,1503.0,
Norway,NOR,1836,1466.0,
Norway,NOR,1837,1463.0,
Norway,NOR,1838,1482.0,
Norway,NOR,1839,1495.0,
Norway,NOR,1840,1607.0,
Norway,NOR,1841,1592.0,
Norway,NOR,1842,1580.0,
Norway,NOR,1843,1521.0,
Norway,NOR,1844,1567.0,
Norway,NOR,1845,1631.0,
Norway,NOR,1846,1619.0,
Norway,NOR,1847,1670.0,
Norway,NOR,1848,1533.0,
Norway,NOR,1849,1559.0,
Norway,NOR,1850,1623.0,
Norway,NOR,1851,1663.0,
Norway,NOR,1852,1686.0,
Norway,NOR,1853,1776.0,
Norway,NOR,1854,1859.0,
Norway,NOR,1855,1897.0,
Norway,NOR,1856,1860.0,
Norway,NOR,1857,1763.0,
Norway,NOR,1858,1865.0,
Norway,NOR,1859,1817.0,
Norway,NOR,1860,1887.0,
Norway,NOR,1861,1879.0,
Norway,NOR,1862,2007.0,
Norway,NOR,1863,1959.0,
Norway,NOR,1864,1986.0,
Norway,NOR,1865,2077.0,
Norway,NOR,1866,1975.0,
Norway,NOR,1867,1991.0,
Norway,NOR,1868,1975.0,
Norway,NOR,1869,2079.0,
Norway,NOR,1870,2177.0,
Norway,NOR,1871,2276.0,
Norway,NOR,1872,2342.0,
Norway,NOR,1873,2421.0,
Norway,NOR,1874,2348.0,
Norway,NOR,1875,2410.0,
Norway,NOR,1876,2477.0,
Norway,NOR,1877,2450.0,
Norway,NOR,1878,2337.0,
Norway,NOR,1879,2429.0,
Norway,NOR,1880,2503.0,
Norway,NOR,1881,2439.0,
Norway,NOR,1882,2528.0,
Norway,NOR,1883,2582.0,
Norway,NOR,1884,2518.0,
Norway,NOR,1885,2499.0,
Norway,NOR,1886,2528.0,
Norway,NOR,1887,2570.0,
Norway,NOR,1888,2692.0,
Norway,NOR,1889,2775.0,
Norway,NOR,1890,2769.0,
Norway,NOR,1891,2762.0,
Norway,NOR,1892,2748.0,
Norway,NOR,1893,2820.0,
Norway,NOR,1894,2935.0,
Norway,NOR,1895,3052.0,
Norway,NOR,1896,3102.0,
Norway,NOR,1897,3218.0,
Norway,NOR,1898,3266.0,
Norway,NOR,1899,3244.0,
Norway,NOR,1900,3249.0,
Norway,NOR,1901,3271.0,
Norway,NOR,1902,3268.0,
Norway,NOR,1903,3290.0,
Norway,NOR,1904,3288.0,
Norway,NOR,1905,3322.0,
Norway,NOR,1906,3496.0,
Norway,NOR,1907,3537.0,
Norway,NOR,1908,3612.0,
Norway,NOR,1909,3642.0,
Norway,NOR,1910,3826.0,
Norway,NOR,1911,3947.0,
Norway,NOR,1912,4050.0,
Norway,NOR,1913,4415.0,
Norway,NOR,1914,4336.0,
Norway,NOR,1915,4407.0,
Norway,NOR,1916,4803.0,
Norway,NOR,1917,4286.0,
Norway,NOR,1918,4023.0,
Norway,NOR,1919,4605.0,
Norway,NOR,1920,4739.0,
Norway,NOR,1921,4222.0,
Norway,NOR,1922,4570.0,
Norway,NOR,1923,4870.0,
Norway,NOR,1924,4787.0,
Norway,NOR,1925,4733.0,
Norway,NOR,1926,4750.0,
Norway,NOR,1927,4992.0,
Norway,NOR,1928,5241.0,
Norway,NOR,1929,5581.0,
Norway,NOR,1930,5781.0,
Norway,NOR,1931,5297.0,
Norway,NOR,1932,5526.0,
Norway,NOR,1933,5633.0,
Norway,NOR,1934,5799.0,
Norway,NOR,1935,6057.0,
Norway,NOR,1936,6432.0,
Norway,NOR,1937,6684.0,
Norway,NOR,1938,6794.0,
Norway,NOR,1939,7079.0,
Norway,NOR,1940,6437.0,
Norway,NOR,1941,6554.0,
Norway,NOR,1942,6261.0,
Norway,NOR,1943,6089.0,
Norway,NOR,1944,5719.0,
Norway,NOR,1945,6344.0,
Norway,NOR,1946,6910.0,
Norway,NOR,1947,7753.0,
Norway,NOR,1948,8199.0,
Norway,NOR,1949,8332.0,
Norway,NOR,1950,8655.0,
Norway,NOR,1951,9038.0,
Norway,NOR,1952,9267.0,
Norway,NOR,1953,9540.0,
Norway,NOR,1954,9923.0,
Norway,NOR,1955,10044.0,
Norway,NOR,1956,10480.0,
Norway,NOR,1957,10697.0,
Norway,NOR,1958,10603.0,
Norway,NOR,1959,10957.0,
Norway,NOR,1960,11483.0,
Norway,NOR,1961,12106.0,
Norway,NOR,1962,12347.0,
Norway,NOR,1963,12723.0,
Norway,NOR,1964,13256.0,
Norway,NOR,1965,13852.0,
Norway,NOR,1966,14258.0,
Norway,NOR,1967,15020.0,
Norway,NOR,1968,15224.0,
Norway,NOR,1969,15779.0,
Norway,NOR,1970,15983.0,
Norway,NOR,1971,16692.0,
Norway,NOR,1972,17409.0,
Norway,NOR,1973,18050.0,
Norway,NOR,1974,18691.0,
Norway,NOR,1975,19560.0,
Norway,NOR,1976,20610.0,
Norway,NOR,1977,21399.0,
Norway,NOR,1978,22061.0,
Norway,NOR,1979,22971.0,
Norway,NOR,1980,24031.0,
Norway,NOR,1981,24179.0,
Norway,NOR,1982,24141.0,
Norway,NOR,1983,24924.0,
Norway,NOR,1984,26321.0,
Norway,NOR,1985,27608.0,
Norway,NOR,1986,28504.0,
Norway,NOR,1987,28953.0,
Norway,NOR,1988,28786.0,
Norway,NOR,1989,28942.0,
Norway,NOR,1990,29434.0,
Norway,NOR,1991,31127.676,
Norway,NOR,1992,33041.207,
Norway,NOR,1993,34819.516,
Norway,NOR,1994,37492.836,
Norway,NOR,1995,40043.797,
Norway,NOR,1996,43133.145,
Norway,NOR,1997,46556.48,
Norway,NOR,1998,48956.73,
Norway,NOR,1999,51129.184,
Norway,NOR,2000,54039.96,
Norway,NOR,2001,56578.38,
Norway,NOR,2002,58840.414,
Norway,NOR,2003,60852.258,
Norway,NOR,2004,64824.145,
Norway,NOR,2005,68108.555,
Norway,NOR,2006,71310.53,
Norway,NOR,2007,74879.81,
Norway,NOR,2008,76522.06,
Norway,NOR,2009,76625.63,
Norway,NOR,2010,78476.15,
Norway,NOR,2011,80623.0,
Norway,NOR,2012,81725.22,
Norway,NOR,2013,81564.3,
Norway,NOR,2014,82311.33,
Norway,NOR,2015,82983.99,
Norway,NOR,2016,83213.016,
Norway,NOR,2017,84600.71,
Norway,NOR,2018,84739.92,
Norway,NOR,2019,85115.32,
Norway,NOR,2020,83543.1,
Norway,NOR,2021,86334.59,
Norway,NOR,2022,88366.22,
Oman,OMN,1950,993.0,
Oman,OMN,1951,1036.0,
Oman,OMN,1952,1079.0,
Oman,OMN,1953,1127.0,
Oman,OMN,1954,1173.0,
Oman,OMN,1955,1221.0,
Oman,OMN,1956,1274.0,
Oman,OMN,1957,1325.0,
Oman,OMN,1958,1380.0,
Oman,OMN,1959,1435.0,
Oman,OMN,1960,1490.0,
Oman,OMN,1961,1471.0,
Oman,OMN,1962,1728.0,
Oman,OMN,1963,1758.0,
Oman,OMN,1964,1714.0,
Oman,OMN,1965,1678.0,
Oman,OMN,1966,1722.0,
Oman,OMN,1967,2788.0,
Oman,OMN,1968,4932.0,
Oman,OMN,1969,6028.0,
Oman,OMN,1970,6056.0,
Oman,OMN,1971,5923.0,
Oman,OMN,1972,6271.0,
Oman,OMN,1973,5227.0,
Oman,OMN,1974,5644.0,
Oman,OMN,1975,6802.0,
Oman,OMN,1976,7328.0,
Oman,OMN,1977,6998.0,
Oman,OMN,1978,6513.0,
Oman,OMN,1979,6446.0,
Oman,OMN,1980,6491.0,
Oman,OMN,1981,7210.0,
Oman,OMN,1982,7651.0,
Oman,OMN,1983,8521.0,
Oman,OMN,1984,9526.0,
Oman,OMN,1985,10433.0,
Oman,OMN,1986,10268.0,
Oman,OMN,1987,10699.0,
Oman,OMN,1988,10633.0,
Oman,OMN,1989,10692.0,
Oman,OMN,1990,10327.0,
Oman,OMN,1991,11131.0,
Oman,OMN,1992,12251.157,
Oman,OMN,1993,13226.644,
Oman,OMN,1994,14079.533,
Oman,OMN,1995,15292.176,
Oman,OMN,1996,16491.168,
Oman,OMN,1997,18518.48,
Oman,OMN,1998,20213.02,
Oman,OMN,1999,21519.67,
Oman,OMN,2000,24186.365,
Oman,OMN,2001,26431.1,
Oman,OMN,2002,27141.844,
Oman,OMN,2003,27313.98,
Oman,OMN,2004,28607.084,
Oman,OMN,2005,30392.56,
Oman,OMN,2006,33374.895,
Oman,OMN,2007,36424.98,
Oman,OMN,2008,40909.938,
Oman,OMN,2009,44244.65,
Oman,OMN,2010,46182.16,
Oman,OMN,2011,44454.0,
Oman,OMN,2012,47427.582,
Oman,OMN,2013,48900.758,
Oman,OMN,2014,48528.41,
Oman,OMN,2015,49926.875,
Oman,OMN,2016,51382.734,
Oman,OMN,2017,50502.68,
Oman,OMN,2018,50135.402,
Oman,OMN,2019,48596.527,
Oman,OMN,2020,46133.21,
Oman,OMN,2021,46573.574,
Oman,OMN,2022,47988.65,
Pakistan,PAK,1950,1025.0,
Pakistan,PAK,1951,969.0,
Pakistan,PAK,1952,950.0,
Pakistan,PAK,1953,1015.0,
Pakistan,PAK,1954,1014.0,
Pakistan,PAK,1955,1012.0,
Pakistan,PAK,1956,1017.0,
Pakistan,PAK,1957,1036.0,
Pakistan,PAK,1958,1025.0,
Pakistan,PAK,1959,1009.0,
Pakistan,PAK,1960,1031.0,
Pakistan,PAK,1961,1066.0,
Pakistan,PAK,1962,1114.0,
Pakistan,PAK,1963,1152.0,
Pakistan,PAK,1964,1208.0,
Pakistan,PAK,1965,1229.0,
Pakistan,PAK,1966,1294.0,
Pakistan,PAK,1967,1307.0,
Pakistan,PAK,1968,1361.0,
Pakistan,PAK,1969,1411.0,
Pakistan,PAK,1970,1517.0,
Pakistan,PAK,1971,1484.0,
Pakistan,PAK,1972,1455.0,
Pakistan,PAK,1973,1521.0,
Pakistan,PAK,1974,1533.0,
Pakistan,PAK,1975,1559.0,
Pakistan,PAK,1976,1604.0,
Pakistan,PAK,1977,1631.0,
Pakistan,PAK,1978,1720.0,
Pakistan,PAK,1979,1733.0,
Pakistan,PAK,1980,1851.0,
Pakistan,PAK,1981,1924.0,
Pakistan,PAK,1982,2002.0,
Pakistan,PAK,1983,2077.0,
Pakistan,PAK,1984,2106.0,
Pakistan,PAK,1985,2230.0,
Pakistan,PAK,1986,2302.0,
Pakistan,PAK,1987,2364.0,
Pakistan,PAK,1988,2442.0,
Pakistan,PAK,1989,2487.0,
Pakistan,PAK,1990,2531.0,
Pakistan,PAK,1991,2644.5742,
Pakistan,PAK,1992,2732.3816,
Pakistan,PAK,1993,2777.332,
Pakistan,PAK,1994,2855.9062,
Pakistan,PAK,1995,2947.6826,
Pakistan,PAK,1996,2979.808,
Pakistan,PAK,1997,2986.7056,
Pakistan,PAK,1998,3035.4517,
Pakistan,PAK,1999,3111.9585,
Pakistan,PAK,2000,3154.5115,
Pakistan,PAK,2001,3176.9468,
Pakistan,PAK,2002,3265.6865,
Pakistan,PAK,2003,3437.992,
Pakistan,PAK,2004,3664.5334,
Pakistan,PAK,2005,3883.9346,
Pakistan,PAK,2006,4062.6665,
Pakistan,PAK,2007,4160.365,
Pakistan,PAK,2008,4224.405,
Pakistan,PAK,2009,4288.462,
Pakistan,PAK,2010,4354.267,
Pakistan,PAK,2011,4464.0,
Pakistan,PAK,2012,4538.3457,
Pakistan,PAK,2013,4638.1616,
Pakistan,PAK,2014,4750.878,
Pakistan,PAK,2015,4889.915,
Pakistan,PAK,2016,5030.8354,
Pakistan,PAK,2017,5189.937,
Pakistan,PAK,2018,5299.071,
Pakistan,PAK,2019,5219.534,
Pakistan,PAK,2020,5242.6953,
Pakistan,PAK,2021,5463.7744,
Pakistan,PAK,2022,5531.723,
Palestine,PSE,1870,1211.0,
Palestine,PSE,1913,2016.0,
Palestine,PSE,1950,1549.0,
Palestine,PSE,1951,1608.0,
Palestine,PSE,1952,1669.0,
Palestine,PSE,1953,1733.0,
Palestine,PSE,1954,1801.0,
Palestine,PSE,1955,1867.0,
Palestine,PSE,1956,1930.0,
Palestine,PSE,1957,2000.0,
Palestine,PSE,1958,2048.0,
Palestine,PSE,1959,2146.0,
Palestine,PSE,1960,2248.0,
Palestine,PSE,1961,2287.0,
Palestine,PSE,1962,2381.0,
Palestine,PSE,1963,2479.0,
Palestine,PSE,1964,2585.0,
Palestine,PSE,1965,2703.0,
Palestine,PSE,1966,2917.0,
Palestine,PSE,1967,2852.0,
Palestine,PSE,1968,2636.0,
Palestine,PSE,1969,2791.0,
Palestine,PSE,1970,3008.0,
Palestine,PSE,1971,3338.0,
Palestine,PSE,1972,3797.0,
Palestine,PSE,1973,3537.0,
Palestine,PSE,1974,4159.0,
Palestine,PSE,1975,4085.0,
Palestine,PSE,1976,4605.0,
Palestine,PSE,1977,4439.0,
Palestine,PSE,1978,4874.0,
Palestine,PSE,1979,4677.0,
Palestine,PSE,1980,5239.0,
Palestine,PSE,1981,4811.0,
Palestine,PSE,1982,5088.0,
Palestine,PSE,1983,4733.0,
Palestine,PSE,1984,4807.0,
Palestine,PSE,1985,4619.0,
Palestine,PSE,1986,5330.0,
Palestine,PSE,1987,5004.0,
Palestine,PSE,1988,4745.0,
Palestine,PSE,1989,4682.0,
Palestine,PSE,1990,5345.0,
Palestine,PSE,1991,4732.171,
Palestine,PSE,1992,5410.625,
Palestine,PSE,1993,5527.995,
Palestine,PSE,1994,5893.47,
Palestine,PSE,1995,5756.845,
Palestine,PSE,1996,5320.2554,
Palestine,PSE,1997,5598.021,
Palestine,PSE,1998,6051.883,
Palestine,PSE,1999,6204.6465,
Palestine,PSE,2000,5377.3936,
Palestine,PSE,2001,4626.303,
Palestine,PSE,2002,3842.1465,
Palestine,PSE,2003,4158.2993,
Palestine,PSE,2004,4358.5176,
Palestine,PSE,2005,4589.626,
Palestine,PSE,2006,4193.154,
Palestine,PSE,2007,4250.989,
Palestine,PSE,2008,4287.209,
Palestine,PSE,2009,4426.317,
Palestine,PSE,2010,4548.5312,
Palestine,PSE,2011,4863.0,
Palestine,PSE,2012,5054.0,
Palestine,PSE,2013,5054.0,
Palestine,PSE,2014,4939.0,
Palestine,PSE,2015,5003.0,
Palestine,PSE,2016,5316.9883,
Palestine,PSE,2017,5269.6025,
Palestine,PSE,2018,5218.1562,
Palestine,PSE,2019,5176.9795,
Palestine,PSE,2020,4490.755,
Palestine,PSE,2021,4698.9326,
Palestine,PSE,2022,4775.202,
Panama,PAN,1906,2276.0,
Panama,PAN,1907,2377.0,
Panama,PAN,1908,2504.0,
Panama,PAN,1909,2648.0,
Panama,PAN,1910,2837.0,
Panama,PAN,1911,2915.0,
Panama,PAN,1912,2930.0,
Panama,PAN,1913,2927.0,
Panama,PAN,1914,3084.0,
Panama,PAN,1915,3064.0,
Panama,PAN,1916,2888.0,
Panama,PAN,1917,2732.0,
Panama,PAN,1918,2630.0,
Panama,PAN,1919,2534.0,
Panama,PAN,1920,2445.0,
Panama,PAN,1921,2370.0,
Panama,PAN,1922,2401.0,
Panama,PAN,1923,2421.0,
Panama,PAN,1924,2491.0,
Panama,PAN,1925,2514.0,
Panama,PAN,1926,2515.0,
Panama,PAN,1927,2528.0,
Panama,PAN,1928,2558.0,
Panama,PAN,1929,2605.0,
Panama,PAN,1930,2467.0,
Panama,PAN,1931,2383.0,
Panama,PAN,1932,2362.0,
Panama,PAN,1933,2365.0,
Panama,PAN,1934,2391.0,
Panama,PAN,1935,2571.0,
Panama,PAN,1936,2507.0,
Panama,PAN,1937,2707.0,
Panama,PAN,1938,2625.0,
Panama,PAN,1939,2683.0,
Panama,PAN,1940,2651.0,
Panama,PAN,1941,2911.0,
Panama,PAN,1942,2896.0,
Panama,PAN,1943,2995.0,
Panama,PAN,1944,3156.0,
Panama,PAN,1945,3371.0,
Panama,PAN,1946,2899.0,
Panama,PAN,1947,2960.0,
Panama,PAN,1948,2724.0,
Panama,PAN,1949,2732.0,
Panama,PAN,1950,2577.0,
Panama,PAN,1951,2491.0,
Panama,PAN,1952,2557.0,
Panama,PAN,1953,2649.0,
Panama,PAN,1954,2681.0,
Panama,PAN,1955,2766.0,
Panama,PAN,1956,2836.0,
Panama,PAN,1957,3054.0,
Panama,PAN,1958,3014.0,
Panama,PAN,1959,3124.0,
Panama,PAN,1960,3217.0,
Panama,PAN,1961,3462.0,
Panama,PAN,1962,3647.0,
Panama,PAN,1963,3877.0,
Panama,PAN,1964,3929.0,
Panama,PAN,1965,4151.0,
Panama,PAN,1966,4331.0,
Panama,PAN,1967,4559.0,
Panama,PAN,1968,4752.0,
Panama,PAN,1969,4976.0,
Panama,PAN,1970,5131.0,
Panama,PAN,1971,5471.0,
Panama,PAN,1972,5571.0,
Panama,PAN,1973,5719.0,
Panama,PAN,1974,5695.0,
Panama,PAN,1975,5649.0,
Panama,PAN,1976,5604.0,
Panama,PAN,1977,5512.0,
Panama,PAN,1978,5946.0,
Panama,PAN,1979,6075.0,
Panama,PAN,1980,6849.0,
Panama,PAN,1981,7313.0,
Panama,PAN,1982,7444.0,
Panama,PAN,1983,7186.0,
Panama,PAN,1984,7192.0,
Panama,PAN,1985,7404.0,
Panama,PAN,1986,7578.0,
Panama,PAN,1987,7653.0,
Panama,PAN,1988,6743.0,
Panama,PAN,1989,6715.0,
Panama,PAN,1990,7119.0,
Panama,PAN,1991,7659.47,
Panama,PAN,1992,8148.6313,
Panama,PAN,1993,8450.672,
Panama,PAN,1994,8549.647,
Panama,PAN,1995,8555.783,
Panama,PAN,1996,8652.076,
Panama,PAN,1997,9054.722,
Panama,PAN,1998,9560.335,
Panama,PAN,1999,9784.694,
Panama,PAN,2000,9898.788,
Panama,PAN,2001,9804.559,
Panama,PAN,2002,9879.454,
Panama,PAN,2003,10153.772,
Panama,PAN,2004,10769.523,
Panama,PAN,2005,11389.244,
Panama,PAN,2006,12195.747,
Panama,PAN,2007,13492.383,
Panama,PAN,2008,14466.968,
Panama,PAN,2009,14515.766,
Panama,PAN,2010,15169.125,
Panama,PAN,2011,16762.0,
Panama,PAN,2012,18051.0,
Panama,PAN,2013,18979.0,
Panama,PAN,2014,19855.0,
Panama,PAN,2015,20723.0,
Panama,PAN,2016,21445.125,
Panama,PAN,2017,22331.217,
Panama,PAN,2018,22843.75,
Panama,PAN,2019,23218.432,
Panama,PAN,2020,18840.738,
Panama,PAN,2021,21539.07,
Panama,PAN,2022,23557.02,
Paraguay,PRY,1939,2858.0,
Paraguay,PRY,1940,2644.0,
Paraguay,PRY,1941,2627.0,
Paraguay,PRY,1942,2716.0,
Paraguay,PRY,1943,2710.0,
Paraguay,PRY,1944,2705.0,
Paraguay,PRY,1945,2550.0,
Paraguay,PRY,1946,2738.0,
Paraguay,PRY,1947,2326.0,
Paraguay,PRY,1948,2300.0,
Paraguay,PRY,1949,2625.0,
Paraguay,PRY,1950,2391.0,
Paraguay,PRY,1951,2373.0,
Paraguay,PRY,1952,2273.0,
Paraguay,PRY,1953,2276.0,
Paraguay,PRY,1954,2255.0,
Paraguay,PRY,1955,2299.0,
Paraguay,PRY,1956,2335.0,
Paraguay,PRY,1957,2381.0,
Paraguay,PRY,1958,2453.0,
Paraguay,PRY,1959,2385.0,
Paraguay,PRY,1960,2346.0,
Paraguay,PRY,1961,2396.0,
Paraguay,PRY,1962,2499.0,
Paraguay,PRY,1963,2504.0,
Paraguay,PRY,1964,2546.0,
Paraguay,PRY,1965,2624.0,
Paraguay,PRY,1966,2584.0,
Paraguay,PRY,1967,2676.0,
Paraguay,PRY,1968,2699.0,
Paraguay,PRY,1969,2730.0,
Paraguay,PRY,1970,2825.0,
Paraguay,PRY,1971,2906.0,
Paraguay,PRY,1972,3017.0,
Paraguay,PRY,1973,3150.0,
Paraguay,PRY,1974,3319.0,
Paraguay,PRY,1975,3464.0,
Paraguay,PRY,1976,3629.0,
Paraguay,PRY,1977,3945.0,
Paraguay,PRY,1978,4302.0,
Paraguay,PRY,1979,4693.0,
Paraguay,PRY,1980,5113.0,
Paraguay,PRY,1981,5424.0,
Paraguay,PRY,1982,5230.0,
Paraguay,PRY,1983,4935.0,
Paraguay,PRY,1984,4945.0,
Paraguay,PRY,1985,4994.0,
Paraguay,PRY,1986,4854.0,
Paraguay,PRY,1987,4919.0,
Paraguay,PRY,1988,5082.0,
Paraguay,PRY,1989,5222.0,
Paraguay,PRY,1990,5230.0,
Paraguay,PRY,1991,5224.3,
Paraguay,PRY,1992,5186.564,
Paraguay,PRY,1993,5270.8994,
Paraguay,PRY,1994,5305.5005,
Paraguay,PRY,1995,5463.623,
Paraguay,PRY,1996,5360.743,
Paraguay,PRY,1997,5399.426,
Paraguay,PRY,1998,5321.9194,
Paraguay,PRY,1999,5150.4087,
Paraguay,PRY,2000,4896.4297,
Paraguay,PRY,2001,4918.046,
Paraguay,PRY,2002,5571.4272,
Paraguay,PRY,2003,5726.99,
Paraguay,PRY,2004,5876.66,
Paraguay,PRY,2005,5922.791,
Paraguay,PRY,2006,6128.6426,
Paraguay,PRY,2007,6383.4854,
Paraguay,PRY,2008,6713.0303,
Paraguay,PRY,2009,6376.9414,
Paraguay,PRY,2010,7139.027,
Paraguay,PRY,2011,7377.0,
Paraguay,PRY,2012,7232.376,
Paraguay,PRY,2013,7735.565,
Paraguay,PRY,2014,8047.5933,
Paraguay,PRY,2015,8188.404,
Paraguay,PRY,2016,8438.709,
Paraguay,PRY,2017,8741.245,
Paraguay,PRY,2018,8915.669,
Paraguay,PRY,2019,8776.076,
Paraguay,PRY,2020,8603.079,
Paraguay,PRY,2021,8845.659,
Paraguay,PRY,2022,8762.771,
Peru,PER,1595,880.0,
Peru,PER,1596,905.0,
Peru,PER,1597,912.0,
Peru,PER,1598,977.0,
Peru,PER,1599,936.0,
Peru,PER,1600,921.0,
Peru,PER,1601,960.0,
Peru,PER,1602,964.0,
Peru,PER,1603,918.0,
Peru,PER,1604,910.0,
Peru,PER,1605,910.0,
Peru,PER,1606,913.0,
Peru,PER,1607,931.0,
Peru,PER,1608,936.0,
Peru,PER,1609,1038.0,
Peru,PER,1610,1076.0,
Peru,PER,1611,1011.0,
Peru,PER,1612,1057.0,
Peru,PER,1613,1033.0,
Peru,PER,1614,1057.0,
Peru,PER,1615,1028.0,
Peru,PER,1616,983.0,
Peru,PER,1617,998.0,
Peru,PER,1618,996.0,
Peru,PER,1619,999.0,
Peru,PER,1620,995.0,
Peru,PER,1621,998.0,
Peru,PER,1622,976.0,
Peru,PER,1623,966.0,
Peru,PER,1624,999.0,
Peru,PER,1625,998.0,
Peru,PER,1626,1041.0,
Peru,PER,1627,1057.0,
Peru,PER,1628,1066.0,
Peru,PER,1629,1062.0,
Peru,PER,1630,1046.0,
Peru,PER,1631,1070.0,
Peru,PER,1632,1087.0,
Peru,PER,1633,1109.0,
Peru,PER,1634,1098.0,
Peru,PER,1635,1202.0,
Peru,PER,1636,1202.0,
Peru,PER,1637,1168.0,
Peru,PER,1638,1143.0,
Peru,PER,1639,1132.0,
Peru,PER,1640,1073.0,
Peru,PER,1641,1188.0,
Peru,PER,1642,1172.0,
Peru,PER,1643,1178.0,
Peru,PER,1644,1103.0,
Peru,PER,1645,1093.0,
Peru,PER,1646,1098.0,
Peru,PER,1647,1033.0,
Peru,PER,1648,1116.0,
Peru,PER,1649,1087.0,
Peru,PER,1650,1062.0,
Peru,PER,1651,1007.0,
Peru,PER,1652,1023.0,
Peru,PER,1653,1039.0,
Peru,PER,1654,1050.0,
Peru,PER,1655,1009.0,
Peru,PER,1656,1022.0,
Peru,PER,1657,1031.0,
Peru,PER,1658,1054.0,
Peru,PER,1659,952.0,
Peru,PER,1660,899.0,
Peru,PER,1661,918.0,
Peru,PER,1662,945.0,
Peru,PER,1663,991.0,
Peru,PER,1664,953.0,
Peru,PER,1665,1014.0,
Peru,PER,1666,1189.0,
Peru,PER,1667,1294.0,
Peru,PER,1668,1250.0,
Peru,PER,1669,928.0,
Peru,PER,1670,1087.0,
Peru,PER,1671,1030.0,
Peru,PER,1672,1052.0,
Peru,PER,1673,1063.0,
Peru,PER,1674,1023.0,
Peru,PER,1675,1020.0,
Peru,PER,1676,1111.0,
Peru,PER,1677,1157.0,
Peru,PER,1678,1097.0,
Peru,PER,1679,1250.0,
Peru,PER,1680,1079.0,
Peru,PER,1681,1122.0,
Peru,PER,1682,1095.0,
Peru,PER,1683,1140.0,
Peru,PER,1684,1152.0,
Peru,PER,1685,1057.0,
Peru,PER,1686,1034.0,
Peru,PER,1687,928.0,
Peru,PER,1688,944.0,
Peru,PER,1689,928.0,
Peru,PER,1690,945.0,
Peru,PER,1691,991.0,
Peru,PER,1692,995.0,
Peru,PER,1693,939.0,
Peru,PER,1694,1111.0,
Peru,PER,1695,1135.0,
Peru,PER,1696,1089.0,
Peru,PER,1697,1036.0,
Peru,PER,1698,1117.0,
Peru,PER,1699,1157.0,
Peru,PER,1700,1157.0,
Peru,PER,1701,1090.0,
Peru,PER,1702,1042.0,
Peru,PER,1703,1127.0,
Peru,PER,1704,1087.0,
Peru,PER,1705,1189.0,
Peru,PER,1706,1054.0,
Peru,PER,1707,1164.0,
Peru,PER,1708,1301.0,
Peru,PER,1709,1301.0,
Peru,PER,1710,1176.0,
Peru,PER,1711,1216.0,
Peru,PER,1712,1157.0,
Peru,PER,1713,1157.0,
Peru,PER,1714,1133.0,
Peru,PER,1715,1060.0,
Peru,PER,1716,1143.0,
Peru,PER,1717,1167.0,
Peru,PER,1718,1127.0,
Peru,PER,1719,1101.0,
Peru,PER,1720,1100.0,
Peru,PER,1721,1055.0,
Peru,PER,1722,1103.0,
Peru,PER,1723,1213.0,
Peru,PER,1724,1146.0,
Peru,PER,1725,1221.0,
Peru,PER,1726,1070.0,
Peru,PER,1727,1227.0,
Peru,PER,1728,1168.0,
Peru,PER,1729,1176.0,
Peru,PER,1730,1144.0,
Peru,PER,1731,1160.0,
Peru,PER,1732,977.0,
Peru,PER,1733,1108.0,
Peru,PER,1734,1114.0,
Peru,PER,1735,1215.0,
Peru,PER,1736,1235.0,
Peru,PER,1737,1159.0,
Peru,PER,1738,1197.0,
Peru,PER,1739,1183.0,
Peru,PER,1740,1234.0,
Peru,PER,1741,1286.0,
Peru,PER,1742,1231.0,
Peru,PER,1743,1227.0,
Peru,PER,1744,1132.0,
Peru,PER,1745,1066.0,
Peru,PER,1746,1116.0,
Peru,PER,1747,1058.0,
Peru,PER,1748,1049.0,
Peru,PER,1749,1116.0,
Peru,PER,1750,1105.0,
Peru,PER,1751,1130.0,
Peru,PER,1752,1012.0,
Peru,PER,1753,1041.0,
Peru,PER,1754,983.0,
Peru,PER,1755,977.0,
Peru,PER,1756,1015.0,
Peru,PER,1757,1105.0,
Peru,PER,1758,1172.0,
Peru,PER,1759,1240.0,
Peru,PER,1760,1186.0,
Peru,PER,1761,1211.0,
Peru,PER,1762,1215.0,
Peru,PER,1763,1211.0,
Peru,PER,1764,1277.0,
Peru,PER,1765,1361.0,
Peru,PER,1766,1344.0,
Peru,PER,1767,1342.0,
Peru,PER,1768,1334.0,
Peru,PER,1769,1318.0,
Peru,PER,1770,1309.0,
Peru,PER,1771,1307.0,
Peru,PER,1772,1307.0,
Peru,PER,1773,1180.0,
Peru,PER,1774,1290.0,
Peru,PER,1775,1234.0,
Peru,PER,1776,1278.0,
Peru,PER,1777,1202.0,
Peru,PER,1778,1188.0,
Peru,PER,1779,1191.0,
Peru,PER,1780,1170.0,
Peru,PER,1781,1034.0,
Peru,PER,1782,1052.0,
Peru,PER,1783,1133.0,
Peru,PER,1784,1132.0,
Peru,PER,1785,1039.0,
Peru,PER,1786,1114.0,
Peru,PER,1787,1125.0,
Peru,PER,1788,1277.0,
Peru,PER,1789,1226.0,
Peru,PER,1790,1149.0,
Peru,PER,1791,1246.0,
Peru,PER,1792,1307.0,
Peru,PER,1793,1270.0,
Peru,PER,1794,1356.0,
Peru,PER,1795,1119.0,
Peru,PER,1796,1036.0,
Peru,PER,1797,1054.0,
Peru,PER,1798,1057.0,
Peru,PER,1799,1060.0,
Peru,PER,1800,1058.0,
Peru,PER,1801,1003.0,
Peru,PER,1802,1004.0,
Peru,PER,1803,985.0,
Peru,PER,1804,979.0,
Peru,PER,1805,1007.0,
Peru,PER,1806,1041.0,
Peru,PER,1807,1050.0,
Peru,PER,1808,1031.0,
Peru,PER,1809,1022.0,
Peru,PER,1810,1028.0,
Peru,PER,1811,960.0,
Peru,PER,1812,968.0,
Peru,PER,1813,936.0,
Peru,PER,1814,917.0,
Peru,PER,1815,889.0,
Peru,PER,1816,907.0,
Peru,PER,1817,886.0,
Peru,PER,1818,889.0,
Peru,PER,1819,867.0,
Peru,PER,1820,835.0,
Peru,PER,1821,687.0,
Peru,PER,1822,655.0,
Peru,PER,1823,679.0,
Peru,PER,1824,654.0,
Peru,PER,1825,671.0,
Peru,PER,1826,639.0,
Peru,PER,1827,681.0,
Peru,PER,1828,674.0,
Peru,PER,1829,660.0,
Peru,PER,1830,669.0,
Peru,PER,1831,673.0,
Peru,PER,1832,655.0,
Peru,PER,1833,684.0,
Peru,PER,1834,703.0,
Peru,PER,1835,727.0,
Peru,PER,1836,765.0,
Peru,PER,1837,805.0,
Peru,PER,1838,811.0,
Peru,PER,1839,795.0,
Peru,PER,1840,829.0,
Peru,PER,1841,889.0,
Peru,PER,1842,874.0,
Peru,PER,1843,843.0,
Peru,PER,1844,824.0,
Peru,PER,1845,886.0,
Peru,PER,1846,853.0,
Peru,PER,1847,939.0,
Peru,PER,1848,976.0,
Peru,PER,1849,993.0,
Peru,PER,1850,945.0,
Peru,PER,1851,1087.0,
Peru,PER,1852,1015.0,
Peru,PER,1853,1160.0,
Peru,PER,1854,1226.0,
Peru,PER,1855,1302.0,
Peru,PER,1856,1243.0,
Peru,PER,1857,1441.0,
Peru,PER,1858,1341.0,
Peru,PER,1859,1309.0,
Peru,PER,1860,1313.0,
Peru,PER,1861,1235.0,
Peru,PER,1862,1221.0,
Peru,PER,1863,1339.0,
Peru,PER,1864,1278.0,
Peru,PER,1865,1267.0,
Peru,PER,1866,1320.0,
Peru,PER,1867,1317.0,
Peru,PER,1868,1312.0,
Peru,PER,1869,1471.0,
Peru,PER,1870,1675.0,
Peru,PER,1871,1747.0,
Peru,PER,1872,1771.0,
Peru,PER,1873,1757.0,
Peru,PER,1874,1777.0,
Peru,PER,1875,1627.0,
Peru,PER,1876,1792.0,
Peru,PER,1877,1637.0,
Peru,PER,1878,1415.0,
Peru,PER,1879,1194.0,
Peru,PER,1880,859.0,
Peru,PER,1881,784.0,
Peru,PER,1882,830.0,
Peru,PER,1883,760.0,
Peru,PER,1884,912.0,
Peru,PER,1885,854.0,
Peru,PER,1886,894.0,
Peru,PER,1887,826.0,
Peru,PER,1888,915.0,
Peru,PER,1889,901.0,
Peru,PER,1890,846.0,
Peru,PER,1891,901.0,
Peru,PER,1892,925.0,
Peru,PER,1893,864.0,
Peru,PER,1894,792.0,
Peru,PER,1895,838.0,
Peru,PER,1896,917.0,
Peru,PER,1897,987.0,
Peru,PER,1898,1034.0,
Peru,PER,1899,1073.0,
Peru,PER,1900,1084.0,
Peru,PER,1901,1149.0,
Peru,PER,1902,1207.0,
Peru,PER,1903,1272.0,
Peru,PER,1904,1299.0,
Peru,PER,1905,1377.0,
Peru,PER,1906,1468.0,
Peru,PER,1907,1540.0,
Peru,PER,1908,1549.0,
Peru,PER,1909,1556.0,
Peru,PER,1910,1564.0,
Peru,PER,1911,1576.0,
Peru,PER,1912,1613.0,
Peru,PER,1913,1645.0,
Peru,PER,1914,1615.0,
Peru,PER,1915,1733.0,
Peru,PER,1916,1889.0,
Peru,PER,1917,1934.0,
Peru,PER,1918,1921.0,
Peru,PER,1919,1961.0,
Peru,PER,1920,1954.0,
Peru,PER,1921,2004.0,
Peru,PER,1922,2144.0,
Peru,PER,1923,2255.0,
Peru,PER,1924,2429.0,
Peru,PER,1925,2455.0,
Peru,PER,1926,2662.0,
Peru,PER,1927,2668.0,
Peru,PER,1928,2796.0,
Peru,PER,1929,3041.0,
Peru,PER,1930,2651.0,
Peru,PER,1931,2397.0,
Peru,PER,1932,2268.0,
Peru,PER,1933,2483.0,
Peru,PER,1934,2774.0,
Peru,PER,1935,2986.0,
Peru,PER,1936,3078.0,
Peru,PER,1937,3070.0,
Peru,PER,1938,3068.0,
Peru,PER,1939,3037.0,
Peru,PER,1940,3046.0,
Peru,PER,1941,2997.0,
Peru,PER,1942,2880.0,
Peru,PER,1943,2876.0,
Peru,PER,1944,3070.0,
Peru,PER,1945,3131.0,
Peru,PER,1946,3196.0,
Peru,PER,1947,3231.0,
Peru,PER,1948,3282.0,
Peru,PER,1949,3470.0,
Peru,PER,1950,3679.0,
Peru,PER,1951,3867.0,
Peru,PER,1952,3964.0,
Peru,PER,1953,4111.0,
Peru,PER,1954,4117.0,
Peru,PER,1955,4309.0,
Peru,PER,1956,4385.0,
Peru,PER,1957,4479.0,
Peru,PER,1958,4372.0,
Peru,PER,1959,4275.0,
Peru,PER,1960,4733.0,
Peru,PER,1961,5008.0,
Peru,PER,1962,5230.0,
Peru,PER,1963,5314.0,
Peru,PER,1964,5523.0,
Peru,PER,1965,5729.0,
Peru,PER,1966,6038.0,
Peru,PER,1967,6107.0,
Peru,PER,1968,5874.0,
Peru,PER,1969,5859.0,
Peru,PER,1970,6143.0,
Peru,PER,1971,6242.0,
Peru,PER,1972,6264.0,
Peru,PER,1973,6413.0,
Peru,PER,1974,6566.0,
Peru,PER,1975,6896.0,
Peru,PER,1976,6808.0,
Peru,PER,1977,6626.0,
Peru,PER,1978,6454.0,
Peru,PER,1979,6664.0,
Peru,PER,1980,6795.0,
Peru,PER,1981,6921.0,
Peru,PER,1982,6770.0,
Peru,PER,1983,5729.0,
Peru,PER,1984,5859.0,
Peru,PER,1985,5844.0,
Peru,PER,1986,6290.0,
Peru,PER,1987,6682.0,
Peru,PER,1988,6003.0,
Peru,PER,1989,5160.0,
Peru,PER,1990,4795.0,
Peru,PER,1991,4812.212,
Peru,PER,1992,4698.483,
Peru,PER,1993,4857.021,
Peru,PER,1994,5361.423,
Peru,PER,1995,5668.0327,
Peru,PER,1996,5739.79,
Peru,PER,1997,6027.8164,
Peru,PER,1998,5926.733,
Peru,PER,1999,5945.1953,
Peru,PER,2000,6038.2446,
Peru,PER,2001,6010.225,
Peru,PER,2002,6274.4185,
Peru,PER,2003,6472.341,
Peru,PER,2004,6731.005,
Peru,PER,2005,7091.1333,
Peru,PER,2006,7560.897,
Peru,PER,2007,8138.3647,
Peru,PER,2008,8812.618,
Peru,PER,2009,8836.017,
Peru,PER,2010,9507.78,
Peru,PER,2011,10044.0,
Peru,PER,2012,10605.589,
Peru,PER,2013,11173.4375,
Peru,PER,2014,11389.862,
Peru,PER,2015,11713.57,
Peru,PER,2016,12132.035,
Peru,PER,2017,12390.033,
Peru,PER,2018,12677.875,
Peru,PER,2019,12680.354,
Peru,PER,2020,11136.991,
Peru,PER,2021,12550.461,
Peru,PER,2022,12762.967,
Philippines,PHL,1820,931.0,
Philippines,PHL,1870,995.0,
Philippines,PHL,1902,1073.0,
Philippines,PHL,1903,1282.0,
Philippines,PHL,1904,1082.0,
Philippines,PHL,1905,1130.0,
Philippines,PHL,1906,1151.0,
Philippines,PHL,1907,1191.0,
Philippines,PHL,1908,1235.0,
Philippines,PHL,1909,1235.0,
Philippines,PHL,1910,1393.0,
Philippines,PHL,1911,1455.0,
Philippines,PHL,1912,1452.0,
Philippines,PHL,1913,1575.0,
Philippines,PHL,1914,1517.0,
Philippines,PHL,1915,1395.0,
Philippines,PHL,1916,1599.0,
Philippines,PHL,1917,1830.0,
Philippines,PHL,1918,2050.0,
Philippines,PHL,1919,1932.0,
Philippines,PHL,1920,2055.0,
Philippines,PHL,1921,1969.0,
Philippines,PHL,1922,2163.0,
Philippines,PHL,1923,1992.0,
Philippines,PHL,1924,2133.0,
Philippines,PHL,1925,2109.0,
Philippines,PHL,1926,2174.0,
Philippines,PHL,1927,2177.0,
Philippines,PHL,1928,2219.0,
Philippines,PHL,1929,2252.0,
Philippines,PHL,1930,2203.0,
Philippines,PHL,1931,2168.0,
Philippines,PHL,1932,2212.0,
Philippines,PHL,1933,2181.0,
Philippines,PHL,1934,2149.0,
Philippines,PHL,1935,1956.0,
Philippines,PHL,1936,2174.0,
Philippines,PHL,1937,2276.0,
Philippines,PHL,1938,2295.0,
Philippines,PHL,1939,2404.0,
Philippines,PHL,1940,2402.0,
Philippines,PHL,1946,1030.0,
Philippines,PHL,1947,1395.0,
Philippines,PHL,1948,1583.0,
Philippines,PHL,1949,1634.0,
Philippines,PHL,1950,1706.0,
Philippines,PHL,1951,1835.0,
Philippines,PHL,1952,1890.0,
Philippines,PHL,1953,1999.0,
Philippines,PHL,1954,2085.0,
Philippines,PHL,1955,2165.0,
Philippines,PHL,1956,2248.0,
Philippines,PHL,1957,2299.0,
Philippines,PHL,1958,2308.0,
Philippines,PHL,1959,2393.0,
Philippines,PHL,1960,2353.0,
Philippines,PHL,1961,2410.0,
Philippines,PHL,1962,2450.0,
Philippines,PHL,1963,2542.0,
Philippines,PHL,1964,2550.0,
Philippines,PHL,1965,2603.0,
Philippines,PHL,1966,2636.0,
Philippines,PHL,1967,2694.0,
Philippines,PHL,1968,2745.0,
Philippines,PHL,1969,2789.0,
Philippines,PHL,1970,2812.0,
Philippines,PHL,1971,2882.0,
Philippines,PHL,1972,2954.0,
Philippines,PHL,1973,3131.0,
Philippines,PHL,1974,3154.0,
Philippines,PHL,1975,3241.0,
Philippines,PHL,1976,3430.0,
Philippines,PHL,1977,3524.0,
Philippines,PHL,1978,3606.0,
Philippines,PHL,1979,3703.0,
Philippines,PHL,1980,3787.0,
Philippines,PHL,1981,3819.0,
Philippines,PHL,1982,3859.0,
Philippines,PHL,1983,3837.0,
Philippines,PHL,1984,3469.0,
Philippines,PHL,1985,3135.0,
Philippines,PHL,1986,3161.0,
Philippines,PHL,1987,3218.0,
Philippines,PHL,1988,3355.0,
Philippines,PHL,1989,3481.0,
Philippines,PHL,1990,3502.0,
Philippines,PHL,1991,3432.5828,
Philippines,PHL,1992,3399.2427,
Philippines,PHL,1993,3427.1294,
Philippines,PHL,1994,3529.0073,
Philippines,PHL,1995,3637.6255,
Philippines,PHL,1996,3790.7788,
Philippines,PHL,1997,3928.0144,
Philippines,PHL,1998,3852.6328,
Philippines,PHL,1999,3917.0886,
Philippines,PHL,2000,4033.5608,
Philippines,PHL,2001,4090.2183,
Philippines,PHL,2002,4181.376,
Philippines,PHL,2003,4333.214,
Philippines,PHL,2004,4562.5024,
Philippines,PHL,2005,4721.0005,
Philippines,PHL,2006,4908.6167,
Philippines,PHL,2007,5172.662,
Philippines,PHL,2008,5328.6826,
Philippines,PHL,2009,5338.306,
Philippines,PHL,2010,5694.047,
Philippines,PHL,2011,5851.0,
Philippines,PHL,2012,6155.8296,
Philippines,PHL,2013,6465.518,
Philippines,PHL,2014,6760.7627,
Philippines,PHL,2015,7070.4756,
Philippines,PHL,2016,7463.518,
Philippines,PHL,2017,7865.815,
Philippines,PHL,2018,8234.928,
Philippines,PHL,2019,8602.1455,
Philippines,PHL,2020,7624.4136,
Philippines,PHL,2021,7894.1777,
Philippines,PHL,2022,8370.666,
Poland,POL,1400,956.0,
Poland,POL,1409,894.0,
Poland,POL,1410,896.0,
Poland,POL,1411,897.0,
Poland,POL,1412,899.0,
Poland,POL,1413,899.0,
Poland,POL,1414,902.0,
Poland,POL,1415,928.0,
Poland,POL,1416,939.0,
Poland,POL,1417,948.0,
Poland,POL,1418,960.0,
Poland,POL,1419,969.0,
Poland,POL,1420,980.0,
Poland,POL,1421,988.0,
Poland,POL,1422,998.0,
Poland,POL,1423,1007.0,
Poland,POL,1424,1020.0,
Poland,POL,1425,1030.0,
Poland,POL,1426,1019.0,
Poland,POL,1427,1020.0,
Poland,POL,1428,1022.0,
Poland,POL,1429,1020.0,
Poland,POL,1430,1019.0,
Poland,POL,1431,1017.0,
Poland,POL,1432,1014.0,
Poland,POL,1433,1009.0,
Poland,POL,1434,1006.0,
Poland,POL,1435,996.0,
Poland,POL,1436,990.0,
Poland,POL,1437,980.0,
Poland,POL,1438,969.0,
Poland,POL,1439,958.0,
Poland,POL,1440,948.0,
Poland,POL,1441,940.0,
Poland,POL,1442,931.0,
Poland,POL,1443,925.0,
Poland,POL,1444,920.0,
Poland,POL,1445,913.0,
Poland,POL,1446,909.0,
Poland,POL,1447,905.0,
Poland,POL,1448,904.0,
Poland,POL,1449,905.0,
Poland,POL,1450,905.0,
Poland,POL,1451,907.0,
Poland,POL,1452,907.0,
Poland,POL,1453,909.0,
Poland,POL,1454,910.0,
Poland,POL,1455,910.0,
Poland,POL,1456,901.0,
Poland,POL,1457,889.0,
Poland,POL,1458,878.0,
Poland,POL,1459,869.0,
Poland,POL,1460,858.0,
Poland,POL,1461,846.0,
Poland,POL,1462,835.0,
Poland,POL,1463,822.0,
Poland,POL,1464,811.0,
Poland,POL,1465,800.0,
Poland,POL,1466,789.0,
Poland,POL,1467,789.0,
Poland,POL,1468,791.0,
Poland,POL,1469,791.0,
Poland,POL,1470,791.0,
Poland,POL,1471,789.0,
Poland,POL,1472,792.0,
Poland,POL,1473,802.0,
Poland,POL,1474,810.0,
Poland,POL,1475,818.0,
Poland,POL,1476,826.0,
Poland,POL,1477,837.0,
Poland,POL,1478,845.0,
Poland,POL,1479,850.0,
Poland,POL,1480,856.0,
Poland,POL,1481,866.0,
Poland,POL,1482,885.0,
Poland,POL,1483,878.0,
Poland,POL,1484,869.0,
Poland,POL,1485,861.0,
Poland,POL,1486,850.0,
Poland,POL,1487,845.0,
Poland,POL,1488,845.0,
Poland,POL,1489,842.0,
Poland,POL,1490,845.0,
Poland,POL,1491,846.0,
Poland,POL,1492,850.0,
Poland,POL,1493,846.0,
Poland,POL,1494,866.0,
Poland,POL,1495,885.0,
Poland,POL,1496,897.0,
Poland,POL,1497,918.0,
Poland,POL,1498,931.0,
Poland,POL,1499,932.0,
Poland,POL,1500,944.0,
Poland,POL,1501,952.0,
Poland,POL,1502,960.0,
Poland,POL,1503,948.0,
Poland,POL,1504,929.0,
Poland,POL,1505,931.0,
Poland,POL,1506,932.0,
Poland,POL,1507,936.0,
Poland,POL,1508,937.0,
Poland,POL,1509,942.0,
Poland,POL,1510,948.0,
Poland,POL,1511,952.0,
Poland,POL,1512,952.0,
Poland,POL,1513,953.0,
Poland,POL,1514,971.0,
Poland,POL,1515,972.0,
Poland,POL,1516,974.0,
Poland,POL,1517,976.0,
Poland,POL,1518,976.0,
Poland,POL,1519,976.0,
Poland,POL,1520,983.0,
Poland,POL,1521,982.0,
Poland,POL,1522,982.0,
Poland,POL,1523,980.0,
Poland,POL,1524,979.0,
Poland,POL,1525,976.0,
Poland,POL,1526,969.0,
Poland,POL,1527,968.0,
Poland,POL,1528,969.0,
Poland,POL,1529,969.0,
Poland,POL,1530,961.0,
Poland,POL,1531,956.0,
Poland,POL,1532,948.0,
Poland,POL,1533,945.0,
Poland,POL,1534,942.0,
Poland,POL,1535,939.0,
Poland,POL,1536,950.0,
Poland,POL,1537,963.0,
Poland,POL,1538,969.0,
Poland,POL,1539,971.0,
Poland,POL,1540,982.0,
Poland,POL,1541,995.0,
Poland,POL,1542,1007.0,
Poland,POL,1543,1027.0,
Poland,POL,1544,1041.0,
Poland,POL,1545,1054.0,
Poland,POL,1546,1063.0,
Poland,POL,1547,1057.0,
Poland,POL,1548,1049.0,
Poland,POL,1549,1049.0,
Poland,POL,1550,1041.0,
Poland,POL,1551,1038.0,
Poland,POL,1552,1042.0,
Poland,POL,1553,1044.0,
Poland,POL,1554,1047.0,
Poland,POL,1555,1052.0,
Poland,POL,1556,1060.0,
Poland,POL,1557,1078.0,
Poland,POL,1558,1103.0,
Poland,POL,1559,1125.0,
Poland,POL,1560,1146.0,
Poland,POL,1561,1162.0,
Poland,POL,1562,1170.0,
Poland,POL,1563,1172.0,
Poland,POL,1564,1175.0,
Poland,POL,1565,1176.0,
Poland,POL,1566,1170.0,
Poland,POL,1567,1168.0,
Poland,POL,1568,1170.0,
Poland,POL,1569,1175.0,
Poland,POL,1570,1181.0,
Poland,POL,1571,1180.0,
Poland,POL,1572,1191.0,
Poland,POL,1573,1205.0,
Poland,POL,1574,1215.0,
Poland,POL,1575,1234.0,
Poland,POL,1576,1253.0,
Poland,POL,1577,1274.0,
Poland,POL,1578,1291.0,
Poland,POL,1579,1290.0,
Poland,POL,1580,1286.0,
Poland,POL,1581,1283.0,
Poland,POL,1582,1280.0,
Poland,POL,1583,1274.0,
Poland,POL,1584,1266.0,
Poland,POL,1585,1261.0,
Poland,POL,1586,1242.0,
Poland,POL,1587,1224.0,
Poland,POL,1588,1223.0,
Poland,POL,1589,1200.0,
Poland,POL,1590,1186.0,
Poland,POL,1591,1160.0,
Poland,POL,1592,1143.0,
Poland,POL,1593,1127.0,
Poland,POL,1594,1113.0,
Poland,POL,1595,1101.0,
Poland,POL,1596,1078.0,
Poland,POL,1597,1070.0,
Poland,POL,1598,1058.0,
Poland,POL,1599,1038.0,
Poland,POL,1600,1038.0,
Poland,POL,1601,1027.0,
Poland,POL,1602,1020.0,
Poland,POL,1603,1012.0,
Poland,POL,1604,1007.0,
Poland,POL,1605,1004.0,
Poland,POL,1606,996.0,
Poland,POL,1607,999.0,
Poland,POL,1608,998.0,
Poland,POL,1609,996.0,
Poland,POL,1610,995.0,
Poland,POL,1611,990.0,
Poland,POL,1612,987.0,
Poland,POL,1613,980.0,
Poland,POL,1614,976.0,
Poland,POL,1615,960.0,
Poland,POL,1616,940.0,
Poland,POL,1617,923.0,
Poland,POL,1618,912.0,
Poland,POL,1619,889.0,
Poland,POL,1620,872.0,
Poland,POL,1621,853.0,
Poland,POL,1622,834.0,
Poland,POL,1623,827.0,
Poland,POL,1624,826.0,
Poland,POL,1625,824.0,
Poland,POL,1626,832.0,
Poland,POL,1627,835.0,
Poland,POL,1628,848.0,
Poland,POL,1629,859.0,
Poland,POL,1630,872.0,
Poland,POL,1631,883.0,
Poland,POL,1632,893.0,
Poland,POL,1633,905.0,
Poland,POL,1634,912.0,
Poland,POL,1635,921.0,
Poland,POL,1636,925.0,
Poland,POL,1637,928.0,
Poland,POL,1638,931.0,
Poland,POL,1639,934.0,
Poland,POL,1640,929.0,
Poland,POL,1641,921.0,
Poland,POL,1642,921.0,
Poland,POL,1643,917.0,
Poland,POL,1644,913.0,
Poland,POL,1645,901.0,
Poland,POL,1646,897.0,
Poland,POL,1647,897.0,
Poland,POL,1648,896.0,
Poland,POL,1649,901.0,
Poland,POL,1650,901.0,
Poland,POL,1651,909.0,
Poland,POL,1652,917.0,
Poland,POL,1653,920.0,
Poland,POL,1654,928.0,
Poland,POL,1655,934.0,
Poland,POL,1656,947.0,
Poland,POL,1657,947.0,
Poland,POL,1658,942.0,
Poland,POL,1659,934.0,
Poland,POL,1660,923.0,
Poland,POL,1661,912.0,
Poland,POL,1662,901.0,
Poland,POL,1663,891.0,
Poland,POL,1664,880.0,
Poland,POL,1665,866.0,
Poland,POL,1666,845.0,
Poland,POL,1667,827.0,
Poland,POL,1668,811.0,
Poland,POL,1669,805.0,
Poland,POL,1670,800.0,
Poland,POL,1671,792.0,
Poland,POL,1672,784.0,
Poland,POL,1673,800.0,
Poland,POL,1674,810.0,
Poland,POL,1675,824.0,
Poland,POL,1676,848.0,
Poland,POL,1677,880.0,
Poland,POL,1678,910.0,
Poland,POL,1679,952.0,
Poland,POL,1680,988.0,
Poland,POL,1681,1011.0,
Poland,POL,1682,1031.0,
Poland,POL,1683,1044.0,
Poland,POL,1684,1041.0,
Poland,POL,1685,1047.0,
Poland,POL,1686,1055.0,
Poland,POL,1687,1060.0,
Poland,POL,1688,1057.0,
Poland,POL,1689,1052.0,
Poland,POL,1690,1028.0,
Poland,POL,1691,1007.0,
Poland,POL,1692,999.0,
Poland,POL,1693,993.0,
Poland,POL,1694,995.0,
Poland,POL,1695,998.0,
Poland,POL,1696,995.0,
Poland,POL,1697,985.0,
Poland,POL,1698,977.0,
Poland,POL,1699,980.0,
Poland,POL,1700,985.0,
Poland,POL,1701,991.0,
Poland,POL,1702,998.0,
Poland,POL,1703,991.0,
Poland,POL,1704,982.0,
Poland,POL,1705,983.0,
Poland,POL,1706,990.0,
Poland,POL,1707,987.0,
Poland,POL,1708,982.0,
Poland,POL,1709,974.0,
Poland,POL,1710,953.0,
Poland,POL,1711,929.0,
Poland,POL,1712,910.0,
Poland,POL,1713,896.0,
Poland,POL,1714,912.0,
Poland,POL,1715,928.0,
Poland,POL,1716,937.0,
Poland,POL,1717,948.0,
Poland,POL,1718,953.0,
Poland,POL,1719,964.0,
Poland,POL,1720,971.0,
Poland,POL,1721,980.0,
Poland,POL,1722,995.0,
Poland,POL,1723,1006.0,
Poland,POL,1724,1015.0,
Poland,POL,1725,1006.0,
Poland,POL,1726,1004.0,
Poland,POL,1727,996.0,
Poland,POL,1728,983.0,
Poland,POL,1729,977.0,
Poland,POL,1730,971.0,
Poland,POL,1731,958.0,
Poland,POL,1732,953.0,
Poland,POL,1733,953.0,
Poland,POL,1734,956.0,
Poland,POL,1735,955.0,
Poland,POL,1736,947.0,
Poland,POL,1737,940.0,
Poland,POL,1738,939.0,
Poland,POL,1739,934.0,
Poland,POL,1740,931.0,
Poland,POL,1741,931.0,
Poland,POL,1742,947.0,
Poland,POL,1743,999.0,
Poland,POL,1744,1007.0,
Poland,POL,1745,1015.0,
Poland,POL,1746,1023.0,
Poland,POL,1747,1039.0,
Poland,POL,1748,1054.0,
Poland,POL,1749,1065.0,
Poland,POL,1750,1079.0,
Poland,POL,1751,1095.0,
Poland,POL,1752,1105.0,
Poland,POL,1753,1111.0,
Poland,POL,1754,1070.0,
Poland,POL,1755,1070.0,
Poland,POL,1756,1054.0,
Poland,POL,1757,1042.0,
Poland,POL,1758,1036.0,
Poland,POL,1759,1028.0,
Poland,POL,1760,1019.0,
Poland,POL,1761,1011.0,
Poland,POL,1762,1004.0,
Poland,POL,1763,991.0,
Poland,POL,1764,985.0,
Poland,POL,1765,979.0,
Poland,POL,1766,974.0,
Poland,POL,1767,976.0,
Poland,POL,1768,982.0,
Poland,POL,1769,982.0,
Poland,POL,1770,982.0,
Poland,POL,1771,976.0,
Poland,POL,1772,974.0,
Poland,POL,1773,974.0,
Poland,POL,1774,982.0,
Poland,POL,1775,991.0,
Poland,POL,1776,995.0,
Poland,POL,1777,987.0,
Poland,POL,1778,990.0,
Poland,POL,1779,998.0,
Poland,POL,1780,1004.0,
Poland,POL,1781,1003.0,
Poland,POL,1782,1001.0,
Poland,POL,1783,991.0,
Poland,POL,1784,979.0,
Poland,POL,1785,968.0,
Poland,POL,1786,955.0,
Poland,POL,1787,958.0,
Poland,POL,1788,964.0,
Poland,POL,1789,960.0,
Poland,POL,1790,942.0,
Poland,POL,1791,928.0,
Poland,POL,1792,923.0,
Poland,POL,1793,921.0,
Poland,POL,1794,931.0,
Poland,POL,1795,940.0,
Poland,POL,1796,953.0,
Poland,POL,1797,958.0,
Poland,POL,1798,937.0,
Poland,POL,1799,925.0,
Poland,POL,1800,902.0,
Poland,POL,1811,690.0,
Poland,POL,1812,663.0,
Poland,POL,1813,679.0,
Poland,POL,1814,720.0,
Poland,POL,1815,733.0,
Poland,POL,1816,736.0,
Poland,POL,1817,746.0,
Poland,POL,1818,762.0,
Poland,POL,1819,792.0,
Poland,POL,1820,818.0,
Poland,POL,1821,834.0,
Poland,POL,1822,850.0,
Poland,POL,1823,870.0,
Poland,POL,1824,888.0,
Poland,POL,1825,897.0,
Poland,POL,1826,902.0,
Poland,POL,1827,921.0,
Poland,POL,1828,942.0,
Poland,POL,1829,953.0,
Poland,POL,1830,942.0,
Poland,POL,1831,929.0,
Poland,POL,1832,923.0,
Poland,POL,1833,920.0,
Poland,POL,1834,923.0,
Poland,POL,1835,915.0,
Poland,POL,1836,912.0,
Poland,POL,1837,923.0,
Poland,POL,1838,921.0,
Poland,POL,1839,913.0,
Poland,POL,1840,907.0,
Poland,POL,1841,921.0,
Poland,POL,1842,917.0,
Poland,POL,1843,913.0,
Poland,POL,1844,915.0,
Poland,POL,1845,932.0,
Poland,POL,1846,944.0,
Poland,POL,1847,956.0,
Poland,POL,1848,960.0,
Poland,POL,1849,960.0,
Poland,POL,1850,985.0,
Poland,POL,1851,1038.0,
Poland,POL,1852,1062.0,
Poland,POL,1853,1108.0,
Poland,POL,1854,1133.0,
Poland,POL,1855,1162.0,
Poland,POL,1856,1159.0,
Poland,POL,1857,1183.0,
Poland,POL,1858,1237.0,
Poland,POL,1859,1296.0,
Poland,POL,1860,1358.0,
Poland,POL,1861,1387.0,
Poland,POL,1862,1376.0,
Poland,POL,1863,1387.0,
Poland,POL,1864,1420.0,
Poland,POL,1865,1446.0,
Poland,POL,1866,1470.0,
Poland,POL,1867,1516.0,
Poland,POL,1868,1556.0,
Poland,POL,1869,1559.0,
Poland,POL,1870,1575.0,
Poland,POL,1871,1576.0,
Poland,POL,1872,1599.0,
Poland,POL,1873,1653.0,
Poland,POL,1874,1682.0,
Poland,POL,1875,1686.0,
Poland,POL,1876,1733.0,
Poland,POL,1877,1761.0,
Poland,POL,1878,1800.0,
Poland,POL,1879,1835.0,
Poland,POL,1880,1886.0,
Poland,POL,1881,1927.0,
Poland,POL,1882,1978.0,
Poland,POL,1883,2026.0,
Poland,POL,1884,2056.0,
Poland,POL,1885,2083.0,
Poland,POL,1886,2091.0,
Poland,POL,1887,2087.0,
Poland,POL,1888,2120.0,
Poland,POL,1889,2161.0,
Poland,POL,1890,2204.0,
Poland,POL,1891,2235.0,
Poland,POL,1892,2276.0,
Poland,POL,1893,2311.0,
Poland,POL,1894,2340.0,
Poland,POL,1895,2364.0,
Poland,POL,1896,2415.0,
Poland,POL,1897,2477.0,
Poland,POL,1898,2546.0,
Poland,POL,1899,2630.0,
Poland,POL,1900,2700.0,
Poland,POL,1910,2694.0,
Poland,POL,1913,2772.0,
Poland,POL,1920,3000.0,
Poland,POL,1929,3374.0,
Poland,POL,1930,3178.0,
Poland,POL,1931,2906.0,
Poland,POL,1932,2643.0,
Poland,POL,1933,2534.0,
Poland,POL,1934,2539.0,
Poland,POL,1935,2546.0,
Poland,POL,1936,2590.0,
Poland,POL,1937,3052.0,
Poland,POL,1938,3478.0,
Poland,POL,1948,3439.4912,
Poland,POL,1949,3630.2634,
Poland,POL,1950,3900.0,
Poland,POL,1951,4001.0,
Poland,POL,1952,4018.0,
Poland,POL,1953,4173.0,
Poland,POL,1954,4328.0,
Poland,POL,1955,4454.0,
Poland,POL,1956,4565.0,
Poland,POL,1957,4721.0,
Poland,POL,1958,4873.0,
Poland,POL,1959,4935.0,
Poland,POL,1960,5125.0,
Poland,POL,1961,5461.0,
Poland,POL,1962,5325.0,
Poland,POL,1963,5582.0,
Poland,POL,1964,5773.0,
Poland,POL,1965,6036.0,
Poland,POL,1966,6362.0,
Poland,POL,1967,6540.0,
Poland,POL,1968,6881.0,
Poland,POL,1969,6760.0,
Poland,POL,1970,7058.0,
Poland,POL,1971,7503.0,
Poland,POL,1972,7986.0,
Poland,POL,1973,8512.0,
Poland,POL,1974,8928.0,
Poland,POL,1975,9258.0,
Poland,POL,1976,9397.0,
Poland,POL,1977,9483.0,
Poland,POL,1978,9741.0,
Poland,POL,1979,9471.0,
Poland,POL,1980,9149.0,
Poland,POL,1981,8584.0,
Poland,POL,1982,8429.0,
Poland,POL,1983,8764.0,
Poland,POL,1984,9006.0,
Poland,POL,1985,9022.0,
Poland,POL,1986,9240.0,
Poland,POL,1987,9059.0,
Poland,POL,1988,9228.0,
Poland,POL,1989,9060.0,
Poland,POL,1990,8150.0,
Poland,POL,1991,7625.843,
Poland,POL,1992,7873.925,
Poland,POL,1993,8229.529,
Poland,POL,1994,8721.827,
Poland,POL,1995,9408.274,
Poland,POL,1996,10066.171,
Poland,POL,1997,10811.274,
Poland,POL,1998,11413.256,
Poland,POL,1999,12058.42,
Poland,POL,2000,12732.167,
Poland,POL,2001,13017.584,
Poland,POL,2002,13415.571,
Poland,POL,2003,14035.637,
Poland,POL,2004,14906.094,
Poland,POL,2005,15580.937,
Poland,POL,2006,16711.447,
Poland,POL,2007,18067.428,
Poland,POL,2008,19011.547,
Poland,POL,2009,19718.465,
Poland,POL,2010,20608.693,
Poland,POL,2011,21837.0,
Poland,POL,2012,22169.826,
Poland,POL,2013,22378.305,
Poland,POL,2014,23247.818,
Poland,POL,2015,24285.14,
Poland,POL,2016,25020.621,
Poland,POL,2017,26310.113,
Poland,POL,2018,27880.836,
Poland,POL,2019,29142.023,
Poland,POL,2020,28577.14,
Poland,POL,2021,30687.662,
Poland,POL,2022,32468.402,
Portugal,PRT,1,956.0,
Portugal,PRT,1530,1281.1162,
Portugal,PRT,1531,1382.3549,
Portugal,PRT,1532,1416.7594,
Portugal,PRT,1533,1461.5328,
Portugal,PRT,1534,1360.8868,
Portugal,PRT,1535,1289.7028,
Portugal,PRT,1536,1355.8562,
Portugal,PRT,1537,1274.8594,
Portugal,PRT,1538,1209.8751,
Portugal,PRT,1539,1247.6124,
Portugal,PRT,1540,1217.8508,
Portugal,PRT,1541,1260.7367,
Portugal,PRT,1542,1282.046,
Portugal,PRT,1543,1301.0338,
Portugal,PRT,1544,1274.0547,
Portugal,PRT,1545,1267.1521,
Portugal,PRT,1546,1351.9358,
Portugal,PRT,1547,1384.6626,
Portugal,PRT,1548,1396.7186,
Portugal,PRT,1549,1361.9049,
Portugal,PRT,1550,1330.7799,
Portugal,PRT,1551,1310.0496,
Portugal,PRT,1552,1413.9132,
Portugal,PRT,1553,1630.6814,
Portugal,PRT,1554,1518.4259,
Portugal,PRT,1555,1347.5032,
Portugal,PRT,1556,1221.4298,
Portugal,PRT,1557,1235.0555,
Portugal,PRT,1558,1320.7571,
Portugal,PRT,1559,1353.8069,
Portugal,PRT,1560,1564.7278,
Portugal,PRT,1561,1390.4708,
Portugal,PRT,1562,1385.8917,
Portugal,PRT,1563,1389.1426,
Portugal,PRT,1564,1454.1082,
Portugal,PRT,1565,1474.5426,
Portugal,PRT,1566,1422.1393,
Portugal,PRT,1567,1456.6747,
Portugal,PRT,1568,1424.5054,
Portugal,PRT,1569,1376.2887,
Portugal,PRT,1570,1433.4099,
Portugal,PRT,1571,1549.3176,
Portugal,PRT,1572,1573.9391,
Portugal,PRT,1573,1703.2444,
Portugal,PRT,1574,1632.6615,
Portugal,PRT,1575,1344.5824,
Portugal,PRT,1576,1236.9227,
Portugal,PRT,1577,1222.8674,
Portugal,PRT,1578,1325.8011,
Portugal,PRT,1579,1334.9071,
Portugal,PRT,1580,1154.7009,
Portugal,PRT,1581,1204.5854,
Portugal,PRT,1582,1221.2695,
Portugal,PRT,1583,1256.7972,
Portugal,PRT,1584,1308.1805,
Portugal,PRT,1585,1242.3645,
Portugal,PRT,1586,1385.9348,
Portugal,PRT,1587,1367.0258,
Portugal,PRT,1588,1286.6111,
Portugal,PRT,1589,1208.4927,
Portugal,PRT,1590,1312.7739,
Portugal,PRT,1591,1163.4255,
Portugal,PRT,1592,1265.222,
Portugal,PRT,1593,1321.0946,
Portugal,PRT,1594,1425.423,
Portugal,PRT,1595,1420.2252,
Portugal,PRT,1596,1204.8691,
Portugal,PRT,1597,1081.1184,
Portugal,PRT,1598,1041.8306,
Portugal,PRT,1599,1049.3429,
Portugal,PRT,1600,1258.481,
Portugal,PRT,1601,1393.8263,
Portugal,PRT,1602,1445.7689,
Portugal,PRT,1603,1299.7489,
Portugal,PRT,1604,1281.9594,
Portugal,PRT,1605,1365.5426,
Portugal,PRT,1606,1385.2305,
Portugal,PRT,1607,1350.318,
Portugal,PRT,1608,1281.2501,
Portugal,PRT,1609,1312.6178,
Portugal,PRT,1610,1471.3887,
Portugal,PRT,1611,1429.3346,
Portugal,PRT,1612,1349.0803,
Portugal,PRT,1613,1306.5477,
Portugal,PRT,1614,1352.7377,
Portugal,PRT,1615,1423.83,
Portugal,PRT,1616,1462.592,
Portugal,PRT,1617,1369.6223,
Portugal,PRT,1618,1283.2391,
Portugal,PRT,1619,1283.5175,
Portugal,PRT,1620,1445.8651,
Portugal,PRT,1621,1445.6978,
Portugal,PRT,1622,1406.8527,
Portugal,PRT,1623,1341.2975,
Portugal,PRT,1624,1411.8477,
Portugal,PRT,1625,1529.9685,
Portugal,PRT,1626,1428.7302,
Portugal,PRT,1627,1328.1239,
Portugal,PRT,1628,1255.3981,
Portugal,PRT,1629,1310.0499,
Portugal,PRT,1630,1250.839,
Portugal,PRT,1631,1146.3422,
Portugal,PRT,1632,1116.4607,
Portugal,PRT,1633,1230.1346,
Portugal,PRT,1634,1405.245,
Portugal,PRT,1635,1307.7893,
Portugal,PRT,1636,1128.9446,
Portugal,PRT,1637,1184.1442,
Portugal,PRT,1638,1333.5887,
Portugal,PRT,1639,1435.5364,
Portugal,PRT,1640,1424.6606,
Portugal,PRT,1641,1612.2251,
Portugal,PRT,1642,1503.7964,
Portugal,PRT,1643,1597.559,
Portugal,PRT,1644,1538.7201,
Portugal,PRT,1645,1575.946,
Portugal,PRT,1646,1511.3849,
Portugal,PRT,1647,1500.4031,
Portugal,PRT,1648,1478.9495,
Portugal,PRT,1649,1447.5732,
Portugal,PRT,1650,1321.6974,
Portugal,PRT,1651,1258.9451,
Portugal,PRT,1652,1349.4718,
Portugal,PRT,1653,1389.3818,
Portugal,PRT,1654,1485.272,
Portugal,PRT,1655,1436.3356,
Portugal,PRT,1656,1436.2274,
Portugal,PRT,1657,1489.8245,
Portugal,PRT,1658,1462.024,
Portugal,PRT,1659,1431.7715,
Portugal,PRT,1660,1459.6068,
Portugal,PRT,1661,1490.3544,
Portugal,PRT,1662,1347.6526,
Portugal,PRT,1663,1522.2898,
Portugal,PRT,1664,1613.3934,
Portugal,PRT,1665,1522.851,
Portugal,PRT,1666,1483.3859,
Portugal,PRT,1667,1404.9985,
Portugal,PRT,1668,1575.9171,
Portugal,PRT,1669,1747.1312,
Portugal,PRT,1670,1717.8158,
Portugal,PRT,1671,1640.4888,
Portugal,PRT,1672,1692.7722,
Portugal,PRT,1673,1692.3783,
Portugal,PRT,1674,1684.9672,
Portugal,PRT,1675,1692.9855,
Portugal,PRT,1676,1744.1333,
Portugal,PRT,1677,1742.3319,
Portugal,PRT,1678,1700.3842,
Portugal,PRT,1679,1561.5953,
Portugal,PRT,1680,1609.2981,
Portugal,PRT,1681,1531.5703,
Portugal,PRT,1682,1682.4631,
Portugal,PRT,1683,1673.673,
Portugal,PRT,1684,1662.843,
Portugal,PRT,1685,1468.744,
Portugal,PRT,1686,1545.4061,
Portugal,PRT,1687,1672.3683,
Portugal,PRT,1688,2071.1458,
Portugal,PRT,1689,2114.4595,
Portugal,PRT,1690,1954.2258,
Portugal,PRT,1691,1968.0953,
Portugal,PRT,1692,2009.2727,
Portugal,PRT,1693,1871.89,
Portugal,PRT,1694,1866.7155,
Portugal,PRT,1695,1574.4135,
Portugal,PRT,1696,1559.6093,
Portugal,PRT,1697,1742.655,
Portugal,PRT,1698,1745.5795,
Portugal,PRT,1699,1495.766,
Portugal,PRT,1700,1572.1237,
Portugal,PRT,1701,1790.6337,
Portugal,PRT,1702,1706.9288,
Portugal,PRT,1703,1573.3716,
Portugal,PRT,1704,1540.1621,
Portugal,PRT,1705,1654.5447,
Portugal,PRT,1706,1697.9749,
Portugal,PRT,1707,1615.5802,
Portugal,PRT,1708,1585.7286,
Portugal,PRT,1709,1484.7699,
Portugal,PRT,1710,1352.4047,
Portugal,PRT,1711,1267.545,
Portugal,PRT,1712,1376.2461,
Portugal,PRT,1713,1520.8297,
Portugal,PRT,1714,1590.5597,
Portugal,PRT,1715,1613.3746,
Portugal,PRT,1716,1624.013,
Portugal,PRT,1717,1758.1188,
Portugal,PRT,1718,1815.8223,
Portugal,PRT,1719,1775.9855,
Portugal,PRT,1720,1849.8177,
Portugal,PRT,1721,1774.6053,
Portugal,PRT,1722,1674.4037,
Portugal,PRT,1723,1841.1104,
Portugal,PRT,1724,1816.4744,
Portugal,PRT,1725,1977.7083,
Portugal,PRT,1726,1941.286,
Portugal,PRT,1727,1741.5637,
Portugal,PRT,1728,1881.087,
Portugal,PRT,1729,1948.5698,
Portugal,PRT,1730,1984.7252,
Portugal,PRT,1731,1954.6157,
Portugal,PRT,1732,2078.5728,
Portugal,PRT,1733,1995.1835,
Portugal,PRT,1734,2137.8127,
Portugal,PRT,1735,2012.403,
Portugal,PRT,1736,1944.2086,
Portugal,PRT,1737,2126.792,
Portugal,PRT,1738,2047.2576,
Portugal,PRT,1739,1845.9904,
Portugal,PRT,1740,1889.411,
Portugal,PRT,1741,2000.1774,
Portugal,PRT,1742,2218.3398,
Portugal,PRT,1743,2009.6226,
Portugal,PRT,1744,1972.0911,
Portugal,PRT,1745,2033.394,
Portugal,PRT,1746,2028.6494,
Portugal,PRT,1747,2082.8577,
Portugal,PRT,1748,2017.8246,
Portugal,PRT,1749,2028.8722,
Portugal,PRT,1750,2184.4487,
Portugal,PRT,1751,2159.1162,
Portugal,PRT,1752,2209.5347,
Portugal,PRT,1753,2190.0059,
Portugal,PRT,1754,2166.4158,
Portugal,PRT,1755,2172.9246,
Portugal,PRT,1756,2010.4026,
Portugal,PRT,1757,1987.8309,
Portugal,PRT,1758,1976.5295,
Portugal,PRT,1759,2039.6055,
Portugal,PRT,1760,2151.8284,
Portugal,PRT,1761,2186.7761,
Portugal,PRT,1762,2028.0347,
Portugal,PRT,1763,1984.7086,
Portugal,PRT,1764,2032.9491,
Portugal,PRT,1765,2036.0682,
Portugal,PRT,1766,2021.2112,
Portugal,PRT,1767,2080.488,
Portugal,PRT,1768,1863.338,
Portugal,PRT,1769,1822.6857,
Portugal,PRT,1770,1941.3525,
Portugal,PRT,1771,1909.6466,
Portugal,PRT,1772,1916.4072,
Portugal,PRT,1773,1927.2372,
Portugal,PRT,1774,1912.2137,
Portugal,PRT,1775,1976.5409,
Portugal,PRT,1776,1928.7106,
Portugal,PRT,1777,2044.7563,
Portugal,PRT,1778,1936.698,
Portugal,PRT,1779,2011.6906,
Portugal,PRT,1780,1886.5986,
Portugal,PRT,1781,1968.8981,
Portugal,PRT,1782,1955.429,
Portugal,PRT,1783,1943.8049,
Portugal,PRT,1784,2109.238,
Portugal,PRT,1785,2063.0103,
Portugal,PRT,1786,2059.2246,
Portugal,PRT,1787,1959.6208,
Portugal,PRT,1788,1998.6621,
Portugal,PRT,1789,1821.7284,
Portugal,PRT,1790,1747.5902,
Portugal,PRT,1791,1788.9248,
Portugal,PRT,1792,1806.2772,
Portugal,PRT,1793,1811.5192,
Portugal,PRT,1794,1659.097,
Portugal,PRT,1795,1656.6133,
Portugal,PRT,1796,1744.5472,
Portugal,PRT,1797,1711.0408,
Portugal,PRT,1798,1558.4988,
Portugal,PRT,1799,1551.6783,
Portugal,PRT,1800,1458.7521,
Portugal,PRT,1801,1391.3414,
Portugal,PRT,1802,1413.8453,
Portugal,PRT,1803,1427.3019,
Portugal,PRT,1804,1470.585,
Portugal,PRT,1805,1444.9907,
Portugal,PRT,1806,1412.2711,
Portugal,PRT,1807,1422.0896,
Portugal,PRT,1808,1446.0948,
Portugal,PRT,1809,1421.007,
Portugal,PRT,1810,1176.5454,
Portugal,PRT,1811,1072.3851,
Portugal,PRT,1812,1114.2234,
Portugal,PRT,1813,1226.8877,
Portugal,PRT,1814,1265.514,
Portugal,PRT,1815,1326.9185,
Portugal,PRT,1816,1372.1918,
Portugal,PRT,1817,1377.9071,
Portugal,PRT,1818,1464.7979,
Portugal,PRT,1819,1611.2771,
Portugal,PRT,1820,1665.4261,
Portugal,PRT,1821,1648.1023,
Portugal,PRT,1822,1636.7555,
Portugal,PRT,1823,1605.4579,
Portugal,PRT,1824,1538.129,
Portugal,PRT,1825,1502.6333,
Portugal,PRT,1826,1558.1465,
Portugal,PRT,1827,1476.534,
Portugal,PRT,1828,1490.4226,
Portugal,PRT,1829,1646.8715,
Portugal,PRT,1830,1721.0172,
Portugal,PRT,1831,1602.9608,
Portugal,PRT,1832,1525.3434,
Portugal,PRT,1833,1420.9199,
Portugal,PRT,1834,1465.9441,
Portugal,PRT,1835,1444.2826,
Portugal,PRT,1836,1431.1693,
Portugal,PRT,1837,1572.9487,
Portugal,PRT,1838,1589.9186,
Portugal,PRT,1839,1628.5509,
Portugal,PRT,1840,1502.7836,
Portugal,PRT,1841,1474.4987,
Portugal,PRT,1842,1518.9521,
Portugal,PRT,1843,1537.7979,
Portugal,PRT,1844,1636.2374,
Portugal,PRT,1845,1633.9174,
Portugal,PRT,1846,1524.3385,
Portugal,PRT,1847,1409.7156,
Portugal,PRT,1848,1496.4828,
Portugal,PRT,1849,1520.1681,
Portugal,PRT,1850,1469.8774,
Portugal,PRT,1855,1465.0,
Portugal,PRT,1861,1407.0,
Portugal,PRT,1865,1420.0,
Portugal,PRT,1866,1466.0,
Portugal,PRT,1867,1500.0,
Portugal,PRT,1868,1506.0,
Portugal,PRT,1869,1537.0,
Portugal,PRT,1870,1554.0,
Portugal,PRT,1871,1487.0,
Portugal,PRT,1872,1521.0,
Portugal,PRT,1873,1575.0,
Portugal,PRT,1874,1540.0,
Portugal,PRT,1875,1529.0,
Portugal,PRT,1876,1486.0,
Portugal,PRT,1877,1545.0,
Portugal,PRT,1878,1537.0,
Portugal,PRT,1879,1529.0,
Portugal,PRT,1880,1510.0,
Portugal,PRT,1881,1546.0,
Portugal,PRT,1882,1581.0,
Portugal,PRT,1883,1607.0,
Portugal,PRT,1884,1648.0,
Portugal,PRT,1885,1677.0,
Portugal,PRT,1886,1753.0,
Portugal,PRT,1887,1776.0,
Portugal,PRT,1888,1782.0,
Portugal,PRT,1889,1734.0,
Portugal,PRT,1890,1798.0,
Portugal,PRT,1891,1752.0,
Portugal,PRT,1892,1733.0,
Portugal,PRT,1893,1755.0,
Portugal,PRT,1894,1720.0,
Portugal,PRT,1895,1780.0,
Portugal,PRT,1896,1793.0,
Portugal,PRT,1897,1884.0,
Portugal,PRT,1898,1935.0,
Portugal,PRT,1899,1991.0,
Portugal,PRT,1900,2075.0,
Portugal,PRT,1901,2023.0,
Portugal,PRT,1902,2018.0,
Portugal,PRT,1903,2029.0,
Portugal,PRT,1904,2039.0,
Portugal,PRT,1905,1965.0,
Portugal,PRT,1906,1962.0,
Portugal,PRT,1907,1991.0,
Portugal,PRT,1908,1943.0,
Portugal,PRT,1909,1926.0,
Portugal,PRT,1910,1957.0,
Portugal,PRT,1911,1980.0,
Portugal,PRT,1912,2004.0,
Portugal,PRT,1913,1992.0,
Portugal,PRT,1914,2005.0,
Portugal,PRT,1915,1957.0,
Portugal,PRT,1916,1967.0,
Portugal,PRT,1917,1932.0,
Portugal,PRT,1918,1833.0,
Portugal,PRT,1919,1870.0,
Portugal,PRT,1920,1959.0,
Portugal,PRT,1921,2056.0,
Portugal,PRT,1922,2279.0,
Portugal,PRT,1923,2348.0,
Portugal,PRT,1924,2233.0,
Portugal,PRT,1925,2305.0,
Portugal,PRT,1926,2262.0,
Portugal,PRT,1927,2627.0,
Portugal,PRT,1928,2343.0,
Portugal,PRT,1929,2566.0,
Portugal,PRT,1930,2504.0,
Portugal,PRT,1931,2600.0,
Portugal,PRT,1932,2619.0,
Portugal,PRT,1933,2761.0,
Portugal,PRT,1934,2844.0,
Portugal,PRT,1935,2660.0,
Portugal,PRT,1936,2428.0,
Portugal,PRT,1937,2801.0,
Portugal,PRT,1938,2785.0,
Portugal,PRT,1939,2788.0,
Portugal,PRT,1940,2574.0,
Portugal,PRT,1941,2785.0,
Portugal,PRT,1942,2723.0,
Portugal,PRT,1943,2879.0,
Portugal,PRT,1944,3017.0,
Portugal,PRT,1945,2876.0,
Portugal,PRT,1946,3073.0,
Portugal,PRT,1947,3301.0,
Portugal,PRT,1948,3261.0,
Portugal,PRT,1949,3279.0,
Portugal,PRT,1950,3325.0,
Portugal,PRT,1951,3456.0,
Portugal,PRT,1952,3445.0,
Portugal,PRT,1953,3663.0,
Portugal,PRT,1954,3814.0,
Portugal,PRT,1955,3945.0,
Portugal,PRT,1956,4087.0,
Portugal,PRT,1957,4238.0,
Portugal,PRT,1958,4259.0,
Portugal,PRT,1959,4454.0,
Portugal,PRT,1960,4712.0,
Portugal,PRT,1961,4972.0,
Portugal,PRT,1962,5308.0,
Portugal,PRT,1963,5585.0,
Portugal,PRT,1964,5926.0,
Portugal,PRT,1965,6363.0,
Portugal,PRT,1966,6637.0,
Portugal,PRT,1967,7143.0,
Portugal,PRT,1968,7767.0,
Portugal,PRT,1969,7949.0,
Portugal,PRT,1970,8724.0,
Portugal,PRT,1971,9358.0,
Portugal,PRT,1972,10130.0,
Portugal,PRT,1973,11258.0,
Portugal,PRT,1974,11234.0,
Portugal,PRT,1975,10388.0,
Portugal,PRT,1976,10861.0,
Portugal,PRT,1977,11422.0,
Portugal,PRT,1978,11700.0,
Portugal,PRT,1979,12326.0,
Portugal,PRT,1980,12822.0,
Portugal,PRT,1981,12934.0,
Portugal,PRT,1982,13198.0,
Portugal,PRT,1983,13158.0,
Portugal,PRT,1984,12894.0,
Portugal,PRT,1985,13240.0,
Portugal,PRT,1986,13774.0,
Portugal,PRT,1987,14641.0,
Portugal,PRT,1988,15729.0,
Portugal,PRT,1989,16533.0,
Portugal,PRT,1990,17256.0,
Portugal,PRT,1991,17949.809,
Portugal,PRT,1992,18598.527,
Portugal,PRT,1993,18519.934,
Portugal,PRT,1994,18819.027,
Portugal,PRT,1995,19262.031,
Portugal,PRT,1996,19939.31,
Portugal,PRT,1997,20810.178,
Portugal,PRT,1998,21782.12,
Portugal,PRT,1999,22589.922,
Portugal,PRT,2000,23372.041,
Portugal,PRT,2001,23751.371,
Portugal,PRT,2002,23896.459,
Portugal,PRT,2003,23677.52,
Portugal,PRT,2004,24142.766,
Portugal,PRT,2005,24377.95,
Portugal,PRT,2006,24809.04,
Portugal,PRT,2007,25477.205,
Portugal,PRT,2008,25590.88,
Portugal,PRT,2009,24902.457,
Portugal,PRT,2010,25463.164,
Portugal,PRT,2011,25133.0,
Portugal,PRT,2012,24211.438,
Portugal,PRT,2013,24119.96,
Portugal,PRT,2014,24442.387,
Portugal,PRT,2015,24983.701,
Portugal,PRT,2016,25568.695,
Portugal,PRT,2017,26529.986,
Portugal,PRT,2018,27329.69,
Portugal,PRT,2019,28056.057,
Portugal,PRT,2020,25700.283,
Portugal,PRT,2021,27138.479,
Portugal,PRT,2022,28992.059,
Puerto Rico,PRI,1950,3416.0,
Puerto Rico,PRI,1951,3515.0,
Puerto Rico,PRI,1952,3730.0,
Puerto Rico,PRI,1953,3937.0,
Puerto Rico,PRI,1954,4081.0,
Puerto Rico,PRI,1955,4221.0,
Puerto Rico,PRI,1956,4525.0,
Puerto Rico,PRI,1957,4729.0,
Puerto Rico,PRI,1958,4784.0,
Puerto Rico,PRI,1959,5161.0,
Puerto Rico,PRI,1960,5451.0,
Puerto Rico,PRI,1961,5859.0,
Puerto Rico,PRI,1962,6183.0,
Puerto Rico,PRI,1963,6693.0,
Puerto Rico,PRI,1964,7012.0,
Puerto Rico,PRI,1965,7519.0,
Puerto Rico,PRI,1966,7957.0,
Puerto Rico,PRI,1967,8388.0,
Puerto Rico,PRI,1968,8705.0,
Puerto Rico,PRI,1969,9306.0,
Puerto Rico,PRI,1970,10117.0,
Puerto Rico,PRI,1971,10587.0,
Puerto Rico,PRI,1972,11046.0,
Puerto Rico,PRI,1973,11639.0,
Puerto Rico,PRI,1974,11552.0,
Puerto Rico,PRI,1975,11073.0,
Puerto Rico,PRI,1976,11308.0,
Puerto Rico,PRI,1977,11832.0,
Puerto Rico,PRI,1978,12463.0,
Puerto Rico,PRI,1979,13012.0,
Puerto Rico,PRI,1980,13040.0,
Puerto Rico,PRI,1981,13061.0,
Puerto Rico,PRI,1982,12511.0,
Puerto Rico,PRI,1983,12428.0,
Puerto Rico,PRI,1984,13201.0,
Puerto Rico,PRI,1985,13345.0,
Puerto Rico,PRI,1986,14304.0,
Puerto Rico,PRI,1987,14870.0,
Puerto Rico,PRI,1988,15701.0,
Puerto Rico,PRI,1989,16332.0,
Puerto Rico,PRI,1990,16799.0,
Puerto Rico,PRI,1991,17332.18,
Puerto Rico,PRI,1992,18290.732,
Puerto Rico,PRI,1993,19278.627,
Puerto Rico,PRI,1994,20213.115,
Puerto Rico,PRI,1995,21267.377,
Puerto Rico,PRI,1996,21856.018,
Puerto Rico,PRI,1997,23069.027,
Puerto Rico,PRI,1998,24586.223,
Puerto Rico,PRI,1999,26186.299,
Puerto Rico,PRI,2000,27392.459,
Puerto Rico,PRI,2001,29517.049,
Puerto Rico,PRI,2002,30218.014,
Puerto Rico,PRI,2003,30688.102,
Puerto Rico,PRI,2004,32110.838,
Puerto Rico,PRI,2005,32013.541,
Puerto Rico,PRI,2006,32195.16,
Puerto Rico,PRI,2007,32511.115,
Puerto Rico,PRI,2008,32604.09,
Puerto Rico,PRI,2009,32648.104,
Puerto Rico,PRI,2010,33195.44,
Puerto Rico,PRI,2011,33981.0,
Puerto Rico,PRI,2012,34395.0,
Puerto Rico,PRI,2013,34736.0,
Puerto Rico,PRI,2014,34787.0,
Puerto Rico,PRI,2015,35384.0,
Puerto Rico,PRI,2016,35594.523,
Puerto Rico,PRI,2017,35248.4,
Puerto Rico,PRI,2018,34190.11,
Puerto Rico,PRI,2019,35041.33,
Puerto Rico,PRI,2020,33787.4,
Puerto Rico,PRI,2021,34095.492,
Puerto Rico,PRI,2022,35280.668,
Qatar,QAT,1950,48436.0,
Qatar,QAT,1951,48653.0,
Qatar,QAT,1952,47990.0,
Qatar,QAT,1953,49284.0,
Qatar,QAT,1954,51490.0,
Qatar,QAT,1955,49632.0,
Qatar,QAT,1956,50628.0,
Qatar,QAT,1957,49973.0,
Qatar,QAT,1958,50042.0,
Qatar,QAT,1959,52436.0,
Qatar,QAT,1960,52299.0,
Qatar,QAT,1961,48516.0,
Qatar,QAT,1962,46304.0,
Qatar,QAT,1963,44912.0,
Qatar,QAT,1964,42186.0,
Qatar,QAT,1965,41101.0,
Qatar,QAT,1966,50660.0,
Qatar,QAT,1967,55566.0,
Qatar,QAT,1968,58010.0,
Qatar,QAT,1969,56236.0,
Qatar,QAT,1970,51921.0,
Qatar,QAT,1971,59731.0,
Qatar,QAT,1972,62416.0,
Qatar,QAT,1973,68407.0,
Qatar,QAT,1974,57594.0,
Qatar,QAT,1975,54866.0,
Qatar,QAT,1976,55169.0,
Qatar,QAT,1977,45999.0,
Qatar,QAT,1978,47072.0,
Qatar,QAT,1979,45806.0,
Qatar,QAT,1980,45860.0,
Qatar,QAT,1981,37307.0,
Qatar,QAT,1982,29046.0,
Qatar,QAT,1983,23146.0,
Qatar,QAT,1984,20354.0,
Qatar,QAT,1985,16558.0,
Qatar,QAT,1986,12881.0,
Qatar,QAT,1987,12819.0,
Qatar,QAT,1988,12492.0,
Qatar,QAT,1989,12137.0,
Qatar,QAT,1990,11705.0,
Qatar,QAT,1991,12417.643,
Qatar,QAT,1992,15042.123,
Qatar,QAT,1993,16221.046,
Qatar,QAT,1994,17955.314,
Qatar,QAT,1995,19959.703,
Qatar,QAT,1996,22395.264,
Qatar,QAT,1997,30989.15,
Qatar,QAT,1998,36448.055,
Qatar,QAT,1999,40135.176,
Qatar,QAT,2000,45788.12,
Qatar,QAT,2001,50525.707,
Qatar,QAT,2002,57541.1,
Qatar,QAT,2003,62234.215,
Qatar,QAT,2004,74372.93,
Qatar,QAT,2005,76808.42,
Qatar,QAT,2006,90120.92,
Qatar,QAT,2007,97912.69,
Qatar,QAT,2008,107402.055,
Qatar,QAT,2009,115283.414,
Qatar,QAT,2010,134802.78,
Qatar,QAT,2011,155533.0,
Qatar,QAT,2012,154339.81,
Qatar,QAT,2013,155657.12,
Qatar,QAT,2014,157712.9,
Qatar,QAT,2015,159800.19,
Qatar,QAT,2016,160051.23,
Qatar,QAT,2017,153819.11,
Qatar,QAT,2018,152453.81,
Qatar,QAT,2019,150732.22,
Qatar,QAT,2020,143118.53,
Qatar,QAT,2021,143468.75,
Qatar,QAT,2022,149171.11,
Romania,ROU,1862,786.90454,
Romania,ROU,1863,857.8175,
Romania,ROU,1864,882.9801,
Romania,ROU,1865,674.8164,
Romania,ROU,1866,674.8164,
Romania,ROU,1867,816.6423,
Romania,ROU,1868,882.9801,
Romania,ROU,1869,798.34216,
Romania,ROU,1870,828.07983,
Romania,ROU,1871,857.8175,
Romania,ROU,1872,853.24243,
Romania,ROU,1873,908.14276,
Romania,ROU,1874,894.4177,
Romania,ROU,1875,1029.381,
Romania,ROU,1876,983.63074,
Romania,ROU,1877,1006.50586,
Romania,ROU,1878,1038.531,
Romania,ROU,1879,1054.5436,
Romania,ROU,1880,1313.0326,
Romania,ROU,1881,976.7682,
Romania,ROU,1882,1283.2949,
Romania,ROU,1883,1180.3568,
Romania,ROU,1884,1006.50586,
Romania,ROU,1885,1207.807,
Romania,ROU,1886,1338.1953,
Romania,ROU,1887,1244.4072,
Romania,ROU,1888,1290.1575,
Romania,ROU,1889,1290.1575,
Romania,ROU,1890,1294.7325,
Romania,ROU,1891,1326.7577,
Romania,ROU,1892,1436.5583,
Romania,ROU,1893,1386.233,
Romania,ROU,1894,1480.0211,
Romania,ROU,1895,1468.5835,
Romania,ROU,1896,1502.8962,
Romania,ROU,1897,1246.6947,
Romania,ROU,1898,1484.5961,
Romania,ROU,1899,1031.6685,
Romania,ROU,1900,1406.8207,
Romania,ROU,1901,1466.296,
Romania,ROU,1902,1422.8333,
Romania,ROU,1903,1450.2834,
Romania,ROU,1904,1100.294,
Romania,ROU,1905,1546.359,
Romania,ROU,1906,1663.0222,
Romania,ROU,1907,1342.7703,
Romania,ROU,1908,1441.1334,
Romania,ROU,1909,1411.3958,
Romania,ROU,1910,1793.4104,
Romania,ROU,1911,1743.0851,
Romania,ROU,1912,1756.8102,
Romania,ROU,1913,1754.5227,
Romania,ROU,1914,1473.1586,
Romania,ROU,1915,1608.4635,
Romania,ROU,1916,1495.028,
Romania,ROU,1917,1259.2958,
Romania,ROU,1918,1025.8054,
Romania,ROU,1919,1014.89813,
Romania,ROU,1920,1063.6937,
Romania,ROU,1921,1152.9067,
Romania,ROU,1922,1283.2949,
Romania,ROU,1923,1386.233,
Romania,ROU,1924,1386.233,
Romania,ROU,1925,1395.383,
Romania,ROU,1926,1528.0588,
Romania,ROU,1927,1523.4839,
Romania,ROU,1928,1477.7336,
Romania,ROU,1929,1557.7965,
Romania,ROU,1930,1534.9214,
Romania,ROU,1931,1560.0841,
Romania,ROU,1932,1413.6832,
Romania,ROU,1933,1422.8333,
Romania,ROU,1934,1436.5583,
Romania,ROU,1935,1541.7839,
Romania,ROU,1936,1585.2467,
Romania,ROU,1937,1640.147,
Romania,ROU,1938,1603.5468,
Romania,ROU,1939,1626.422,
Romania,ROU,1940,1582.9592,
Romania,ROU,1941,1626.422,
Romania,ROU,1942,1505.1837,
Romania,ROU,1943,1706.4849,
Romania,ROU,1944,1290.1575,
Romania,ROU,1945,876.1176,
Romania,ROU,1946,853.24243,
Romania,ROU,1947,1086.5688,
Romania,ROU,1948,2976.0547,
Romania,ROU,1949,2430.483,
Romania,ROU,1950,1883.9768,
Romania,ROU,1951,2001.5428,
Romania,ROU,1952,2124.8564,
Romania,ROU,1953,2249.247,
Romania,ROU,1954,2384.6633,
Romania,ROU,1955,2515.1223,
Romania,ROU,1956,2587.6025,
Romania,ROU,1957,2664.587,
Romania,ROU,1958,2747.3184,
Romania,ROU,1959,2841.9624,
Romania,ROU,1960,2938.8025,
Romania,ROU,1961,3109.8738,
Romania,ROU,1962,3199.5,
Romania,ROU,1963,3405.6587,
Romania,ROU,1964,3599.467,
Romania,ROU,1965,3803.3682,
Romania,ROU,1966,4212.6973,
Romania,ROU,1967,4372.449,
Romania,ROU,1968,4366.12,
Romania,ROU,1969,4501.1245,
Romania,ROU,1970,4547.4023,
Romania,ROU,1971,5134.1865,
Romania,ROU,1972,5413.418,
Romania,ROU,1973,5541.7134,
Romania,ROU,1974,5796.996,
Romania,ROU,1975,5995.4507,
Romania,ROU,1976,6243.1465,
Romania,ROU,1977,6322.24,
Romania,ROU,1978,6476.1567,
Romania,ROU,1979,6612.0225,
Romania,ROU,1980,6591.6367,
Romania,ROU,1981,6514.127,
Romania,ROU,1982,6490.4365,
Romania,ROU,1983,6418.194,
Romania,ROU,1984,6659.454,
Romania,ROU,1985,6628.6064,
Romania,ROU,1986,6718.445,
Romania,ROU,1987,6551.899,
Romania,ROU,1988,6511.956,
Romania,ROU,1989,6281.1543,
Romania,ROU,1990,5596.0,
Romania,ROU,1991,5033.141,
Romania,ROU,1992,4818.304,
Romania,ROU,1993,5055.917,
Romania,ROU,1994,5427.071,
Romania,ROU,1995,6014.69,
Romania,ROU,1996,6476.4746,
Romania,ROU,1997,6446.418,
Romania,ROU,1998,6407.467,
Romania,ROU,1999,6613.933,
Romania,ROU,2000,7089.9463,
Romania,ROU,2001,7860.4434,
Romania,ROU,2002,8673.619,
Romania,ROU,2003,9369.233,
Romania,ROU,2004,10531.172,
Romania,ROU,2005,11313.822,
Romania,ROU,2006,12823.231,
Romania,ROU,2007,14418.83,
Romania,ROU,2008,16347.344,
Romania,ROU,2009,15866.127,
Romania,ROU,2010,16377.328,
Romania,ROU,2011,17174.0,
Romania,ROU,2012,17580.932,
Romania,ROU,2013,17691.443,
Romania,ROU,2014,18487.26,
Romania,ROU,2015,19162.186,
Romania,ROU,2016,19825.604,
Romania,ROU,2017,23003.695,
Romania,ROU,2018,24000.455,
Romania,ROU,2019,23267.516,
Romania,ROU,2020,24799.71,
Romania,ROU,2021,26102.588,
Romania,ROU,2022,26197.904,
Russia,RUS,1860,754.45245,
Russia,RUS,1861,728.00616,
Russia,RUS,1862,654.77563,
Russia,RUS,1863,790.265,
Russia,RUS,1864,644.7824,
Russia,RUS,1865,582.5597,
Russia,RUS,1866,704.456,
Russia,RUS,1867,598.42334,
Russia,RUS,1868,614.81757,
Russia,RUS,1869,614.6932,
Russia,RUS,1870,788.6952,
Russia,RUS,1871,653.738,
Russia,RUS,1872,698.43915,
Russia,RUS,1873,711.7627,
Russia,RUS,1874,867.83496,
Russia,RUS,1875,654.5167,
Russia,RUS,1876,662.3095,
Russia,RUS,1877,810.12524,
Russia,RUS,1878,846.7682,
Russia,RUS,1879,719.06616,
Russia,RUS,1880,671.4894,
Russia,RUS,1881,865.27655,
Russia,RUS,1882,760.0434,
Russia,RUS,1883,798.8638,
Russia,RUS,1884,792.12085,
Russia,RUS,1885,715.57074,
Russia,RUS,1886,715.8964,
Russia,RUS,1887,865.1133,
Russia,RUS,1888,842.42255,
Russia,RUS,1889,669.932,
Russia,RUS,1890,767.69763,
Russia,RUS,1891,668.33606,
Russia,RUS,1892,767.43335,
Russia,RUS,1893,953.38586,
Russia,RUS,1894,952.77985,
Russia,RUS,1895,930.1364,
Russia,RUS,1896,984.6079,
Russia,RUS,1897,893.5878,
Russia,RUS,1898,1029.5808,
Russia,RUS,1899,1046.9149,
Russia,RUS,1900,1049.1808,
Russia,RUS,1901,989.84064,
Russia,RUS,1902,1122.7257,
Russia,RUS,1903,1106.1028,
Russia,RUS,1904,1151.7039,
Russia,RUS,1905,1018.9369,
Russia,RUS,1906,938.2368,
Russia,RUS,1907,984.70825,
Russia,RUS,1908,973.4893,
Russia,RUS,1909,1079.2485,
Russia,RUS,1910,1067.6362,
Russia,RUS,1911,967.9302,
Russia,RUS,1912,1086.0095,
Russia,RUS,1913,1163.2654,
Russia,RUS,1914,1112.7096,
Russia,RUS,1915,1112.1135,
Russia,RUS,1916,1077.5795,
Russia,RUS,1917,988.8122,
Russia,RUS,1918,721.68976,
Russia,RUS,1919,663.7686,
Russia,RUS,1920,636.9061,
Russia,RUS,1921,566.739,
Russia,RUS,1922,678.9262,
Russia,RUS,1923,775.43677,
Russia,RUS,1924,901.1648,
Russia,RUS,1925,1061.9501,
Russia,RUS,1926,1207.4231,
Russia,RUS,1927,1242.7766,
Russia,RUS,1928,1281.7412,
Russia,RUS,1929,1300.6028,
Russia,RUS,1930,1345.4911,
Russia,RUS,1931,1411.7631,
Russia,RUS,1932,1459.3623,
Russia,RUS,1933,1529.9011,
Russia,RUS,1934,1696.5791,
Russia,RUS,1935,1897.6437,
Russia,RUS,1936,2040.5804,
Russia,RUS,1937,2297.593,
Russia,RUS,1938,2291.0984,
Russia,RUS,1939,2368.6243,
Russia,RUS,1940,2529.3845,
Russia,RUS,1941,2358.2986,
Russia,RUS,1942,2553.842,
Russia,RUS,1943,2447.8042,
Russia,RUS,1944,2391.635,
Russia,RUS,1945,2313.4446,
Russia,RUS,1946,2435.8582,
Russia,RUS,1947,2705.822,
Russia,RUS,1948,2940.4407,
Russia,RUS,1949,3106.3503,
Russia,RUS,1950,3310.8347,
Russia,RUS,1951,3456.2605,
Russia,RUS,1952,3686.9172,
Russia,RUS,1953,3849.795,
Russia,RUS,1954,4108.7524,
Russia,RUS,1955,4312.621,
Russia,RUS,1956,4615.279,
Russia,RUS,1957,4850.402,
Russia,RUS,1958,5114.7285,
Russia,RUS,1959,5326.702,
Russia,RUS,1960,5557.0,
Russia,RUS,1961,5874.0,
Russia,RUS,1962,6229.0,
Russia,RUS,1963,6405.0,
Russia,RUS,1964,6754.0,
Russia,RUS,1965,7068.0,
Russia,RUS,1966,7517.0,
Russia,RUS,1967,7943.0,
Russia,RUS,1968,8391.0,
Russia,RUS,1969,8563.0,
Russia,RUS,1970,9234.0,
Russia,RUS,1971,9567.0,
Russia,RUS,1972,9785.0,
Russia,RUS,1973,10492.0,
Russia,RUS,1974,10801.0,
Russia,RUS,1975,11164.0,
Russia,RUS,1976,11426.0,
Russia,RUS,1977,11692.0,
Russia,RUS,1978,11829.0,
Russia,RUS,1979,11867.0,
Russia,RUS,1980,12204.0,
Russia,RUS,1981,12274.0,
Russia,RUS,1982,12267.0,
Russia,RUS,1983,12420.0,
Russia,RUS,1984,12379.0,
Russia,RUS,1985,12475.0,
Russia,RUS,1986,12694.0,
Russia,RUS,1987,12597.0,
Russia,RUS,1988,12720.0,
Russia,RUS,1989,12766.0,
Russia,RUS,1990,12400.0,
Russia,RUS,1991,12012.235,
Russia,RUS,1992,10487.548,
Russia,RUS,1993,9789.066,
Russia,RUS,1994,8743.747,
Russia,RUS,1995,8586.323,
Russia,RUS,1996,8479.381,
Russia,RUS,1997,8813.35,
Russia,RUS,1998,8557.495,
Russia,RUS,1999,9340.029,
Russia,RUS,2000,10552.885,
Russia,RUS,2001,11391.194,
Russia,RUS,2002,12259.477,
Russia,RUS,2003,13521.239,
Russia,RUS,2004,14880.979,
Russia,RUS,2005,16243.101,
Russia,RUS,2006,18008.336,
Russia,RUS,2007,20018.123,
Russia,RUS,2008,21563.463,
Russia,RUS,2009,20335.559,
Russia,RUS,2010,21737.385,
Russia,RUS,2011,23130.0,
Russia,RUS,2012,24020.31,
Russia,RUS,2013,24389.973,
Russia,RUS,2014,24135.035,
Russia,RUS,2015,23607.953,
Russia,RUS,2016,23610.37,
Russia,RUS,2017,24013.967,
Russia,RUS,2018,24690.082,
Russia,RUS,2019,25244.12,
Russia,RUS,2020,24625.385,
Russia,RUS,2021,26119.947,
Russia,RUS,2022,25437.107,
Rwanda,RWA,1950,1020.0,
Rwanda,RWA,1951,1058.0,
Rwanda,RWA,1952,1071.0,
Rwanda,RWA,1953,1090.0,
Rwanda,RWA,1954,1127.0,
Rwanda,RWA,1955,1138.0,
Rwanda,RWA,1956,1156.0,
Rwanda,RWA,1957,1173.0,
Rwanda,RWA,1958,1178.0,
Rwanda,RWA,1959,1216.0,
Rwanda,RWA,1960,1224.0,
Rwanda,RWA,1961,1167.0,
Rwanda,RWA,1962,1296.0,
Rwanda,RWA,1963,1140.0,
Rwanda,RWA,1964,980.0,
Rwanda,RWA,1965,1023.0,
Rwanda,RWA,1966,1065.0,
Rwanda,RWA,1967,1109.0,
Rwanda,RWA,1968,1154.0,
Rwanda,RWA,1969,1243.0,
Rwanda,RWA,1970,1337.0,
Rwanda,RWA,1971,1315.0,
Rwanda,RWA,1972,1282.0,
Rwanda,RWA,1973,1288.0,
Rwanda,RWA,1974,1262.0,
Rwanda,RWA,1975,1199.0,
Rwanda,RWA,1976,1387.0,
Rwanda,RWA,1977,1409.0,
Rwanda,RWA,1978,1495.0,
Rwanda,RWA,1979,1584.0,
Rwanda,RWA,1980,1672.0,
Rwanda,RWA,1981,1706.0,
Rwanda,RWA,1982,1680.0,
Rwanda,RWA,1983,1722.0,
Rwanda,RWA,1984,1597.0,
Rwanda,RWA,1985,1621.0,
Rwanda,RWA,1986,1642.0,
Rwanda,RWA,1987,1586.0,
Rwanda,RWA,1988,1538.0,
Rwanda,RWA,1989,1476.0,
Rwanda,RWA,1990,1398.0,
Rwanda,RWA,1991,1282.2594,
Rwanda,RWA,1992,1301.689,
Rwanda,RWA,1993,1110.9209,
Rwanda,RWA,1994,707.2971,
Rwanda,RWA,1995,1049.2385,
Rwanda,RWA,1996,976.4079,
Rwanda,RWA,1997,932.0059,
Rwanda,RWA,1998,950.38947,
Rwanda,RWA,1999,975.83594,
Rwanda,RWA,2000,1023.6182,
Rwanda,RWA,2001,1067.2347,
Rwanda,RWA,2002,1154.1061,
Rwanda,RWA,2003,1130.0414,
Rwanda,RWA,2004,1159.0281,
Rwanda,RWA,2005,1210.5105,
Rwanda,RWA,2006,1261.7609,
Rwanda,RWA,2007,1291.1934,
Rwanda,RWA,2008,1364.745,
Rwanda,RWA,2009,1384.2589,
Rwanda,RWA,2010,1416.3923,
Rwanda,RWA,2011,1449.0,
Rwanda,RWA,2012,1528.552,
Rwanda,RWA,2013,1552.4253,
Rwanda,RWA,2014,1601.3938,
Rwanda,RWA,2015,1708.3467,
Rwanda,RWA,2016,1774.9015,
Rwanda,RWA,2017,1799.474,
Rwanda,RWA,2018,1908.049,
Rwanda,RWA,2019,2042.8529,
Rwanda,RWA,2020,1935.2662,
Rwanda,RWA,2021,2106.9736,
Rwanda,RWA,2022,2198.0662,
Saint Lucia,LCA,1950,1231.0,
Saint Lucia,LCA,1951,1254.0,
Saint Lucia,LCA,1952,1288.0,
Saint Lucia,LCA,1953,1326.0,
Saint Lucia,LCA,1954,1364.0,
Saint Lucia,LCA,1955,1400.0,
Saint Lucia,LCA,1956,1433.0,
Saint Lucia,LCA,1957,1479.0,
Saint Lucia,LCA,1958,1545.0,
Saint Lucia,LCA,1959,1623.0,
Saint Lucia,LCA,1960,1691.0,
Saint Lucia,LCA,1961,1747.0,
Saint Lucia,LCA,1962,1798.0,
Saint Lucia,LCA,1963,1849.0,
Saint Lucia,LCA,1964,1900.0,
Saint Lucia,LCA,1965,1946.0,
Saint Lucia,LCA,1966,1989.0,
Saint Lucia,LCA,1967,2036.0,
Saint Lucia,LCA,1968,2091.0,
Saint Lucia,LCA,1969,2150.0,
Saint Lucia,LCA,1970,2203.0,
Saint Lucia,LCA,1971,2265.0,
Saint Lucia,LCA,1972,2279.0,
Saint Lucia,LCA,1973,2268.0,
Saint Lucia,LCA,1974,2356.0,
Saint Lucia,LCA,1975,2428.0,
Saint Lucia,LCA,1976,2820.0,
Saint Lucia,LCA,1977,3027.0,
Saint Lucia,LCA,1978,3196.0,
Saint Lucia,LCA,1979,3247.0,
Saint Lucia,LCA,1980,3011.0,
Saint Lucia,LCA,1981,3051.0,
Saint Lucia,LCA,1982,3102.0,
Saint Lucia,LCA,1983,3229.0,
Saint Lucia,LCA,1984,3403.0,
Saint Lucia,LCA,1985,3606.0,
Saint Lucia,LCA,1986,4157.0,
Saint Lucia,LCA,1987,4224.0,
Saint Lucia,LCA,1988,4779.0,
Saint Lucia,LCA,1989,5093.0,
Saint Lucia,LCA,1990,5203.0,
Saint Lucia,LCA,1991,5270.2544,
Saint Lucia,LCA,1992,5737.2886,
Saint Lucia,LCA,1993,5804.0557,
Saint Lucia,LCA,1994,5945.7686,
Saint Lucia,LCA,1995,6095.83,
Saint Lucia,LCA,1996,6330.9346,
Saint Lucia,LCA,1997,6344.7847,
Saint Lucia,LCA,1998,6831.2295,
Saint Lucia,LCA,1999,7111.8687,
Saint Lucia,LCA,2000,7191.275,
Saint Lucia,LCA,2001,7014.288,
Saint Lucia,LCA,2002,7141.7544,
Saint Lucia,LCA,2003,7602.129,
Saint Lucia,LCA,2004,8322.346,
Saint Lucia,LCA,2005,8418.911,
Saint Lucia,LCA,2006,9135.34,
Saint Lucia,LCA,2007,9377.8955,
Saint Lucia,LCA,2008,9931.685,
Saint Lucia,LCA,2009,10061.634,
Saint Lucia,LCA,2010,10058.623,
Saint Lucia,LCA,2011,10255.0,
Saint Lucia,LCA,2012,10067.0,
Saint Lucia,LCA,2013,10037.0,
Saint Lucia,LCA,2014,10035.0,
Saint Lucia,LCA,2015,10185.0,
Saint Lucia,LCA,2016,10486.955,
Saint Lucia,LCA,2017,10796.247,
Saint Lucia,LCA,2018,11060.511,
Saint Lucia,LCA,2019,10977.819,
Saint Lucia,LCA,2020,8164.9062,
Saint Lucia,LCA,2021,9067.721,
Saint Lucia,LCA,2022,10452.165,
Sao Tome and Principe,STP,1950,1278.0,
Sao Tome and Principe,STP,1951,1274.0,
Sao Tome and Principe,STP,1952,1272.0,
Sao Tome and Principe,STP,1953,1272.0,
Sao Tome and Principe,STP,1954,1325.0,
Sao Tome and Principe,STP,1955,1191.0,
Sao Tome and Principe,STP,1956,1256.0,
Sao Tome and Principe,STP,1957,1245.0,
Sao Tome and Principe,STP,1958,1364.0,
Sao Tome and Principe,STP,1959,1221.0,
Sao Tome and Principe,STP,1960,1352.0,
Sao Tome and Principe,STP,1961,1454.0,
Sao Tome and Principe,STP,1962,1549.0,
Sao Tome and Principe,STP,1963,1643.0,
Sao Tome and Principe,STP,1964,1733.0,
Sao Tome and Principe,STP,1965,1816.0,
Sao Tome and Principe,STP,1966,1921.0,
Sao Tome and Principe,STP,1967,2004.0,
Sao Tome and Principe,STP,1968,2083.0,
Sao Tome and Principe,STP,1969,2165.0,
Sao Tome and Principe,STP,1970,2243.0,
Sao Tome and Principe,STP,1971,2326.0,
Sao Tome and Principe,STP,1972,2324.0,
Sao Tome and Principe,STP,1973,2313.0,
Sao Tome and Principe,STP,1974,2399.0,
Sao Tome and Principe,STP,1975,2469.0,
Sao Tome and Principe,STP,1976,2432.0,
Sao Tome and Principe,STP,1977,2911.0,
Sao Tome and Principe,STP,1978,2909.0,
Sao Tome and Principe,STP,1979,3295.0,
Sao Tome and Principe,STP,1980,3182.0,
Sao Tome and Principe,STP,1981,2783.0,
Sao Tome and Principe,STP,1982,2817.0,
Sao Tome and Principe,STP,1983,2656.0,
Sao Tome and Principe,STP,1984,2447.0,
Sao Tome and Principe,STP,1985,2622.0,
Sao Tome and Principe,STP,1986,2418.0,
Sao Tome and Principe,STP,1987,2299.0,
Sao Tome and Principe,STP,1988,2295.0,
Sao Tome and Principe,STP,1989,2316.0,
Sao Tome and Principe,STP,1990,2217.0,
Sao Tome and Principe,STP,1991,2203.008,
Sao Tome and Principe,STP,1992,2185.4644,
Sao Tome and Principe,STP,1993,2183.8743,
Sao Tome and Principe,STP,1994,2204.8767,
Sao Tome and Principe,STP,1995,2219.4814,
Sao Tome and Principe,STP,1996,2221.0535,
Sao Tome and Principe,STP,1997,2209.4182,
Sao Tome and Principe,STP,1998,2228.905,
Sao Tome and Principe,STP,1999,2247.1223,
Sao Tome and Principe,STP,2000,2218.8196,
Sao Tome and Principe,STP,2001,2245.6062,
Sao Tome and Principe,STP,2002,2250.0894,
Sao Tome and Principe,STP,2003,2363.1824,
Sao Tome and Principe,STP,2004,2408.7607,
Sao Tome and Principe,STP,2005,2532.8706,
Sao Tome and Principe,STP,2006,2713.762,
Sao Tome and Principe,STP,2007,2752.0876,
Sao Tome and Principe,STP,2008,2925.8857,
Sao Tome and Principe,STP,2009,2949.8867,
Sao Tome and Principe,STP,2010,3093.3452,
Sao Tome and Principe,STP,2011,3179.0,
Sao Tome and Principe,STP,2012,3217.0,
Sao Tome and Principe,STP,2013,3314.0,
Sao Tome and Principe,STP,2014,3474.0,
Sao Tome and Principe,STP,2015,3545.0,
Sao Tome and Principe,STP,2016,3629.3381,
Sao Tome and Principe,STP,2017,3707.3599,
Sao Tome and Principe,STP,2018,3756.814,
Sao Tome and Principe,STP,2019,3781.2275,
Sao Tome and Principe,STP,2020,3826.3755,
Sao Tome and Principe,STP,2021,3821.0012,
Sao Tome and Principe,STP,2022,3751.6428,
Saudi Arabia,SAU,1820,797.0,
Saudi Arabia,SAU,1870,829.0,
Saudi Arabia,SAU,1913,956.0,
Saudi Arabia,SAU,1950,3556.0,
Saudi Arabia,SAU,1951,3784.0,
Saudi Arabia,SAU,1952,3937.0,
Saudi Arabia,SAU,1953,4246.0,
Saudi Arabia,SAU,1954,4642.0,
Saudi Arabia,SAU,1955,4658.0,
Saudi Arabia,SAU,1956,4901.0,
Saudi Arabia,SAU,1957,4972.0,
Saudi Arabia,SAU,1958,5107.0,
Saudi Arabia,SAU,1959,5512.0,
Saudi Arabia,SAU,1960,5928.0,
Saudi Arabia,SAU,1961,6481.0,
Saudi Arabia,SAU,1962,7085.0,
Saudi Arabia,SAU,1963,7516.0,
Saudi Arabia,SAU,1964,7978.0,
Saudi Arabia,SAU,1965,8717.0,
Saudi Arabia,SAU,1966,9726.0,
Saudi Arabia,SAU,1967,10302.0,
Saudi Arabia,SAU,1968,10916.0,
Saudi Arabia,SAU,1969,11429.0,
Saudi Arabia,SAU,1970,12153.0,
Saudi Arabia,SAU,1971,13509.0,
Saudi Arabia,SAU,1972,15138.0,
Saudi Arabia,SAU,1973,17598.0,
Saudi Arabia,SAU,1974,19659.0,
Saudi Arabia,SAU,1975,18788.0,
Saudi Arabia,SAU,1976,19297.0,
Saudi Arabia,SAU,1977,20824.0,
Saudi Arabia,SAU,1978,20593.0,
Saudi Arabia,SAU,1979,20472.0,
Saudi Arabia,SAU,1980,21068.0,
Saudi Arabia,SAU,1981,21393.0,
Saudi Arabia,SAU,1982,20535.0,
Saudi Arabia,SAU,1983,17315.0,
Saudi Arabia,SAU,1984,16343.0,
Saudi Arabia,SAU,1985,14422.0,
Saudi Arabia,SAU,1986,12897.0,
Saudi Arabia,SAU,1987,12919.0,
Saudi Arabia,SAU,1988,12795.0,
Saudi Arabia,SAU,1989,12758.0,
Saudi Arabia,SAU,1990,14335.0,
Saudi Arabia,SAU,1991,16830.412,
Saudi Arabia,SAU,1992,17905.28,
Saudi Arabia,SAU,1993,18101.092,
Saudi Arabia,SAU,1994,18678.932,
Saudi Arabia,SAU,1995,19223.332,
Saudi Arabia,SAU,1996,20280.494,
Saudi Arabia,SAU,1997,21087.428,
Saudi Arabia,SAU,1998,22310.918,
Saudi Arabia,SAU,1999,22058.572,
Saudi Arabia,SAU,2000,23904.516,
Saudi Arabia,SAU,2001,24191.996,
Saudi Arabia,SAU,2002,24053.975,
Saudi Arabia,SAU,2003,27367.094,
Saudi Arabia,SAU,2004,30233.512,
Saudi Arabia,SAU,2005,32700.332,
Saudi Arabia,SAU,2006,34483.043,
Saudi Arabia,SAU,2007,36070.316,
Saudi Arabia,SAU,2008,39393.43,
Saudi Arabia,SAU,2009,39671.555,
Saudi Arabia,SAU,2010,42737.656,
Saudi Arabia,SAU,2011,48470.0,
Saudi Arabia,SAU,2012,49835.047,
Saudi Arabia,SAU,2013,50021.12,
Saudi Arabia,SAU,2014,50790.992,
Saudi Arabia,SAU,2015,51941.598,
Saudi Arabia,SAU,2016,51959.074,
Saudi Arabia,SAU,2017,50593.27,
Saudi Arabia,SAU,2018,50906.484,
Saudi Arabia,SAU,2019,50123.336,
Saudi Arabia,SAU,2020,46723.93,
Saudi Arabia,SAU,2021,49841.145,
Saudi Arabia,SAU,2022,53516.91,
Senegal,SEN,1950,2007.0,
Senegal,SEN,1951,2042.0,
Senegal,SEN,1952,2077.0,
Senegal,SEN,1953,2110.0,
Senegal,SEN,1954,2146.0,
Senegal,SEN,1955,2179.0,
Senegal,SEN,1956,2212.0,
Senegal,SEN,1957,2246.0,
Senegal,SEN,1958,2278.0,
Senegal,SEN,1959,2308.0,
Senegal,SEN,1960,2303.0,
Senegal,SEN,1961,2351.0,
Senegal,SEN,1962,2370.0,
Senegal,SEN,1963,2402.0,
Senegal,SEN,1964,2389.0,
Senegal,SEN,1965,2409.0,
Senegal,SEN,1966,2404.0,
Senegal,SEN,1967,2310.0,
Senegal,SEN,1968,2389.0,
Senegal,SEN,1969,2171.0,
Senegal,SEN,1970,2287.0,
Senegal,SEN,1971,2216.0,
Senegal,SEN,1972,2289.0,
Senegal,SEN,1973,2096.0,
Senegal,SEN,1974,2118.0,
Senegal,SEN,1975,2225.0,
Senegal,SEN,1976,2370.0,
Senegal,SEN,1977,2236.0,
Senegal,SEN,1978,2082.0,
Senegal,SEN,1979,2158.0,
Senegal,SEN,1980,2021.0,
Senegal,SEN,1981,1943.0,
Senegal,SEN,1982,2168.0,
Senegal,SEN,1983,2153.0,
Senegal,SEN,1984,1989.0,
Senegal,SEN,1985,2000.0,
Senegal,SEN,1986,2031.0,
Senegal,SEN,1987,2048.0,
Senegal,SEN,1988,2085.0,
Senegal,SEN,1989,1980.0,
Senegal,SEN,1990,1999.0,
Senegal,SEN,1991,1982.626,
Senegal,SEN,1992,1942.9268,
Senegal,SEN,1993,1906.8239,
Senegal,SEN,1994,1847.5983,
Senegal,SEN,1995,1886.5428,
Senegal,SEN,1996,1866.3423,
Senegal,SEN,1997,1866.3911,
Senegal,SEN,1998,1915.4297,
Senegal,SEN,1999,1978.0964,
Senegal,SEN,2000,1983.524,
Senegal,SEN,2001,2009.9423,
Senegal,SEN,2002,1959.6141,
Senegal,SEN,2003,2025.0234,
Senegal,SEN,2004,2074.9539,
Senegal,SEN,2005,2121.1587,
Senegal,SEN,2006,2104.437,
Senegal,SEN,2007,2137.6716,
Senegal,SEN,2008,2146.7915,
Senegal,SEN,2009,2129.3364,
Senegal,SEN,2010,2151.3247,
Senegal,SEN,2011,2123.0,
Senegal,SEN,2012,2141.3882,
Senegal,SEN,2013,2127.3865,
Senegal,SEN,2014,2191.9766,
Senegal,SEN,2015,2262.3123,
Senegal,SEN,2016,2335.8652,
Senegal,SEN,2017,2435.9604,
Senegal,SEN,2018,2514.8071,
Senegal,SEN,2019,2559.8176,
Senegal,SEN,2020,2524.2656,
Senegal,SEN,2021,2607.2322,
Senegal,SEN,2022,2660.6816,
Serbia,SRB,1952,2032.0,
Serbia,SRB,1953,2348.0,
Serbia,SRB,1954,2236.0,
Serbia,SRB,1955,2584.0,
Serbia,SRB,1956,2447.0,
Serbia,SRB,1957,3147.0,
Serbia,SRB,1958,3022.0,
Serbia,SRB,1959,3885.0,
Serbia,SRB,1960,3948.0,
Serbia,SRB,1961,4038.0,
Serbia,SRB,1962,4237.0,
Serbia,SRB,1963,4713.0,
Serbia,SRB,1964,5166.0,
Serbia,SRB,1965,5231.0,
Serbia,SRB,1966,5649.0,
Serbia,SRB,1967,5703.0,
Serbia,SRB,1968,5761.0,
Serbia,SRB,1969,6379.0,
Serbia,SRB,1970,6515.0,
Serbia,SRB,1971,7084.0,
Serbia,SRB,1972,7347.0,
Serbia,SRB,1973,7716.0,
Serbia,SRB,1974,8322.0,
Serbia,SRB,1975,8498.0,
Serbia,SRB,1976,8877.0,
Serbia,SRB,1977,9529.0,
Serbia,SRB,1978,9958.0,
Serbia,SRB,1979,10772.0,
Serbia,SRB,1980,10724.0,
Serbia,SRB,1981,10888.0,
Serbia,SRB,1982,10949.0,
Serbia,SRB,1983,10707.0,
Serbia,SRB,1984,10866.0,
Serbia,SRB,1985,10839.0,
Serbia,SRB,1986,11180.0,
Serbia,SRB,1987,10973.0,
Serbia,SRB,1988,10793.0,
Serbia,SRB,1989,10963.0,
Serbia,SRB,1990,9754.0,
Serbia,SRB,1991,8858.007,
Serbia,SRB,1992,6567.67,
Serbia,SRB,1993,4673.6416,
Serbia,SRB,1994,4910.8164,
Serbia,SRB,1995,5325.4883,
Serbia,SRB,1996,5710.197,
Serbia,SRB,1997,6288.024,
Serbia,SRB,1998,6603.711,
Serbia,SRB,1999,5532.5415,
Serbia,SRB,2000,6059.583,
Serbia,SRB,2001,6542.6797,
Serbia,SRB,2002,7155.576,
Serbia,SRB,2003,7637.832,
Serbia,SRB,2004,8512.168,
Serbia,SRB,2005,9198.414,
Serbia,SRB,2006,9902.426,
Serbia,SRB,2007,10768.942,
Serbia,SRB,2008,11650.228,
Serbia,SRB,2009,11576.589,
Serbia,SRB,2010,11963.555,
Serbia,SRB,2011,12463.0,
Serbia,SRB,2012,12438.256,
Serbia,SRB,2013,12860.451,
Serbia,SRB,2014,12717.727,
Serbia,SRB,2015,13013.854,
Serbia,SRB,2016,13518.949,
Serbia,SRB,2017,13876.65,
Serbia,SRB,2018,14579.859,
Serbia,SRB,2019,15293.246,
Serbia,SRB,2020,15256.421,
Serbia,SRB,2021,16563.828,
Serbia,SRB,2022,17097.686,
Seychelles,SYC,1950,2632.0,
Seychelles,SYC,1951,2778.0,
Seychelles,SYC,1952,2821.0,
Seychelles,SYC,1953,2868.0,
Seychelles,SYC,1954,2992.0,
Seychelles,SYC,1955,2979.0,
Seychelles,SYC,1956,2949.0,
Seychelles,SYC,1957,3008.0,
Seychelles,SYC,1958,3027.0,
Seychelles,SYC,1959,3102.0,
Seychelles,SYC,1960,3257.0,
Seychelles,SYC,1961,2995.0,
Seychelles,SYC,1962,3174.0,
Seychelles,SYC,1963,3384.0,
Seychelles,SYC,1964,3424.0,
Seychelles,SYC,1965,3351.0,
Seychelles,SYC,1966,3351.0,
Seychelles,SYC,1967,3277.0,
Seychelles,SYC,1968,3470.0,
Seychelles,SYC,1969,3379.0,
Seychelles,SYC,1970,3537.0,
Seychelles,SYC,1971,3987.0,
Seychelles,SYC,1972,4149.0,
Seychelles,SYC,1973,4468.0,
Seychelles,SYC,1974,4457.0,
Seychelles,SYC,1975,4506.0,
Seychelles,SYC,1976,5149.0,
Seychelles,SYC,1977,5491.0,
Seychelles,SYC,1978,5906.0,
Seychelles,SYC,1979,6709.0,
Seychelles,SYC,1980,6424.0,
Seychelles,SYC,1981,5928.0,
Seychelles,SYC,1982,5786.0,
Seychelles,SYC,1983,5638.0,
Seychelles,SYC,1984,6030.0,
Seychelles,SYC,1985,6585.0,
Seychelles,SYC,1986,6601.0,
Seychelles,SYC,1987,6827.0,
Seychelles,SYC,1988,7114.0,
Seychelles,SYC,1989,7755.0,
Seychelles,SYC,1990,8239.0,
Seychelles,SYC,1991,8570.674,
Seychelles,SYC,1992,9304.808,
Seychelles,SYC,1993,10009.914,
Seychelles,SYC,1994,10060.825,
Seychelles,SYC,1995,10135.096,
Seychelles,SYC,1996,10468.99,
Seychelles,SYC,1997,12233.05,
Seychelles,SYC,1998,13801.1875,
Seychelles,SYC,1999,14235.787,
Seychelles,SYC,2000,14379.832,
Seychelles,SYC,2001,14221.163,
Seychelles,SYC,2002,14581.411,
Seychelles,SYC,2003,13835.993,
Seychelles,SYC,2004,13735.897,
Seychelles,SYC,2005,15172.563,
Seychelles,SYC,2006,16824.613,
Seychelles,SYC,2007,18832.826,
Seychelles,SYC,2008,18687.39,
Seychelles,SYC,2009,18743.996,
Seychelles,SYC,2010,20147.178,
Seychelles,SYC,2011,21545.0,
Seychelles,SYC,2012,22130.0,
Seychelles,SYC,2013,23036.0,
Seychelles,SYC,2014,24250.0,
Seychelles,SYC,2015,25690.0,
Seychelles,SYC,2016,28588.604,
Seychelles,SYC,2017,30072.227,
Seychelles,SYC,2018,31524.877,
Seychelles,SYC,2019,32745.871,
Seychelles,SYC,2020,29647.482,
Seychelles,SYC,2021,30125.953,
Seychelles,SYC,2022,31055.39,
Sierra Leone,SLE,1950,902.0,
Sierra Leone,SLE,1951,942.0,
Sierra Leone,SLE,1952,958.0,
Sierra Leone,SLE,1953,982.0,
Sierra Leone,SLE,1954,1023.0,
Sierra Leone,SLE,1955,1044.0,
Sierra Leone,SLE,1956,1070.0,
Sierra Leone,SLE,1957,1093.0,
Sierra Leone,SLE,1958,1109.0,
Sierra Leone,SLE,1959,1157.0,
Sierra Leone,SLE,1960,1176.0,
Sierra Leone,SLE,1961,1181.0,
Sierra Leone,SLE,1962,1216.0,
Sierra Leone,SLE,1963,1218.0,
Sierra Leone,SLE,1964,1215.0,
Sierra Leone,SLE,1965,1282.0,
Sierra Leone,SLE,1966,1342.0,
Sierra Leone,SLE,1967,1313.0,
Sierra Leone,SLE,1968,1420.0,
Sierra Leone,SLE,1969,1525.0,
Sierra Leone,SLE,1970,1553.0,
Sierra Leone,SLE,1971,1535.0,
Sierra Leone,SLE,1972,1525.0,
Sierra Leone,SLE,1973,1553.0,
Sierra Leone,SLE,1974,1581.0,
Sierra Leone,SLE,1975,1551.0,
Sierra Leone,SLE,1976,1511.0,
Sierra Leone,SLE,1977,1495.0,
Sierra Leone,SLE,1978,1524.0,
Sierra Leone,SLE,1979,1572.0,
Sierra Leone,SLE,1980,1584.0,
Sierra Leone,SLE,1981,1615.0,
Sierra Leone,SLE,1982,1610.0,
Sierra Leone,SLE,1983,1575.0,
Sierra Leone,SLE,1984,1608.0,
Sierra Leone,SLE,1985,1610.0,
Sierra Leone,SLE,1986,1597.0,
Sierra Leone,SLE,1987,1624.0,
Sierra Leone,SLE,1988,1626.0,
Sierra Leone,SLE,1989,1642.0,
Sierra Leone,SLE,1990,1635.0,
Sierra Leone,SLE,1991,1467.3888,
Sierra Leone,SLE,1992,1354.9681,
Sierra Leone,SLE,1993,1405.1628,
Sierra Leone,SLE,1994,1500.2092,
Sierra Leone,SLE,1995,1383.1082,
Sierra Leone,SLE,1996,1060.5624,
Sierra Leone,SLE,1997,885.29846,
Sierra Leone,SLE,1998,882.7294,
Sierra Leone,SLE,1999,814.1233,
Sierra Leone,SLE,2000,828.7939,
Sierra Leone,SLE,2001,923.0458,
Sierra Leone,SLE,2002,1101.7504,
Sierra Leone,SLE,2003,1156.5192,
Sierra Leone,SLE,2004,1197.153,
Sierra Leone,SLE,2005,1223.7015,
Sierra Leone,SLE,2006,1247.2528,
Sierra Leone,SLE,2007,1320.7577,
Sierra Leone,SLE,2008,1363.4875,
Sierra Leone,SLE,2009,1378.3579,
Sierra Leone,SLE,2010,1421.1521,
Sierra Leone,SLE,2011,1479.0,
Sierra Leone,SLE,2012,1665.0,
Sierra Leone,SLE,2013,1965.0,
Sierra Leone,SLE,2014,2007.0,
Sierra Leone,SLE,2015,1563.0,
Sierra Leone,SLE,2016,1622.4203,
Sierra Leone,SLE,2017,1643.3287,
Sierra Leone,SLE,2018,1660.427,
Sierra Leone,SLE,2019,1707.3713,
Sierra Leone,SLE,2020,1635.713,
Sierra Leone,SLE,2021,1665.1047,
Sierra Leone,SLE,2022,1690.4982,
Singapore,SGP,1870,1423.0,
Singapore,SGP,1900,2206.0,
Singapore,SGP,1901,2429.0,
Singapore,SGP,1902,2297.0,
Singapore,SGP,1903,1975.0,
Singapore,SGP,1904,1910.0,
Singapore,SGP,1905,2114.0,
Singapore,SGP,1906,2375.0,
Singapore,SGP,1907,2166.0,
Singapore,SGP,1908,2488.0,
Singapore,SGP,1909,2515.0,
Singapore,SGP,1910,2732.0,
Singapore,SGP,1911,2447.0,
Singapore,SGP,1912,2094.0,
Singapore,SGP,1913,1812.0,
Singapore,SGP,1914,2166.0,
Singapore,SGP,1915,2209.0,
Singapore,SGP,1916,1827.0,
Singapore,SGP,1917,2530.0,
Singapore,SGP,1918,1978.0,
Singapore,SGP,1919,2244.0,
Singapore,SGP,1920,1932.0,
Singapore,SGP,1921,2182.0,
Singapore,SGP,1922,2884.0,
Singapore,SGP,1923,2952.0,
Singapore,SGP,1924,2888.0,
Singapore,SGP,1925,3255.0,
Singapore,SGP,1926,2686.0,
Singapore,SGP,1927,1986.0,
Singapore,SGP,1928,2361.0,
Singapore,SGP,1929,3323.0,
Singapore,SGP,1930,3049.0,
Singapore,SGP,1931,2246.0,
Singapore,SGP,1932,1954.0,
Singapore,SGP,1933,2766.0,
Singapore,SGP,1934,3263.0,
Singapore,SGP,1935,3676.0,
Singapore,SGP,1936,3652.0,
Singapore,SGP,1937,3967.0,
Singapore,SGP,1938,3363.0,
Singapore,SGP,1939,3912.0,
Singapore,SGP,1950,3572.0,
Singapore,SGP,1951,3368.0,
Singapore,SGP,1952,2342.0,
Singapore,SGP,1953,2794.0,
Singapore,SGP,1954,3202.0,
Singapore,SGP,1955,2946.0,
Singapore,SGP,1956,3241.0,
Singapore,SGP,1957,2874.0,
Singapore,SGP,1958,2880.0,
Singapore,SGP,1959,3239.0,
Singapore,SGP,1960,3464.0,
Singapore,SGP,1961,3623.0,
Singapore,SGP,1962,3775.0,
Singapore,SGP,1963,4049.0,
Singapore,SGP,1964,3800.0,
Singapore,SGP,1965,3991.0,
Singapore,SGP,1966,4317.0,
Singapore,SGP,1967,4741.0,
Singapore,SGP,1968,5294.0,
Singapore,SGP,1969,5931.0,
Singapore,SGP,1970,6650.0,
Singapore,SGP,1971,7318.0,
Singapore,SGP,1972,8155.0,
Singapore,SGP,1973,8894.0,
Singapore,SGP,1974,9314.0,
Singapore,SGP,1975,9602.0,
Singapore,SGP,1976,10178.0,
Singapore,SGP,1977,10790.0,
Singapore,SGP,1978,11588.0,
Singapore,SGP,1979,12521.0,
Singapore,SGP,1980,13601.0,
Singapore,SGP,1981,14335.0,
Singapore,SGP,1982,14687.0,
Singapore,SGP,1983,15720.0,
Singapore,SGP,1984,16767.0,
Singapore,SGP,1985,16611.0,
Singapore,SGP,1986,16831.0,
Singapore,SGP,1987,18345.0,
Singapore,SGP,1988,19853.0,
Singapore,SGP,1989,21221.0,
Singapore,SGP,1990,22666.0,
Singapore,SGP,1991,23636.684,
Singapore,SGP,1992,24775.57,
Singapore,SGP,1993,27073.715,
Singapore,SGP,1994,29454.613,
Singapore,SGP,1995,30957.287,
Singapore,SGP,1996,32724.488,
Singapore,SGP,1997,34868.066,
Singapore,SGP,1998,33590.48,
Singapore,SGP,1999,35156.117,
Singapore,SGP,2000,37772.758,
Singapore,SGP,2001,36864.574,
Singapore,SGP,2002,37829.906,
Singapore,SGP,2003,38950.746,
Singapore,SGP,2004,42111.168,
Singapore,SGP,2005,44698.84,
Singapore,SGP,2006,48073.59,
Singapore,SGP,2007,51844.062,
Singapore,SGP,2008,52180.17,
Singapore,SGP,2009,51344.477,
Singapore,SGP,2010,58612.73,
Singapore,SGP,2011,61672.0,
Singapore,SGP,2012,62855.523,
Singapore,SGP,2013,64821.926,
Singapore,SGP,2014,66498.555,
Singapore,SGP,2015,67673.94,
Singapore,SGP,2016,69211.05,
Singapore,SGP,2017,72292.04,
Singapore,SGP,2018,74518.15,
Singapore,SGP,2019,74649.734,
Singapore,SGP,2020,71964.7,
Singapore,SGP,2021,77945.484,
Singapore,SGP,2022,80320.086,
Slovakia,SVK,1985,11815.0,
Slovakia,SVK,1986,12242.0,
Slovakia,SVK,1987,12473.0,
Slovakia,SVK,1988,12659.0,
Slovakia,SVK,1989,12734.0,
Slovakia,SVK,1990,12374.0,
Slovakia,SVK,1991,10537.41,
Slovakia,SVK,1992,9838.615,
Slovakia,SVK,1993,10481.115,
Slovakia,SVK,1994,11063.948,
Slovakia,SVK,1995,11874.398,
Slovakia,SVK,1996,12622.909,
Slovakia,SVK,1997,13335.459,
Slovakia,SVK,1998,13822.1875,
Slovakia,SVK,1999,13750.333,
Slovakia,SVK,2000,13904.985,
Slovakia,SVK,2001,14361.901,
Slovakia,SVK,2002,14984.731,
Slovakia,SVK,2003,15773.095,
Slovakia,SVK,2004,16570.861,
Slovakia,SVK,2005,17649.52,
Slovakia,SVK,2006,19099.428,
Slovakia,SVK,2007,21109.94,
Slovakia,SVK,2008,22231.988,
Slovakia,SVK,2009,20953.037,
Slovakia,SVK,2010,21941.213,
Slovakia,SVK,2011,22483.0,
Slovakia,SVK,2012,22745.203,
Slovakia,SVK,2013,22860.525,
Slovakia,SVK,2014,23453.041,
Slovakia,SVK,2015,24647.719,
Slovakia,SVK,2016,25087.715,
Slovakia,SVK,2017,25788.756,
Slovakia,SVK,2018,26790.652,
Slovakia,SVK,2019,27429.225,
Slovakia,SVK,2020,26468.295,
Slovakia,SVK,2021,27365.623,
Slovakia,SVK,2022,27519.287,
Slovenia,SVN,1952,3934.0,
Slovenia,SVN,1953,4106.0,
Slovenia,SVN,1954,4623.0,
Slovenia,SVN,1955,5002.0,
Slovenia,SVN,1956,4889.0,
Slovenia,SVN,1957,5432.0,
Slovenia,SVN,1958,6005.0,
Slovenia,SVN,1959,6304.0,
Slovenia,SVN,1960,7165.0,
Slovenia,SVN,1961,7760.0,
Slovenia,SVN,1962,8027.0,
Slovenia,SVN,1963,8871.0,
Slovenia,SVN,1964,9624.0,
Slovenia,SVN,1965,9589.0,
Slovenia,SVN,1966,10029.0,
Slovenia,SVN,1967,10264.0,
Slovenia,SVN,1968,10822.0,
Slovenia,SVN,1969,11775.0,
Slovenia,SVN,1970,12803.0,
Slovenia,SVN,1971,13657.0,
Slovenia,SVN,1972,14269.0,
Slovenia,SVN,1973,15079.0,
Slovenia,SVN,1974,16420.0,
Slovenia,SVN,1975,17205.0,
Slovenia,SVN,1976,17462.0,
Slovenia,SVN,1977,18595.0,
Slovenia,SVN,1978,20014.0,
Slovenia,SVN,1979,21367.0,
Slovenia,SVN,1980,21151.0,
Slovenia,SVN,1981,20929.0,
Slovenia,SVN,1982,20535.0,
Slovenia,SVN,1983,20451.0,
Slovenia,SVN,1984,20650.0,
Slovenia,SVN,1985,20663.0,
Slovenia,SVN,1986,21122.0,
Slovenia,SVN,1987,20851.0,
Slovenia,SVN,1988,20083.0,
Slovenia,SVN,1989,19837.0,
Slovenia,SVN,1990,18093.0,
Slovenia,SVN,1991,16401.959,
Slovenia,SVN,1992,15462.71,
Slovenia,SVN,1993,15872.12,
Slovenia,SVN,1994,16664.705,
Slovenia,SVN,1995,17816.8,
Slovenia,SVN,1996,18376.246,
Slovenia,SVN,1997,19258.945,
Slovenia,SVN,1998,19851.057,
Slovenia,SVN,1999,20793.918,
Slovenia,SVN,2000,21501.336,
Slovenia,SVN,2001,22006.953,
Slovenia,SVN,2002,22725.312,
Slovenia,SVN,2003,23257.422,
Slovenia,SVN,2004,24150.584,
Slovenia,SVN,2005,24966.94,
Slovenia,SVN,2006,26182.78,
Slovenia,SVN,2007,27832.764,
Slovenia,SVN,2008,28473.596,
Slovenia,SVN,2009,25905.512,
Slovenia,SVN,2010,26000.92,
Slovenia,SVN,2011,26004.0,
Slovenia,SVN,2012,25269.232,
Slovenia,SVN,2013,24975.363,
Slovenia,SVN,2014,25638.66,
Slovenia,SVN,2015,26186.248,
Slovenia,SVN,2016,27004.717,
Slovenia,SVN,2017,28288.89,
Slovenia,SVN,2018,29461.344,
Slovenia,SVN,2019,30229.299,
Slovenia,SVN,2020,28733.303,
Slovenia,SVN,2021,31019.943,
Slovenia,SVN,2022,32673.762,
South Africa,ZAF,1700,2715.0,
South Africa,ZAF,1701,2715.0,
South Africa,ZAF,1702,2710.0,
South Africa,ZAF,1703,2581.0,
South Africa,ZAF,1704,2332.0,
South Africa,ZAF,1705,2249.0,
South Africa,ZAF,1706,2844.0,
South Africa,ZAF,1707,3145.0,
South Africa,ZAF,1708,3366.0,
South Africa,ZAF,1709,3060.0,
South Africa,ZAF,1710,2920.0,
South Africa,ZAF,1711,2149.0,
South Africa,ZAF,1712,1835.0,
South Africa,ZAF,1713,2061.0,
South Africa,ZAF,1714,2314.0,
South Africa,ZAF,1715,2284.0,
South Africa,ZAF,1716,2334.0,
South Africa,ZAF,1717,2426.0,
South Africa,ZAF,1718,2789.0,
South Africa,ZAF,1719,2222.0,
South Africa,ZAF,1720,2600.0,
South Africa,ZAF,1721,2609.0,
South Africa,ZAF,1722,2673.0,
South Africa,ZAF,1723,2829.0,
South Africa,ZAF,1724,2813.0,
South Africa,ZAF,1725,2308.0,
South Africa,ZAF,1726,2126.0,
South Africa,ZAF,1727,2219.0,
South Africa,ZAF,1728,2184.0,
South Africa,ZAF,1729,2351.0,
South Africa,ZAF,1730,2308.0,
South Africa,ZAF,1731,2461.0,
South Africa,ZAF,1732,2377.0,
South Africa,ZAF,1733,2187.0,
South Africa,ZAF,1734,1973.0,
South Africa,ZAF,1735,1980.0,
South Africa,ZAF,1736,1833.0,
South Africa,ZAF,1737,1989.0,
South Africa,ZAF,1738,2047.0,
South Africa,ZAF,1739,1934.0,
South Africa,ZAF,1740,2023.0,
South Africa,ZAF,1741,2236.0,
South Africa,ZAF,1742,2211.0,
South Africa,ZAF,1743,2445.0,
South Africa,ZAF,1744,2342.0,
South Africa,ZAF,1745,2434.0,
South Africa,ZAF,1746,2447.0,
South Africa,ZAF,1747,2632.0,
South Africa,ZAF,1748,2373.0,
South Africa,ZAF,1749,2402.0,
South Africa,ZAF,1750,2697.0,
South Africa,ZAF,1751,2644.0,
South Africa,ZAF,1752,2625.0,
South Africa,ZAF,1753,2560.0,
South Africa,ZAF,1754,2342.0,
South Africa,ZAF,1755,2455.0,
South Africa,ZAF,1756,2495.0,
South Africa,ZAF,1757,2165.0,
South Africa,ZAF,1758,2130.0,
South Africa,ZAF,1759,2040.0,
South Africa,ZAF,1760,2005.0,
South Africa,ZAF,1761,2071.0,
South Africa,ZAF,1762,1852.0,
South Africa,ZAF,1763,2160.0,
South Africa,ZAF,1764,2185.0,
South Africa,ZAF,1765,2225.0,
South Africa,ZAF,1766,2216.0,
South Africa,ZAF,1767,2177.0,
South Africa,ZAF,1768,2225.0,
South Africa,ZAF,1769,2246.0,
South Africa,ZAF,1770,2294.0,
South Africa,ZAF,1771,2283.0,
South Africa,ZAF,1772,2128.0,
South Africa,ZAF,1773,2562.0,
South Africa,ZAF,1774,2533.0,
South Africa,ZAF,1775,2429.0,
South Africa,ZAF,1776,2208.0,
South Africa,ZAF,1777,1824.0,
South Africa,ZAF,1778,1669.0,
South Africa,ZAF,1779,1626.0,
South Africa,ZAF,1780,1655.0,
South Africa,ZAF,1781,1248.0,
South Africa,ZAF,1782,1487.0,
South Africa,ZAF,1783,1573.0,
South Africa,ZAF,1784,1808.0,
South Africa,ZAF,1785,1943.0,
South Africa,ZAF,1786,1524.0,
South Africa,ZAF,1787,2122.0,
South Africa,ZAF,1788,1972.0,
South Africa,ZAF,1789,1666.0,
South Africa,ZAF,1790,1612.0,
South Africa,ZAF,1791,1627.0,
South Africa,ZAF,1792,1387.0,
South Africa,ZAF,1793,1529.0,
South Africa,ZAF,1800,1529.0,
South Africa,ZAF,1804,1462.0,
South Africa,ZAF,1805,1385.0,
South Africa,ZAF,1806,1385.0,
South Africa,ZAF,1807,1502.0,
South Africa,ZAF,1808,1315.0,
South Africa,ZAF,1809,1285.0,
South Africa,ZAF,1810,1420.0,
South Africa,ZAF,1811,1127.0,
South Africa,ZAF,1812,1141.0,
South Africa,ZAF,1813,1438.0,
South Africa,ZAF,1814,1455.0,
South Africa,ZAF,1815,1210.0,
South Africa,ZAF,1816,1261.0,
South Africa,ZAF,1817,1310.0,
South Africa,ZAF,1818,1390.0,
South Africa,ZAF,1819,1202.0,
South Africa,ZAF,1820,1188.0,
South Africa,ZAF,1821,1403.0,
South Africa,ZAF,1822,1309.0,
South Africa,ZAF,1826,1353.0,
South Africa,ZAF,1829,1372.0,
South Africa,ZAF,1831,1243.0,
South Africa,ZAF,1840,1173.0,
South Africa,ZAF,1843,1092.0,
South Africa,ZAF,1847,937.0,
South Africa,ZAF,1850,1042.0,
South Africa,ZAF,1851,1234.0,
South Africa,ZAF,1852,1294.0,
South Africa,ZAF,1853,1390.0,
South Africa,ZAF,1854,1352.0,
South Africa,ZAF,1855,1451.0,
South Africa,ZAF,1856,1168.0,
South Africa,ZAF,1857,1384.0,
South Africa,ZAF,1858,1210.0,
South Africa,ZAF,1859,1250.0,
South Africa,ZAF,1860,1294.0,
South Africa,ZAF,1861,1218.0,
South Africa,ZAF,1862,897.0,
South Africa,ZAF,1863,960.0,
South Africa,ZAF,1864,1339.0,
South Africa,ZAF,1865,985.0,
South Africa,ZAF,1866,1025.0,
South Africa,ZAF,1867,1213.0,
South Africa,ZAF,1868,1226.0,
South Africa,ZAF,1869,1211.0,
South Africa,ZAF,1870,1286.0,
South Africa,ZAF,1871,1290.0,
South Africa,ZAF,1872,1902.0,
South Africa,ZAF,1873,1639.0,
South Africa,ZAF,1874,1562.0,
South Africa,ZAF,1875,1741.0,
South Africa,ZAF,1876,1946.0,
South Africa,ZAF,1877,1835.0,
South Africa,ZAF,1878,1790.0,
South Africa,ZAF,1879,1985.0,
South Africa,ZAF,1880,2294.0,
South Africa,ZAF,1881,2168.0,
South Africa,ZAF,1882,2053.0,
South Africa,ZAF,1883,1578.0,
South Africa,ZAF,1884,1430.0,
South Africa,ZAF,1885,1208.0,
South Africa,ZAF,1886,1427.0,
South Africa,ZAF,1887,1627.0,
South Africa,ZAF,1888,1836.0,
South Africa,ZAF,1889,1817.0,
South Africa,ZAF,1890,1830.0,
South Africa,ZAF,1891,1906.0,
South Africa,ZAF,1892,1860.0,
South Africa,ZAF,1893,1843.0,
South Africa,ZAF,1894,1790.0,
South Africa,ZAF,1895,2061.0,
South Africa,ZAF,1896,2153.0,
South Africa,ZAF,1897,2015.0,
South Africa,ZAF,1898,2418.0,
South Africa,ZAF,1899,2123.0,
South Africa,ZAF,1900,1494.0,
South Africa,ZAF,1901,1608.0,
South Africa,ZAF,1902,1919.0,
South Africa,ZAF,1903,2571.0,
South Africa,ZAF,1904,2571.0,
South Africa,ZAF,1905,2745.0,
South Africa,ZAF,1906,2963.0,
South Africa,ZAF,1907,2907.0,
South Africa,ZAF,1908,2283.0,
South Africa,ZAF,1909,2391.0,
South Africa,ZAF,1910,1835.0,
South Africa,ZAF,1918,1854.0,
South Africa,ZAF,1924,2037.0,
South Africa,ZAF,1925,2171.0,
South Africa,ZAF,1926,2228.0,
South Africa,ZAF,1927,2271.0,
South Africa,ZAF,1928,2444.0,
South Africa,ZAF,1929,2386.0,
South Africa,ZAF,1930,2252.0,
South Africa,ZAF,1931,2128.0,
South Africa,ZAF,1932,2047.0,
South Africa,ZAF,1933,2268.0,
South Africa,ZAF,1934,2514.0,
South Africa,ZAF,1935,2785.0,
South Africa,ZAF,1936,3048.0,
South Africa,ZAF,1937,3249.0,
South Africa,ZAF,1938,3118.0,
South Africa,ZAF,1939,3272.0,
South Africa,ZAF,1940,3419.0,
South Africa,ZAF,1941,3510.0,
South Africa,ZAF,1942,3548.0,
South Africa,ZAF,1943,3558.0,
South Africa,ZAF,1944,3610.0,
South Africa,ZAF,1945,3631.0,
South Africa,ZAF,1946,3684.0,
South Africa,ZAF,1947,3647.0,
South Africa,ZAF,1948,3848.0,
South Africa,ZAF,1949,3819.0,
South Africa,ZAF,1950,4041.0,
South Africa,ZAF,1951,4130.0,
South Africa,ZAF,1952,4175.0,
South Africa,ZAF,1953,4264.0,
South Africa,ZAF,1954,4404.0,
South Africa,ZAF,1955,4511.0,
South Africa,ZAF,1956,4645.0,
South Africa,ZAF,1957,4704.0,
South Africa,ZAF,1958,4685.0,
South Africa,ZAF,1959,4774.0,
South Africa,ZAF,1960,4847.0,
South Africa,ZAF,1961,4929.0,
South Africa,ZAF,1962,5067.0,
South Africa,ZAF,1963,5294.0,
South Africa,ZAF,1964,5499.0,
South Africa,ZAF,1965,5673.0,
South Africa,ZAF,1966,5762.0,
South Africa,ZAF,1967,5993.0,
South Africa,ZAF,1968,6087.0,
South Africa,ZAF,1969,6290.0,
South Africa,ZAF,1970,6448.0,
South Africa,ZAF,1971,6591.0,
South Africa,ZAF,1972,6550.0,
South Africa,ZAF,1973,6655.0,
South Africa,ZAF,1974,6853.0,
South Africa,ZAF,1975,6808.0,
South Africa,ZAF,1976,6802.0,
South Africa,ZAF,1977,6623.0,
South Africa,ZAF,1978,6653.0,
South Africa,ZAF,1979,6746.0,
South Africa,ZAF,1980,6998.0,
South Africa,ZAF,1981,7141.0,
South Africa,ZAF,1982,6891.0,
South Africa,ZAF,1983,6554.0,
South Africa,ZAF,1984,6672.0,
South Africa,ZAF,1985,6385.0,
South Africa,ZAF,1986,6236.0,
South Africa,ZAF,1987,6212.0,
South Africa,ZAF,1988,6319.0,
South Africa,ZAF,1989,6306.0,
South Africa,ZAF,1990,6111.0,
South Africa,ZAF,1991,6034.9004,
South Africa,ZAF,1992,5901.9844,
South Africa,ZAF,1993,5965.9116,
South Africa,ZAF,1994,6172.9736,
South Africa,ZAF,1995,6406.428,
South Africa,ZAF,1996,6725.791,
South Africa,ZAF,1997,6950.4717,
South Africa,ZAF,1998,7024.2954,
South Africa,ZAF,1999,7234.2856,
South Africa,ZAF,2000,7582.7783,
South Africa,ZAF,2001,7839.6255,
South Africa,ZAF,2002,8171.2065,
South Africa,ZAF,2003,8451.452,
South Africa,ZAF,2004,8877.921,
South Africa,ZAF,2005,9393.693,
South Africa,ZAF,2006,9978.471,
South Africa,ZAF,2007,10576.291,
South Africa,ZAF,2008,10977.146,
South Africa,ZAF,2009,10873.046,
South Africa,ZAF,2010,11318.6045,
South Africa,ZAF,2011,11838.0,
South Africa,ZAF,2012,11938.226,
South Africa,ZAF,2013,12048.068,
South Africa,ZAF,2014,12034.149,
South Africa,ZAF,2015,12009.91,
South Africa,ZAF,2016,11908.111,
South Africa,ZAF,2017,11867.522,
South Africa,ZAF,2018,11873.3,
South Africa,ZAF,2019,11739.936,
South Africa,ZAF,2020,10839.133,
South Africa,ZAF,2021,11273.159,
South Africa,ZAF,2022,11415.887,
South Korea,KOR,1820,815.7743,
South Korea,KOR,1870,820.3573,
South Korea,KOR,1911,1107.5587,
South Korea,KOR,1912,1090.4381,
South Korea,KOR,1913,1171.044,
South Korea,KOR,1914,1254.4019,
South Korea,KOR,1915,1261.2614,
South Korea,KOR,1916,1314.9944,
South Korea,KOR,1917,1366.1466,
South Korea,KOR,1918,1427.0303,
South Korea,KOR,1919,1363.1521,
South Korea,KOR,1920,1428.8164,
South Korea,KOR,1921,1473.8792,
South Korea,KOR,1922,1492.9811,
South Korea,KOR,1923,1505.5023,
South Korea,KOR,1924,1422.1493,
South Korea,KOR,1925,1469.8882,
South Korea,KOR,1926,1529.5438,
South Korea,KOR,1927,1611.7197,
South Korea,KOR,1928,1492.937,
South Korea,KOR,1929,1495.8643,
South Korea,KOR,1930,1637.2098,
South Korea,KOR,1931,1620.7775,
South Korea,KOR,1932,1620.9446,
South Korea,KOR,1933,1655.0253,
South Korea,KOR,1934,1673.3032,
South Korea,KOR,1935,1759.597,
South Korea,KOR,1936,1692.8866,
South Korea,KOR,1937,2005.7491,
South Korea,KOR,1938,1935.0964,
South Korea,KOR,1939,1610.7312,
South Korea,KOR,1940,1975.2361,
South Korea,KOR,1941,2107.2476,
South Korea,KOR,1942,1645.722,
South Korea,KOR,1943,1685.9387,
South Korea,KOR,1946,915.7651,
South Korea,KOR,1947,937.2627,
South Korea,KOR,1948,1098.8716,
South Korea,KOR,1949,1188.9807,
South Korea,KOR,1950,998.08875,
South Korea,KOR,1951,990.77,
South Korea,KOR,1952,1038.041,
South Korea,KOR,1953,1316.691,
South Korea,KOR,1954,1372.6798,
South Korea,KOR,1955,1411.3336,
South Korea,KOR,1956,1381.9828,
South Korea,KOR,1957,1466.7677,
South Korea,KOR,1958,1517.8839,
South Korea,KOR,1959,1555.7272,
South Korea,KOR,1960,1547.6918,
South Korea,KOR,1961,1605.8468,
South Korea,KOR,1962,1620.4901,
South Korea,KOR,1963,1720.8241,
South Korea,KOR,1964,1834.9778,
South Korea,KOR,1965,1917.4283,
South Korea,KOR,1966,2093.888,
South Korea,KOR,1967,2232.0535,
South Korea,KOR,1968,2468.4836,
South Korea,KOR,1969,2764.1533,
South Korea,KOR,1970,2974.8074,
South Korea,KOR,1971,3221.6746,
South Korea,KOR,1972,3387.8906,
South Korea,KOR,1973,3822.046,
South Korea,KOR,1974,4112.6016,
South Korea,KOR,1975,4362.007,
South Korea,KOR,1976,4855.941,
South Korea,KOR,1977,5367.795,
South Korea,KOR,1978,5856.4966,
South Korea,KOR,1979,6265.886,
South Korea,KOR,1980,6064.04,
South Korea,KOR,1981,6398.851,
South Korea,KOR,1982,6821.475,
South Korea,KOR,1983,7611.7344,
South Korea,KOR,1984,8303.519,
South Korea,KOR,1985,8859.355,
South Korea,KOR,1986,9756.205,
South Korea,KOR,1987,10864.975,
South Korea,KOR,1988,12039.945,
South Korea,KOR,1989,12759.489,
South Korea,KOR,1990,13874.0,
South Korea,KOR,1991,15056.16,
South Korea,KOR,1992,15712.002,
South Korea,KOR,1993,16503.434,
South Korea,KOR,1994,17720.395,
South Korea,KOR,1995,19089.299,
South Korea,KOR,1996,20204.56,
South Korea,KOR,1997,21055.945,
South Korea,KOR,1998,19624.691,
South Korea,KOR,1999,21540.693,
South Korea,KOR,2000,23108.018,
South Korea,KOR,2001,23804.438,
South Korea,KOR,2002,25250.637,
South Korea,KOR,2003,25679.246,
South Korea,KOR,2004,26646.504,
South Korea,KOR,2005,27443.283,
South Korea,KOR,2006,28516.484,
South Korea,KOR,2007,29716.57,
South Korea,KOR,2008,30117.729,
South Korea,KOR,2009,29967.562,
South Korea,KOR,2010,31537.773,
South Korea,KOR,2011,32225.0,
South Korea,KOR,2012,32826.48,
South Korea,KOR,2013,33711.656,
South Korea,KOR,2014,34573.09,
South Korea,KOR,2015,35357.52,
South Korea,KOR,2016,36255.24,
South Korea,KOR,2017,37296.047,
South Korea,KOR,2018,38214.324,
South Korea,KOR,2019,38935.992,
South Korea,KOR,2020,38606.984,
South Korea,KOR,2021,40277.953,
South Korea,KOR,2022,41320.9,
South and South East Asia (Maddison),,1820,919.20123,
South and South East Asia (Maddison),,1830,934.8959,
South and South East Asia (Maddison),,1840,938.78986,
South and South East Asia (Maddison),,1850,926.96014,
South and South East Asia (Maddison),,1860,888.649,
South and South East Asia (Maddison),,1870,850.245,
South and South East Asia (Maddison),,1880,1062.8734,
South and South East Asia (Maddison),,1890,957.03955,
South and South East Asia (Maddison),,1900,997.5472,
South and South East Asia (Maddison),,1910,1144.2612,
South and South East Asia (Maddison),,1920,1117.5267,
South and South East Asia (Maddison),,1930,1308.0571,
South and South East Asia (Maddison),,1940,1261.4373,
South and South East Asia (Maddison),,1950,1069.7146,
South and South East Asia (Maddison),,1960,1294.9343,
South and South East Asia (Maddison),,1970,1545.8779,
South and South East Asia (Maddison),,1980,1897.4258,
South and South East Asia (Maddison),,1990,2573.6833,
South and South East Asia (Maddison),,2000,3427.3994,
South and South East Asia (Maddison),,2010,5364.828,
South and South East Asia (Maddison),,2015,6704.329,
South and South East Asia (Maddison),,2016,7084.0864,
South and South East Asia (Maddison),,2017,7407.7363,
South and South East Asia (Maddison),,2018,7778.0244,
South and South East Asia (Maddison),,2019,8027.9653,
South and South East Asia (Maddison),,2020,7590.1543,
South and South East Asia (Maddison),,2021,7983.717,
South and South East Asia (Maddison),,2022,8377.074,
Spain,ESP,1,886.0,
Spain,ESP,1277,1329.865,
Spain,ESP,1278,1346.6372,
Spain,ESP,1279,1363.5645,
Spain,ESP,1280,1380.6469,
Spain,ESP,1281,1397.8848,
Spain,ESP,1282,1415.2784,
Spain,ESP,1283,1432.828,
Spain,ESP,1284,1450.5337,
Spain,ESP,1285,1468.3956,
Spain,ESP,1286,1470.6572,
Spain,ESP,1287,1472.9255,
Spain,ESP,1288,1475.2006,
Spain,ESP,1289,1477.4823,
Spain,ESP,1290,1486.3502,
Spain,ESP,1291,1495.266,
Spain,ESP,1292,1504.2299,
Spain,ESP,1293,1596.8184,
Spain,ESP,1294,1537.5897,
Spain,ESP,1295,1479.4269,
Spain,ESP,1296,1422.3981,
Spain,ESP,1297,1366.5652,
Spain,ESP,1298,1368.4215,
Spain,ESP,1299,1370.2832,
Spain,ESP,1300,1372.1501,
Spain,ESP,1301,1352.596,
Spain,ESP,1302,1382.006,
Spain,ESP,1303,1412.3293,
Spain,ESP,1304,1443.5709,
Spain,ESP,1305,1475.7336,
Spain,ESP,1306,1528.307,
Spain,ESP,1307,1512.6129,
Spain,ESP,1308,1407.7151,
Spain,ESP,1309,1382.9502,
Spain,ESP,1310,1408.0535,
Spain,ESP,1311,1446.5249,
Spain,ESP,1312,1454.9655,
Spain,ESP,1313,1460.0409,
Spain,ESP,1314,1465.2715,
Spain,ESP,1315,1382.7522,
Spain,ESP,1316,1384.8882,
Spain,ESP,1317,1387.0968,
Spain,ESP,1318,1389.3799,
Spain,ESP,1319,1391.739,
Spain,ESP,1320,1394.1763,
Spain,ESP,1321,1386.9052,
Spain,ESP,1322,1364.8748,
Spain,ESP,1323,1343.2048,
Spain,ESP,1324,1321.8905,
Spain,ESP,1325,1321.3047,
Spain,ESP,1326,1320.7703,
Spain,ESP,1327,1313.5237,
Spain,ESP,1328,1404.0073,
Spain,ESP,1329,1359.425,
Spain,ESP,1330,1377.1073,
Spain,ESP,1331,1459.3541,
Spain,ESP,1332,1536.29,
Spain,ESP,1333,1626.2848,
Spain,ESP,1334,1568.6495,
Spain,ESP,1335,1509.4407,
Spain,ESP,1336,1469.5297,
Spain,ESP,1337,1479.1069,
Spain,ESP,1338,1536.1884,
Spain,ESP,1339,1578.1482,
Spain,ESP,1340,1588.1346,
Spain,ESP,1341,1745.6919,
Spain,ESP,1342,1690.9437,
Spain,ESP,1343,1612.7878,
Spain,ESP,1344,1513.8625,
Spain,ESP,1345,1625.0276,
Spain,ESP,1346,1583.0862,
Spain,ESP,1347,1541.5356,
Spain,ESP,1348,1480.181,
Spain,ESP,1349,1455.0181,
Spain,ESP,1350,1430.7699,
Spain,ESP,1351,1438.0532,
Spain,ESP,1352,1346.3145,
Spain,ESP,1353,1397.2543,
Spain,ESP,1354,1405.4879,
Spain,ESP,1355,1418.8778,
Spain,ESP,1356,1430.9718,
Spain,ESP,1357,1467.0555,
Spain,ESP,1358,1424.8982,
Spain,ESP,1359,1422.2448,
Spain,ESP,1360,1450.0787,
Spain,ESP,1361,1433.7659,
Spain,ESP,1362,1372.671,
Spain,ESP,1363,1325.0132,
Spain,ESP,1364,1308.1687,
Spain,ESP,1365,1334.8649,
Spain,ESP,1366,1310.2316,
Spain,ESP,1367,1328.8043,
Spain,ESP,1368,1313.2997,
Spain,ESP,1369,1302.3701,
Spain,ESP,1370,1271.3165,
Spain,ESP,1371,1174.7211,
Spain,ESP,1372,1214.8511,
Spain,ESP,1373,1233.7703,
Spain,ESP,1374,1159.584,
Spain,ESP,1375,1161.701,
Spain,ESP,1376,1179.4005,
Spain,ESP,1377,1196.2489,
Spain,ESP,1378,1193.356,
Spain,ESP,1379,1180.643,
Spain,ESP,1380,1209.409,
Spain,ESP,1381,1233.496,
Spain,ESP,1382,1255.5996,
Spain,ESP,1383,1305.1014,
Spain,ESP,1384,1233.8458,
Spain,ESP,1385,1261.1666,
Spain,ESP,1386,1234.348,
Spain,ESP,1387,1242.6002,
Spain,ESP,1388,1229.6871,
Spain,ESP,1389,1221.5804,
Spain,ESP,1390,1291.837,
Spain,ESP,1391,1239.0177,
Spain,ESP,1392,1281.0851,
Spain,ESP,1393,1328.2854,
Spain,ESP,1394,1335.9768,
Spain,ESP,1395,1339.176,
Spain,ESP,1396,1311.8136,
Spain,ESP,1397,1313.7965,
Spain,ESP,1398,1325.5272,
Spain,ESP,1399,1338.122,
Spain,ESP,1400,1339.7694,
Spain,ESP,1401,1322.2322,
Spain,ESP,1402,1291.4541,
Spain,ESP,1403,1214.119,
Spain,ESP,1404,1155.663,
Spain,ESP,1405,1175.3359,
Spain,ESP,1406,1084.5919,
Spain,ESP,1407,1167.9261,
Spain,ESP,1408,1043.7812,
Spain,ESP,1409,1220.242,
Spain,ESP,1410,1221.6227,
Spain,ESP,1411,1223.948,
Spain,ESP,1412,1227.3448,
Spain,ESP,1413,1231.9994,
Spain,ESP,1414,1237.9866,
Spain,ESP,1415,1245.3035,
Spain,ESP,1416,1236.6687,
Spain,ESP,1417,1352.0375,
Spain,ESP,1418,1261.0488,
Spain,ESP,1419,1266.8511,
Spain,ESP,1420,1206.1082,
Spain,ESP,1421,1189.895,
Spain,ESP,1422,1166.4034,
Spain,ESP,1423,941.5957,
Spain,ESP,1424,1097.7932,
Spain,ESP,1425,1164.9791,
Spain,ESP,1426,1162.6855,
Spain,ESP,1427,1203.1217,
Spain,ESP,1428,1290.7013,
Spain,ESP,1429,1072.8976,
Spain,ESP,1430,1350.4117,
Spain,ESP,1431,1134.2972,
Spain,ESP,1432,1204.2086,
Spain,ESP,1433,1333.2764,
Spain,ESP,1434,1205.8546,
Spain,ESP,1435,1041.1573,
Spain,ESP,1436,1174.6327,
Spain,ESP,1437,1120.7727,
Spain,ESP,1438,1051.8544,
Spain,ESP,1439,1077.0776,
Spain,ESP,1440,1157.7323,
Spain,ESP,1441,1237.3372,
Spain,ESP,1442,1432.9949,
Spain,ESP,1443,1170.1846,
Spain,ESP,1444,1175.7834,
Spain,ESP,1445,1273.2838,
Spain,ESP,1446,1383.2179,
Spain,ESP,1447,1415.1099,
Spain,ESP,1448,1403.5538,
Spain,ESP,1449,1434.9363,
Spain,ESP,1450,1419.7006,
Spain,ESP,1451,1371.982,
Spain,ESP,1452,1385.201,
Spain,ESP,1453,1334.3575,
Spain,ESP,1454,1276.2775,
Spain,ESP,1455,1363.4468,
Spain,ESP,1456,1364.6279,
Spain,ESP,1457,1304.7062,
Spain,ESP,1458,1190.1537,
Spain,ESP,1459,1444.2664,
Spain,ESP,1460,1290.7653,
Spain,ESP,1461,1316.7286,
Spain,ESP,1462,1272.2683,
Spain,ESP,1463,1134.2952,
Spain,ESP,1464,1098.5582,
Spain,ESP,1465,1100.4498,
Spain,ESP,1466,1166.305,
Spain,ESP,1467,1076.4011,
Spain,ESP,1468,1003.66693,
Spain,ESP,1469,1020.38416,
Spain,ESP,1470,928.23334,
Spain,ESP,1471,1063.0823,
Spain,ESP,1472,1072.2255,
Spain,ESP,1473,974.69324,
Spain,ESP,1474,1264.9249,
Spain,ESP,1475,1135.2634,
Spain,ESP,1476,1146.8604,
Spain,ESP,1477,1127.8485,
Spain,ESP,1478,1219.6362,
Spain,ESP,1479,1365.758,
Spain,ESP,1480,1126.0771,
Spain,ESP,1481,1335.0634,
Spain,ESP,1482,1181.977,
Spain,ESP,1483,1238.2177,
Spain,ESP,1484,1344.1127,
Spain,ESP,1485,1176.4225,
Spain,ESP,1486,1107.164,
Spain,ESP,1487,1263.3076,
Spain,ESP,1488,1125.5206,
Spain,ESP,1489,1152.072,
Spain,ESP,1490,1109.972,
Spain,ESP,1491,1275.6681,
Spain,ESP,1492,1222.9619,
Spain,ESP,1493,1310.372,
Spain,ESP,1494,1210.8524,
Spain,ESP,1495,1229.7736,
Spain,ESP,1496,1211.1854,
Spain,ESP,1497,1344.1554,
Spain,ESP,1498,1404.5295,
Spain,ESP,1499,1230.4268,
Spain,ESP,1500,1117.9954,
Spain,ESP,1501,1167.6504,
Spain,ESP,1502,1249.9216,
Spain,ESP,1503,1179.1194,
Spain,ESP,1504,1235.4939,
Spain,ESP,1505,1194.0981,
Spain,ESP,1506,1231.9458,
Spain,ESP,1507,1315.2618,
Spain,ESP,1508,1487.3341,
Spain,ESP,1509,1469.6704,
Spain,ESP,1510,1368.1848,
Spain,ESP,1511,1399.0775,
Spain,ESP,1512,1409.328,
Spain,ESP,1513,1460.2563,
Spain,ESP,1514,1437.5522,
Spain,ESP,1515,1463.0333,
Spain,ESP,1516,1424.9429,
Spain,ESP,1517,1462.055,
Spain,ESP,1518,1412.4388,
Spain,ESP,1519,1446.2621,
Spain,ESP,1520,1381.0951,
Spain,ESP,1521,1357.6587,
Spain,ESP,1522,1353.1373,
Spain,ESP,1523,1369.1201,
Spain,ESP,1524,1351.8195,
Spain,ESP,1525,1288.765,
Spain,ESP,1526,1293.8635,
Spain,ESP,1527,1262.1271,
Spain,ESP,1528,1244.5912,
Spain,ESP,1529,1249.2561,
Spain,ESP,1530,1211.3269,
Spain,ESP,1531,1404.1865,
Spain,ESP,1532,1399.7556,
Spain,ESP,1533,1336.0166,
Spain,ESP,1534,1498.7983,
Spain,ESP,1535,1437.6456,
Spain,ESP,1536,1383.086,
Spain,ESP,1537,1560.9274,
Spain,ESP,1538,1443.4785,
Spain,ESP,1539,1290.5938,
Spain,ESP,1540,1457.6292,
Spain,ESP,1541,1505.3506,
Spain,ESP,1542,1253.4314,
Spain,ESP,1543,1363.216,
Spain,ESP,1544,1493.829,
Spain,ESP,1545,1267.0121,
Spain,ESP,1546,1391.4784,
Spain,ESP,1547,1623.0813,
Spain,ESP,1548,1308.0037,
Spain,ESP,1549,1348.9343,
Spain,ESP,1550,1624.5991,
Spain,ESP,1551,1446.2432,
Spain,ESP,1552,1522.2162,
Spain,ESP,1553,1567.1841,
Spain,ESP,1554,1505.1887,
Spain,ESP,1555,1413.9772,
Spain,ESP,1556,1365.0461,
Spain,ESP,1557,1408.9686,
Spain,ESP,1558,1428.9054,
Spain,ESP,1559,1423.4027,
Spain,ESP,1560,1607.111,
Spain,ESP,1561,1432.6738,
Spain,ESP,1562,1534.5964,
Spain,ESP,1563,1648.7723,
Spain,ESP,1564,1606.5518,
Spain,ESP,1565,1604.7233,
Spain,ESP,1566,1515.4009,
Spain,ESP,1567,1513.0701,
Spain,ESP,1568,1579.6095,
Spain,ESP,1569,1504.6741,
Spain,ESP,1570,1483.511,
Spain,ESP,1571,1585.3903,
Spain,ESP,1572,1650.3724,
Spain,ESP,1573,1472.7687,
Spain,ESP,1574,1424.3131,
Spain,ESP,1575,1558.5778,
Spain,ESP,1576,1474.678,
Spain,ESP,1577,1482.8026,
Spain,ESP,1578,1343.6647,
Spain,ESP,1579,1450.007,
Spain,ESP,1580,1446.4004,
Spain,ESP,1581,1279.3943,
Spain,ESP,1582,1328.5725,
Spain,ESP,1583,1340.13,
Spain,ESP,1584,1256.8177,
Spain,ESP,1585,1510.1582,
Spain,ESP,1586,1423.166,
Spain,ESP,1587,1387.802,
Spain,ESP,1588,1366.0745,
Spain,ESP,1589,1268.7891,
Spain,ESP,1590,1396.8711,
Spain,ESP,1591,1347.7811,
Spain,ESP,1592,1380.7842,
Spain,ESP,1593,1336.2902,
Spain,ESP,1594,1396.5519,
Spain,ESP,1595,1311.9014,
Spain,ESP,1596,1359.1246,
Spain,ESP,1597,1255.9164,
Spain,ESP,1598,1225.6035,
Spain,ESP,1599,1234.7247,
Spain,ESP,1600,1295.0848,
Spain,ESP,1601,1287.9467,
Spain,ESP,1602,1246.0297,
Spain,ESP,1603,1237.9738,
Spain,ESP,1604,1190.6572,
Spain,ESP,1605,1112.9746,
Spain,ESP,1606,1145.4331,
Spain,ESP,1607,1151.5635,
Spain,ESP,1608,1193.1937,
Spain,ESP,1609,1185.8932,
Spain,ESP,1610,1230.8218,
Spain,ESP,1611,1098.9636,
Spain,ESP,1612,1109.2312,
Spain,ESP,1613,1147.046,
Spain,ESP,1614,1109.1597,
Spain,ESP,1615,1134.6952,
Spain,ESP,1616,1041.5657,
Spain,ESP,1617,1061.3673,
Spain,ESP,1618,1193.0088,
Spain,ESP,1619,1114.934,
Spain,ESP,1620,1115.9995,
Spain,ESP,1621,1102.7716,
Spain,ESP,1622,1050.9404,
Spain,ESP,1623,1147.1316,
Spain,ESP,1624,1147.7744,
Spain,ESP,1625,1097.2787,
Spain,ESP,1626,1067.4957,
Spain,ESP,1627,1056.8961,
Spain,ESP,1628,1108.826,
Spain,ESP,1629,1105.9098,
Spain,ESP,1630,1030.9078,
Spain,ESP,1631,1084.6772,
Spain,ESP,1632,1064.3148,
Spain,ESP,1633,1087.8527,
Spain,ESP,1634,1086.9976,
Spain,ESP,1635,1000.17926,
Spain,ESP,1636,1047.6864,
Spain,ESP,1637,1019.47375,
Spain,ESP,1638,1105.2852,
Spain,ESP,1639,1094.6742,
Spain,ESP,1640,1064.4811,
Spain,ESP,1641,1030.864,
Spain,ESP,1642,1107.1829,
Spain,ESP,1643,1025.5043,
Spain,ESP,1644,1089.7189,
Spain,ESP,1645,1047.8212,
Spain,ESP,1646,1006.0343,
Spain,ESP,1647,980.145,
Spain,ESP,1648,1054.1897,
Spain,ESP,1649,1032.6324,
Spain,ESP,1650,1008.988,
Spain,ESP,1651,1052.8146,
Spain,ESP,1652,1131.9556,
Spain,ESP,1653,1054.8,
Spain,ESP,1654,1158.178,
Spain,ESP,1655,1127.0667,
Spain,ESP,1656,1129.5126,
Spain,ESP,1657,1124.1713,
Spain,ESP,1658,1101.044,
Spain,ESP,1659,1088.2686,
Spain,ESP,1660,1104.2477,
Spain,ESP,1661,1153.7598,
Spain,ESP,1662,1117.3337,
Spain,ESP,1663,1106.4213,
Spain,ESP,1664,1000.7515,
Spain,ESP,1665,1046.4468,
Spain,ESP,1666,1094.8788,
Spain,ESP,1667,1051.8557,
Spain,ESP,1668,1054.0054,
Spain,ESP,1669,1157.8284,
Spain,ESP,1670,1132.5443,
Spain,ESP,1671,1071.3145,
Spain,ESP,1672,1124.3477,
Spain,ESP,1673,1139.2412,
Spain,ESP,1674,1114.5599,
Spain,ESP,1675,1133.3976,
Spain,ESP,1676,1145.7128,
Spain,ESP,1677,1034.556,
Spain,ESP,1678,1099.9843,
Spain,ESP,1679,1084.6296,
Spain,ESP,1680,1085.436,
Spain,ESP,1681,1075.3757,
Spain,ESP,1682,1099.6375,
Spain,ESP,1683,1094.0782,
Spain,ESP,1684,1096.5029,
Spain,ESP,1685,1164.3215,
Spain,ESP,1686,1200.5724,
Spain,ESP,1687,1190.328,
Spain,ESP,1688,1175.006,
Spain,ESP,1689,1150.9839,
Spain,ESP,1690,1206.7247,
Spain,ESP,1691,1186.1095,
Spain,ESP,1692,1143.8622,
Spain,ESP,1693,1187.8743,
Spain,ESP,1694,1072.4635,
Spain,ESP,1695,1021.517,
Spain,ESP,1696,1090.2551,
Spain,ESP,1697,1088.093,
Spain,ESP,1698,1093.1525,
Spain,ESP,1699,1145.7078,
Spain,ESP,1700,1279.964,
Spain,ESP,1701,1246.5872,
Spain,ESP,1702,1181.9656,
Spain,ESP,1703,1175.7864,
Spain,ESP,1704,1205.8884,
Spain,ESP,1705,1164.0632,
Spain,ESP,1706,1092.6554,
Spain,ESP,1707,1082.0803,
Spain,ESP,1708,1036.7606,
Spain,ESP,1709,1079.2927,
Spain,ESP,1710,1043.052,
Spain,ESP,1711,1046.8213,
Spain,ESP,1712,1082.5287,
Spain,ESP,1713,1070.3212,
Spain,ESP,1714,1125.3872,
Spain,ESP,1715,1115.3483,
Spain,ESP,1716,1146.042,
Spain,ESP,1717,1152.221,
Spain,ESP,1718,1149.1208,
Spain,ESP,1719,1146.1722,
Spain,ESP,1720,1195.591,
Spain,ESP,1721,1125.7249,
Spain,ESP,1722,1160.1885,
Spain,ESP,1723,1166.8517,
Spain,ESP,1724,1151.5752,
Spain,ESP,1725,1208.5034,
Spain,ESP,1726,1203.706,
Spain,ESP,1727,1218.3624,
Spain,ESP,1728,1158.481,
Spain,ESP,1729,1174.9016,
Spain,ESP,1730,1277.3998,
Spain,ESP,1731,1256.794,
Spain,ESP,1732,1248.0577,
Spain,ESP,1733,1212.3778,
Spain,ESP,1734,1155.5007,
Spain,ESP,1735,1208.4872,
Spain,ESP,1736,1198.8198,
Spain,ESP,1737,1177.4236,
Spain,ESP,1738,1260.1234,
Spain,ESP,1739,1200.1191,
Spain,ESP,1740,1182.9265,
Spain,ESP,1741,1310.0024,
Spain,ESP,1742,1399.7795,
Spain,ESP,1743,1325.6866,
Spain,ESP,1744,1299.1494,
Spain,ESP,1745,1257.83,
Spain,ESP,1746,1281.2157,
Spain,ESP,1747,1224.5394,
Spain,ESP,1748,1287.1392,
Spain,ESP,1749,1243.3556,
Spain,ESP,1750,1295.7758,
Spain,ESP,1751,1281.9271,
Spain,ESP,1752,1403.8408,
Spain,ESP,1753,1229.627,
Spain,ESP,1754,1386.2681,
Spain,ESP,1755,1377.7697,
Spain,ESP,1756,1382.4741,
Spain,ESP,1757,1445.3622,
Spain,ESP,1758,1391.9097,
Spain,ESP,1759,1395.184,
Spain,ESP,1760,1424.9403,
Spain,ESP,1761,1385.7856,
Spain,ESP,1762,1314.1064,
Spain,ESP,1763,1237.6924,
Spain,ESP,1764,1289.0787,
Spain,ESP,1765,1295.9508,
Spain,ESP,1766,1313.6809,
Spain,ESP,1767,1269.2552,
Spain,ESP,1768,1290.1145,
Spain,ESP,1769,1296.6643,
Spain,ESP,1770,1332.3212,
Spain,ESP,1771,1335.9159,
Spain,ESP,1772,1326.2482,
Spain,ESP,1773,1353.3573,
Spain,ESP,1774,1305.5044,
Spain,ESP,1775,1375.7998,
Spain,ESP,1776,1320.3105,
Spain,ESP,1777,1352.7314,
Spain,ESP,1778,1320.2985,
Spain,ESP,1779,1309.4073,
Spain,ESP,1780,1269.8264,
Spain,ESP,1781,1378.2131,
Spain,ESP,1782,1412.3578,
Spain,ESP,1783,1417.3936,
Spain,ESP,1784,1328.8054,
Spain,ESP,1785,1361.8219,
Spain,ESP,1786,1332.2317,
Spain,ESP,1787,1416.8103,
Spain,ESP,1788,1426.3734,
Spain,ESP,1789,1420.488,
Spain,ESP,1790,1453.9104,
Spain,ESP,1791,1441.3457,
Spain,ESP,1792,1381.3809,
Spain,ESP,1793,1392.3722,
Spain,ESP,1794,1361.194,
Spain,ESP,1795,1345.3446,
Spain,ESP,1796,1320.3425,
Spain,ESP,1797,1330.7963,
Spain,ESP,1798,1406.419,
Spain,ESP,1799,1386.4897,
Spain,ESP,1800,1317.9115,
Spain,ESP,1801,1351.7874,
Spain,ESP,1802,1337.6244,
Spain,ESP,1803,1265.6274,
Spain,ESP,1804,1302.4116,
Spain,ESP,1805,1429.9412,
Spain,ESP,1806,1504.8414,
Spain,ESP,1807,1523.9836,
Spain,ESP,1808,1544.6892,
Spain,ESP,1809,1399.7476,
Spain,ESP,1810,1326.0894,
Spain,ESP,1811,1265.1387,
Spain,ESP,1812,1318.4276,
Spain,ESP,1813,1358.6473,
Spain,ESP,1814,1429.7104,
Spain,ESP,1815,1499.9619,
Spain,ESP,1816,1510.8435,
Spain,ESP,1817,1463.113,
Spain,ESP,1818,1520.3247,
Spain,ESP,1819,1555.444,
Spain,ESP,1820,1557.9082,
Spain,ESP,1821,1578.1993,
Spain,ESP,1822,1587.3619,
Spain,ESP,1823,1620.3063,
Spain,ESP,1824,1634.3383,
Spain,ESP,1825,1472.9403,
Spain,ESP,1826,1587.363,
Spain,ESP,1827,1617.053,
Spain,ESP,1828,1607.2123,
Spain,ESP,1829,1636.2803,
Spain,ESP,1830,1662.3563,
Spain,ESP,1831,1655.4259,
Spain,ESP,1832,1551.8247,
Spain,ESP,1833,1589.8494,
Spain,ESP,1834,1564.5525,
Spain,ESP,1835,1573.8108,
Spain,ESP,1836,1537.6418,
Spain,ESP,1837,1549.6858,
Spain,ESP,1838,1535.7496,
Spain,ESP,1839,1575.3464,
Spain,ESP,1840,1656.2968,
Spain,ESP,1841,1659.3785,
Spain,ESP,1842,1605.1042,
Spain,ESP,1843,1604.59,
Spain,ESP,1844,1556.1147,
Spain,ESP,1845,1628.6226,
Spain,ESP,1846,1656.5986,
Spain,ESP,1847,1592.763,
Spain,ESP,1848,1615.9254,
Spain,ESP,1849,1638.2706,
Spain,ESP,1850,1702.9349,
Spain,ESP,1851,1718.4222,
Spain,ESP,1852,1783.8385,
Spain,ESP,1853,1783.834,
Spain,ESP,1854,1801.4556,
Spain,ESP,1855,1889.0897,
Spain,ESP,1856,1797.5085,
Spain,ESP,1857,1744.0303,
Spain,ESP,1858,1778.368,
Spain,ESP,1859,1861.1266,
Spain,ESP,1860,1927.7725,
Spain,ESP,1861,1929.4049,
Spain,ESP,1862,1929.6805,
Spain,ESP,1863,1956.3545,
Spain,ESP,1864,1943.1622,
Spain,ESP,1865,1862.083,
Spain,ESP,1866,1974.4524,
Spain,ESP,1867,1943.7188,
Spain,ESP,1868,1698.7675,
Spain,ESP,1869,1757.928,
Spain,ESP,1870,1806.4563,
Spain,ESP,1871,1945.4274,
Spain,ESP,1872,2242.9653,
Spain,ESP,1873,2423.9065,
Spain,ESP,1874,2212.9285,
Spain,ESP,1875,2273.853,
Spain,ESP,1876,2343.2007,
Spain,ESP,1877,2598.2527,
Spain,ESP,1878,2492.02,
Spain,ESP,1879,2313.52,
Spain,ESP,1880,2517.0757,
Spain,ESP,1881,2534.7085,
Spain,ESP,1882,2544.292,
Spain,ESP,1883,2579.8381,
Spain,ESP,1884,2587.0947,
Spain,ESP,1885,2490.2952,
Spain,ESP,1886,2432.0483,
Spain,ESP,1887,2378.4458,
Spain,ESP,1888,2472.1208,
Spain,ESP,1889,2465.8533,
Spain,ESP,1890,2459.617,
Spain,ESP,1891,2506.0657,
Spain,ESP,1892,2716.7375,
Spain,ESP,1893,2599.663,
Spain,ESP,1894,2629.267,
Spain,ESP,1895,2584.832,
Spain,ESP,1896,2328.1602,
Spain,ESP,1897,2465.898,
Spain,ESP,1898,2624.4717,
Spain,ESP,1899,2632.6387,
Spain,ESP,1900,2672.3906,
Spain,ESP,1901,2881.4521,
Spain,ESP,1902,2736.1064,
Spain,ESP,1903,2708.814,
Spain,ESP,1904,2657.0789,
Spain,ESP,1905,2618.8733,
Spain,ESP,1906,2770.9382,
Spain,ESP,1907,2824.1584,
Spain,ESP,1908,2912.7969,
Spain,ESP,1909,2974.2566,
Spain,ESP,1910,2819.263,
Spain,ESP,1911,3023.6616,
Spain,ESP,1912,2911.0818,
Spain,ESP,1913,3063.3096,
Spain,ESP,1914,2958.1946,
Spain,ESP,1915,2968.5852,
Spain,ESP,1916,3072.8032,
Spain,ESP,1917,3010.1777,
Spain,ESP,1918,2975.611,
Spain,ESP,1919,3020.8367,
Spain,ESP,1920,3239.3186,
Spain,ESP,1921,3317.8542,
Spain,ESP,1922,3423.2195,
Spain,ESP,1923,3428.8462,
Spain,ESP,1924,3513.8267,
Spain,ESP,1925,3720.186,
Spain,ESP,1926,3645.5854,
Spain,ESP,1927,3954.1775,
Spain,ESP,1928,3901.835,
Spain,ESP,1929,4168.52,
Spain,ESP,1930,3918.2632,
Spain,ESP,1931,3781.9385,
Spain,ESP,1932,3851.034,
Spain,ESP,1933,3685.756,
Spain,ESP,1934,3777.8384,
Spain,ESP,1935,3802.3164,
Spain,ESP,1936,2872.1194,
Spain,ESP,1937,2650.117,
Spain,ESP,1938,2632.5513,
Spain,ESP,1939,2881.3777,
Spain,ESP,1940,3166.9656,
Spain,ESP,1941,3187.3042,
Spain,ESP,1942,3389.0808,
Spain,ESP,1943,3546.6006,
Spain,ESP,1944,3670.8442,
Spain,ESP,1945,3352.9292,
Spain,ESP,1946,3468.2031,
Spain,ESP,1947,3509.0786,
Spain,ESP,1948,3473.9224,
Spain,ESP,1949,3430.704,
Spain,ESP,1950,3459.4402,
Spain,ESP,1951,3785.9592,
Spain,ESP,1952,4099.3994,
Spain,ESP,1953,4061.8174,
Spain,ESP,1954,4322.012,
Spain,ESP,1955,4436.738,
Spain,ESP,1956,4763.9624,
Spain,ESP,1957,4893.489,
Spain,ESP,1958,5168.911,
Spain,ESP,1959,5079.3,
Spain,ESP,1960,5031.5664,
Spain,ESP,1961,5581.4375,
Spain,ESP,1962,6075.9097,
Spain,ESP,1963,6631.5728,
Spain,ESP,1964,6938.4917,
Spain,ESP,1965,7411.985,
Spain,ESP,1966,7872.8496,
Spain,ESP,1967,8207.074,
Spain,ESP,1968,8598.881,
Spain,ESP,1969,9299.07,
Spain,ESP,1970,9502.939,
Spain,ESP,1971,9885.877,
Spain,ESP,1972,10787.692,
Spain,ESP,1973,11629.702,
Spain,ESP,1974,12379.95,
Spain,ESP,1975,12613.324,
Spain,ESP,1976,13044.986,
Spain,ESP,1977,13335.212,
Spain,ESP,1978,13568.676,
Spain,ESP,1979,13678.094,
Spain,ESP,1980,14005.935,
Spain,ESP,1981,13895.314,
Spain,ESP,1982,14046.1045,
Spain,ESP,1983,14240.944,
Spain,ESP,1984,14313.326,
Spain,ESP,1985,14696.966,
Spain,ESP,1986,15242.98,
Spain,ESP,1987,16273.085,
Spain,ESP,1988,17275.508,
Spain,ESP,1989,18360.352,
Spain,ESP,1990,19215.0,
Spain,ESP,1991,19958.06,
Spain,ESP,1992,20329.168,
Spain,ESP,1993,20056.54,
Spain,ESP,1994,20673.955,
Spain,ESP,1995,21522.098,
Spain,ESP,1996,22185.066,
Spain,ESP,1997,23113.615,
Spain,ESP,1998,24284.861,
Spain,ESP,1999,25549.54,
Spain,ESP,2000,26994.86,
Spain,ESP,2001,28153.553,
Spain,ESP,2002,28753.322,
Spain,ESP,2003,29371.865,
Spain,ESP,2004,30088.092,
Spain,ESP,2005,30885.602,
Spain,ESP,2006,31907.424,
Spain,ESP,2007,32735.434,
Spain,ESP,2008,32844.324,
Spain,ESP,2009,31669.691,
Spain,ESP,2010,31786.404,
Spain,ESP,2011,31600.0,
Spain,ESP,2012,30645.215,
Spain,ESP,2013,30327.451,
Spain,ESP,2014,30842.184,
Spain,ESP,2015,32057.098,
Spain,ESP,2016,33002.676,
Spain,ESP,2017,33924.137,
Spain,ESP,2018,34553.625,
Spain,ESP,2019,34957.465,
Spain,ESP,2020,30834.514,
Spain,ESP,2021,32553.05,
Spain,ESP,2022,34123.387,
Sri Lanka,LKA,1820,877.0,
Sri Lanka,LKA,1850,899.0,
Sri Lanka,LKA,1870,1356.0,
Sri Lanka,LKA,1871,1318.0,
Sri Lanka,LKA,1872,1251.0,
Sri Lanka,LKA,1873,1256.0,
Sri Lanka,LKA,1874,1235.0,
Sri Lanka,LKA,1875,1245.0,
Sri Lanka,LKA,1876,1258.0,
Sri Lanka,LKA,1877,1264.0,
Sri Lanka,LKA,1878,1144.0,
Sri Lanka,LKA,1879,1227.0,
Sri Lanka,LKA,1880,1325.0,
Sri Lanka,LKA,1881,1414.0,
Sri Lanka,LKA,1882,1490.0,
Sri Lanka,LKA,1883,1500.0,
Sri Lanka,LKA,1884,1443.0,
Sri Lanka,LKA,1885,1342.0,
Sri Lanka,LKA,1886,1291.0,
Sri Lanka,LKA,1887,1506.0,
Sri Lanka,LKA,1888,1468.0,
Sri Lanka,LKA,1889,1438.0,
Sri Lanka,LKA,1890,1666.0,
Sri Lanka,LKA,1891,1653.0,
Sri Lanka,LKA,1892,1677.0,
Sri Lanka,LKA,1893,1677.0,
Sri Lanka,LKA,1894,1663.0,
Sri Lanka,LKA,1895,1729.0,
Sri Lanka,LKA,1896,1734.0,
Sri Lanka,LKA,1897,1793.0,
Sri Lanka,LKA,1898,1862.0,
Sri Lanka,LKA,1899,1967.0,
Sri Lanka,LKA,1900,2056.0,
Sri Lanka,LKA,1901,1900.0,
Sri Lanka,LKA,1902,1873.0,
Sri Lanka,LKA,1903,1953.0,
Sri Lanka,LKA,1904,1937.0,
Sri Lanka,LKA,1905,1879.0,
Sri Lanka,LKA,1906,1897.0,
Sri Lanka,LKA,1907,1965.0,
Sri Lanka,LKA,1908,1946.0,
Sri Lanka,LKA,1909,1838.0,
Sri Lanka,LKA,1910,1926.0,
Sri Lanka,LKA,1911,1849.0,
Sri Lanka,LKA,1912,1844.0,
Sri Lanka,LKA,1913,1967.0,
Sri Lanka,LKA,1914,1929.0,
Sri Lanka,LKA,1915,1811.0,
Sri Lanka,LKA,1916,1870.0,
Sri Lanka,LKA,1917,1941.0,
Sri Lanka,LKA,1918,1765.0,
Sri Lanka,LKA,1919,1859.0,
Sri Lanka,LKA,1920,1741.0,
Sri Lanka,LKA,1921,1688.0,
Sri Lanka,LKA,1922,1731.0,
Sri Lanka,LKA,1923,1699.0,
Sri Lanka,LKA,1924,1798.0,
Sri Lanka,LKA,1925,1892.0,
Sri Lanka,LKA,1926,2018.0,
Sri Lanka,LKA,1927,2010.0,
Sri Lanka,LKA,1928,2004.0,
Sri Lanka,LKA,1929,2130.0,
Sri Lanka,LKA,1930,2016.0,
Sri Lanka,LKA,1931,1918.0,
Sri Lanka,LKA,1932,1819.0,
Sri Lanka,LKA,1933,1833.0,
Sri Lanka,LKA,1934,2008.0,
Sri Lanka,LKA,1935,1887.0,
Sri Lanka,LKA,1936,1873.0,
Sri Lanka,LKA,1937,1988.0,
Sri Lanka,LKA,1938,1953.0,
Sri Lanka,LKA,1939,1890.0,
Sri Lanka,LKA,1940,1994.0,
Sri Lanka,LKA,1941,2036.0,
Sri Lanka,LKA,1942,2109.0,
Sri Lanka,LKA,1943,2047.0,
Sri Lanka,LKA,1944,1839.0,
Sri Lanka,LKA,1945,1779.0,
Sri Lanka,LKA,1946,1674.0,
Sri Lanka,LKA,1947,1710.0,
Sri Lanka,LKA,1948,1847.0,
Sri Lanka,LKA,1949,1911.0,
Sri Lanka,LKA,1950,1997.0,
Sri Lanka,LKA,1951,2061.0,
Sri Lanka,LKA,1952,2093.0,
Sri Lanka,LKA,1953,2071.0,
Sri Lanka,LKA,1954,2066.0,
Sri Lanka,LKA,1955,2131.0,
Sri Lanka,LKA,1956,2091.0,
Sri Lanka,LKA,1957,2067.0,
Sri Lanka,LKA,1958,2074.0,
Sri Lanka,LKA,1959,2048.0,
Sri Lanka,LKA,1960,2064.0,
Sri Lanka,LKA,1961,2050.0,
Sri Lanka,LKA,1962,2067.0,
Sri Lanka,LKA,1963,2058.0,
Sri Lanka,LKA,1964,2104.0,
Sri Lanka,LKA,1965,2118.0,
Sri Lanka,LKA,1966,2047.0,
Sri Lanka,LKA,1967,2181.0,
Sri Lanka,LKA,1968,2291.0,
Sri Lanka,LKA,1969,2329.0,
Sri Lanka,LKA,1970,2389.0,
Sri Lanka,LKA,1971,2322.0,
Sri Lanka,LKA,1972,2327.0,
Sri Lanka,LKA,1973,2378.0,
Sri Lanka,LKA,1974,2418.0,
Sri Lanka,LKA,1975,2434.0,
Sri Lanka,LKA,1976,2464.0,
Sri Lanka,LKA,1977,2582.0,
Sri Lanka,LKA,1978,2694.0,
Sri Lanka,LKA,1979,2815.0,
Sri Lanka,LKA,1980,2917.0,
Sri Lanka,LKA,1981,3049.0,
Sri Lanka,LKA,1982,3151.0,
Sri Lanka,LKA,1983,3268.0,
Sri Lanka,LKA,1984,3387.0,
Sri Lanka,LKA,1985,3484.0,
Sri Lanka,LKA,1986,3607.0,
Sri Lanka,LKA,1987,3590.0,
Sri Lanka,LKA,1988,3633.0,
Sri Lanka,LKA,1989,3677.0,
Sri Lanka,LKA,1990,3864.0,
Sri Lanka,LKA,1991,4214.982,
Sri Lanka,LKA,1992,4020.974,
Sri Lanka,LKA,1993,4247.023,
Sri Lanka,LKA,1994,4500.8193,
Sri Lanka,LKA,1995,4702.295,
Sri Lanka,LKA,1996,5187.709,
Sri Lanka,LKA,1997,5628.5303,
Sri Lanka,LKA,1998,5440.221,
Sri Lanka,LKA,1999,5488.515,
Sri Lanka,LKA,2000,5841.094,
Sri Lanka,LKA,2001,5620.966,
Sri Lanka,LKA,2002,5721.3086,
Sri Lanka,LKA,2003,5963.57,
Sri Lanka,LKA,2004,6191.9663,
Sri Lanka,LKA,2005,6491.198,
Sri Lanka,LKA,2006,6904.036,
Sri Lanka,LKA,2007,7283.6323,
Sri Lanka,LKA,2008,7622.4087,
Sri Lanka,LKA,2009,7796.6475,
Sri Lanka,LKA,2010,8319.703,
Sri Lanka,LKA,2011,8918.0,
Sri Lanka,LKA,2012,9599.045,
Sri Lanka,LKA,2013,9898.523,
Sri Lanka,LKA,2014,10437.811,
Sri Lanka,LKA,2015,10784.185,
Sri Lanka,LKA,2016,11236.119,
Sri Lanka,LKA,2017,11868.202,
Sri Lanka,LKA,2018,12051.547,
Sri Lanka,LKA,2019,11939.55,
Sri Lanka,LKA,2020,11447.249,
Sri Lanka,LKA,2021,11751.948,
Sri Lanka,LKA,2022,10705.481,
Sub Saharan Africa (Maddison),,1820,1188.0,
Sub Saharan Africa (Maddison),,1870,1286.0,
Sub Saharan Africa (Maddison),,1910,1687.8292,
Sub Saharan Africa (Maddison),,1950,1326.6232,
Sub Saharan Africa (Maddison),,1960,1578.2007,
Sub Saharan Africa (Maddison),,1970,1968.3627,
Sub Saharan Africa (Maddison),,1980,2036.6299,
Sub Saharan Africa (Maddison),,1990,1812.6813,
Sub Saharan Africa (Maddison),,2000,2009.1904,
Sub Saharan Africa (Maddison),,2010,3204.6519,
Sub Saharan Africa (Maddison),,2015,3523.8147,
Sub Saharan Africa (Maddison),,2016,3477.2732,
Sub Saharan Africa (Maddison),,2017,3474.0273,
Sub Saharan Africa (Maddison),,2018,3480.8083,
Sub Saharan Africa (Maddison),,2019,3488.1553,
Sub Saharan Africa (Maddison),,2020,3335.987,
Sub Saharan Africa (Maddison),,2021,3398.5784,
Sub Saharan Africa (Maddison),,2022,3436.5957,
Sudan (former),,1950,1309.0,
Sudan (former),,1951,1334.0,
Sudan (former),,1952,1363.0,
Sudan (former),,1953,1388.0,
Sudan (former),,1954,1417.0,
Sudan (former),,1955,1446.0,
Sudan (former),,1956,1556.0,
Sudan (former),,1957,1492.0,
Sudan (former),,1958,1513.0,
Sudan (former),,1959,1647.0,
Sudan (former),,1960,1632.0,
Sudan (former),,1961,1588.0,
Sudan (former),,1962,1653.0,
Sudan (former),,1963,1562.0,
Sudan (former),,1964,1505.0,
Sudan (former),,1965,1568.0,
Sudan (former),,1966,1510.0,
Sudan (former),,1967,1423.0,
Sudan (former),,1968,1471.0,
Sudan (former),,1969,1521.0,
Sudan (former),,1970,1415.0,
Sudan (former),,1971,1471.0,
Sudan (former),,1972,1400.0,
Sudan (former),,1973,1243.0,
Sudan (former),,1974,1328.0,
Sudan (former),,1975,1451.0,
Sudan (former),,1976,1664.0,
Sudan (former),,1977,1857.0,
Sudan (former),,1978,1766.0,
Sudan (former),,1979,1524.0,
Sudan (former),,1980,1484.0,
Sudan (former),,1981,1466.0,
Sudan (former),,1982,1599.0,
Sudan (former),,1983,1527.0,
Sudan (former),,1984,1404.0,
Sudan (former),,1985,1274.0,
Sudan (former),,1986,1286.0,
Sudan (former),,1987,1288.0,
Sudan (former),,1988,1282.0,
Sudan (former),,1989,1353.0,
Sudan (former),,1990,1211.0,
Sudan (former),,1991,1277.6892,
Sudan (former),,1992,1336.0544,
Sudan (former),,1993,1374.3846,
Sudan (former),,1994,1386.1075,
Sudan (former),,1995,1467.7085,
Sudan (former),,1996,1551.8574,
Sudan (former),,1997,1714.3776,
Sudan (former),,1998,1785.0996,
Sudan (former),,1999,1837.498,
Sudan (former),,2000,1951.4658,
Sudan (former),,2001,2075.622,
Sudan (former),,2002,2205.5723,
Sudan (former),,2003,2373.057,
Sudan (former),,2004,2461.3003,
Sudan (former),,2005,2642.5208,
Sudan (former),,2006,2903.8008,
Sudan (former),,2007,3233.6978,
Sudan (former),,2008,3478.8877,
Sudan (former),,2009,3580.1877,
Sudan (former),,2010,3707.3027,
Sudan (former),,2011,3669.0,
Sudan (former),,2012,2982.5593,
Sudan (former),,2013,2973.4575,
Sudan (former),,2014,3031.0374,
Sudan (former),,2015,3087.5115,
Sudan (former),,2016,3139.7502,
Sudan (former),,2017,3068.7512,
Sudan (former),,2018,2908.529,
Sudan (former),,2019,2757.3862,
Sudan (former),,2020,2586.8955,
Sudan (former),,2021,2532.7058,
Sudan (former),,2022,2405.275,
Sweden,SWE,1300,1133.0,
Sweden,SWE,1301,1135.0,
Sweden,SWE,1302,1379.0,
Sweden,SWE,1303,1494.0,
Sweden,SWE,1304,1463.0,
Sweden,SWE,1305,1451.0,
Sweden,SWE,1306,1430.0,
Sweden,SWE,1307,1419.0,
Sweden,SWE,1308,1403.0,
Sweden,SWE,1309,1387.0,
Sweden,SWE,1310,1360.0,
Sweden,SWE,1311,1352.0,
Sweden,SWE,1312,1334.0,
Sweden,SWE,1313,1301.0,
Sweden,SWE,1314,1272.0,
Sweden,SWE,1315,1237.0,
Sweden,SWE,1316,1339.0,
Sweden,SWE,1317,1478.0,
Sweden,SWE,1318,1626.0,
Sweden,SWE,1319,1451.0,
Sweden,SWE,1320,1305.0,
Sweden,SWE,1321,1294.0,
Sweden,SWE,1322,1288.0,
Sweden,SWE,1323,1301.0,
Sweden,SWE,1324,1315.0,
Sweden,SWE,1325,1433.0,
Sweden,SWE,1326,1561.0,
Sweden,SWE,1327,1729.0,
Sweden,SWE,1328,1918.0,
Sweden,SWE,1329,2040.0,
Sweden,SWE,1330,1683.0,
Sweden,SWE,1331,1486.0,
Sweden,SWE,1332,1439.0,
Sweden,SWE,1333,1342.0,
Sweden,SWE,1334,1371.0,
Sweden,SWE,1335,1398.0,
Sweden,SWE,1336,1431.0,
Sweden,SWE,1337,1465.0,
Sweden,SWE,1338,1495.0,
Sweden,SWE,1339,1522.0,
Sweden,SWE,1340,1490.0,
Sweden,SWE,1341,1460.0,
Sweden,SWE,1342,1430.0,
Sweden,SWE,1343,1384.0,
Sweden,SWE,1344,1344.0,
Sweden,SWE,1345,1299.0,
Sweden,SWE,1346,1258.0,
Sweden,SWE,1347,1272.0,
Sweden,SWE,1348,1290.0,
Sweden,SWE,1349,1305.0,
Sweden,SWE,1350,1323.0,
Sweden,SWE,1351,1275.0,
Sweden,SWE,1352,1226.0,
Sweden,SWE,1353,1181.0,
Sweden,SWE,1354,1149.0,
Sweden,SWE,1355,1100.0,
Sweden,SWE,1356,1074.0,
Sweden,SWE,1357,1124.0,
Sweden,SWE,1358,1186.0,
Sweden,SWE,1359,1246.0,
Sweden,SWE,1360,1318.0,
Sweden,SWE,1361,1393.0,
Sweden,SWE,1362,1471.0,
Sweden,SWE,1363,1510.0,
Sweden,SWE,1364,1535.0,
Sweden,SWE,1365,1564.0,
Sweden,SWE,1366,1605.0,
Sweden,SWE,1367,1651.0,
Sweden,SWE,1368,1688.0,
Sweden,SWE,1369,1720.0,
Sweden,SWE,1370,1709.0,
Sweden,SWE,1371,1656.0,
Sweden,SWE,1372,1618.0,
Sweden,SWE,1373,1596.0,
Sweden,SWE,1374,1575.0,
Sweden,SWE,1375,1557.0,
Sweden,SWE,1376,1541.0,
Sweden,SWE,1377,1530.0,
Sweden,SWE,1378,1519.0,
Sweden,SWE,1379,1508.0,
Sweden,SWE,1380,1503.0,
Sweden,SWE,1381,1492.0,
Sweden,SWE,1382,1562.0,
Sweden,SWE,1383,1559.0,
Sweden,SWE,1384,1551.0,
Sweden,SWE,1385,1546.0,
Sweden,SWE,1386,1470.0,
Sweden,SWE,1387,1462.0,
Sweden,SWE,1388,1455.0,
Sweden,SWE,1389,1466.0,
Sweden,SWE,1390,1482.0,
Sweden,SWE,1391,1494.0,
Sweden,SWE,1392,1506.0,
Sweden,SWE,1393,1519.0,
Sweden,SWE,1394,1533.0,
Sweden,SWE,1395,1545.0,
Sweden,SWE,1396,1564.0,
Sweden,SWE,1397,1524.0,
Sweden,SWE,1398,1537.0,
Sweden,SWE,1399,1548.0,
Sweden,SWE,1400,1543.0,
Sweden,SWE,1401,1540.0,
Sweden,SWE,1402,1537.0,
Sweden,SWE,1403,1530.0,
Sweden,SWE,1404,1524.0,
Sweden,SWE,1405,1514.0,
Sweden,SWE,1406,1510.0,
Sweden,SWE,1407,1508.0,
Sweden,SWE,1408,1503.0,
Sweden,SWE,1409,1498.0,
Sweden,SWE,1410,1498.0,
Sweden,SWE,1411,1500.0,
Sweden,SWE,1412,1503.0,
Sweden,SWE,1413,1511.0,
Sweden,SWE,1414,1519.0,
Sweden,SWE,1415,1517.0,
Sweden,SWE,1416,1524.0,
Sweden,SWE,1417,1618.0,
Sweden,SWE,1418,1358.0,
Sweden,SWE,1419,1390.0,
Sweden,SWE,1420,1360.0,
Sweden,SWE,1421,1363.0,
Sweden,SWE,1422,1393.0,
Sweden,SWE,1423,1452.0,
Sweden,SWE,1424,1361.0,
Sweden,SWE,1425,1525.0,
Sweden,SWE,1426,1454.0,
Sweden,SWE,1427,1443.0,
Sweden,SWE,1428,1415.0,
Sweden,SWE,1429,1441.0,
Sweden,SWE,1430,1486.0,
Sweden,SWE,1431,1376.0,
Sweden,SWE,1432,1352.0,
Sweden,SWE,1433,1328.0,
Sweden,SWE,1434,1326.0,
Sweden,SWE,1435,1242.0,
Sweden,SWE,1436,1208.0,
Sweden,SWE,1437,1211.0,
Sweden,SWE,1438,1272.0,
Sweden,SWE,1439,1272.0,
Sweden,SWE,1440,1248.0,
Sweden,SWE,1441,1278.0,
Sweden,SWE,1442,1307.0,
Sweden,SWE,1443,1299.0,
Sweden,SWE,1444,1339.0,
Sweden,SWE,1445,1337.0,
Sweden,SWE,1446,1317.0,
Sweden,SWE,1447,1213.0,
Sweden,SWE,1448,1173.0,
Sweden,SWE,1449,1631.0,
Sweden,SWE,1450,1557.0,
Sweden,SWE,1451,1388.0,
Sweden,SWE,1452,1425.0,
Sweden,SWE,1453,1356.0,
Sweden,SWE,1454,1207.0,
Sweden,SWE,1455,1436.0,
Sweden,SWE,1456,2184.0,
Sweden,SWE,1457,2158.0,
Sweden,SWE,1458,1765.0,
Sweden,SWE,1459,1787.0,
Sweden,SWE,1460,1690.0,
Sweden,SWE,1461,1707.0,
Sweden,SWE,1462,1760.0,
Sweden,SWE,1463,1940.0,
Sweden,SWE,1464,1870.0,
Sweden,SWE,1465,1804.0,
Sweden,SWE,1466,1873.0,
Sweden,SWE,1467,1970.0,
Sweden,SWE,1468,2263.0,
Sweden,SWE,1469,1436.0,
Sweden,SWE,1470,1529.0,
Sweden,SWE,1471,1812.0,
Sweden,SWE,1472,1704.0,
Sweden,SWE,1473,1546.0,
Sweden,SWE,1474,1325.0,
Sweden,SWE,1475,1366.0,
Sweden,SWE,1476,1301.0,
Sweden,SWE,1477,1427.0,
Sweden,SWE,1478,1406.0,
Sweden,SWE,1479,1352.0,
Sweden,SWE,1480,1366.0,
Sweden,SWE,1481,1588.0,
Sweden,SWE,1482,1674.0,
Sweden,SWE,1483,1661.0,
Sweden,SWE,1484,1661.0,
Sweden,SWE,1485,1663.0,
Sweden,SWE,1486,1564.0,
Sweden,SWE,1487,1583.0,
Sweden,SWE,1488,1583.0,
Sweden,SWE,1489,1604.0,
Sweden,SWE,1490,1503.0,
Sweden,SWE,1491,1723.0,
Sweden,SWE,1492,1777.0,
Sweden,SWE,1493,1804.0,
Sweden,SWE,1494,1502.0,
Sweden,SWE,1495,1460.0,
Sweden,SWE,1496,1430.0,
Sweden,SWE,1497,1393.0,
Sweden,SWE,1498,1374.0,
Sweden,SWE,1499,1417.0,
Sweden,SWE,1500,1760.0,
Sweden,SWE,1501,1828.0,
Sweden,SWE,1502,1643.0,
Sweden,SWE,1503,1478.0,
Sweden,SWE,1504,2144.0,
Sweden,SWE,1505,1819.0,
Sweden,SWE,1506,1980.0,
Sweden,SWE,1507,1785.0,
Sweden,SWE,1508,2267.0,
Sweden,SWE,1509,2570.0,
Sweden,SWE,1510,2255.0,
Sweden,SWE,1511,2225.0,
Sweden,SWE,1512,1986.0,
Sweden,SWE,1513,2037.0,
Sweden,SWE,1514,1728.0,
Sweden,SWE,1515,1779.0,
Sweden,SWE,1516,1710.0,
Sweden,SWE,1517,1946.0,
Sweden,SWE,1518,1819.0,
Sweden,SWE,1519,2267.0,
Sweden,SWE,1520,2418.0,
Sweden,SWE,1521,2192.0,
Sweden,SWE,1522,2251.0,
Sweden,SWE,1523,2181.0,
Sweden,SWE,1524,1315.0,
Sweden,SWE,1525,1532.0,
Sweden,SWE,1526,1519.0,
Sweden,SWE,1527,1812.0,
Sweden,SWE,1528,1938.0,
Sweden,SWE,1529,1765.0,
Sweden,SWE,1530,1561.0,
Sweden,SWE,1531,1686.0,
Sweden,SWE,1532,1798.0,
Sweden,SWE,1533,1479.0,
Sweden,SWE,1534,1490.0,
Sweden,SWE,1535,1403.0,
Sweden,SWE,1536,1511.0,
Sweden,SWE,1537,1551.0,
Sweden,SWE,1538,1583.0,
Sweden,SWE,1539,1302.0,
Sweden,SWE,1540,1412.0,
Sweden,SWE,1541,1269.0,
Sweden,SWE,1542,1390.0,
Sweden,SWE,1543,1519.0,
Sweden,SWE,1544,1530.0,
Sweden,SWE,1545,1572.0,
Sweden,SWE,1546,1592.0,
Sweden,SWE,1547,1412.0,
Sweden,SWE,1548,1561.0,
Sweden,SWE,1549,1634.0,
Sweden,SWE,1550,1655.0,
Sweden,SWE,1551,1723.0,
Sweden,SWE,1552,1683.0,
Sweden,SWE,1553,1561.0,
Sweden,SWE,1554,1559.0,
Sweden,SWE,1555,1530.0,
Sweden,SWE,1556,1580.0,
Sweden,SWE,1557,1608.0,
Sweden,SWE,1558,1600.0,
Sweden,SWE,1559,1677.0,
Sweden,SWE,1560,1610.0,
Sweden,SWE,1561,1487.0,
Sweden,SWE,1562,1492.0,
Sweden,SWE,1563,1565.0,
Sweden,SWE,1564,1688.0,
Sweden,SWE,1565,1632.0,
Sweden,SWE,1566,1854.0,
Sweden,SWE,1567,1886.0,
Sweden,SWE,1568,1830.0,
Sweden,SWE,1569,1865.0,
Sweden,SWE,1570,1755.0,
Sweden,SWE,1571,1497.0,
Sweden,SWE,1572,1129.0,
Sweden,SWE,1573,1323.0,
Sweden,SWE,1574,1409.0,
Sweden,SWE,1575,1532.0,
Sweden,SWE,1576,1567.0,
Sweden,SWE,1577,1508.0,
Sweden,SWE,1578,1500.0,
Sweden,SWE,1579,1511.0,
Sweden,SWE,1580,1478.0,
Sweden,SWE,1581,1349.0,
Sweden,SWE,1582,1578.0,
Sweden,SWE,1583,1568.0,
Sweden,SWE,1584,1529.0,
Sweden,SWE,1585,1554.0,
Sweden,SWE,1586,1502.0,
Sweden,SWE,1587,1419.0,
Sweden,SWE,1588,1411.0,
Sweden,SWE,1589,1344.0,
Sweden,SWE,1590,1510.0,
Sweden,SWE,1591,1557.0,
Sweden,SWE,1592,1305.0,
Sweden,SWE,1593,1495.0,
Sweden,SWE,1594,1423.0,
Sweden,SWE,1595,1629.0,
Sweden,SWE,1596,1462.0,
Sweden,SWE,1597,1202.0,
Sweden,SWE,1598,1130.0,
Sweden,SWE,1599,1270.0,
Sweden,SWE,1600,1258.0,
Sweden,SWE,1601,1436.0,
Sweden,SWE,1602,1242.0,
Sweden,SWE,1603,1266.0,
Sweden,SWE,1604,1376.0,
Sweden,SWE,1605,1329.0,
Sweden,SWE,1606,1363.0,
Sweden,SWE,1607,1427.0,
Sweden,SWE,1608,1412.0,
Sweden,SWE,1609,1519.0,
Sweden,SWE,1610,1486.0,
Sweden,SWE,1611,1513.0,
Sweden,SWE,1612,1686.0,
Sweden,SWE,1613,1564.0,
Sweden,SWE,1614,1425.0,
Sweden,SWE,1615,1494.0,
Sweden,SWE,1616,1462.0,
Sweden,SWE,1617,1447.0,
Sweden,SWE,1618,1664.0,
Sweden,SWE,1619,1519.0,
Sweden,SWE,1620,1623.0,
Sweden,SWE,1621,1865.0,
Sweden,SWE,1622,1739.0,
Sweden,SWE,1623,1454.0,
Sweden,SWE,1624,1455.0,
Sweden,SWE,1625,1449.0,
Sweden,SWE,1626,1527.0,
Sweden,SWE,1627,1505.0,
Sweden,SWE,1628,1420.0,
Sweden,SWE,1629,1385.0,
Sweden,SWE,1630,1423.0,
Sweden,SWE,1631,1597.0,
Sweden,SWE,1632,1605.0,
Sweden,SWE,1633,1554.0,
Sweden,SWE,1634,1505.0,
Sweden,SWE,1635,1629.0,
Sweden,SWE,1636,1780.0,
Sweden,SWE,1637,1773.0,
Sweden,SWE,1638,1701.0,
Sweden,SWE,1639,1677.0,
Sweden,SWE,1640,1701.0,
Sweden,SWE,1641,1602.0,
Sweden,SWE,1642,1615.0,
Sweden,SWE,1643,1670.0,
Sweden,SWE,1644,1760.0,
Sweden,SWE,1645,1749.0,
Sweden,SWE,1646,1659.0,
Sweden,SWE,1647,1715.0,
Sweden,SWE,1648,1597.0,
Sweden,SWE,1649,1479.0,
Sweden,SWE,1650,1388.0,
Sweden,SWE,1651,1398.0,
Sweden,SWE,1652,1465.0,
Sweden,SWE,1653,1878.0,
Sweden,SWE,1654,1977.0,
Sweden,SWE,1655,2080.0,
Sweden,SWE,1656,1863.0,
Sweden,SWE,1657,1715.0,
Sweden,SWE,1658,1819.0,
Sweden,SWE,1659,1753.0,
Sweden,SWE,1660,1726.0,
Sweden,SWE,1661,1645.0,
Sweden,SWE,1662,1712.0,
Sweden,SWE,1663,1639.0,
Sweden,SWE,1664,1650.0,
Sweden,SWE,1665,1717.0,
Sweden,SWE,1666,1717.0,
Sweden,SWE,1667,1734.0,
Sweden,SWE,1668,1761.0,
Sweden,SWE,1669,1835.0,
Sweden,SWE,1670,1838.0,
Sweden,SWE,1671,1831.0,
Sweden,SWE,1672,1664.0,
Sweden,SWE,1673,1637.0,
Sweden,SWE,1674,1750.0,
Sweden,SWE,1675,1753.0,
Sweden,SWE,1676,1820.0,
Sweden,SWE,1677,1760.0,
Sweden,SWE,1678,1744.0,
Sweden,SWE,1679,1779.0,
Sweden,SWE,1680,1876.0,
Sweden,SWE,1681,1852.0,
Sweden,SWE,1682,1867.0,
Sweden,SWE,1683,1798.0,
Sweden,SWE,1684,1602.0,
Sweden,SWE,1685,1752.0,
Sweden,SWE,1686,1886.0,
Sweden,SWE,1687,1811.0,
Sweden,SWE,1688,1803.0,
Sweden,SWE,1689,1870.0,
Sweden,SWE,1690,1881.0,
Sweden,SWE,1691,1980.0,
Sweden,SWE,1692,1938.0,
Sweden,SWE,1693,1685.0,
Sweden,SWE,1694,1742.0,
Sweden,SWE,1695,1691.0,
Sweden,SWE,1696,1666.0,
Sweden,SWE,1697,1533.0,
Sweden,SWE,1698,1586.0,
Sweden,SWE,1699,1663.0,
Sweden,SWE,1700,2002.0,
Sweden,SWE,1701,2043.0,
Sweden,SWE,1702,2045.0,
Sweden,SWE,1703,1890.0,
Sweden,SWE,1704,1897.0,
Sweden,SWE,1705,1879.0,
Sweden,SWE,1706,1884.0,
Sweden,SWE,1707,1846.0,
Sweden,SWE,1708,1750.0,
Sweden,SWE,1709,1824.0,
Sweden,SWE,1710,1913.0,
Sweden,SWE,1711,2024.0,
Sweden,SWE,1712,1991.0,
Sweden,SWE,1713,2039.0,
Sweden,SWE,1714,1999.0,
Sweden,SWE,1715,1980.0,
Sweden,SWE,1716,1749.0,
Sweden,SWE,1717,1594.0,
Sweden,SWE,1718,1433.0,
Sweden,SWE,1719,1683.0,
Sweden,SWE,1720,1921.0,
Sweden,SWE,1721,1989.0,
Sweden,SWE,1722,1691.0,
Sweden,SWE,1723,1543.0,
Sweden,SWE,1724,1565.0,
Sweden,SWE,1725,1548.0,
Sweden,SWE,1726,1443.0,
Sweden,SWE,1727,1564.0,
Sweden,SWE,1728,1806.0,
Sweden,SWE,1729,1867.0,
Sweden,SWE,1730,1787.0,
Sweden,SWE,1731,1742.0,
Sweden,SWE,1732,1723.0,
Sweden,SWE,1733,1677.0,
Sweden,SWE,1734,1702.0,
Sweden,SWE,1735,1642.0,
Sweden,SWE,1736,1635.0,
Sweden,SWE,1737,1747.0,
Sweden,SWE,1738,1782.0,
Sweden,SWE,1739,1575.0,
Sweden,SWE,1740,1500.0,
Sweden,SWE,1741,1447.0,
Sweden,SWE,1742,1473.0,
Sweden,SWE,1743,1460.0,
Sweden,SWE,1744,1589.0,
Sweden,SWE,1745,1452.0,
Sweden,SWE,1746,1417.0,
Sweden,SWE,1747,1430.0,
Sweden,SWE,1748,1371.0,
Sweden,SWE,1749,1444.0,
Sweden,SWE,1750,1554.0,
Sweden,SWE,1751,1506.0,
Sweden,SWE,1752,1495.0,
Sweden,SWE,1753,1530.0,
Sweden,SWE,1754,1522.0,
Sweden,SWE,1755,1454.0,
Sweden,SWE,1756,1387.0,
Sweden,SWE,1757,1364.0,
Sweden,SWE,1758,1597.0,
Sweden,SWE,1759,1588.0,
Sweden,SWE,1760,1669.0,
Sweden,SWE,1761,1608.0,
Sweden,SWE,1762,1444.0,
Sweden,SWE,1763,1573.0,
Sweden,SWE,1764,1422.0,
Sweden,SWE,1765,1484.0,
Sweden,SWE,1766,1533.0,
Sweden,SWE,1767,1557.0,
Sweden,SWE,1768,1473.0,
Sweden,SWE,1769,1471.0,
Sweden,SWE,1770,1454.0,
Sweden,SWE,1771,1341.0,
Sweden,SWE,1772,1283.0,
Sweden,SWE,1773,1468.0,
Sweden,SWE,1774,1578.0,
Sweden,SWE,1775,1525.0,
Sweden,SWE,1776,1562.0,
Sweden,SWE,1777,1557.0,
Sweden,SWE,1778,1588.0,
Sweden,SWE,1779,1607.0,
Sweden,SWE,1780,1594.0,
Sweden,SWE,1781,1481.0,
Sweden,SWE,1782,1525.0,
Sweden,SWE,1783,1457.0,
Sweden,SWE,1784,1535.0,
Sweden,SWE,1785,1497.0,
Sweden,SWE,1786,1500.0,
Sweden,SWE,1787,1549.0,
Sweden,SWE,1788,1478.0,
Sweden,SWE,1789,1615.0,
Sweden,SWE,1790,1602.0,
Sweden,SWE,1791,1661.0,
Sweden,SWE,1792,1576.0,
Sweden,SWE,1793,1482.0,
Sweden,SWE,1794,1492.0,
Sweden,SWE,1795,1506.0,
Sweden,SWE,1796,1589.0,
Sweden,SWE,1797,1492.0,
Sweden,SWE,1798,1431.0,
Sweden,SWE,1799,1417.0,
Sweden,SWE,1800,1366.0,
Sweden,SWE,1801,1353.0,
Sweden,SWE,1802,1417.0,
Sweden,SWE,1803,1403.0,
Sweden,SWE,1804,1312.0,
Sweden,SWE,1805,1395.0,
Sweden,SWE,1806,1411.0,
Sweden,SWE,1807,1352.0,
Sweden,SWE,1808,1280.0,
Sweden,SWE,1809,1221.0,
Sweden,SWE,1810,1320.0,
Sweden,SWE,1811,1417.0,
Sweden,SWE,1812,1328.0,
Sweden,SWE,1813,1352.0,
Sweden,SWE,1814,1363.0,
Sweden,SWE,1815,1411.0,
Sweden,SWE,1816,1438.0,
Sweden,SWE,1817,1396.0,
Sweden,SWE,1818,1407.0,
Sweden,SWE,1819,1395.0,
Sweden,SWE,1820,1415.0,
Sweden,SWE,1821,1457.0,
Sweden,SWE,1822,1465.0,
Sweden,SWE,1823,1449.0,
Sweden,SWE,1824,1487.0,
Sweden,SWE,1825,1527.0,
Sweden,SWE,1826,1532.0,
Sweden,SWE,1827,1458.0,
Sweden,SWE,1828,1486.0,
Sweden,SWE,1829,1506.0,
Sweden,SWE,1830,1468.0,
Sweden,SWE,1831,1497.0,
Sweden,SWE,1832,1457.0,
Sweden,SWE,1833,1503.0,
Sweden,SWE,1834,1522.0,
Sweden,SWE,1835,1517.0,
Sweden,SWE,1836,1565.0,
Sweden,SWE,1837,1554.0,
Sweden,SWE,1838,1529.0,
Sweden,SWE,1839,1546.0,
Sweden,SWE,1840,1568.0,
Sweden,SWE,1841,1549.0,
Sweden,SWE,1842,1476.0,
Sweden,SWE,1843,1508.0,
Sweden,SWE,1844,1573.0,
Sweden,SWE,1845,1610.0,
Sweden,SWE,1846,1554.0,
Sweden,SWE,1847,1594.0,
Sweden,SWE,1848,1612.0,
Sweden,SWE,1849,1672.0,
Sweden,SWE,1850,1715.0,
Sweden,SWE,1851,1682.0,
Sweden,SWE,1852,1645.0,
Sweden,SWE,1853,1667.0,
Sweden,SWE,1854,1685.0,
Sweden,SWE,1855,1788.0,
Sweden,SWE,1856,1771.0,
Sweden,SWE,1857,1819.0,
Sweden,SWE,1858,1841.0,
Sweden,SWE,1859,1906.0,
Sweden,SWE,1860,1941.0,
Sweden,SWE,1861,1865.0,
Sweden,SWE,1862,1808.0,
Sweden,SWE,1863,1886.0,
Sweden,SWE,1864,1919.0,
Sweden,SWE,1865,1953.0,
Sweden,SWE,1866,1921.0,
Sweden,SWE,1867,1949.0,
Sweden,SWE,1868,1774.0,
Sweden,SWE,1869,1902.0,
Sweden,SWE,1870,2144.0,
Sweden,SWE,1871,2219.0,
Sweden,SWE,1872,2259.0,
Sweden,SWE,1873,2284.0,
Sweden,SWE,1874,2370.0,
Sweden,SWE,1875,2286.0,
Sweden,SWE,1876,2431.0,
Sweden,SWE,1877,2377.0,
Sweden,SWE,1878,2291.0,
Sweden,SWE,1879,2416.0,
Sweden,SWE,1880,2359.0,
Sweden,SWE,1881,2444.0,
Sweden,SWE,1882,2354.0,
Sweden,SWE,1883,2531.0,
Sweden,SWE,1884,2477.0,
Sweden,SWE,1885,2522.0,
Sweden,SWE,1886,2547.0,
Sweden,SWE,1887,2471.0,
Sweden,SWE,1888,2511.0,
Sweden,SWE,1889,2549.0,
Sweden,SWE,1890,2606.0,
Sweden,SWE,1891,2748.0,
Sweden,SWE,1892,2713.0,
Sweden,SWE,1893,2778.0,
Sweden,SWE,1894,2791.0,
Sweden,SWE,1895,2927.0,
Sweden,SWE,1896,3003.0,
Sweden,SWE,1897,3121.0,
Sweden,SWE,1898,3228.0,
Sweden,SWE,1899,3308.0,
Sweden,SWE,1900,3320.0,
Sweden,SWE,1901,3406.0,
Sweden,SWE,1902,3362.0,
Sweden,SWE,1903,3539.0,
Sweden,SWE,1904,3599.0,
Sweden,SWE,1905,3547.0,
Sweden,SWE,1906,3830.0,
Sweden,SWE,1907,4085.0,
Sweden,SWE,1908,3959.0,
Sweden,SWE,1909,3980.0,
Sweden,SWE,1910,4053.0,
Sweden,SWE,1911,4154.0,
Sweden,SWE,1912,4312.0,
Sweden,SWE,1913,4581.0,
Sweden,SWE,1914,4678.0,
Sweden,SWE,1915,4841.0,
Sweden,SWE,1916,5109.0,
Sweden,SWE,1917,4799.0,
Sweden,SWE,1918,4434.0,
Sweden,SWE,1919,4503.0,
Sweden,SWE,1920,4788.0,
Sweden,SWE,1921,4543.0,
Sweden,SWE,1922,4868.0,
Sweden,SWE,1923,5023.0,
Sweden,SWE,1924,5365.0,
Sweden,SWE,1925,5488.0,
Sweden,SWE,1926,5756.0,
Sweden,SWE,1927,5942.0,
Sweden,SWE,1928,6113.0,
Sweden,SWE,1929,6476.0,
Sweden,SWE,1930,6755.0,
Sweden,SWE,1931,6582.0,
Sweden,SWE,1932,6325.0,
Sweden,SWE,1933,6429.0,
Sweden,SWE,1934,6845.0,
Sweden,SWE,1935,7160.0,
Sweden,SWE,1936,7396.0,
Sweden,SWE,1937,7579.0,
Sweden,SWE,1938,7812.0,
Sweden,SWE,1939,8370.0,
Sweden,SWE,1940,7739.0,
Sweden,SWE,1941,7511.0,
Sweden,SWE,1942,7557.0,
Sweden,SWE,1943,7779.0,
Sweden,SWE,1944,7987.0,
Sweden,SWE,1945,8201.0,
Sweden,SWE,1946,9000.0,
Sweden,SWE,1947,9709.0,
Sweden,SWE,1948,9822.0,
Sweden,SWE,1949,10127.0,
Sweden,SWE,1950,10742.0,
Sweden,SWE,1951,11077.0,
Sweden,SWE,1952,11152.0,
Sweden,SWE,1953,11389.0,
Sweden,SWE,1954,11799.0,
Sweden,SWE,1955,12060.0,
Sweden,SWE,1956,12428.0,
Sweden,SWE,1957,12899.0,
Sweden,SWE,1958,12884.0,
Sweden,SWE,1959,13211.0,
Sweden,SWE,1960,13849.0,
Sweden,SWE,1961,14564.0,
Sweden,SWE,1962,15093.0,
Sweden,SWE,1963,15808.0,
Sweden,SWE,1964,16761.0,
Sweden,SWE,1965,17239.0,
Sweden,SWE,1966,17432.0,
Sweden,SWE,1967,17883.0,
Sweden,SWE,1968,18428.0,
Sweden,SWE,1969,19215.0,
Sweden,SWE,1970,20269.0,
Sweden,SWE,1971,20320.0,
Sweden,SWE,1972,20725.0,
Sweden,SWE,1973,21509.0,
Sweden,SWE,1974,22132.0,
Sweden,SWE,1975,22607.0,
Sweden,SWE,1976,22765.0,
Sweden,SWE,1977,22322.0,
Sweden,SWE,1978,22646.0,
Sweden,SWE,1979,23465.0,
Sweden,SWE,1980,23809.0,
Sweden,SWE,1981,23777.0,
Sweden,SWE,1982,24002.0,
Sweden,SWE,1983,24412.0,
Sweden,SWE,1984,25357.0,
Sweden,SWE,1985,25805.0,
Sweden,SWE,1986,26309.0,
Sweden,SWE,1987,27016.0,
Sweden,SWE,1988,27468.0,
Sweden,SWE,1989,27933.0,
Sweden,SWE,1990,28068.0,
Sweden,SWE,1991,27614.035,
Sweden,SWE,1992,27198.53,
Sweden,SWE,1993,26558.824,
Sweden,SWE,1994,27505.955,
Sweden,SWE,1995,28519.443,
Sweden,SWE,1996,29012.105,
Sweden,SWE,1997,29862.666,
Sweden,SWE,1998,31187.164,
Sweden,SWE,1999,32705.215,
Sweden,SWE,2000,34202.605,
Sweden,SWE,2001,34666.664,
Sweden,SWE,2002,35569.773,
Sweden,SWE,2003,36435.754,
Sweden,SWE,2004,38016.062,
Sweden,SWE,2005,39258.992,
Sweden,SWE,2006,40992.3,
Sweden,SWE,2007,42399.844,
Sweden,SWE,2008,42189.965,
Sweden,SWE,2009,40116.312,
Sweden,SWE,2010,42634.754,
Sweden,SWE,2011,42079.0,
Sweden,SWE,2012,41523.145,
Sweden,SWE,2013,41661.805,
Sweden,SWE,2014,42346.836,
Sweden,SWE,2015,43782.457,
Sweden,SWE,2016,44131.03,
Sweden,SWE,2017,44658.484,
Sweden,SWE,2018,45003.492,
Sweden,SWE,2019,45434.402,
Sweden,SWE,2020,44128.332,
Sweden,SWE,2021,46226.543,
Sweden,SWE,2022,47126.13,
Switzerland,CHE,1,956.0,
Switzerland,CHE,1851,2444.226,
Switzerland,CHE,1852,2445.8523,
Switzerland,CHE,1853,2379.2795,
Switzerland,CHE,1854,2263.8066,
Switzerland,CHE,1855,2372.849,
Switzerland,CHE,1856,2419.271,
Switzerland,CHE,1857,2785.7952,
Switzerland,CHE,1858,2861.6667,
Switzerland,CHE,1859,2894.2627,
Switzerland,CHE,1860,2933.6306,
Switzerland,CHE,1861,2948.3127,
Switzerland,CHE,1862,2822.5137,
Switzerland,CHE,1863,2879.0244,
Switzerland,CHE,1864,2807.7927,
Switzerland,CHE,1865,2792.1978,
Switzerland,CHE,1866,2814.7017,
Switzerland,CHE,1867,2746.0227,
Switzerland,CHE,1868,3053.1145,
Switzerland,CHE,1869,3041.0286,
Switzerland,CHE,1870,2954.3765,
Switzerland,CHE,1871,3063.7175,
Switzerland,CHE,1872,3140.4868,
Switzerland,CHE,1873,3320.8613,
Switzerland,CHE,1874,3322.507,
Switzerland,CHE,1875,3598.7722,
Switzerland,CHE,1876,3851.914,
Switzerland,CHE,1877,3630.1877,
Switzerland,CHE,1878,3485.837,
Switzerland,CHE,1879,3509.2222,
Switzerland,CHE,1880,3869.3662,
Switzerland,CHE,1881,3943.4155,
Switzerland,CHE,1882,3998.6616,
Switzerland,CHE,1883,4194.2485,
Switzerland,CHE,1884,4542.094,
Switzerland,CHE,1885,4772.8643,
Switzerland,CHE,1886,5036.9907,
Switzerland,CHE,1887,5172.1685,
Switzerland,CHE,1888,5118.9014,
Switzerland,CHE,1889,5137.328,
Switzerland,CHE,1890,5309.3203,
Switzerland,CHE,1891,4937.066,
Switzerland,CHE,1892,5270.186,
Switzerland,CHE,1893,5339.89,
Switzerland,CHE,1894,5337.312,
Switzerland,CHE,1895,5632.359,
Switzerland,CHE,1896,5967.245,
Switzerland,CHE,1897,6241.8906,
Switzerland,CHE,1898,6427.509,
Switzerland,CHE,1899,6337.3184,
Switzerland,CHE,1900,6611.7783,
Switzerland,CHE,1901,6398.892,
Switzerland,CHE,1902,6616.1543,
Switzerland,CHE,1903,6472.2397,
Switzerland,CHE,1904,6879.5747,
Switzerland,CHE,1905,7184.5796,
Switzerland,CHE,1906,7584.057,
Switzerland,CHE,1907,7464.9795,
Switzerland,CHE,1908,7507.7095,
Switzerland,CHE,1909,7858.359,
Switzerland,CHE,1910,8048.3516,
Switzerland,CHE,1911,8043.9414,
Switzerland,CHE,1912,8311.78,
Switzerland,CHE,1913,8172.06,
Switzerland,CHE,1914,7595.2856,
Switzerland,CHE,1915,7459.259,
Switzerland,CHE,1916,8079.4194,
Switzerland,CHE,1917,7840.904,
Switzerland,CHE,1918,7115.6074,
Switzerland,CHE,1919,6747.268,
Switzerland,CHE,1920,7363.9595,
Switzerland,CHE,1921,5999.1416,
Switzerland,CHE,1922,7181.9536,
Switzerland,CHE,1923,7670.238,
Switzerland,CHE,1924,8195.5205,
Switzerland,CHE,1925,8385.287,
Switzerland,CHE,1926,8656.331,
Switzerland,CHE,1927,9259.937,
Switzerland,CHE,1928,9658.813,
Switzerland,CHE,1929,9920.037,
Switzerland,CHE,1930,9969.324,
Switzerland,CHE,1931,10055.485,
Switzerland,CHE,1932,9752.443,
Switzerland,CHE,1933,10009.108,
Switzerland,CHE,1934,9997.376,
Switzerland,CHE,1935,9478.808,
Switzerland,CHE,1936,9301.847,
Switzerland,CHE,1937,10039.292,
Switzerland,CHE,1938,9608.57,
Switzerland,CHE,1939,9836.152,
Switzerland,CHE,1940,9802.373,
Switzerland,CHE,1941,9217.349,
Switzerland,CHE,1942,8739.767,
Switzerland,CHE,1943,8642.973,
Switzerland,CHE,1944,8890.739,
Switzerland,CHE,1945,8839.315,
Switzerland,CHE,1946,10866.098,
Switzerland,CHE,1947,11020.95,
Switzerland,CHE,1948,11189.343,
Switzerland,CHE,1949,10943.544,
Switzerland,CHE,1950,11541.037,
Switzerland,CHE,1951,11877.894,
Switzerland,CHE,1952,12016.309,
Switzerland,CHE,1953,12470.985,
Switzerland,CHE,1954,13171.406,
Switzerland,CHE,1955,13999.488,
Switzerland,CHE,1956,14507.061,
Switzerland,CHE,1957,14667.65,
Switzerland,CHE,1958,14644.458,
Switzerland,CHE,1959,15469.592,
Switzerland,CHE,1960,16358.359,
Switzerland,CHE,1961,17307.562,
Switzerland,CHE,1962,17793.977,
Switzerland,CHE,1963,18437.84,
Switzerland,CHE,1964,19195.447,
Switzerland,CHE,1965,19802.512,
Switzerland,CHE,1966,20224.54,
Switzerland,CHE,1967,20742.252,
Switzerland,CHE,1968,21395.387,
Switzerland,CHE,1969,22307.674,
Switzerland,CHE,1970,23478.992,
Switzerland,CHE,1971,24486.979,
Switzerland,CHE,1972,25356.91,
Switzerland,CHE,1973,26003.715,
Switzerland,CHE,1974,25718.27,
Switzerland,CHE,1975,24467.992,
Switzerland,CHE,1976,24752.908,
Switzerland,CHE,1977,25430.568,
Switzerland,CHE,1978,26158.8,
Switzerland,CHE,1979,26641.096,
Switzerland,CHE,1980,27405.73,
Switzerland,CHE,1981,27729.586,
Switzerland,CHE,1982,27660.95,
Switzerland,CHE,1983,28009.328,
Switzerland,CHE,1984,28315.082,
Switzerland,CHE,1985,29416.752,
Switzerland,CHE,1986,30847.994,
Switzerland,CHE,1987,31774.371,
Switzerland,CHE,1988,32482.908,
Switzerland,CHE,1989,33315.586,
Switzerland,CHE,1990,34250.0,
Switzerland,CHE,1991,34128.64,
Switzerland,CHE,1992,34356.8,
Switzerland,CHE,1993,34625.535,
Switzerland,CHE,1994,35423.83,
Switzerland,CHE,1995,36004.23,
Switzerland,CHE,1996,36720.492,
Switzerland,CHE,1997,38165.477,
Switzerland,CHE,1998,39890.54,
Switzerland,CHE,1999,41091.637,
Switzerland,CHE,2000,43251.105,
Switzerland,CHE,2001,44398.64,
Switzerland,CHE,2002,44934.316,
Switzerland,CHE,2003,45441.598,
Switzerland,CHE,2004,47263.598,
Switzerland,CHE,2005,49273.902,
Switzerland,CHE,2006,51862.965,
Switzerland,CHE,2007,54509.54,
Switzerland,CHE,2008,56054.883,
Switzerland,CHE,2009,55171.5,
Switzerland,CHE,2010,57219.5,
Switzerland,CHE,2011,58686.0,
Switzerland,CHE,2012,58750.938,
Switzerland,CHE,2013,59120.062,
Switzerland,CHE,2014,59775.54,
Switzerland,CHE,2015,60070.867,
Switzerland,CHE,2016,60647.64,
Switzerland,CHE,2017,60903.223,
Switzerland,CHE,2018,62185.477,
Switzerland,CHE,2019,62448.598,
Switzerland,CHE,2020,60521.26,
Switzerland,CHE,2021,62595.31,
Switzerland,CHE,2022,63323.254,
Syria,SYR,1820,1084.0,
Syria,SYR,1870,1403.0,
Syria,SYR,1913,2072.0,
Syria,SYR,1950,3838.0,
Syria,SYR,1951,3609.0,
Syria,SYR,1952,4441.0,
Syria,SYR,1953,4916.0,
Syria,SYR,1954,5504.0,
Syria,SYR,1955,4844.0,
Syria,SYR,1956,5592.0,
Syria,SYR,1957,5781.0,
Syria,SYR,1958,4844.0,
Syria,SYR,1959,4881.0,
Syria,SYR,1960,4819.0,
Syria,SYR,1961,5050.0,
Syria,SYR,1962,6051.0,
Syria,SYR,1963,5855.0,
Syria,SYR,1964,5797.0,
Syria,SYR,1965,5598.0,
Syria,SYR,1966,5004.0,
Syria,SYR,1967,5246.0,
Syria,SYR,1968,5270.0,
Syria,SYR,1969,6059.0,
Syria,SYR,1970,5643.0,
Syria,SYR,1971,5992.0,
Syria,SYR,1972,7243.0,
Syria,SYR,1973,6403.0,
Syria,SYR,1974,7685.0,
Syria,SYR,1975,8878.0,
Syria,SYR,1976,9526.0,
Syria,SYR,1977,9094.0,
Syria,SYR,1978,9561.0,
Syria,SYR,1979,9580.0,
Syria,SYR,1980,10374.0,
Syria,SYR,1981,10984.0,
Syria,SYR,1982,10817.0,
Syria,SYR,1983,10581.0,
Syria,SYR,1984,9792.0,
Syria,SYR,1985,10026.0,
Syria,SYR,1986,9200.0,
Syria,SYR,1987,9055.0,
Syria,SYR,1988,9913.0,
Syria,SYR,1989,8735.0,
Syria,SYR,1990,9087.0,
Syria,SYR,1991,9424.123,
Syria,SYR,1992,10002.276,
Syria,SYR,1993,10072.486,
Syria,SYR,1994,9969.374,
Syria,SYR,1995,9856.483,
Syria,SYR,1996,9517.372,
Syria,SYR,1997,8826.773,
Syria,SYR,1998,8742.974,
Syria,SYR,1999,7960.292,
Syria,SYR,2000,7668.072,
Syria,SYR,2001,7509.304,
Syria,SYR,2002,7529.7017,
Syria,SYR,2003,6986.524,
Syria,SYR,2004,7051.4287,
Syria,SYR,2005,7037.7183,
Syria,SYR,2006,6901.778,
Syria,SYR,2007,6779.537,
Syria,SYR,2008,6600.379,
Syria,SYR,2009,6586.5186,
Syria,SYR,2010,6520.6123,
Syria,SYR,2011,5979.0,
Syria,SYR,2012,4443.686,
Syria,SYR,2013,3487.681,
Syria,SYR,2014,3384.4143,
Syria,SYR,2015,3464.0376,
Syria,SYR,2016,3380.5535,
Syria,SYR,2017,3422.1772,
Syria,SYR,2018,3418.6953,
Syria,SYR,2019,3385.4192,
Syria,SYR,2020,2903.7397,
Syria,SYR,2021,2682.3398,
Syria,SYR,2022,2494.7612,
Taiwan,TWN,1820,966.0,
Taiwan,TWN,1870,968.0,
Taiwan,TWN,1901,1079.0,
Taiwan,TWN,1902,1079.0,
Taiwan,TWN,1903,1278.0,
Taiwan,TWN,1904,1218.0,
Taiwan,TWN,1905,985.0,
Taiwan,TWN,1906,1038.0,
Taiwan,TWN,1907,1149.0,
Taiwan,TWN,1908,1186.0,
Taiwan,TWN,1909,1323.0,
Taiwan,TWN,1910,1345.0,
Taiwan,TWN,1911,1258.0,
Taiwan,TWN,1912,1183.0,
Taiwan,TWN,1913,1286.0,
Taiwan,TWN,1914,1240.0,
Taiwan,TWN,1915,1291.0,
Taiwan,TWN,1916,1392.0,
Taiwan,TWN,1917,1561.0,
Taiwan,TWN,1918,1492.0,
Taiwan,TWN,1919,1533.0,
Taiwan,TWN,1920,1513.0,
Taiwan,TWN,1921,1561.0,
Taiwan,TWN,1922,1728.0,
Taiwan,TWN,1923,1760.0,
Taiwan,TWN,1924,1889.0,
Taiwan,TWN,1925,1959.0,
Taiwan,TWN,1926,1954.0,
Taiwan,TWN,1927,1919.0,
Taiwan,TWN,1928,1934.0,
Taiwan,TWN,1929,1991.0,
Taiwan,TWN,1930,2021.0,
Taiwan,TWN,1931,1997.0,
Taiwan,TWN,1932,2066.0,
Taiwan,TWN,1933,1957.0,
Taiwan,TWN,1934,2012.0,
Taiwan,TWN,1935,2169.0,
Taiwan,TWN,1936,2246.0,
Taiwan,TWN,1937,2212.0,
Taiwan,TWN,1938,2295.0,
Taiwan,TWN,1939,2200.0,
Taiwan,TWN,1940,1992.0,
Taiwan,TWN,1950,1460.0,
Taiwan,TWN,1951,1513.0,
Taiwan,TWN,1952,1639.0,
Taiwan,TWN,1953,1728.0,
Taiwan,TWN,1954,1825.0,
Taiwan,TWN,1955,1895.0,
Taiwan,TWN,1956,1926.0,
Taiwan,TWN,1957,1997.0,
Taiwan,TWN,1958,2056.0,
Taiwan,TWN,1959,2118.0,
Taiwan,TWN,1960,2157.0,
Taiwan,TWN,1961,2228.0,
Taiwan,TWN,1962,2326.0,
Taiwan,TWN,1963,2463.0,
Taiwan,TWN,1964,2676.0,
Taiwan,TWN,1965,2885.0,
Taiwan,TWN,1966,3054.0,
Taiwan,TWN,1967,3300.0,
Taiwan,TWN,1968,3484.0,
Taiwan,TWN,1969,3720.0,
Taiwan,TWN,1970,4044.0,
Taiwan,TWN,1971,4470.0,
Taiwan,TWN,1972,4962.0,
Taiwan,TWN,1973,5496.0,
Taiwan,TWN,1974,5455.0,
Taiwan,TWN,1975,5614.0,
Taiwan,TWN,1976,6245.0,
Taiwan,TWN,1977,6752.0,
Taiwan,TWN,1978,7519.0,
Taiwan,TWN,1979,7967.0,
Taiwan,TWN,1980,8384.0,
Taiwan,TWN,1981,8749.0,
Taiwan,TWN,1982,8910.0,
Taiwan,TWN,1983,9530.0,
Taiwan,TWN,1984,10394.0,
Taiwan,TWN,1985,10779.0,
Taiwan,TWN,1986,11918.0,
Taiwan,TWN,1987,13705.0,
Taiwan,TWN,1988,14183.0,
Taiwan,TWN,1989,15203.0,
Taiwan,TWN,1990,15841.0,
Taiwan,TWN,1991,16934.814,
Taiwan,TWN,1992,18101.332,
Taiwan,TWN,1993,19087.598,
Taiwan,TWN,1994,20269.266,
Taiwan,TWN,1995,21329.686,
Taiwan,TWN,1996,22390.053,
Taiwan,TWN,1997,23437.768,
Taiwan,TWN,1998,24131.22,
Taiwan,TWN,1999,25471.781,
Taiwan,TWN,2000,26787.445,
Taiwan,TWN,2001,26203.977,
Taiwan,TWN,2002,27425.807,
Taiwan,TWN,2003,28348.852,
Taiwan,TWN,2004,29975.139,
Taiwan,TWN,2005,31374.455,
Taiwan,TWN,2006,32867.367,
Taiwan,TWN,2007,34761.312,
Taiwan,TWN,2008,34762.367,
Taiwan,TWN,2009,33974.453,
Taiwan,TWN,2010,37385.49,
Taiwan,TWN,2011,38565.0,
Taiwan,TWN,2012,39291.184,
Taiwan,TWN,2013,40140.73,
Taiwan,TWN,2014,41930.84,
Taiwan,TWN,2015,42438.46,
Taiwan,TWN,2016,43262.195,
Taiwan,TWN,2017,44618.29,
Taiwan,TWN,2018,45817.938,
Taiwan,TWN,2019,47200.254,
Taiwan,TWN,2020,48779.438,
Taiwan,TWN,2021,51943.883,
Taiwan,TWN,2022,53142.984,
Tajikistan,TJK,1973,6527.0,
Tajikistan,TJK,1980,5746.0,
Tajikistan,TJK,1981,5622.0,
Tajikistan,TJK,1982,5498.0,
Tajikistan,TJK,1983,5547.0,
Tajikistan,TJK,1984,5469.0,
Tajikistan,TJK,1985,5364.0,
Tajikistan,TJK,1986,5319.0,
Tajikistan,TJK,1987,5040.0,
Tajikistan,TJK,1988,5515.0,
Tajikistan,TJK,1989,4962.0,
Tajikistan,TJK,1990,4803.0,
Tajikistan,TJK,1991,4270.37,
Tajikistan,TJK,1992,2832.7034,
Tajikistan,TJK,1993,2482.4136,
Tajikistan,TJK,1994,1928.3185,
Tajikistan,TJK,1995,1666.184,
Tajikistan,TJK,1996,1559.5212,
Tajikistan,TJK,1997,1552.6323,
Tajikistan,TJK,1998,1589.3315,
Tajikistan,TJK,1999,1621.3206,
Tajikistan,TJK,2000,1723.3563,
Tajikistan,TJK,2001,1845.4783,
Tajikistan,TJK,2002,1982.8837,
Tajikistan,TJK,2003,2135.9082,
Tajikistan,TJK,2004,2301.292,
Tajikistan,TJK,2005,2416.867,
Tajikistan,TJK,2006,2524.8447,
Tajikistan,TJK,2007,2647.2095,
Tajikistan,TJK,2008,2801.7761,
Tajikistan,TJK,2009,2853.8884,
Tajikistan,TJK,2010,2975.9268,
Tajikistan,TJK,2011,3111.0,
Tajikistan,TJK,2012,3283.9092,
Tajikistan,TJK,2013,3464.207,
Tajikistan,TJK,2014,3631.8794,
Tajikistan,TJK,2015,3784.3435,
Tajikistan,TJK,2016,3978.5557,
Tajikistan,TJK,2017,4192.402,
Tajikistan,TJK,2018,4440.1567,
Tajikistan,TJK,2019,4695.543,
Tajikistan,TJK,2020,4828.3936,
Tajikistan,TJK,2021,5205.606,
Tajikistan,TJK,2022,5507.5454,
Tanzania,TZA,1950,676.0,
Tanzania,TZA,1951,743.0,
Tanzania,TZA,1952,740.0,
Tanzania,TZA,1953,697.0,
Tanzania,TZA,1954,735.0,
Tanzania,TZA,1955,733.0,
Tanzania,TZA,1956,724.0,
Tanzania,TZA,1957,720.0,
Tanzania,TZA,1958,708.0,
Tanzania,TZA,1959,724.0,
Tanzania,TZA,1960,732.0,
Tanzania,TZA,1961,703.0,
Tanzania,TZA,1962,746.0,
Tanzania,TZA,1963,770.0,
Tanzania,TZA,1964,787.0,
Tanzania,TZA,1965,792.0,
Tanzania,TZA,1966,867.0,
Tanzania,TZA,1967,875.0,
Tanzania,TZA,1968,894.0,
Tanzania,TZA,1969,883.0,
Tanzania,TZA,1970,905.0,
Tanzania,TZA,1971,915.0,
Tanzania,TZA,1972,945.0,
Tanzania,TZA,1973,945.0,
Tanzania,TZA,1974,937.0,
Tanzania,TZA,1975,956.0,
Tanzania,TZA,1976,996.0,
Tanzania,TZA,1977,993.0,
Tanzania,TZA,1978,993.0,
Tanzania,TZA,1979,977.0,
Tanzania,TZA,1980,958.0,
Tanzania,TZA,1981,920.0,
Tanzania,TZA,1982,905.0,
Tanzania,TZA,1983,875.0,
Tanzania,TZA,1984,870.0,
Tanzania,TZA,1985,843.0,
Tanzania,TZA,1986,845.0,
Tanzania,TZA,1987,859.0,
Tanzania,TZA,1988,867.0,
Tanzania,TZA,1989,870.0,
Tanzania,TZA,1990,875.0,
Tanzania,TZA,1991,891.8943,
Tanzania,TZA,1992,895.4806,
Tanzania,TZA,1993,900.4133,
Tanzania,TZA,1994,904.75745,
Tanzania,TZA,1995,931.00275,
Tanzania,TZA,1996,979.7304,
Tanzania,TZA,1997,1017.1681,
Tanzania,TZA,1998,1052.0751,
Tanzania,TZA,1999,1100.3531,
Tanzania,TZA,2000,1148.6802,
Tanzania,TZA,2001,1213.6268,
Tanzania,TZA,2002,1293.2051,
Tanzania,TZA,2003,1369.9391,
Tanzania,TZA,2004,1464.3854,
Tanzania,TZA,2005,1554.1523,
Tanzania,TZA,2006,1621.9966,
Tanzania,TZA,2007,1754.4626,
Tanzania,TZA,2008,1848.1746,
Tanzania,TZA,2009,1946.8481,
Tanzania,TZA,2010,2068.8638,
Tanzania,TZA,2011,2227.0,
Tanzania,TZA,2012,2271.4644,
Tanzania,TZA,2013,2353.3416,
Tanzania,TZA,2014,2436.4563,
Tanzania,TZA,2015,2505.9724,
Tanzania,TZA,2016,2592.6619,
Tanzania,TZA,2017,2683.0535,
Tanzania,TZA,2018,2785.1824,
Tanzania,TZA,2019,2894.6472,
Tanzania,TZA,2020,2948.4724,
Tanzania,TZA,2021,3008.113,
Tanzania,TZA,2022,3057.3286,
Thailand,THA,1820,909.0,
Thailand,THA,1870,969.0,
Thailand,THA,1890,1250.0,
Thailand,THA,1913,1341.0,
Thailand,THA,1929,1264.0,
Thailand,THA,1938,1317.0,
Thailand,THA,1950,1302.0,
Thailand,THA,1951,1353.0,
Thailand,THA,1952,1385.0,
Thailand,THA,1953,1490.0,
Thailand,THA,1954,1431.0,
Thailand,THA,1955,1506.0,
Thailand,THA,1956,1482.0,
Thailand,THA,1957,1451.0,
Thailand,THA,1958,1457.0,
Thailand,THA,1959,1581.0,
Thailand,THA,1960,1718.0,
Thailand,THA,1961,1753.0,
Thailand,THA,1962,1831.0,
Thailand,THA,1963,1921.0,
Thailand,THA,1964,1991.0,
Thailand,THA,1965,2085.0,
Thailand,THA,1966,2251.0,
Thailand,THA,1967,2369.0,
Thailand,THA,1968,2488.0,
Thailand,THA,1969,2608.0,
Thailand,THA,1970,2700.0,
Thailand,THA,1971,2750.0,
Thailand,THA,1972,2786.0,
Thailand,THA,1973,2987.0,
Thailand,THA,1974,3045.0,
Thailand,THA,1975,3123.0,
Thailand,THA,1976,3333.0,
Thailand,THA,1977,3585.0,
Thailand,THA,1978,3861.0,
Thailand,THA,1979,3979.0,
Thailand,THA,1980,4071.0,
Thailand,THA,1981,4230.0,
Thailand,THA,1982,4375.0,
Thailand,THA,1983,4538.0,
Thailand,THA,1984,4720.0,
Thailand,THA,1985,4862.0,
Thailand,THA,1986,5053.0,
Thailand,THA,1987,5453.0,
Thailand,THA,1988,6089.0,
Thailand,THA,1989,6735.0,
Thailand,THA,1990,7385.0,
Thailand,THA,1991,7849.7446,
Thailand,THA,1992,8409.0205,
Thailand,THA,1993,8964.292,
Thailand,THA,1994,9499.518,
Thailand,THA,1995,10080.208,
Thailand,THA,1996,10458.358,
Thailand,THA,1997,9995.618,
Thailand,THA,1998,9077.748,
Thailand,THA,1999,9347.061,
Thailand,THA,2000,9627.1045,
Thailand,THA,2001,9818.721,
Thailand,THA,2002,10276.398,
Thailand,THA,2003,10868.836,
Thailand,THA,2004,11408.326,
Thailand,THA,2005,11742.128,
Thailand,THA,2006,12180.711,
Thailand,THA,2007,12694.715,
Thailand,THA,2008,12768.129,
Thailand,THA,2009,12543.398,
Thailand,THA,2010,13343.547,
Thailand,THA,2011,13318.0,
Thailand,THA,2012,14202.251,
Thailand,THA,2013,14504.184,
Thailand,THA,2014,14571.971,
Thailand,THA,2015,14960.908,
Thailand,THA,2016,15411.534,
Thailand,THA,2017,15994.506,
Thailand,THA,2018,16610.05,
Thailand,THA,2019,16905.293,
Thailand,THA,2020,15815.915,
Thailand,THA,2021,16019.519,
Thailand,THA,2022,16421.072,
Togo,TGO,1950,870.0,
Togo,TGO,1951,885.0,
Togo,TGO,1952,899.0,
Togo,TGO,1953,913.0,
Togo,TGO,1954,928.0,
Togo,TGO,1955,940.0,
Togo,TGO,1956,955.0,
Togo,TGO,1957,969.0,
Togo,TGO,1958,982.0,
Togo,TGO,1959,995.0,
Togo,TGO,1960,1058.0,
Togo,TGO,1961,1103.0,
Togo,TGO,1962,1117.0,
Togo,TGO,1963,1143.0,
Togo,TGO,1964,1275.0,
Togo,TGO,1965,1412.0,
Togo,TGO,1966,1503.0,
Togo,TGO,1967,1546.0,
Togo,TGO,1968,1581.0,
Togo,TGO,1969,1707.0,
Togo,TGO,1970,1631.0,
Togo,TGO,1971,1699.0,
Togo,TGO,1972,1709.0,
Togo,TGO,1973,1591.0,
Togo,TGO,1974,1612.0,
Togo,TGO,1975,1556.0,
Togo,TGO,1976,1505.0,
Togo,TGO,1977,1543.0,
Togo,TGO,1978,1650.0,
Togo,TGO,1979,1698.0,
Togo,TGO,1980,1572.0,
Togo,TGO,1981,1423.0,
Togo,TGO,1982,1323.0,
Togo,TGO,1983,1211.0,
Togo,TGO,1984,1239.0,
Togo,TGO,1985,1240.0,
Togo,TGO,1986,1237.0,
Togo,TGO,1987,1165.0,
Togo,TGO,1988,1239.0,
Togo,TGO,1989,1246.0,
Togo,TGO,1990,1275.0,
Togo,TGO,1991,1249.168,
Togo,TGO,1992,1181.8712,
Togo,TGO,1993,1003.16486,
Togo,TGO,1994,1145.7776,
Togo,TGO,1995,1170.5977,
Togo,TGO,1996,1215.74,
Togo,TGO,1997,1226.327,
Togo,TGO,1998,1174.8528,
Togo,TGO,1999,1183.013,
Togo,TGO,2000,1150.366,
Togo,TGO,2001,1115.5503,
Togo,TGO,2002,1081.7445,
Togo,TGO,2003,1114.4639,
Togo,TGO,2004,1121.8059,
Togo,TGO,2005,1119.8043,
Togo,TGO,2006,1144.8815,
Togo,TGO,2007,1145.9207,
Togo,TGO,2008,1150.3579,
Togo,TGO,2009,1165.8888,
Togo,TGO,2010,1191.1449,
Togo,TGO,2011,1227.0,
Togo,TGO,2012,1263.0,
Togo,TGO,2013,1292.0,
Togo,TGO,2014,1334.0,
Togo,TGO,2015,1370.0,
Togo,TGO,2016,1412.9878,
Togo,TGO,2017,1433.7917,
Togo,TGO,2018,1466.341,
Togo,TGO,2019,1501.8667,
Togo,TGO,2020,1482.7515,
Togo,TGO,2021,1534.8236,
Togo,TGO,2022,1586.5889,
Trinidad and Tobago,TTO,1950,5856.0,
Trinidad and Tobago,TTO,1951,6207.0,
Trinidad and Tobago,TTO,1952,6282.0,
Trinidad and Tobago,TTO,1953,6303.0,
Trinidad and Tobago,TTO,1954,6239.0,
Trinidad and Tobago,TTO,1955,6880.0,
Trinidad and Tobago,TTO,1956,8064.0,
Trinidad and Tobago,TTO,1957,8518.0,
Trinidad and Tobago,TTO,1958,8941.0,
Trinidad and Tobago,TTO,1959,9154.0,
Trinidad and Tobago,TTO,1960,9964.0,
Trinidad and Tobago,TTO,1961,10155.0,
Trinidad and Tobago,TTO,1962,10383.0,
Trinidad and Tobago,TTO,1963,10708.0,
Trinidad and Tobago,TTO,1964,10841.0,
Trinidad and Tobago,TTO,1965,11206.0,
Trinidad and Tobago,TTO,1966,11531.0,
Trinidad and Tobago,TTO,1967,11679.0,
Trinidad and Tobago,TTO,1968,12248.0,
Trinidad and Tobago,TTO,1969,12588.0,
Trinidad and Tobago,TTO,1970,13141.0,
Trinidad and Tobago,TTO,1971,13185.0,
Trinidad and Tobago,TTO,1972,13753.0,
Trinidad and Tobago,TTO,1973,13844.0,
Trinidad and Tobago,TTO,1974,14430.0,
Trinidad and Tobago,TTO,1975,14534.0,
Trinidad and Tobago,TTO,1976,15696.0,
Trinidad and Tobago,TTO,1977,16412.0,
Trinidad and Tobago,TTO,1978,18042.0,
Trinidad and Tobago,TTO,1979,18568.0,
Trinidad and Tobago,TTO,1980,19734.0,
Trinidad and Tobago,TTO,1981,20298.0,
Trinidad and Tobago,TTO,1982,18771.0,
Trinidad and Tobago,TTO,1983,16982.0,
Trinidad and Tobago,TTO,1984,17680.0,
Trinidad and Tobago,TTO,1985,16671.0,
Trinidad and Tobago,TTO,1986,15871.0,
Trinidad and Tobago,TTO,1987,14929.0,
Trinidad and Tobago,TTO,1988,14198.0,
Trinidad and Tobago,TTO,1989,13970.0,
Trinidad and Tobago,TTO,1990,14112.0,
Trinidad and Tobago,TTO,1991,14060.736,
Trinidad and Tobago,TTO,1992,14195.952,
Trinidad and Tobago,TTO,1993,13745.797,
Trinidad and Tobago,TTO,1994,13350.896,
Trinidad and Tobago,TTO,1995,14187.659,
Trinidad and Tobago,TTO,1996,15004.265,
Trinidad and Tobago,TTO,1997,15931.672,
Trinidad and Tobago,TTO,1998,17013.754,
Trinidad and Tobago,TTO,1999,18159.916,
Trinidad and Tobago,TTO,2000,19179.918,
Trinidad and Tobago,TTO,2001,19736.68,
Trinidad and Tobago,TTO,2002,21052.45,
Trinidad and Tobago,TTO,2003,23814.066,
Trinidad and Tobago,TTO,2004,25403.27,
Trinidad and Tobago,TTO,2005,26651.834,
Trinidad and Tobago,TTO,2006,29792.424,
Trinidad and Tobago,TTO,2007,30806.174,
Trinidad and Tobago,TTO,2008,31434.305,
Trinidad and Tobago,TTO,2009,29657.463,
Trinidad and Tobago,TTO,2010,30235.994,
Trinidad and Tobago,TTO,2011,29745.0,
Trinidad and Tobago,TTO,2012,30944.223,
Trinidad and Tobago,TTO,2013,31976.953,
Trinidad and Tobago,TTO,2014,32878.203,
Trinidad and Tobago,TTO,2015,32480.59,
Trinidad and Tobago,TTO,2016,30158.125,
Trinidad and Tobago,TTO,2017,28618.176,
Trinidad and Tobago,TTO,2018,27863.434,
Trinidad and Tobago,TTO,2019,27582.568,
Trinidad and Tobago,TTO,2020,25548.51,
Trinidad and Tobago,TTO,2021,25237.664,
Trinidad and Tobago,TTO,2022,25773.006,
Tunisia,TUN,1,1116.0,
Tunisia,TUN,1820,685.0,
Tunisia,TUN,1870,1009.0,
Tunisia,TUN,1913,1407.0,
Tunisia,TUN,1950,1777.0,
Tunisia,TUN,1951,1763.0,
Tunisia,TUN,1952,1945.0,
Tunisia,TUN,1953,1983.0,
Tunisia,TUN,1954,1991.0,
Tunisia,TUN,1955,1855.0,
Tunisia,TUN,1956,1949.0,
Tunisia,TUN,1957,1847.0,
Tunisia,TUN,1958,2058.0,
Tunisia,TUN,1959,1940.0,
Tunisia,TUN,1960,2141.0,
Tunisia,TUN,1961,2289.0,
Tunisia,TUN,1962,2198.0,
Tunisia,TUN,1963,2480.0,
Tunisia,TUN,1964,2533.0,
Tunisia,TUN,1965,2635.0,
Tunisia,TUN,1966,2636.0,
Tunisia,TUN,1967,2558.0,
Tunisia,TUN,1968,2766.0,
Tunisia,TUN,1969,2805.0,
Tunisia,TUN,1970,2912.0,
Tunisia,TUN,1971,3159.0,
Tunisia,TUN,1972,3645.0,
Tunisia,TUN,1973,3540.0,
Tunisia,TUN,1974,3735.0,
Tunisia,TUN,1975,3899.0,
Tunisia,TUN,1976,4095.0,
Tunisia,TUN,1977,4132.0,
Tunisia,TUN,1978,4304.0,
Tunisia,TUN,1979,4481.0,
Tunisia,TUN,1980,4693.0,
Tunisia,TUN,1981,4830.0,
Tunisia,TUN,1982,4713.0,
Tunisia,TUN,1983,4844.0,
Tunisia,TUN,1984,4890.0,
Tunisia,TUN,1985,5039.0,
Tunisia,TUN,1986,4841.0,
Tunisia,TUN,1987,5043.0,
Tunisia,TUN,1988,4940.0,
Tunisia,TUN,1989,5023.0,
Tunisia,TUN,1990,5316.0,
Tunisia,TUN,1991,5446.228,
Tunisia,TUN,1992,5789.955,
Tunisia,TUN,1993,5843.0684,
Tunisia,TUN,1994,5968.8447,
Tunisia,TUN,1995,6048.7476,
Tunisia,TUN,1996,6388.394,
Tunisia,TUN,1997,6680.1035,
Tunisia,TUN,1998,6944.661,
Tunisia,TUN,1999,7297.4746,
Tunisia,TUN,2000,7548.438,
Tunisia,TUN,2001,7848.094,
Tunisia,TUN,2002,7916.6797,
Tunisia,TUN,2003,8281.715,
Tunisia,TUN,2004,8705.084,
Tunisia,TUN,2005,8983.384,
Tunisia,TUN,2006,9420.023,
Tunisia,TUN,2007,9932.938,
Tunisia,TUN,2008,10294.922,
Tunisia,TUN,2009,10533.218,
Tunisia,TUN,2010,10721.812,
Tunisia,TUN,2011,10437.0,
Tunisia,TUN,2012,10750.85,
Tunisia,TUN,2013,10881.511,
Tunisia,TUN,2014,11084.781,
Tunisia,TUN,2015,11063.081,
Tunisia,TUN,2016,11064.023,
Tunisia,TUN,2017,11194.365,
Tunisia,TUN,2018,11376.29,
Tunisia,TUN,2019,11451.897,
Tunisia,TUN,2020,10354.239,
Tunisia,TUN,2021,10726.256,
Tunisia,TUN,2022,10913.846,
Turkey,TUR,1,897.0,
Turkey,TUR,1000,768.0,
Turkey,TUR,1150,743.0,
Turkey,TUR,1348,743.0,
Turkey,TUR,1450,781.0,
Turkey,TUR,1500,768.0,
Turkey,TUR,1650,832.0,
Turkey,TUR,1700,897.0,
Turkey,TUR,1750,923.0,
Turkey,TUR,1820,974.0,
Turkey,TUR,1870,1165.0,
Turkey,TUR,1913,1473.0,
Turkey,TUR,1918,832.0,
Turkey,TUR,1923,999.0,
Turkey,TUR,1924,1084.0,
Turkey,TUR,1925,1199.0,
Turkey,TUR,1926,1382.0,
Turkey,TUR,1927,1248.0,
Turkey,TUR,1928,1361.0,
Turkey,TUR,1929,1554.0,
Turkey,TUR,1930,1600.0,
Turkey,TUR,1931,1669.0,
Turkey,TUR,1932,1543.0,
Turkey,TUR,1933,1718.0,
Turkey,TUR,1934,1731.0,
Turkey,TUR,1935,1739.0,
Turkey,TUR,1936,2034.0,
Turkey,TUR,1937,2066.0,
Turkey,TUR,1938,2209.0,
Turkey,TUR,1939,2324.0,
Turkey,TUR,1940,2146.0,
Turkey,TUR,1941,1932.0,
Turkey,TUR,1942,1994.0,
Turkey,TUR,1943,1792.0,
Turkey,TUR,1944,1696.0,
Turkey,TUR,1945,1452.0,
Turkey,TUR,1946,1831.0,
Turkey,TUR,1947,1890.0,
Turkey,TUR,1948,2098.0,
Turkey,TUR,1949,1946.0,
Turkey,TUR,1950,2079.0,
Turkey,TUR,1951,2299.0,
Turkey,TUR,1952,2522.0,
Turkey,TUR,1953,2745.0,
Turkey,TUR,1954,2609.0,
Turkey,TUR,1955,2754.0,
Turkey,TUR,1956,2777.0,
Turkey,TUR,1957,2920.0,
Turkey,TUR,1958,2973.0,
Turkey,TUR,1959,3030.0,
Turkey,TUR,1960,3041.0,
Turkey,TUR,1961,3022.0,
Turkey,TUR,1962,3142.0,
Turkey,TUR,1963,3374.0,
Turkey,TUR,1964,3453.0,
Turkey,TUR,1965,3481.0,
Turkey,TUR,1966,3824.0,
Turkey,TUR,1967,3929.0,
Turkey,TUR,1968,4122.0,
Turkey,TUR,1969,4267.0,
Turkey,TUR,1970,4398.0,
Turkey,TUR,1971,4715.0,
Turkey,TUR,1972,4929.0,
Turkey,TUR,1973,5050.0,
Turkey,TUR,1974,5353.0,
Turkey,TUR,1975,5719.0,
Turkey,TUR,1976,6110.0,
Turkey,TUR,1977,6271.0,
Turkey,TUR,1978,6350.0,
Turkey,TUR,1979,6204.0,
Turkey,TUR,1980,6070.0,
Turkey,TUR,1981,6201.0,
Turkey,TUR,1982,6381.0,
Turkey,TUR,1983,6489.0,
Turkey,TUR,1984,6736.0,
Turkey,TUR,1985,6958.0,
Turkey,TUR,1986,7323.0,
Turkey,TUR,1987,7838.0,
Turkey,TUR,1988,8019.0,
Turkey,TUR,1989,7992.0,
Turkey,TUR,1990,8606.0,
Turkey,TUR,1991,8658.379,
Turkey,TUR,1992,9150.435,
Turkey,TUR,1993,9865.301,
Turkey,TUR,1994,9308.695,
Turkey,TUR,1995,9962.536,
Turkey,TUR,1996,10644.634,
Turkey,TUR,1997,11432.437,
Turkey,TUR,1998,11772.83,
Turkey,TUR,1999,11151.674,
Turkey,TUR,2000,11904.008,
Turkey,TUR,2001,10950.992,
Turkey,TUR,2002,11753.953,
Turkey,TUR,2003,12380.207,
Turkey,TUR,2004,13423.795,
Turkey,TUR,2005,14487.758,
Turkey,TUR,2006,15425.188,
Turkey,TUR,2007,16090.835,
Turkey,TUR,2008,16182.732,
Turkey,TUR,2009,15188.421,
Turkey,TUR,2010,16528.12,
Turkey,TUR,2011,17919.0,
Turkey,TUR,2012,18539.223,
Turkey,TUR,2013,19855.717,
Turkey,TUR,2014,20557.4,
Turkey,TUR,2015,21519.33,
Turkey,TUR,2016,21937.162,
Turkey,TUR,2017,23278.996,
Turkey,TUR,2018,23650.49,
Turkey,TUR,2019,23497.504,
Turkey,TUR,2020,23721.88,
Turkey,TUR,2021,26175.93,
Turkey,TUR,2022,27361.988,
Turkmenistan,TKM,1973,7693.0,
Turkmenistan,TKM,1980,6763.0,
Turkmenistan,TKM,1981,6666.0,
Turkmenistan,TKM,1982,6575.0,
Turkmenistan,TKM,1983,6535.0,
Turkmenistan,TKM,1984,6314.0,
Turkmenistan,TKM,1985,6186.0,
Turkmenistan,TKM,1986,6204.0,
Turkmenistan,TKM,1987,6194.0,
Turkmenistan,TKM,1988,6601.0,
Turkmenistan,TKM,1989,5915.0,
Turkmenistan,TKM,1990,5796.0,
Turkmenistan,TKM,1991,5457.757,
Turkmenistan,TKM,1992,4587.7637,
Turkmenistan,TKM,1993,4604.3843,
Turkmenistan,TKM,1994,3769.6248,
Turkmenistan,TKM,1995,3473.6802,
Turkmenistan,TKM,1996,3226.9849,
Turkmenistan,TKM,1997,2856.1487,
Turkmenistan,TKM,1998,3037.7043,
Turkmenistan,TKM,1999,3527.1604,
Turkmenistan,TKM,2000,4173.195,
Turkmenistan,TKM,2001,5014.0625,
Turkmenistan,TKM,2002,5795.641,
Turkmenistan,TKM,2003,6784.561,
Turkmenistan,TKM,2004,7781.7437,
Turkmenistan,TKM,2005,8791.676,
Turkmenistan,TKM,2006,9752.355,
Turkmenistan,TKM,2007,10829.376,
Turkmenistan,TKM,2008,12426.719,
Turkmenistan,TKM,2009,13188.448,
Turkmenistan,TKM,2010,14397.149,
Turkmenistan,TKM,2011,16518.0,
Turkmenistan,TKM,2012,17333.729,
Turkmenistan,TKM,2013,17080.463,
Turkmenistan,TKM,2014,17536.766,
Turkmenistan,TKM,2015,17857.26,
Turkmenistan,TKM,2016,17484.646,
Turkmenistan,TKM,2017,18104.434,
Turkmenistan,TKM,2018,18064.107,
Turkmenistan,TKM,2019,17264.172,
Turkmenistan,TKM,2020,16580.84,
Turkmenistan,TKM,2021,17169.06,
Turkmenistan,TKM,2022,17234.555,
USSR,OWID_USS,1860,1525.3003,
USSR,OWID_USS,1861,1471.9955,
USSR,OWID_USS,1862,1323.5865,
USSR,OWID_USS,1863,1596.9452,
USSR,OWID_USS,1864,1302.5801,
USSR,OWID_USS,1865,1176.1147,
USSR,OWID_USS,1866,1438.1261,
USSR,OWID_USS,1867,1228.6896,
USSR,OWID_USS,1868,1249.9056,
USSR,OWID_USS,1869,1242.7461,
USSR,OWID_USS,1870,1595.9392,
USSR,OWID_USS,1871,1324.2924,
USSR,OWID_USS,1872,1409.526,
USSR,OWID_USS,1873,1427.0822,
USSR,OWID_USS,1874,1745.561,
USSR,OWID_USS,1875,1327.5149,
USSR,OWID_USS,1876,1350.6027,
USSR,OWID_USS,1877,1663.339,
USSR,OWID_USS,1878,1730.8638,
USSR,OWID_USS,1879,1451.7937,
USSR,OWID_USS,1880,1342.7891,
USSR,OWID_USS,1881,1714.0907,
USSR,OWID_USS,1882,1490.4083,
USSR,OWID_USS,1883,1553.076,
USSR,OWID_USS,1884,1532.9326,
USSR,OWID_USS,1885,1379.0,
USSR,OWID_USS,1886,1326.0,
USSR,OWID_USS,1887,1549.0,
USSR,OWID_USS,1888,1490.0,
USSR,OWID_USS,1889,1387.0,
USSR,OWID_USS,1890,1380.0,
USSR,OWID_USS,1891,1264.0,
USSR,OWID_USS,1892,1385.0,
USSR,OWID_USS,1893,1568.0,
USSR,OWID_USS,1894,1784.0,
USSR,OWID_USS,1895,1651.0,
USSR,OWID_USS,1896,1819.0,
USSR,OWID_USS,1897,1788.0,
USSR,OWID_USS,1898,1835.0,
USSR,OWID_USS,1899,1948.0,
USSR,OWID_USS,1900,1906.0,
USSR,OWID_USS,1901,1953.0,
USSR,OWID_USS,1902,2123.0,
USSR,OWID_USS,1903,1977.0,
USSR,OWID_USS,1904,2185.0,
USSR,OWID_USS,1905,1935.0,
USSR,OWID_USS,1906,1849.0,
USSR,OWID_USS,1907,1776.0,
USSR,OWID_USS,1908,1940.0,
USSR,OWID_USS,1909,2015.0,
USSR,OWID_USS,1910,2149.0,
USSR,OWID_USS,1911,1986.0,
USSR,OWID_USS,1912,2146.0,
USSR,OWID_USS,1913,2254.0,
USSR,OWID_USS,1914,2152.0,
USSR,OWID_USS,1915,2216.0,
USSR,OWID_USS,1916,1969.0,
USSR,OWID_USS,1917,1729.0,
USSR,OWID_USS,1918,1058.0,
USSR,OWID_USS,1919,913.0,
USSR,OWID_USS,1920,917.0,
USSR,OWID_USS,1921,838.0,
USSR,OWID_USS,1922,974.0,
USSR,OWID_USS,1923,1122.0,
USSR,OWID_USS,1924,1420.0,
USSR,OWID_USS,1925,1776.0,
USSR,OWID_USS,1926,1994.0,
USSR,OWID_USS,1927,2077.0,
USSR,OWID_USS,1928,2184.0,
USSR,OWID_USS,1929,2209.0,
USSR,OWID_USS,1930,2308.0,
USSR,OWID_USS,1931,2330.0,
USSR,OWID_USS,1932,2294.0,
USSR,OWID_USS,1933,2380.0,
USSR,OWID_USS,1934,2598.0,
USSR,OWID_USS,1935,2971.0,
USSR,OWID_USS,1936,3174.0,
USSR,OWID_USS,1937,3437.0,
USSR,OWID_USS,1938,3427.0,
USSR,OWID_USS,1939,3566.0,
USSR,OWID_USS,1940,3417.0,
USSR,OWID_USS,1946,3049.0,
USSR,OWID_USS,1947,3389.0,
USSR,OWID_USS,1948,3829.0,
USSR,OWID_USS,1949,4181.0,
USSR,OWID_USS,1950,4529.0,
USSR,OWID_USS,1951,4473.0,
USSR,OWID_USS,1952,4682.0,
USSR,OWID_USS,1953,4803.0,
USSR,OWID_USS,1954,4951.0,
USSR,OWID_USS,1955,5281.0,
USSR,OWID_USS,1956,5684.0,
USSR,OWID_USS,1957,5700.0,
USSR,OWID_USS,1958,6020.0,
USSR,OWID_USS,1959,5848.0,
USSR,OWID_USS,1960,6288.0,
USSR,OWID_USS,1961,6532.0,
USSR,OWID_USS,1962,6599.0,
USSR,OWID_USS,1963,6352.0,
USSR,OWID_USS,1964,7076.0,
USSR,OWID_USS,1965,7387.0,
USSR,OWID_USS,1966,7657.0,
USSR,OWID_USS,1967,7911.0,
USSR,OWID_USS,1968,8292.0,
USSR,OWID_USS,1969,8329.0,
USSR,OWID_USS,1970,8886.0,
USSR,OWID_USS,1971,9033.0,
USSR,OWID_USS,1972,8995.0,
USSR,OWID_USS,1973,9658.0,
USSR,OWID_USS,1974,9844.0,
USSR,OWID_USS,1975,9779.0,
USSR,OWID_USS,1976,10143.0,
USSR,OWID_USS,1977,10288.0,
USSR,OWID_USS,1978,10455.0,
USSR,OWID_USS,1979,10316.0,
USSR,OWID_USS,1980,10245.0,
USSR,OWID_USS,1981,10254.0,
USSR,OWID_USS,1982,10418.0,
USSR,OWID_USS,1983,10659.0,
USSR,OWID_USS,1984,10694.0,
USSR,OWID_USS,1985,10692.0,
USSR,OWID_USS,1986,11035.0,
USSR,OWID_USS,1987,11081.0,
USSR,OWID_USS,1988,11226.0,
USSR,OWID_USS,1989,11336.0,
USSR,OWID_USS,1990,10989.0,
USSR,OWID_USS,1991,10388.253,
USSR,OWID_USS,1992,8977.548,
USSR,OWID_USS,1993,8199.73,
USSR,OWID_USS,1994,7166.3936,
USSR,OWID_USS,1995,6887.73,
USSR,OWID_USS,1996,6786.942,
USSR,OWID_USS,1997,7031.83,
USSR,OWID_USS,1998,6975.524,
USSR,OWID_USS,1999,7419.676,
USSR,OWID_USS,2000,8193.516,
USSR,OWID_USS,2001,8850.159,
USSR,OWID_USS,2002,9487.505,
USSR,OWID_USS,2003,10390.942,
USSR,OWID_USS,2004,11428.941,
USSR,OWID_USS,2005,12426.28,
USSR,OWID_USS,2006,13749.922,
USSR,OWID_USS,2007,15215.925,
USSR,OWID_USS,2008,16226.697,
USSR,OWID_USS,2009,15416.6045,
USSR,OWID_USS,2010,16344.523,
USSR,OWID_USS,2011,17391.0,
USSR,OWID_USS,2012,17984.639,
USSR,OWID_USS,2013,18324.27,
USSR,OWID_USS,2014,18281.469,
USSR,OWID_USS,2015,17920.44,
USSR,OWID_USS,2016,17987.484,
USSR,OWID_USS,2017,18368.715,
USSR,OWID_USS,2018,18906.762,
USSR,OWID_USS,2019,19369.428,
USSR,OWID_USS,2020,18851.242,
USSR,OWID_USS,2021,19871.102,
USSR,OWID_USS,2022,19354.709,
Uganda,UGA,1906,803.6878,
Uganda,UGA,1907,749.89124,
Uganda,UGA,1908,707.5061,
Uganda,UGA,1910,723.62445,
Uganda,UGA,1911,722.0306,
Uganda,UGA,1912,712.4672,
Uganda,UGA,1913,707.6856,
Uganda,UGA,1926,1053.559,
Uganda,UGA,1927,991.3974,
Uganda,UGA,1928,957.9258,
Uganda,UGA,1929,932.4236,
Uganda,UGA,1930,852.72925,
Uganda,UGA,1931,860.69867,
Uganda,UGA,1932,852.72925,
Uganda,UGA,1933,895.7642,
Uganda,UGA,1934,801.7249,
Uganda,UGA,1935,914.8908,
Uganda,UGA,1936,969.08295,
Uganda,UGA,1937,994.58514,
Uganda,UGA,1938,1036.0262,
Uganda,UGA,1941,1126.8777,
Uganda,UGA,1942,1059.9344,
Uganda,UGA,1943,991.3974,
Uganda,UGA,1944,919.6725,
Uganda,UGA,1945,911.70306,
Uganda,UGA,1949,1059.9344,
Uganda,UGA,1950,1095.0,
Uganda,UGA,1951,1023.0,
Uganda,UGA,1952,1058.0,
Uganda,UGA,1953,1076.0,
Uganda,UGA,1954,1033.0,
Uganda,UGA,1955,1071.0,
Uganda,UGA,1956,1100.0,
Uganda,UGA,1957,1116.0,
Uganda,UGA,1958,1092.0,
Uganda,UGA,1959,1116.0,
Uganda,UGA,1960,1137.0,
Uganda,UGA,1961,1093.0,
Uganda,UGA,1962,1106.0,
Uganda,UGA,1963,1197.0,
Uganda,UGA,1964,1251.0,
Uganda,UGA,1965,1242.0,
Uganda,UGA,1966,1280.0,
Uganda,UGA,1967,1310.0,
Uganda,UGA,1968,1304.0,
Uganda,UGA,1969,1404.0,
Uganda,UGA,1970,1382.0,
Uganda,UGA,1971,1385.0,
Uganda,UGA,1972,1364.0,
Uganda,UGA,1973,1331.0,
Uganda,UGA,1974,1302.0,
Uganda,UGA,1975,1243.0,
Uganda,UGA,1976,1219.0,
Uganda,UGA,1977,1207.0,
Uganda,UGA,1978,1111.0,
Uganda,UGA,1979,966.0,
Uganda,UGA,1980,912.0,
Uganda,UGA,1981,923.0,
Uganda,UGA,1982,972.0,
Uganda,UGA,1983,1014.0,
Uganda,UGA,1984,897.0,
Uganda,UGA,1985,886.0,
Uganda,UGA,1986,858.0,
Uganda,UGA,1987,877.0,
Uganda,UGA,1988,902.0,
Uganda,UGA,1989,929.0,
Uganda,UGA,1990,932.0,
Uganda,UGA,1991,915.40533,
Uganda,UGA,1992,934.82623,
Uganda,UGA,1993,959.1882,
Uganda,UGA,1994,994.5334,
Uganda,UGA,1995,1054.714,
Uganda,UGA,1996,1091.5275,
Uganda,UGA,1997,1107.501,
Uganda,UGA,1998,1137.6382,
Uganda,UGA,1999,1185.4313,
Uganda,UGA,2000,1191.9539,
Uganda,UGA,2001,1255.8844,
Uganda,UGA,2002,1301.0588,
Uganda,UGA,2003,1335.0305,
Uganda,UGA,2004,1364.6852,
Uganda,UGA,2005,1451.0973,
Uganda,UGA,2006,1501.3855,
Uganda,UGA,2007,1569.8298,
Uganda,UGA,2008,1679.3995,
Uganda,UGA,2009,1757.3862,
Uganda,UGA,2010,1831.2906,
Uganda,UGA,2011,1890.0,
Uganda,UGA,2012,1878.8959,
Uganda,UGA,2013,1895.4644,
Uganda,UGA,2014,1941.1904,
Uganda,UGA,2015,2026.8052,
Uganda,UGA,2016,1953.0966,
Uganda,UGA,2017,1998.5995,
Uganda,UGA,2018,2036.3313,
Uganda,UGA,2019,2128.9087,
Uganda,UGA,2020,2032.2618,
Uganda,UGA,2021,2083.8281,
Uganda,UGA,2022,2122.0278,
Ukraine,UKR,1973,7849.0,
Ukraine,UKR,1980,8467.0,
Ukraine,UKR,1981,8695.0,
Ukraine,UKR,1982,8934.0,
Ukraine,UKR,1983,9288.0,
Ukraine,UKR,1984,9476.0,
Ukraine,UKR,1985,9387.0,
Ukraine,UKR,1986,9408.0,
Ukraine,UKR,1987,9648.0,
Ukraine,UKR,1988,9704.0,
Ukraine,UKR,1989,10082.0,
Ukraine,UKR,1990,9607.0,
Ukraine,UKR,1991,8899.097,
Ukraine,UKR,1992,8130.277,
Ukraine,UKR,1993,7090.2573,
Ukraine,UKR,1994,5585.413,
Ukraine,UKR,1995,5024.1816,
Ukraine,UKR,1996,4636.6265,
Ukraine,UKR,1997,4612.4043,
Ukraine,UKR,1998,4640.199,
Ukraine,UKR,1999,4751.3164,
Ukraine,UKR,2000,5165.808,
Ukraine,UKR,2001,5793.6597,
Ukraine,UKR,2002,6262.9824,
Ukraine,UKR,2003,7029.5703,
Ukraine,UKR,2004,8049.3955,
Ukraine,UKR,2005,8496.677,
Ukraine,UKR,2006,9355.988,
Ukraine,UKR,2007,10355.818,
Ukraine,UKR,2008,10824.076,
Ukraine,UKR,2009,9381.225,
Ukraine,UKR,2010,9601.209,
Ukraine,UKR,2011,10333.0,
Ukraine,UKR,2012,10381.639,
Ukraine,UKR,2013,10405.39,
Ukraine,UKR,2014,9817.459,
Ukraine,UKR,2015,8959.174,
Ukraine,UKR,2016,9221.608,
Ukraine,UKR,2017,9477.51,
Ukraine,UKR,2018,9827.172,
Ukraine,UKR,2019,10139.761,
Ukraine,UKR,2020,9769.828,
Ukraine,UKR,2021,10133.885,
Ukraine,UKR,2022,7749.0996,
United Arab Emirates,ARE,1950,25182.0,
United Arab Emirates,ARE,1951,26634.0,
United Arab Emirates,ARE,1952,27490.0,
United Arab Emirates,ARE,1953,29358.0,
United Arab Emirates,ARE,1954,31695.0,
United Arab Emirates,ARE,1955,31374.0,
United Arab Emirates,ARE,1956,32481.0,
United Arab Emirates,ARE,1957,32329.0,
United Arab Emirates,ARE,1958,32473.0,
United Arab Emirates,ARE,1959,34153.0,
United Arab Emirates,ARE,1960,35758.0,
United Arab Emirates,ARE,1961,36949.0,
United Arab Emirates,ARE,1962,38654.0,
United Arab Emirates,ARE,1963,39889.0,
United Arab Emirates,ARE,1964,40927.0,
United Arab Emirates,ARE,1965,41705.0,
United Arab Emirates,ARE,1966,42213.0,
United Arab Emirates,ARE,1967,42416.0,
United Arab Emirates,ARE,1968,42040.0,
United Arab Emirates,ARE,1969,40639.0,
United Arab Emirates,ARE,1970,39135.0,
United Arab Emirates,ARE,1971,39540.0,
United Arab Emirates,ARE,1972,39540.0,
United Arab Emirates,ARE,1973,39669.0,
United Arab Emirates,ARE,1974,45347.0,
United Arab Emirates,ARE,1975,40591.0,
United Arab Emirates,ARE,1976,40803.0,
United Arab Emirates,ARE,1977,41915.0,
United Arab Emirates,ARE,1978,35936.0,
United Arab Emirates,ARE,1979,39534.0,
United Arab Emirates,ARE,1980,44168.0,
United Arab Emirates,ARE,1981,42456.0,
United Arab Emirates,ARE,1982,36635.0,
United Arab Emirates,ARE,1983,32737.0,
United Arab Emirates,ARE,1984,32135.0,
United Arab Emirates,ARE,1985,29562.0,
United Arab Emirates,ARE,1986,21949.0,
United Arab Emirates,ARE,1987,21487.0,
United Arab Emirates,ARE,1988,20215.0,
United Arab Emirates,ARE,1989,21072.0,
United Arab Emirates,ARE,1990,22254.0,
United Arab Emirates,ARE,1993,25558.756,
United Arab Emirates,ARE,1994,28334.582,
United Arab Emirates,ARE,1995,31239.918,
United Arab Emirates,ARE,1996,34042.742,
United Arab Emirates,ARE,1997,38168.465,
United Arab Emirates,ARE,1998,39667.793,
United Arab Emirates,ARE,1999,42372.438,
United Arab Emirates,ARE,2000,48888.03,
United Arab Emirates,ARE,2001,51263.375,
United Arab Emirates,ARE,2002,54077.47,
United Arab Emirates,ARE,2003,59823.266,
United Arab Emirates,ARE,2004,64925.67,
United Arab Emirates,ARE,2005,65599.055,
United Arab Emirates,ARE,2006,67830.93,
United Arab Emirates,ARE,2007,65412.8,
United Arab Emirates,ARE,2008,63862.086,
United Arab Emirates,ARE,2009,58860.535,
United Arab Emirates,ARE,2010,60112.402,
United Arab Emirates,ARE,2011,65307.0,
United Arab Emirates,ARE,2012,66007.0,
United Arab Emirates,ARE,2013,66825.305,
United Arab Emirates,ARE,2014,67791.39,
United Arab Emirates,ARE,2015,71319.61,
United Arab Emirates,ARE,2016,74292.95,
United Arab Emirates,ARE,2017,73973.29,
United Arab Emirates,ARE,2018,74206.484,
United Arab Emirates,ARE,2019,74396.14,
United Arab Emirates,ARE,2020,70188.27,
United Arab Emirates,ARE,2021,72460.04,
United Arab Emirates,ARE,2022,77203.67,
United Kingdom,GBR,1000,1151.0,
United Kingdom,GBR,1252,1320.0,
United Kingdom,GBR,1253,1328.0,
United Kingdom,GBR,1254,1317.0,
United Kingdom,GBR,1255,1285.0,
United Kingdom,GBR,1256,1255.0,
United Kingdom,GBR,1257,1240.0,
United Kingdom,GBR,1258,1418.0,
United Kingdom,GBR,1259,1191.0,
United Kingdom,GBR,1260,1292.0,
United Kingdom,GBR,1261,1286.0,
United Kingdom,GBR,1262,1219.0,
United Kingdom,GBR,1263,1205.0,
United Kingdom,GBR,1264,1182.0,
United Kingdom,GBR,1265,1185.0,
United Kingdom,GBR,1266,1401.0,
United Kingdom,GBR,1267,1313.0,
United Kingdom,GBR,1268,1211.0,
United Kingdom,GBR,1269,1225.0,
United Kingdom,GBR,1270,1192.0,
United Kingdom,GBR,1271,1177.0,
United Kingdom,GBR,1272,1220.0,
United Kingdom,GBR,1273,1149.0,
United Kingdom,GBR,1274,1143.0,
United Kingdom,GBR,1275,1304.0,
United Kingdom,GBR,1276,1146.0,
United Kingdom,GBR,1277,1222.0,
United Kingdom,GBR,1278,1265.0,
United Kingdom,GBR,1279,1048.0,
United Kingdom,GBR,1280,1058.0,
United Kingdom,GBR,1281,1118.0,
United Kingdom,GBR,1282,1078.0,
United Kingdom,GBR,1283,1019.0,
United Kingdom,GBR,1284,1048.0,
United Kingdom,GBR,1285,1055.0,
United Kingdom,GBR,1286,1034.0,
United Kingdom,GBR,1287,1125.0,
United Kingdom,GBR,1288,1085.0,
United Kingdom,GBR,1289,995.0,
United Kingdom,GBR,1290,1004.0,
United Kingdom,GBR,1291,1006.0,
United Kingdom,GBR,1292,1060.0,
United Kingdom,GBR,1293,1086.0,
United Kingdom,GBR,1294,1078.0,
United Kingdom,GBR,1295,1155.0,
United Kingdom,GBR,1296,1202.0,
United Kingdom,GBR,1297,1151.0,
United Kingdom,GBR,1298,1211.0,
United Kingdom,GBR,1299,1167.0,
United Kingdom,GBR,1300,1159.0,
United Kingdom,GBR,1301,1168.0,
United Kingdom,GBR,1302,1199.0,
United Kingdom,GBR,1303,1249.0,
United Kingdom,GBR,1304,1130.0,
United Kingdom,GBR,1305,1162.0,
United Kingdom,GBR,1306,1129.0,
United Kingdom,GBR,1307,1184.0,
United Kingdom,GBR,1308,1199.0,
United Kingdom,GBR,1309,1229.0,
United Kingdom,GBR,1310,1213.0,
United Kingdom,GBR,1311,1257.0,
United Kingdom,GBR,1312,1224.0,
United Kingdom,GBR,1313,1246.0,
United Kingdom,GBR,1314,1247.0,
United Kingdom,GBR,1315,1121.0,
United Kingdom,GBR,1316,1072.0,
United Kingdom,GBR,1317,1136.0,
United Kingdom,GBR,1318,1270.0,
United Kingdom,GBR,1319,1292.0,
United Kingdom,GBR,1320,1266.0,
United Kingdom,GBR,1321,1085.0,
United Kingdom,GBR,1322,1156.0,
United Kingdom,GBR,1323,1215.0,
United Kingdom,GBR,1324,1122.0,
United Kingdom,GBR,1325,1230.0,
United Kingdom,GBR,1326,1245.0,
United Kingdom,GBR,1327,1222.0,
United Kingdom,GBR,1328,1135.0,
United Kingdom,GBR,1329,1193.0,
United Kingdom,GBR,1330,1161.0,
United Kingdom,GBR,1331,1106.0,
United Kingdom,GBR,1332,1163.0,
United Kingdom,GBR,1333,1197.0,
United Kingdom,GBR,1334,1156.0,
United Kingdom,GBR,1335,1107.0,
United Kingdom,GBR,1336,1159.0,
United Kingdom,GBR,1337,1283.0,
United Kingdom,GBR,1338,1307.0,
United Kingdom,GBR,1339,1066.0,
United Kingdom,GBR,1340,1194.0,
United Kingdom,GBR,1341,1205.0,
United Kingdom,GBR,1342,1261.0,
United Kingdom,GBR,1343,1225.0,
United Kingdom,GBR,1344,1307.0,
United Kingdom,GBR,1345,1216.0,
United Kingdom,GBR,1346,1155.0,
United Kingdom,GBR,1347,1199.0,
United Kingdom,GBR,1348,1229.0,
United Kingdom,GBR,1349,1154.0,
United Kingdom,GBR,1350,1314.0,
United Kingdom,GBR,1351,1519.0,
United Kingdom,GBR,1352,1574.0,
United Kingdom,GBR,1353,1579.0,
United Kingdom,GBR,1354,1512.0,
United Kingdom,GBR,1355,1559.0,
United Kingdom,GBR,1356,1537.0,
United Kingdom,GBR,1357,1567.0,
United Kingdom,GBR,1358,1575.0,
United Kingdom,GBR,1359,1592.0,
United Kingdom,GBR,1360,1581.0,
United Kingdom,GBR,1361,1526.0,
United Kingdom,GBR,1362,1486.0,
United Kingdom,GBR,1363,1443.0,
United Kingdom,GBR,1364,1603.0,
United Kingdom,GBR,1365,1531.0,
United Kingdom,GBR,1366,1578.0,
United Kingdom,GBR,1367,1481.0,
United Kingdom,GBR,1368,1471.0,
United Kingdom,GBR,1369,1373.0,
United Kingdom,GBR,1370,1539.0,
United Kingdom,GBR,1371,1489.0,
United Kingdom,GBR,1372,1347.0,
United Kingdom,GBR,1373,1458.0,
United Kingdom,GBR,1374,1341.0,
United Kingdom,GBR,1375,1294.0,
United Kingdom,GBR,1376,1495.0,
United Kingdom,GBR,1377,1539.0,
United Kingdom,GBR,1378,1523.0,
United Kingdom,GBR,1379,1398.0,
United Kingdom,GBR,1380,1462.0,
United Kingdom,GBR,1381,1500.0,
United Kingdom,GBR,1382,1553.0,
United Kingdom,GBR,1383,1485.0,
United Kingdom,GBR,1384,1680.0,
United Kingdom,GBR,1385,1532.0,
United Kingdom,GBR,1386,1714.0,
United Kingdom,GBR,1387,1728.0,
United Kingdom,GBR,1388,1599.0,
United Kingdom,GBR,1389,1656.0,
United Kingdom,GBR,1390,1554.0,
United Kingdom,GBR,1391,1743.0,
United Kingdom,GBR,1392,1967.0,
United Kingdom,GBR,1393,1630.0,
United Kingdom,GBR,1394,1795.0,
United Kingdom,GBR,1395,1723.0,
United Kingdom,GBR,1396,1738.0,
United Kingdom,GBR,1397,1705.0,
United Kingdom,GBR,1398,1830.0,
United Kingdom,GBR,1399,1762.0,
United Kingdom,GBR,1400,1717.0,
United Kingdom,GBR,1401,1696.0,
United Kingdom,GBR,1402,1742.0,
United Kingdom,GBR,1403,1770.0,
United Kingdom,GBR,1404,1801.0,
United Kingdom,GBR,1405,1805.0,
United Kingdom,GBR,1406,1674.0,
United Kingdom,GBR,1407,1677.0,
United Kingdom,GBR,1408,1552.0,
United Kingdom,GBR,1409,1607.0,
United Kingdom,GBR,1410,1708.0,
United Kingdom,GBR,1411,1673.0,
United Kingdom,GBR,1412,1635.0,
United Kingdom,GBR,1413,1483.0,
United Kingdom,GBR,1414,1686.0,
United Kingdom,GBR,1415,1726.0,
United Kingdom,GBR,1416,1665.0,
United Kingdom,GBR,1417,1821.0,
United Kingdom,GBR,1418,1729.0,
United Kingdom,GBR,1419,1821.0,
United Kingdom,GBR,1420,1778.0,
United Kingdom,GBR,1421,1661.0,
United Kingdom,GBR,1422,1716.0,
United Kingdom,GBR,1423,1812.0,
United Kingdom,GBR,1424,1827.0,
United Kingdom,GBR,1425,1765.0,
United Kingdom,GBR,1426,1712.0,
United Kingdom,GBR,1427,1668.0,
United Kingdom,GBR,1428,1567.0,
United Kingdom,GBR,1429,1622.0,
United Kingdom,GBR,1430,1669.0,
United Kingdom,GBR,1431,1681.0,
United Kingdom,GBR,1432,1664.0,
United Kingdom,GBR,1433,1717.0,
United Kingdom,GBR,1434,1823.0,
United Kingdom,GBR,1435,1623.0,
United Kingdom,GBR,1436,1515.0,
United Kingdom,GBR,1437,1457.0,
United Kingdom,GBR,1438,1533.0,
United Kingdom,GBR,1439,1605.0,
United Kingdom,GBR,1440,1623.0,
United Kingdom,GBR,1441,1438.0,
United Kingdom,GBR,1442,1492.0,
United Kingdom,GBR,1443,1808.0,
United Kingdom,GBR,1444,1810.0,
United Kingdom,GBR,1445,1564.0,
United Kingdom,GBR,1446,1667.0,
United Kingdom,GBR,1447,1711.0,
United Kingdom,GBR,1448,1772.0,
United Kingdom,GBR,1449,1629.0,
United Kingdom,GBR,1450,1683.0,
United Kingdom,GBR,1451,1685.0,
United Kingdom,GBR,1452,1663.0,
United Kingdom,GBR,1453,1676.0,
United Kingdom,GBR,1454,1677.0,
United Kingdom,GBR,1455,1663.0,
United Kingdom,GBR,1456,1680.0,
United Kingdom,GBR,1457,1536.0,
United Kingdom,GBR,1458,1625.0,
United Kingdom,GBR,1459,1599.0,
United Kingdom,GBR,1460,1598.0,
United Kingdom,GBR,1461,1603.0,
United Kingdom,GBR,1462,1752.0,
United Kingdom,GBR,1463,1772.0,
United Kingdom,GBR,1464,1615.0,
United Kingdom,GBR,1465,1567.0,
United Kingdom,GBR,1466,1554.0,
United Kingdom,GBR,1467,1600.0,
United Kingdom,GBR,1468,1669.0,
United Kingdom,GBR,1469,1645.0,
United Kingdom,GBR,1470,1597.0,
United Kingdom,GBR,1471,1525.0,
United Kingdom,GBR,1472,1575.0,
United Kingdom,GBR,1473,1560.0,
United Kingdom,GBR,1474,1642.0,
United Kingdom,GBR,1475,1592.0,
United Kingdom,GBR,1476,1475.0,
United Kingdom,GBR,1477,1541.0,
United Kingdom,GBR,1478,1583.0,
United Kingdom,GBR,1479,1672.0,
United Kingdom,GBR,1480,1718.0,
United Kingdom,GBR,1481,1640.0,
United Kingdom,GBR,1482,1566.0,
United Kingdom,GBR,1483,1641.0,
United Kingdom,GBR,1484,1623.0,
United Kingdom,GBR,1485,1532.0,
United Kingdom,GBR,1486,1696.0,
United Kingdom,GBR,1487,1548.0,
United Kingdom,GBR,1488,1579.0,
United Kingdom,GBR,1489,1612.0,
United Kingdom,GBR,1490,1620.0,
United Kingdom,GBR,1491,1632.0,
United Kingdom,GBR,1492,1649.0,
United Kingdom,GBR,1493,1620.0,
United Kingdom,GBR,1494,1695.0,
United Kingdom,GBR,1495,1659.0,
United Kingdom,GBR,1496,1605.0,
United Kingdom,GBR,1497,1710.0,
United Kingdom,GBR,1498,1724.0,
United Kingdom,GBR,1499,1728.0,
United Kingdom,GBR,1500,1697.0,
United Kingdom,GBR,1501,1633.0,
United Kingdom,GBR,1502,1689.0,
United Kingdom,GBR,1503,1757.0,
United Kingdom,GBR,1504,1758.0,
United Kingdom,GBR,1505,1773.0,
United Kingdom,GBR,1506,1776.0,
United Kingdom,GBR,1507,1740.0,
United Kingdom,GBR,1508,1760.0,
United Kingdom,GBR,1509,1837.0,
United Kingdom,GBR,1510,1768.0,
United Kingdom,GBR,1511,1799.0,
United Kingdom,GBR,1512,1715.0,
United Kingdom,GBR,1513,1785.0,
United Kingdom,GBR,1514,1777.0,
United Kingdom,GBR,1515,1820.0,
United Kingdom,GBR,1516,1800.0,
United Kingdom,GBR,1517,1800.0,
United Kingdom,GBR,1518,1805.0,
United Kingdom,GBR,1519,1784.0,
United Kingdom,GBR,1520,1755.0,
United Kingdom,GBR,1521,1791.0,
United Kingdom,GBR,1522,1818.0,
United Kingdom,GBR,1523,1847.0,
United Kingdom,GBR,1524,1866.0,
United Kingdom,GBR,1525,1848.0,
United Kingdom,GBR,1526,1852.0,
United Kingdom,GBR,1527,1713.0,
United Kingdom,GBR,1528,1722.0,
United Kingdom,GBR,1529,1741.0,
United Kingdom,GBR,1530,1755.0,
United Kingdom,GBR,1531,1689.0,
United Kingdom,GBR,1532,1741.0,
United Kingdom,GBR,1533,1725.0,
United Kingdom,GBR,1534,1795.0,
United Kingdom,GBR,1535,1665.0,
United Kingdom,GBR,1536,1639.0,
United Kingdom,GBR,1537,1758.0,
United Kingdom,GBR,1538,1657.0,
United Kingdom,GBR,1539,1780.0,
United Kingdom,GBR,1540,1713.0,
United Kingdom,GBR,1541,1659.0,
United Kingdom,GBR,1542,1711.0,
United Kingdom,GBR,1543,1649.0,
United Kingdom,GBR,1544,1734.0,
United Kingdom,GBR,1545,1680.0,
United Kingdom,GBR,1546,1705.0,
United Kingdom,GBR,1547,1841.0,
United Kingdom,GBR,1548,1755.0,
United Kingdom,GBR,1549,1678.0,
United Kingdom,GBR,1550,1654.0,
United Kingdom,GBR,1551,1604.0,
United Kingdom,GBR,1552,1528.0,
United Kingdom,GBR,1553,1781.0,
United Kingdom,GBR,1554,1616.0,
United Kingdom,GBR,1555,1599.0,
United Kingdom,GBR,1556,1295.0,
United Kingdom,GBR,1557,1419.0,
United Kingdom,GBR,1558,1843.0,
United Kingdom,GBR,1559,1744.0,
United Kingdom,GBR,1560,1753.0,
United Kingdom,GBR,1561,1778.0,
United Kingdom,GBR,1562,1762.0,
United Kingdom,GBR,1563,1913.0,
United Kingdom,GBR,1564,1843.0,
United Kingdom,GBR,1565,1839.0,
United Kingdom,GBR,1566,2056.0,
United Kingdom,GBR,1567,1920.0,
United Kingdom,GBR,1568,1911.0,
United Kingdom,GBR,1569,1895.0,
United Kingdom,GBR,1570,1737.0,
United Kingdom,GBR,1571,1737.0,
United Kingdom,GBR,1572,1675.0,
United Kingdom,GBR,1573,1914.0,
United Kingdom,GBR,1574,1689.0,
United Kingdom,GBR,1575,1876.0,
United Kingdom,GBR,1576,1929.0,
United Kingdom,GBR,1577,1630.0,
United Kingdom,GBR,1578,1854.0,
United Kingdom,GBR,1579,1820.0,
United Kingdom,GBR,1580,1716.0,
United Kingdom,GBR,1581,1654.0,
United Kingdom,GBR,1582,1476.0,
United Kingdom,GBR,1583,1661.0,
United Kingdom,GBR,1584,1597.0,
United Kingdom,GBR,1585,1396.0,
United Kingdom,GBR,1586,1356.0,
United Kingdom,GBR,1587,1502.0,
United Kingdom,GBR,1588,1690.0,
United Kingdom,GBR,1589,1474.0,
United Kingdom,GBR,1590,1558.0,
United Kingdom,GBR,1591,1568.0,
United Kingdom,GBR,1592,1692.0,
United Kingdom,GBR,1593,1792.0,
United Kingdom,GBR,1594,1454.0,
United Kingdom,GBR,1595,1453.0,
United Kingdom,GBR,1596,1379.0,
United Kingdom,GBR,1597,1316.0,
United Kingdom,GBR,1598,1569.0,
United Kingdom,GBR,1599,1788.0,
United Kingdom,GBR,1600,1691.0,
United Kingdom,GBR,1601,1671.0,
United Kingdom,GBR,1602,1751.0,
United Kingdom,GBR,1603,1849.0,
United Kingdom,GBR,1604,1967.0,
United Kingdom,GBR,1605,1752.0,
United Kingdom,GBR,1606,1831.0,
United Kingdom,GBR,1607,1660.0,
United Kingdom,GBR,1608,1571.0,
United Kingdom,GBR,1609,1812.0,
United Kingdom,GBR,1610,1919.0,
United Kingdom,GBR,1611,1757.0,
United Kingdom,GBR,1612,1675.0,
United Kingdom,GBR,1613,1612.0,
United Kingdom,GBR,1614,1555.0,
United Kingdom,GBR,1615,1681.0,
United Kingdom,GBR,1616,1586.0,
United Kingdom,GBR,1617,1749.0,
United Kingdom,GBR,1618,1740.0,
United Kingdom,GBR,1619,1586.0,
United Kingdom,GBR,1620,1842.0,
United Kingdom,GBR,1621,1832.0,
United Kingdom,GBR,1622,1581.0,
United Kingdom,GBR,1623,1568.0,
United Kingdom,GBR,1624,1781.0,
United Kingdom,GBR,1625,1798.0,
United Kingdom,GBR,1626,1730.0,
United Kingdom,GBR,1627,1733.0,
United Kingdom,GBR,1628,1947.0,
United Kingdom,GBR,1629,1430.0,
United Kingdom,GBR,1630,1416.0,
United Kingdom,GBR,1631,1451.0,
United Kingdom,GBR,1632,1630.0,
United Kingdom,GBR,1633,1501.0,
United Kingdom,GBR,1634,1519.0,
United Kingdom,GBR,1635,1571.0,
United Kingdom,GBR,1636,1526.0,
United Kingdom,GBR,1637,1476.0,
United Kingdom,GBR,1638,1624.0,
United Kingdom,GBR,1639,1640.0,
United Kingdom,GBR,1640,1683.0,
United Kingdom,GBR,1641,1499.0,
United Kingdom,GBR,1642,1635.0,
United Kingdom,GBR,1643,1725.0,
United Kingdom,GBR,1644,1745.0,
United Kingdom,GBR,1645,1511.0,
United Kingdom,GBR,1646,1524.0,
United Kingdom,GBR,1647,1515.0,
United Kingdom,GBR,1648,1535.0,
United Kingdom,GBR,1649,1508.0,
United Kingdom,GBR,1650,1446.0,
United Kingdom,GBR,1651,1527.0,
United Kingdom,GBR,1652,1720.0,
United Kingdom,GBR,1653,1920.0,
United Kingdom,GBR,1654,1903.0,
United Kingdom,GBR,1655,1982.0,
United Kingdom,GBR,1656,1835.0,
United Kingdom,GBR,1657,1727.0,
United Kingdom,GBR,1658,1702.0,
United Kingdom,GBR,1659,1441.0,
United Kingdom,GBR,1660,1578.0,
United Kingdom,GBR,1661,1610.0,
United Kingdom,GBR,1662,1664.0,
United Kingdom,GBR,1663,1959.0,
United Kingdom,GBR,1664,1828.0,
United Kingdom,GBR,1665,1907.0,
United Kingdom,GBR,1666,2135.0,
United Kingdom,GBR,1667,2196.0,
United Kingdom,GBR,1668,1940.0,
United Kingdom,GBR,1669,1991.0,
United Kingdom,GBR,1670,1934.0,
United Kingdom,GBR,1671,1873.0,
United Kingdom,GBR,1672,1860.0,
United Kingdom,GBR,1673,1897.0,
United Kingdom,GBR,1674,1806.0,
United Kingdom,GBR,1675,1853.0,
United Kingdom,GBR,1676,2191.0,
United Kingdom,GBR,1677,2029.0,
United Kingdom,GBR,1678,2103.0,
United Kingdom,GBR,1679,1963.0,
United Kingdom,GBR,1680,2209.0,
United Kingdom,GBR,1681,2004.0,
United Kingdom,GBR,1682,2150.0,
United Kingdom,GBR,1683,2323.0,
United Kingdom,GBR,1684,1946.0,
United Kingdom,GBR,1685,2110.0,
United Kingdom,GBR,1686,1949.0,
United Kingdom,GBR,1687,2169.0,
United Kingdom,GBR,1688,2333.0,
United Kingdom,GBR,1689,2233.0,
United Kingdom,GBR,1690,2386.0,
United Kingdom,GBR,1691,2400.0,
United Kingdom,GBR,1692,2595.0,
United Kingdom,GBR,1693,2197.0,
United Kingdom,GBR,1694,2616.0,
United Kingdom,GBR,1695,2502.0,
United Kingdom,GBR,1696,2392.0,
United Kingdom,GBR,1697,2361.0,
United Kingdom,GBR,1698,2417.0,
United Kingdom,GBR,1699,2324.0,
United Kingdom,GBR,1700,2412.0,
United Kingdom,GBR,1701,2613.0,
United Kingdom,GBR,1702,2526.0,
United Kingdom,GBR,1703,2345.0,
United Kingdom,GBR,1704,2778.0,
United Kingdom,GBR,1705,2630.0,
United Kingdom,GBR,1706,2220.0,
United Kingdom,GBR,1707,2485.0,
United Kingdom,GBR,1708,2636.0,
United Kingdom,GBR,1709,2278.0,
United Kingdom,GBR,1710,2066.0,
United Kingdom,GBR,1711,2255.0,
United Kingdom,GBR,1712,2257.0,
United Kingdom,GBR,1713,2157.0,
United Kingdom,GBR,1714,2364.0,
United Kingdom,GBR,1715,2294.0,
United Kingdom,GBR,1716,2367.0,
United Kingdom,GBR,1717,2483.0,
United Kingdom,GBR,1718,2606.0,
United Kingdom,GBR,1719,2542.0,
United Kingdom,GBR,1720,2715.0,
United Kingdom,GBR,1721,2611.0,
United Kingdom,GBR,1722,2636.0,
United Kingdom,GBR,1723,2563.0,
United Kingdom,GBR,1724,2528.0,
United Kingdom,GBR,1725,2585.0,
United Kingdom,GBR,1726,2483.0,
United Kingdom,GBR,1727,2455.0,
United Kingdom,GBR,1728,2554.0,
United Kingdom,GBR,1729,2452.0,
United Kingdom,GBR,1730,2538.0,
United Kingdom,GBR,1731,2499.0,
United Kingdom,GBR,1732,2654.0,
United Kingdom,GBR,1733,2699.0,
United Kingdom,GBR,1734,2662.0,
United Kingdom,GBR,1735,2576.0,
United Kingdom,GBR,1736,2745.0,
United Kingdom,GBR,1737,2582.0,
United Kingdom,GBR,1738,2619.0,
United Kingdom,GBR,1739,2584.0,
United Kingdom,GBR,1740,2526.0,
United Kingdom,GBR,1741,2595.0,
United Kingdom,GBR,1742,2683.0,
United Kingdom,GBR,1743,2621.0,
United Kingdom,GBR,1744,2565.0,
United Kingdom,GBR,1745,2577.0,
United Kingdom,GBR,1746,2641.0,
United Kingdom,GBR,1747,2750.0,
United Kingdom,GBR,1748,2713.0,
United Kingdom,GBR,1749,2681.0,
United Kingdom,GBR,1750,2702.0,
United Kingdom,GBR,1751,2627.0,
United Kingdom,GBR,1752,2738.0,
United Kingdom,GBR,1753,2743.0,
United Kingdom,GBR,1754,2648.0,
United Kingdom,GBR,1755,2710.0,
United Kingdom,GBR,1756,2643.0,
United Kingdom,GBR,1757,2783.0,
United Kingdom,GBR,1758,2815.0,
United Kingdom,GBR,1759,2850.0,
United Kingdom,GBR,1760,2915.0,
United Kingdom,GBR,1761,3011.0,
United Kingdom,GBR,1762,2917.0,
United Kingdom,GBR,1763,2914.0,
United Kingdom,GBR,1764,2898.0,
United Kingdom,GBR,1765,2853.0,
United Kingdom,GBR,1766,2879.0,
United Kingdom,GBR,1767,2891.0,
United Kingdom,GBR,1768,2911.0,
United Kingdom,GBR,1769,3056.0,
United Kingdom,GBR,1770,2952.0,
United Kingdom,GBR,1771,2989.0,
United Kingdom,GBR,1772,2890.0,
United Kingdom,GBR,1773,2920.0,
United Kingdom,GBR,1774,2834.0,
United Kingdom,GBR,1775,2895.0,
United Kingdom,GBR,1776,2962.0,
United Kingdom,GBR,1777,3017.0,
United Kingdom,GBR,1778,2966.0,
United Kingdom,GBR,1779,2931.0,
United Kingdom,GBR,1780,3049.0,
United Kingdom,GBR,1781,3102.0,
United Kingdom,GBR,1782,3048.0,
United Kingdom,GBR,1783,3027.0,
United Kingdom,GBR,1784,3009.0,
United Kingdom,GBR,1785,2962.0,
United Kingdom,GBR,1786,2981.0,
United Kingdom,GBR,1787,2898.0,
United Kingdom,GBR,1788,2861.0,
United Kingdom,GBR,1789,2888.0,
United Kingdom,GBR,1790,3072.0,
United Kingdom,GBR,1791,3046.0,
United Kingdom,GBR,1792,3134.0,
United Kingdom,GBR,1793,3051.0,
United Kingdom,GBR,1794,2925.0,
United Kingdom,GBR,1795,3207.0,
United Kingdom,GBR,1796,3233.0,
United Kingdom,GBR,1797,3167.0,
United Kingdom,GBR,1798,3161.0,
United Kingdom,GBR,1799,3207.0,
United Kingdom,GBR,1800,3343.0,
United Kingdom,GBR,1801,3351.0,
United Kingdom,GBR,1802,3360.0,
United Kingdom,GBR,1803,3252.0,
United Kingdom,GBR,1804,3204.0,
United Kingdom,GBR,1805,3347.0,
United Kingdom,GBR,1806,3287.0,
United Kingdom,GBR,1807,3454.0,
United Kingdom,GBR,1808,3250.0,
United Kingdom,GBR,1809,3309.0,
United Kingdom,GBR,1810,3478.0,
United Kingdom,GBR,1811,3397.0,
United Kingdom,GBR,1812,3207.0,
United Kingdom,GBR,1813,3328.0,
United Kingdom,GBR,1814,3204.0,
United Kingdom,GBR,1815,3489.0,
United Kingdom,GBR,1816,3250.0,
United Kingdom,GBR,1817,3253.0,
United Kingdom,GBR,1818,3201.0,
United Kingdom,GBR,1819,3103.0,
United Kingdom,GBR,1820,3306.0,
United Kingdom,GBR,1821,3308.0,
United Kingdom,GBR,1822,3315.0,
United Kingdom,GBR,1823,3359.0,
United Kingdom,GBR,1824,3492.0,
United Kingdom,GBR,1825,3521.0,
United Kingdom,GBR,1826,3290.0,
United Kingdom,GBR,1827,3499.0,
United Kingdom,GBR,1828,3461.0,
United Kingdom,GBR,1829,3443.0,
United Kingdom,GBR,1830,3550.0,
United Kingdom,GBR,1831,3545.0,
United Kingdom,GBR,1832,3612.0,
United Kingdom,GBR,1833,3599.0,
United Kingdom,GBR,1834,3639.0,
United Kingdom,GBR,1835,3861.0,
United Kingdom,GBR,1836,3937.0,
United Kingdom,GBR,1837,3857.0,
United Kingdom,GBR,1838,3963.0,
United Kingdom,GBR,1839,3881.0,
United Kingdom,GBR,1840,4018.0,
United Kingdom,GBR,1841,3894.0,
United Kingdom,GBR,1842,3808.0,
United Kingdom,GBR,1843,3950.0,
United Kingdom,GBR,1844,4245.0,
United Kingdom,GBR,1845,4387.0,
United Kingdom,GBR,1846,4334.0,
United Kingdom,GBR,1847,4234.0,
United Kingdom,GBR,1848,4361.0,
United Kingdom,GBR,1849,4422.0,
United Kingdom,GBR,1850,4332.0,
United Kingdom,GBR,1851,4477.0,
United Kingdom,GBR,1852,4626.0,
United Kingdom,GBR,1853,4734.0,
United Kingdom,GBR,1854,4909.0,
United Kingdom,GBR,1855,4748.0,
United Kingdom,GBR,1856,5013.0,
United Kingdom,GBR,1857,5019.0,
United Kingdom,GBR,1858,4879.0,
United Kingdom,GBR,1859,5031.0,
United Kingdom,GBR,1860,5086.0,
United Kingdom,GBR,1861,5024.0,
United Kingdom,GBR,1862,4764.0,
United Kingdom,GBR,1863,5165.0,
United Kingdom,GBR,1864,5255.0,
United Kingdom,GBR,1865,5333.0,
United Kingdom,GBR,1866,5451.0,
United Kingdom,GBR,1867,5424.0,
United Kingdom,GBR,1868,5636.0,
United Kingdom,GBR,1869,5635.0,
United Kingdom,GBR,1870,5829.0,
United Kingdom,GBR,1871,5797.0,
United Kingdom,GBR,1872,5769.0,
United Kingdom,GBR,1873,5842.0,
United Kingdom,GBR,1874,5874.0,
United Kingdom,GBR,1875,5950.0,
United Kingdom,GBR,1876,5938.0,
United Kingdom,GBR,1877,5923.0,
United Kingdom,GBR,1878,5879.0,
United Kingdom,GBR,1879,5786.0,
United Kingdom,GBR,1880,5997.0,
United Kingdom,GBR,1881,6146.0,
United Kingdom,GBR,1882,6269.0,
United Kingdom,GBR,1883,6264.0,
United Kingdom,GBR,1884,6220.0,
United Kingdom,GBR,1885,6132.0,
United Kingdom,GBR,1886,6170.0,
United Kingdom,GBR,1887,6358.0,
United Kingdom,GBR,1888,6585.0,
United Kingdom,GBR,1889,6876.0,
United Kingdom,GBR,1890,6845.0,
United Kingdom,GBR,1891,6781.0,
United Kingdom,GBR,1892,6553.0,
United Kingdom,GBR,1893,6486.0,
United Kingdom,GBR,1894,6851.0,
United Kingdom,GBR,1895,6996.0,
United Kingdom,GBR,1896,7211.0,
United Kingdom,GBR,1897,7229.0,
United Kingdom,GBR,1898,7500.0,
United Kingdom,GBR,1899,7729.0,
United Kingdom,GBR,1900,7594.0,
United Kingdom,GBR,1901,7516.0,
United Kingdom,GBR,1902,7635.0,
United Kingdom,GBR,1903,7482.0,
United Kingdom,GBR,1904,7455.0,
United Kingdom,GBR,1905,7603.0,
United Kingdom,GBR,1906,7782.0,
United Kingdom,GBR,1907,7855.0,
United Kingdom,GBR,1908,7461.0,
United Kingdom,GBR,1909,7557.0,
United Kingdom,GBR,1910,7718.0,
United Kingdom,GBR,1911,7874.0,
United Kingdom,GBR,1912,7954.0,
United Kingdom,GBR,1913,8212.0,
United Kingdom,GBR,1914,8131.0,
United Kingdom,GBR,1915,8639.0,
United Kingdom,GBR,1916,8702.0,
United Kingdom,GBR,1917,8665.0,
United Kingdom,GBR,1918,8630.0,
United Kingdom,GBR,1919,7605.0,
United Kingdom,GBR,1920,7017.0,
United Kingdom,GBR,1921,6792.0,
United Kingdom,GBR,1922,7391.0,
United Kingdom,GBR,1923,7587.0,
United Kingdom,GBR,1924,7844.0,
United Kingdom,GBR,1925,8199.0,
United Kingdom,GBR,1926,7868.0,
United Kingdom,GBR,1927,8472.0,
United Kingdom,GBR,1928,8539.0,
United Kingdom,GBR,1929,8772.0,
United Kingdom,GBR,1930,8673.0,
United Kingdom,GBR,1931,8190.0,
United Kingdom,GBR,1932,8206.0,
United Kingdom,GBR,1933,8411.0,
United Kingdom,GBR,1934,8939.0,
United Kingdom,GBR,1935,9244.0,
United Kingdom,GBR,1936,9620.0,
United Kingdom,GBR,1937,9911.0,
United Kingdom,GBR,1938,9988.0,
United Kingdom,GBR,1939,9982.0,
United Kingdom,GBR,1940,10928.0,
United Kingdom,GBR,1941,11926.0,
United Kingdom,GBR,1942,12176.0,
United Kingdom,GBR,1943,12344.0,
United Kingdom,GBR,1944,11803.0,
United Kingdom,GBR,1945,11247.0,
United Kingdom,GBR,1946,10751.0,
United Kingdom,GBR,1947,10527.0,
United Kingdom,GBR,1948,10753.0,
United Kingdom,GBR,1949,11088.0,
United Kingdom,GBR,1950,11061.0,
United Kingdom,GBR,1951,11354.0,
United Kingdom,GBR,1952,11303.0,
United Kingdom,GBR,1953,11709.0,
United Kingdom,GBR,1954,12145.0,
United Kingdom,GBR,1955,12541.0,
United Kingdom,GBR,1956,12639.0,
United Kingdom,GBR,1957,12779.0,
United Kingdom,GBR,1958,12698.0,
United Kingdom,GBR,1959,13134.0,
United Kingdom,GBR,1960,13780.0,
United Kingdom,GBR,1961,14118.0,
United Kingdom,GBR,1962,14131.0,
United Kingdom,GBR,1963,14583.0,
United Kingdom,GBR,1964,15251.0,
United Kingdom,GBR,1965,15545.0,
United Kingdom,GBR,1966,15757.0,
United Kingdom,GBR,1967,16018.0,
United Kingdom,GBR,1968,16593.0,
United Kingdom,GBR,1969,16820.0,
United Kingdom,GBR,1970,17162.0,
United Kingdom,GBR,1971,17440.0,
United Kingdom,GBR,1972,18002.0,
United Kingdom,GBR,1973,19168.0,
United Kingdom,GBR,1974,18903.0,
United Kingdom,GBR,1975,18884.0,
United Kingdom,GBR,1976,19311.0,
United Kingdom,GBR,1977,19740.0,
United Kingdom,GBR,1978,20448.0,
United Kingdom,GBR,1979,20988.0,
United Kingdom,GBR,1980,20612.0,
United Kingdom,GBR,1981,20319.0,
United Kingdom,GBR,1982,20650.0,
United Kingdom,GBR,1983,21366.0,
United Kingdom,GBR,1984,21869.0,
United Kingdom,GBR,1985,22579.0,
United Kingdom,GBR,1986,23498.0,
United Kingdom,GBR,1987,24536.0,
United Kingdom,GBR,1988,25679.0,
United Kingdom,GBR,1989,26164.0,
United Kingdom,GBR,1990,26189.0,
United Kingdom,GBR,1991,25792.014,
United Kingdom,GBR,1992,25790.186,
United Kingdom,GBR,1993,26349.342,
United Kingdom,GBR,1994,27277.543,
United Kingdom,GBR,1995,27861.215,
United Kingdom,GBR,1996,28472.248,
United Kingdom,GBR,1997,29259.764,
United Kingdom,GBR,1998,30077.385,
United Kingdom,GBR,1999,30932.537,
United Kingdom,GBR,2000,31946.037,
United Kingdom,GBR,2001,32660.441,
United Kingdom,GBR,2002,33271.3,
United Kingdom,GBR,2003,34232.426,
United Kingdom,GBR,2004,34865.78,
United Kingdom,GBR,2005,35623.625,
United Kingdom,GBR,2006,36214.07,
United Kingdom,GBR,2007,36816.676,
United Kingdom,GBR,2008,36264.79,
United Kingdom,GBR,2009,34402.36,
United Kingdom,GBR,2010,34754.473,
United Kingdom,GBR,2011,34971.0,
United Kingdom,GBR,2012,35243.64,
United Kingdom,GBR,2013,35660.56,
United Kingdom,GBR,2014,36521.86,
United Kingdom,GBR,2015,37101.227,
United Kingdom,GBR,2016,37593.906,
United Kingdom,GBR,2017,38283.938,
United Kingdom,GBR,2018,38704.6,
United Kingdom,GBR,2019,39113.01,
United Kingdom,GBR,2020,34651.184,
United Kingdom,GBR,2021,37134.33,
United Kingdom,GBR,2022,38406.53,
United States,USA,1650,897.0,
United States,USA,1720,1768.9856,
United States,USA,1775,2419.0,
United States,USA,1800,2545.488,
United States,USA,1801,2591.7695,
United States,USA,1802,2635.48,
United States,USA,1803,2590.484,
United States,USA,1804,2587.9128,
United States,USA,1805,2643.1936,
United States,USA,1806,2690.7607,
United States,USA,1807,2717.7583,
United States,USA,1808,2526.204,
United States,USA,1809,2652.1929,
United States,USA,1810,2725.472,
United States,USA,1811,2780.7527,
United States,USA,1812,2731.9,
United States,USA,1813,2762.7544,
United States,USA,1814,2815.464,
United States,USA,1815,2803.8936,
United States,USA,1816,2690.7607,
United States,USA,1817,2688.1897,
United States,USA,1818,2694.6177,
United States,USA,1819,2690.7607,
United States,USA,1820,2674.048,
United States,USA,1821,2715.1873,
United States,USA,1822,2791.0376,
United States,USA,1823,2760.183,
United States,USA,1824,2836.0337,
United States,USA,1825,2897.7424,
United States,USA,1826,2918.312,
United States,USA,1827,2929.8823,
United States,USA,1828,2929.8823,
United States,USA,1829,2833.4624,
United States,USA,1830,3039.1584,
United States,USA,1831,3225.5703,
United States,USA,1832,3342.56,
United States,USA,1833,3459.5496,
United States,USA,1834,3294.993,
United States,USA,1835,3419.696,
United States,USA,1836,3469.8345,
United States,USA,1837,3360.5583,
United States,USA,1838,3329.704,
United States,USA,1839,3491.6897,
United States,USA,1840,3319.4192,
United States,USA,1841,3252.568,
United States,USA,1842,3222.9993,
United States,USA,1843,3274.423,
United States,USA,1844,3453.1216,
United States,USA,1845,3505.8313,
United States,USA,1846,3526.401,
United States,USA,1847,3618.964,
United States,USA,1848,3712.8127,
United States,USA,1849,3616.3928,
United States,USA,1850,3631.82,
United States,USA,1851,3778.3784,
United States,USA,1852,3971.2185,
United States,USA,1853,4242.48,
United States,USA,1854,4254.0503,
United States,USA,1855,4161.4873,
United States,USA,1856,4247.6226,
United States,USA,1857,4156.3447,
United States,USA,1858,4176.9146,
United States,USA,1859,4288.7617,
United States,USA,1860,4401.8945,
United States,USA,1861,4311.9023,
United States,USA,1862,4446.8906,
United States,USA,1863,4733.579,
United States,USA,1864,4889.1367,
United States,USA,1865,4637.159,
United States,USA,1866,4599.877,
United States,USA,1867,4751.5776,
United States,USA,1868,4815.8574,
United States,USA,1869,4943.132,
United States,USA,1870,4803.0015,
United States,USA,1871,4918.7056,
United States,USA,1872,4991.985,
United States,USA,1873,5116.688,
United States,USA,1874,4964.9873,
United States,USA,1875,5105.1177,
United States,USA,1876,5049.837,
United States,USA,1877,5098.6895,
United States,USA,1878,5198.9663,
United States,USA,1879,5715.778,
United States,USA,1880,6255.7295,
United States,USA,1881,6317.4385,
United States,USA,1882,6557.8457,
United States,USA,1883,6559.1313,
United States,USA,1884,6523.1343,
United States,USA,1885,6424.143,
United States,USA,1886,6471.7104,
United States,USA,1887,6616.9834,
United States,USA,1888,6447.284,
United States,USA,1889,6705.6895,
United States,USA,1890,6664.5503,
United States,USA,1891,6811.109,
United States,USA,1892,7324.063,
United States,USA,1893,6834.2495,
United States,USA,1894,6510.2783,
United States,USA,1895,7159.5063,
United States,USA,1896,6885.674,
United States,USA,1897,7406.342,
United States,USA,1898,7426.911,
United States,USA,1899,7959.1494,
United States,USA,1900,8037.5713,
United States,USA,1901,8770.363,
United States,USA,1902,8684.228,
United States,USA,1903,8941.348,
United States,USA,1904,8663.658,
United States,USA,1905,9121.332,
United States,USA,1906,9980.113,
United States,USA,1907,9950.544,
United States,USA,1908,8975.976,
United States,USA,1909,9798.118,
United States,USA,1910,9636.783,
United States,USA,1911,9735.89,
United States,USA,1912,9976.567,
United States,USA,1913,10107.97,
United States,USA,1914,9096.372,
United States,USA,1915,9164.177,
United States,USA,1916,10222.32,
United States,USA,1917,9769.078,
United States,USA,1918,10471.306,
United States,USA,1919,10449.78,
United States,USA,1920,10152.927,
United States,USA,1921,9674.881,
United States,USA,1922,10009.715,
United States,USA,1923,11071.243,
United States,USA,1924,11126.713,
United States,USA,1925,11149.772,
United States,USA,1926,11647.768,
United States,USA,1927,11532.397,
United States,USA,1928,11451.069,
United States,USA,1929,11954.235,
United States,USA,1930,10694.982,
United States,USA,1931,9930.964,
United States,USA,1932,8380.504,
United States,USA,1933,8048.2246,
United States,USA,1934,8667.092,
United States,USA,1935,9680.839,
United States,USA,1936,10568.013,
United States,USA,1937,11295.099,
United States,USA,1938,10526.134,
United States,USA,1939,11171.448,
United States,USA,1940,12005.095,
United States,USA,1941,13553.401,
United States,USA,1942,14869.861,
United States,USA,1943,16050.218,
United States,USA,1944,16999.328,
United States,USA,1945,16477.553,
United States,USA,1946,14822.467,
United States,USA,1947,14311.547,
United States,USA,1948,14734.232,
United States,USA,1949,14196.672,
United States,USA,1950,15240.0,
United States,USA,1951,16125.0,
United States,USA,1952,16444.0,
United States,USA,1953,16917.0,
United States,USA,1954,16512.0,
United States,USA,1955,17370.0,
United States,USA,1956,17397.0,
United States,USA,1957,17406.0,
United States,USA,1958,16946.0,
United States,USA,1959,17900.0,
United States,USA,1960,18057.0,
United States,USA,1961,18175.0,
United States,USA,1962,18976.0,
United States,USA,1963,19514.0,
United States,USA,1964,20360.0,
United States,USA,1965,21390.0,
United States,USA,1966,22529.0,
United States,USA,1967,22842.0,
United States,USA,1968,23691.0,
United States,USA,1969,24195.0,
United States,USA,1970,23958.0,
United States,USA,1971,24394.0,
United States,USA,1972,25414.0,
United States,USA,1973,26602.0,
United States,USA,1974,26286.0,
United States,USA,1975,25956.0,
United States,USA,1976,27058.0,
United States,USA,1977,28001.0,
United States,USA,1978,29286.0,
United States,USA,1979,29949.0,
United States,USA,1980,29611.0,
United States,USA,1981,30056.0,
United States,USA,1982,29210.0,
United States,USA,1983,30158.0,
United States,USA,1984,32076.0,
United States,USA,1985,33023.0,
United States,USA,1986,33850.0,
United States,USA,1987,34730.0,
United States,USA,1988,35863.0,
United States,USA,1989,36756.0,
United States,USA,1990,36982.0,
United States,USA,1991,36463.957,
United States,USA,1992,37240.3,
United States,USA,1993,37761.535,
United States,USA,1994,38807.28,
United States,USA,1995,39390.625,
United States,USA,1996,40412.75,
United States,USA,1997,41722.67,
United States,USA,1998,43072.758,
United States,USA,1999,44575.848,
United States,USA,2000,45886.47,
United States,USA,2001,45878.008,
United States,USA,2002,46266.297,
United States,USA,2003,47157.996,
United States,USA,2004,48492.72,
United States,USA,2005,49654.76,
United States,USA,2006,50489.86,
United States,USA,2007,50901.746,
United States,USA,2008,50275.746,
United States,USA,2009,48452.934,
United States,USA,2010,49266.914,
United States,USA,2011,49675.0,
United States,USA,2012,50436.434,
United States,USA,2013,51010.797,
United States,USA,2014,51796.62,
United States,USA,2015,52808.152,
United States,USA,2016,53301.016,
United States,USA,2017,54152.363,
United States,USA,2018,55454.668,
United States,USA,2019,56469.26,
United States,USA,2020,54379.207,
United States,USA,2021,57522.703,
United States,USA,2022,58487.465,
Uruguay,URY,1800,1838.0,
Uruguay,URY,1820,1983.0,
Uruguay,URY,1850,2467.0,
Uruguay,URY,1860,3000.0,
Uruguay,URY,1870,3677.0,
Uruguay,URY,1871,3677.0,
Uruguay,URY,1872,4305.0,
Uruguay,URY,1873,4403.0,
Uruguay,URY,1874,3918.0,
Uruguay,URY,1875,3241.0,
Uruguay,URY,1876,3532.0,
Uruguay,URY,1877,3435.0,
Uruguay,URY,1878,3677.0,
Uruguay,URY,1879,3145.0,
Uruguay,URY,1880,3435.0,
Uruguay,URY,1881,3096.0,
Uruguay,URY,1882,3387.0,
Uruguay,URY,1883,3967.0,
Uruguay,URY,1884,3870.0,
Uruguay,URY,1885,4355.0,
Uruguay,URY,1886,4500.0,
Uruguay,URY,1887,3677.0,
Uruguay,URY,1888,4595.0,
Uruguay,URY,1889,4112.0,
Uruguay,URY,1890,3628.0,
Uruguay,URY,1891,3677.0,
Uruguay,URY,1892,3677.0,
Uruguay,URY,1893,3870.0,
Uruguay,URY,1894,4160.0,
Uruguay,URY,1895,4063.0,
Uruguay,URY,1896,4112.0,
Uruguay,URY,1897,3967.0,
Uruguay,URY,1898,3435.0,
Uruguay,URY,1899,3532.0,
Uruguay,URY,1900,3387.0,
Uruguay,URY,1901,3532.0,
Uruguay,URY,1902,4015.0,
Uruguay,URY,1903,4015.0,
Uruguay,URY,1904,4015.0,
Uruguay,URY,1905,3387.0,
Uruguay,URY,1906,3822.0,
Uruguay,URY,1907,4063.0,
Uruguay,URY,1908,4355.0,
Uruguay,URY,1909,4355.0,
Uruguay,URY,1910,4500.0,
Uruguay,URY,1911,4500.0,
Uruguay,URY,1912,5176.0,
Uruguay,URY,1913,4838.0,
Uruguay,URY,1914,3773.0,
Uruguay,URY,1915,3532.0,
Uruguay,URY,1916,3435.0,
Uruguay,URY,1917,3918.0,
Uruguay,URY,1918,3918.0,
Uruguay,URY,1919,4595.0,
Uruguay,URY,1920,3580.0,
Uruguay,URY,1921,3532.0,
Uruguay,URY,1922,3870.0,
Uruguay,URY,1923,4112.0,
Uruguay,URY,1924,4258.0,
Uruguay,URY,1925,4208.0,
Uruguay,URY,1926,4548.0,
Uruguay,URY,1927,5080.0,
Uruguay,URY,1928,5176.0,
Uruguay,URY,1929,5128.0,
Uruguay,URY,1930,5950.0,
Uruguay,URY,1931,4838.0,
Uruguay,URY,1932,4450.0,
Uruguay,URY,1933,4112.0,
Uruguay,URY,1934,4693.0,
Uruguay,URY,1935,4790.0,
Uruguay,URY,1936,4790.0,
Uruguay,URY,1937,4935.0,
Uruguay,URY,1938,5273.0,
Uruguay,URY,1939,5322.0,
Uruguay,URY,1940,4983.0,
Uruguay,URY,1941,5225.0,
Uruguay,URY,1942,4838.0,
Uruguay,URY,1943,4693.0,
Uruguay,URY,1944,5322.0,
Uruguay,URY,1945,5418.0,
Uruguay,URY,1946,5903.0,
Uruguay,URY,1947,5757.0,
Uruguay,URY,1948,5853.0,
Uruguay,URY,1949,6531.0,
Uruguay,URY,1950,7015.0,
Uruguay,URY,1951,7548.0,
Uruguay,URY,1952,7353.0,
Uruguay,URY,1953,8030.0,
Uruguay,URY,1954,8273.0,
Uruguay,URY,1955,8176.0,
Uruguay,URY,1956,8225.0,
Uruguay,URY,1957,8176.0,
Uruguay,URY,1958,7788.0,
Uruguay,URY,1959,7450.0,
Uruguay,URY,1960,7643.0,
Uruguay,URY,1961,7740.0,
Uruguay,URY,1962,7498.0,
Uruguay,URY,1963,7450.0,
Uruguay,URY,1964,7498.0,
Uruguay,URY,1965,7498.0,
Uruguay,URY,1966,7693.0,
Uruguay,URY,1967,7305.0,
Uruguay,URY,1968,7353.0,
Uruguay,URY,1969,7740.0,
Uruguay,URY,1970,8030.0,
Uruguay,URY,1971,7933.0,
Uruguay,URY,1972,7643.0,
Uruguay,URY,1973,7885.0,
Uruguay,URY,1974,8176.0,
Uruguay,URY,1975,8563.0,
Uruguay,URY,1976,8853.0,
Uruguay,URY,1977,8950.0,
Uruguay,URY,1978,9483.0,
Uruguay,URY,1979,9966.0,
Uruguay,URY,1980,10546.0,
Uruguay,URY,1981,10643.0,
Uruguay,URY,1982,9578.0,
Uruguay,URY,1983,8950.0,
Uruguay,URY,1984,8805.0,
Uruguay,URY,1985,8901.0,
Uruguay,URY,1986,9628.0,
Uruguay,URY,1987,10305.0,
Uruguay,URY,1988,10256.0,
Uruguay,URY,1989,10305.0,
Uruguay,URY,1990,10305.0,
Uruguay,URY,1991,10586.408,
Uruguay,URY,1992,11349.542,
Uruguay,URY,1993,11581.705,
Uruguay,URY,1994,12344.15,
Uruguay,URY,1995,12092.639,
Uruguay,URY,1996,12660.163,
Uruguay,URY,1997,13226.478,
Uruguay,URY,1998,13744.321,
Uruguay,URY,1999,13348.756,
Uruguay,URY,2000,13050.063,
Uruguay,URY,2001,12463.919,
Uruguay,URY,2002,11399.581,
Uruguay,URY,2003,11438.687,
Uruguay,URY,2004,11955.31,
Uruguay,URY,2005,12757.499,
Uruguay,URY,2006,13223.781,
Uruguay,URY,2007,13976.393,
Uruguay,URY,2008,14869.927,
Uruguay,URY,2009,15143.996,
Uruguay,URY,2010,16415.629,
Uruguay,URY,2011,17211.0,
Uruguay,URY,2012,17776.027,
Uruguay,URY,2013,18553.332,
Uruguay,URY,2014,19104.312,
Uruguay,URY,2015,19123.604,
Uruguay,URY,2016,19393.982,
Uruguay,URY,2017,19656.627,
Uruguay,URY,2018,19697.76,
Uruguay,URY,2019,19714.148,
Uruguay,URY,2020,18460.04,
Uruguay,URY,2021,19222.295,
Uruguay,URY,2022,20181.94,
Uzbekistan,UZB,1973,8125.0,
Uzbekistan,UZB,1980,7453.0,
Uzbekistan,UZB,1981,7527.0,
Uzbekistan,UZB,1982,7594.0,
Uzbekistan,UZB,1983,7672.0,
Uzbekistan,UZB,1984,7189.0,
Uzbekistan,UZB,1985,7181.0,
Uzbekistan,UZB,1986,6904.0,
Uzbekistan,UZB,1987,6680.0,
Uzbekistan,UZB,1988,7101.0,
Uzbekistan,UZB,1989,7093.0,
Uzbekistan,UZB,1990,6790.0,
Uzbekistan,UZB,1991,6485.528,
Uzbekistan,UZB,1992,5530.4785,
Uzbekistan,UZB,1993,5193.4644,
Uzbekistan,UZB,1994,4744.458,
Uzbekistan,UZB,1995,4535.263,
Uzbekistan,UZB,1996,4452.882,
Uzbekistan,UZB,1997,4529.3345,
Uzbekistan,UZB,1998,4575.987,
Uzbekistan,UZB,1999,4630.6514,
Uzbekistan,UZB,2000,4667.26,
Uzbekistan,UZB,2001,4725.2524,
Uzbekistan,UZB,2002,4777.2886,
Uzbekistan,UZB,2003,4844.73,
Uzbekistan,UZB,2004,5068.2085,
Uzbekistan,UZB,2005,5284.005,
Uzbekistan,UZB,2006,5535.1216,
Uzbekistan,UZB,2007,5907.999,
Uzbekistan,UZB,2008,6278.2734,
Uzbekistan,UZB,2009,6618.0977,
Uzbekistan,UZB,2010,7002.8594,
Uzbekistan,UZB,2011,7396.0,
Uzbekistan,UZB,2012,7847.0747,
Uzbekistan,UZB,2013,8340.988,
Uzbekistan,UZB,2014,8831.602,
Uzbekistan,UZB,2015,9381.347,
Uzbekistan,UZB,2016,9845.353,
Uzbekistan,UZB,2017,10182.692,
Uzbekistan,UZB,2018,10682.418,
Uzbekistan,UZB,2019,11219.243,
Uzbekistan,UZB,2020,11341.919,
Uzbekistan,UZB,2021,12076.092,
Uzbekistan,UZB,2022,12559.401,
Venezuela,VEN,1800,1073.0,
Venezuela,VEN,1820,968.0,
Venezuela,VEN,1830,1922.0,
Venezuela,VEN,1831,1897.0,
Venezuela,VEN,1832,2142.0,
Venezuela,VEN,1833,2173.0,
Venezuela,VEN,1834,2195.0,
Venezuela,VEN,1835,2153.0,
Venezuela,VEN,1836,2002.0,
Venezuela,VEN,1837,1884.0,
Venezuela,VEN,1838,1693.0,
Venezuela,VEN,1839,1576.0,
Venezuela,VEN,1840,1519.0,
Venezuela,VEN,1841,1693.0,
Venezuela,VEN,1842,1884.0,
Venezuela,VEN,1843,1750.0,
Venezuela,VEN,1844,1750.0,
Venezuela,VEN,1845,1769.0,
Venezuela,VEN,1846,1788.0,
Venezuela,VEN,1847,1712.0,
Venezuela,VEN,1848,1712.0,
Venezuela,VEN,1849,1576.0,
Venezuela,VEN,1850,1884.0,
Venezuela,VEN,1851,1808.0,
Venezuela,VEN,1852,1884.0,
Venezuela,VEN,1853,2000.0,
Venezuela,VEN,1854,2039.0,
Venezuela,VEN,1855,2115.0,
Venezuela,VEN,1856,1635.0,
Venezuela,VEN,1857,1884.0,
Venezuela,VEN,1858,1846.0,
Venezuela,VEN,1859,1865.0,
Venezuela,VEN,1860,1981.0,
Venezuela,VEN,1861,2134.0,
Venezuela,VEN,1862,1884.0,
Venezuela,VEN,1863,1731.0,
Venezuela,VEN,1864,1693.0,
Venezuela,VEN,1865,1788.0,
Venezuela,VEN,1866,1769.0,
Venezuela,VEN,1867,1596.0,
Venezuela,VEN,1868,1615.0,
Venezuela,VEN,1869,1788.0,
Venezuela,VEN,1870,1769.0,
Venezuela,VEN,1871,1731.0,
Venezuela,VEN,1872,1750.0,
Venezuela,VEN,1873,1884.0,
Venezuela,VEN,1874,2077.0,
Venezuela,VEN,1875,1846.0,
Venezuela,VEN,1876,1924.0,
Venezuela,VEN,1877,1943.0,
Venezuela,VEN,1878,2077.0,
Venezuela,VEN,1879,2039.0,
Venezuela,VEN,1880,2153.0,
Venezuela,VEN,1881,2153.0,
Venezuela,VEN,1882,2115.0,
Venezuela,VEN,1883,2211.0,
Venezuela,VEN,1884,2346.0,
Venezuela,VEN,1885,2173.0,
Venezuela,VEN,1886,2308.0,
Venezuela,VEN,1887,2385.0,
Venezuela,VEN,1888,2385.0,
Venezuela,VEN,1889,2480.0,
Venezuela,VEN,1890,2673.0,
Venezuela,VEN,1891,2520.0,
Venezuela,VEN,1892,2270.0,
Venezuela,VEN,1893,2270.0,
Venezuela,VEN,1894,2232.0,
Venezuela,VEN,1895,2423.0,
Venezuela,VEN,1896,2134.0,
Venezuela,VEN,1897,2192.0,
Venezuela,VEN,1898,2134.0,
Venezuela,VEN,1899,1808.0,
Venezuela,VEN,1900,1846.0,
Venezuela,VEN,1901,1769.0,
Venezuela,VEN,1902,1655.0,
Venezuela,VEN,1903,1769.0,
Venezuela,VEN,1904,1788.0,
Venezuela,VEN,1905,1808.0,
Venezuela,VEN,1906,1788.0,
Venezuela,VEN,1907,1731.0,
Venezuela,VEN,1908,1693.0,
Venezuela,VEN,1909,1693.0,
Venezuela,VEN,1910,1674.0,
Venezuela,VEN,1911,1596.0,
Venezuela,VEN,1912,1712.0,
Venezuela,VEN,1913,1750.0,
Venezuela,VEN,1914,2020.0,
Venezuela,VEN,1915,2020.0,
Venezuela,VEN,1916,1884.0,
Venezuela,VEN,1917,1962.0,
Venezuela,VEN,1918,2039.0,
Venezuela,VEN,1919,1962.0,
Venezuela,VEN,1920,1903.0,
Venezuela,VEN,1921,1846.0,
Venezuela,VEN,1922,2000.0,
Venezuela,VEN,1923,2096.0,
Venezuela,VEN,1924,2173.0,
Venezuela,VEN,1925,2289.0,
Venezuela,VEN,1926,2423.0,
Venezuela,VEN,1927,2461.0,
Venezuela,VEN,1928,2866.0,
Venezuela,VEN,1929,2942.0,
Venezuela,VEN,1930,2923.0,
Venezuela,VEN,1931,2904.0,
Venezuela,VEN,1932,2635.0,
Venezuela,VEN,1933,2923.0,
Venezuela,VEN,1934,3038.0,
Venezuela,VEN,1935,3615.0,
Venezuela,VEN,1936,3904.0,
Venezuela,VEN,1937,3885.0,
Venezuela,VEN,1938,4289.0,
Venezuela,VEN,1939,4538.0,
Venezuela,VEN,1940,4769.0,
Venezuela,VEN,1941,4635.0,
Venezuela,VEN,1942,4001.0,
Venezuela,VEN,1943,4423.0,
Venezuela,VEN,1944,4769.0,
Venezuela,VEN,1945,5808.0,
Venezuela,VEN,1946,6655.0,
Venezuela,VEN,1947,6500.0,
Venezuela,VEN,1948,7712.0,
Venezuela,VEN,1949,7828.0,
Venezuela,VEN,1950,8462.0,
Venezuela,VEN,1951,9039.0,
Venezuela,VEN,1952,9309.0,
Venezuela,VEN,1953,9500.0,
Venezuela,VEN,1954,10020.0,
Venezuela,VEN,1955,10501.0,
Venezuela,VEN,1956,11136.0,
Venezuela,VEN,1957,11923.0,
Venezuela,VEN,1958,11615.0,
Venezuela,VEN,1959,12078.0,
Venezuela,VEN,1960,12116.0,
Venezuela,VEN,1961,12231.0,
Venezuela,VEN,1962,12848.0,
Venezuela,VEN,1963,13232.0,
Venezuela,VEN,1964,14019.0,
Venezuela,VEN,1965,14347.0,
Venezuela,VEN,1966,14174.0,
Venezuela,VEN,1967,14250.0,
Venezuela,VEN,1968,14520.0,
Venezuela,VEN,1969,14655.0,
Venezuela,VEN,1970,15289.0,
Venezuela,VEN,1971,15192.0,
Venezuela,VEN,1972,15135.0,
Venezuela,VEN,1973,15540.0,
Venezuela,VEN,1974,15943.0,
Venezuela,VEN,1975,16385.0,
Venezuela,VEN,1976,17174.0,
Venezuela,VEN,1977,17693.0,
Venezuela,VEN,1978,17481.0,
Venezuela,VEN,1979,17135.0,
Venezuela,VEN,1980,16270.0,
Venezuela,VEN,1981,15750.0,
Venezuela,VEN,1982,15423.0,
Venezuela,VEN,1983,14155.0,
Venezuela,VEN,1984,13597.0,
Venezuela,VEN,1985,13270.0,
Venezuela,VEN,1986,13751.0,
Venezuela,VEN,1987,13866.0,
Venezuela,VEN,1988,14308.0,
Venezuela,VEN,1989,12750.0,
Venezuela,VEN,1990,13251.0,
Venezuela,VEN,1991,14274.525,
Venezuela,VEN,1992,14901.616,
Venezuela,VEN,1993,14693.902,
Venezuela,VEN,1994,14129.278,
Venezuela,VEN,1995,14448.282,
Venezuela,VEN,1996,14211.81,
Venezuela,VEN,1997,14894.337,
Venezuela,VEN,1998,14739.051,
Venezuela,VEN,1999,13669.484,
Venezuela,VEN,2000,13992.608,
Venezuela,VEN,2001,14298.037,
Venezuela,VEN,2002,12856.049,
Venezuela,VEN,2003,11728.183,
Venezuela,VEN,2004,13713.045,
Venezuela,VEN,2005,14944.34,
Venezuela,VEN,2006,16253.686,
Venezuela,VEN,2007,17386.086,
Venezuela,VEN,2008,18019.09,
Venezuela,VEN,2009,17242.945,
Venezuela,VEN,2010,17105.58,
Venezuela,VEN,2011,17746.0,
Venezuela,VEN,2012,18486.459,
Venezuela,VEN,2013,18484.234,
Venezuela,VEN,2014,17579.223,
Venezuela,VEN,2015,16333.083,
Venezuela,VEN,2016,13428.789,
Venezuela,VEN,2017,11363.969,
Venezuela,VEN,2018,9446.1875,
Venezuela,VEN,2019,7061.7617,
Venezuela,VEN,2020,4952.53,
Venezuela,VEN,2021,4896.802,
Venezuela,VEN,2022,5267.1753,
Vietnam,VNM,1820,840.0,
Vietnam,VNM,1870,805.0,
Vietnam,VNM,1913,1159.0,
Vietnam,VNM,1950,1049.0,
Vietnam,VNM,1951,1078.0,
Vietnam,VNM,1952,1106.0,
Vietnam,VNM,1953,1135.0,
Vietnam,VNM,1954,1167.0,
Vietnam,VNM,1955,1195.0,
Vietnam,VNM,1956,1218.0,
Vietnam,VNM,1957,1235.0,
Vietnam,VNM,1958,1251.0,
Vietnam,VNM,1959,1262.0,
Vietnam,VNM,1960,1274.0,
Vietnam,VNM,1961,1294.0,
Vietnam,VNM,1962,1411.0,
Vietnam,VNM,1963,1406.0,
Vietnam,VNM,1964,1427.0,
Vietnam,VNM,1965,1398.0,
Vietnam,VNM,1966,1369.0,
Vietnam,VNM,1967,1165.0,
Vietnam,VNM,1968,1114.0,
Vietnam,VNM,1969,1178.0,
Vietnam,VNM,1970,1172.0,
Vietnam,VNM,1971,1202.0,
Vietnam,VNM,1972,1278.0,
Vietnam,VNM,1973,1333.0,
Vietnam,VNM,1974,1248.0,
Vietnam,VNM,1975,1132.0,
Vietnam,VNM,1976,1290.0,
Vietnam,VNM,1977,1304.0,
Vietnam,VNM,1978,1285.0,
Vietnam,VNM,1979,1267.0,
Vietnam,VNM,1980,1207.0,
Vietnam,VNM,1981,1223.0,
Vietnam,VNM,1982,1293.0,
Vietnam,VNM,1983,1333.0,
Vietnam,VNM,1984,1420.0,
Vietnam,VNM,1985,1471.0,
Vietnam,VNM,1986,1481.0,
Vietnam,VNM,1987,1500.0,
Vietnam,VNM,1988,1556.0,
Vietnam,VNM,1989,1588.0,
Vietnam,VNM,1990,1634.0,
Vietnam,VNM,1991,1688.1599,
Vietnam,VNM,1992,1792.6708,
Vietnam,VNM,1993,1894.8586,
Vietnam,VNM,1994,2018.3507,
Vietnam,VNM,1995,2167.042,
Vietnam,VNM,1996,2323.0464,
Vietnam,VNM,1997,2466.8735,
Vietnam,VNM,1998,2564.2844,
Vietnam,VNM,1999,2641.3484,
Vietnam,VNM,2000,2773.1016,
Vietnam,VNM,2001,2915.686,
Vietnam,VNM,2002,3070.6934,
Vietnam,VNM,2003,3242.2854,
Vietnam,VNM,2004,3437.6643,
Vietnam,VNM,2005,3637.6565,
Vietnam,VNM,2006,3828.9077,
Vietnam,VNM,2007,4037.233,
Vietnam,VNM,2008,4200.2354,
Vietnam,VNM,2009,4360.0615,
Vietnam,VNM,2010,4571.8486,
Vietnam,VNM,2011,4786.0,
Vietnam,VNM,2012,4987.9644,
Vietnam,VNM,2013,5199.779,
Vietnam,VNM,2014,5465.4834,
Vietnam,VNM,2015,5776.465,
Vietnam,VNM,2016,6089.623,
Vietnam,VNM,2017,6437.739,
Vietnam,VNM,2018,6842.1387,
Vietnam,VNM,2019,7266.0483,
Vietnam,VNM,2020,7395.3613,
Vietnam,VNM,2021,7507.759,
Vietnam,VNM,2022,8050.359,
Western Europe (Maddison),,1820,2170.7048,
Western Europe (Maddison),,1830,2314.693,
Western Europe (Maddison),,1840,2528.1648,
Western Europe (Maddison),,1850,2670.193,
Western Europe (Maddison),,1860,3028.8774,
Western Europe (Maddison),,1870,3287.7605,
Western Europe (Maddison),,1880,3584.9082,
Western Europe (Maddison),,1890,4079.0337,
Western Europe (Maddison),,1900,4724.0073,
Western Europe (Maddison),,1910,5121.3467,
Western Europe (Maddison),,1920,4869.033,
Western Europe (Maddison),,1930,6389.672,
Western Europe (Maddison),,1940,7160.773,
Western Europe (Maddison),,1950,7239.914,
Western Europe (Maddison),,1960,10928.713,
Western Europe (Maddison),,1970,16096.743,
Western Europe (Maddison),,1980,20870.26,
Western Europe (Maddison),,1990,25367.219,
Western Europe (Maddison),,2000,32593.166,
Western Europe (Maddison),,2010,37420.33,
Western Europe (Maddison),,2015,38740.285,
Western Europe (Maddison),,2016,39299.83,
Western Europe (Maddison),,2017,40116.637,
Western Europe (Maddison),,2018,40640.984,
Western Europe (Maddison),,2019,41090.758,
Western Europe (Maddison),,2020,38162.535,
Western Europe (Maddison),,2021,40164.14,
Western Europe (Maddison),,2022,41323.023,
Western offshoots (Maddison),,1820,2513.0454,"United States, Canada, Australia and New Zealand"
Western offshoots (Maddison),,1830,2886.7632,"United States, Canada, Australia and New Zealand"
Western offshoots (Maddison),,1840,3167.8643,"United States, Canada, Australia and New Zealand"
Western offshoots (Maddison),,1850,3474.4102,"United States, Canada, Australia and New Zealand"
Western offshoots (Maddison),,1860,4214.441,"United States, Canada, Australia and New Zealand"
Western offshoots (Maddison),,1870,4647.454,"United States, Canada, Australia and New Zealand"
Western offshoots (Maddison),,1880,6019.124,"United States, Canada, Australia and New Zealand"
Western offshoots (Maddison),,1890,6480.9556,"United States, Canada, Australia and New Zealand"
Western offshoots (Maddison),,1900,7740.8506,"United States, Canada, Australia and New Zealand"
Western offshoots (Maddison),,1910,9354.691,"United States, Canada, Australia and New Zealand"
Western offshoots (Maddison),,1920,9741.423,"United States, Canada, Australia and New Zealand"
Western offshoots (Maddison),,1930,10297.123,"United States, Canada, Australia and New Zealand"
Western offshoots (Maddison),,1940,11620.501,"United States, Canada, Australia and New Zealand"
Western offshoots (Maddison),,1950,14773.206,"United States, Canada, Australia and New Zealand"
Western offshoots (Maddison),,1960,17471.514,"United States, Canada, Australia and New Zealand"
Western offshoots (Maddison),,1970,23209.65,"United States, Canada, Australia and New Zealand"
Western offshoots (Maddison),,1980,28786.756,"United States, Canada, Australia and New Zealand"
Western offshoots (Maddison),,1990,35619.383,"United States, Canada, Australia and New Zealand"
Western offshoots (Maddison),,2000,44321.316,"United States, Canada, Australia and New Zealand"
Western offshoots (Maddison),,2010,48083.18,"United States, Canada, Australia and New Zealand"
Western offshoots (Maddison),,2015,51453.055,"United States, Canada, Australia and New Zealand"
Western offshoots (Maddison),,2016,51890.56,"United States, Canada, Australia and New Zealand"
Western offshoots (Maddison),,2017,52692.227,"United States, Canada, Australia and New Zealand"
Western offshoots (Maddison),,2018,53866.645,"United States, Canada, Australia and New Zealand"
Western offshoots (Maddison),,2019,54730.81,"United States, Canada, Australia and New Zealand"
Western offshoots (Maddison),,2020,52617.65,"United States, Canada, Australia and New Zealand"
Western offshoots (Maddison),,2021,55576.02,"United States, Canada, Australia and New Zealand"
Western offshoots (Maddison),,2022,56567.887,"United States, Canada, Australia and New Zealand"
World,OWID_WRL,1820,1127.73,
World,OWID_WRL,1850,1300.502,
World,OWID_WRL,1870,1543.2267,
World,OWID_WRL,1900,2265.4688,
World,OWID_WRL,1920,2493.3152,
World,OWID_WRL,1940,3413.199,
World,OWID_WRL,1950,3360.164,
World,OWID_WRL,1960,4403.6543,
World,OWID_WRL,1970,5970.6577,
World,OWID_WRL,1980,7239.1943,
World,OWID_WRL,1990,8210.969,
World,OWID_WRL,2000,9903.86,
World,OWID_WRL,2010,13121.591,
World,OWID_WRL,2015,14713.451,
World,OWID_WRL,2016,15029.054,
World,OWID_WRL,2017,15416.331,
World,OWID_WRL,2018,15814.849,
World,OWID_WRL,2019,16091.449,
World,OWID_WRL,2020,15461.187,
World,OWID_WRL,2021,16282.981,
World,OWID_WRL,2022,16676.75,
Yemen,YEM,1950,1452.0,
Yemen,YEM,1951,1463.0,
Yemen,YEM,1952,1473.0,
Yemen,YEM,1953,1482.0,
Yemen,YEM,1954,1492.0,
Yemen,YEM,1955,1502.0,
Yemen,YEM,1956,1508.0,
Yemen,YEM,1957,1516.0,
Yemen,YEM,1958,1522.0,
Yemen,YEM,1959,1529.0,
Yemen,YEM,1960,1537.0,
Yemen,YEM,1961,1545.0,
Yemen,YEM,1962,1554.0,
Yemen,YEM,1963,1568.0,
Yemen,YEM,1964,1576.0,
Yemen,YEM,1965,1588.0,
Yemen,YEM,1966,1605.0,
Yemen,YEM,1967,1624.0,
Yemen,YEM,1968,1639.0,
Yemen,YEM,1969,1658.0,
Yemen,YEM,1970,1961.0,
Yemen,YEM,1971,2254.0,
Yemen,YEM,1972,2383.0,
Yemen,YEM,1973,2614.0,
Yemen,YEM,1974,2703.0,
Yemen,YEM,1975,2844.0,
Yemen,YEM,1976,3193.0,
Yemen,YEM,1977,3446.0,
Yemen,YEM,1978,3636.0,
Yemen,YEM,1979,3733.0,
Yemen,YEM,1980,3650.0,
Yemen,YEM,1981,3767.0,
Yemen,YEM,1982,3724.0,
Yemen,YEM,1983,3827.0,
Yemen,YEM,1984,3861.0,
Yemen,YEM,1985,3717.0,
Yemen,YEM,1986,3684.0,
Yemen,YEM,1987,3712.0,
Yemen,YEM,1988,3747.0,
Yemen,YEM,1989,3751.0,
Yemen,YEM,1990,3622.0,
Yemen,YEM,1991,3661.9236,
Yemen,YEM,1992,3759.7183,
Yemen,YEM,1993,3712.341,
Yemen,YEM,1994,3775.0696,
Yemen,YEM,1995,3823.3188,
Yemen,YEM,1996,3855.572,
Yemen,YEM,1997,3927.6804,
Yemen,YEM,1998,4044.1484,
Yemen,YEM,1999,4080.2185,
Yemen,YEM,2000,4212.1055,
Yemen,YEM,2001,4249.0337,
Yemen,YEM,2002,4292.0986,
Yemen,YEM,2003,4326.5103,
Yemen,YEM,2004,4371.3955,
Yemen,YEM,2005,4485.583,
Yemen,YEM,2006,4497.2593,
Yemen,YEM,2007,4516.1436,
Yemen,YEM,2008,4549.009,
Yemen,YEM,2009,4593.5425,
Yemen,YEM,2010,4812.345,
Yemen,YEM,2011,4088.0,
Yemen,YEM,2012,4064.3423,
Yemen,YEM,2013,4139.823,
Yemen,YEM,2014,4019.4,
Yemen,YEM,2015,2820.6172,
Yemen,YEM,2016,2495.4993,
Yemen,YEM,2017,2314.9673,
Yemen,YEM,2018,2281.545,
Yemen,YEM,2019,2265.343,
Yemen,YEM,2020,2031.4436,
Yemen,YEM,2021,1972.2102,
Yemen,YEM,2022,1959.3195,
Yugoslavia,OWID_YGS,1870,878.0,
Yugoslavia,OWID_YGS,1890,1237.0,
Yugoslavia,OWID_YGS,1900,1323.0,
Yugoslavia,OWID_YGS,1910,1551.0,
Yugoslavia,OWID_YGS,1913,1551.0,
Yugoslavia,OWID_YGS,1920,1513.0,
Yugoslavia,OWID_YGS,1921,1529.0,
Yugoslavia,OWID_YGS,1922,1551.0,
Yugoslavia,OWID_YGS,1923,1608.0,
Yugoslavia,OWID_YGS,1924,1699.0,
Yugoslavia,OWID_YGS,1925,1758.0,
Yugoslavia,OWID_YGS,1926,1854.0,
Yugoslavia,OWID_YGS,1927,1798.0,
Yugoslavia,OWID_YGS,1928,1929.0,
Yugoslavia,OWID_YGS,1929,2002.0,
Yugoslavia,OWID_YGS,1930,1935.0,
Yugoslavia,OWID_YGS,1931,1851.0,
Yugoslavia,OWID_YGS,1932,1655.0,
Yugoslavia,OWID_YGS,1933,1683.0,
Yugoslavia,OWID_YGS,1934,1722.0,
Yugoslavia,OWID_YGS,1935,1672.0,
Yugoslavia,OWID_YGS,1936,1863.0,
Yugoslavia,OWID_YGS,1937,1868.0,
Yugoslavia,OWID_YGS,1938,1991.0,
Yugoslavia,OWID_YGS,1939,2072.0,
Yugoslavia,OWID_YGS,1947,1930.0,
Yugoslavia,OWID_YGS,1948,2273.0,
Yugoslavia,OWID_YGS,1949,2463.0,
Yugoslavia,OWID_YGS,1950,2276.0,
Yugoslavia,OWID_YGS,1951,2335.0,
Yugoslavia,OWID_YGS,1952,2125.0,
Yugoslavia,OWID_YGS,1953,2289.0,
Yugoslavia,OWID_YGS,1954,2335.0,
Yugoslavia,OWID_YGS,1955,2721.0,
Yugoslavia,OWID_YGS,1956,2560.0,
Yugoslavia,OWID_YGS,1957,3045.0,
Yugoslavia,OWID_YGS,1958,3084.0,
Yugoslavia,OWID_YGS,1959,3547.0,
Yugoslavia,OWID_YGS,1960,3778.0,
Yugoslavia,OWID_YGS,1961,3950.0,
Yugoslavia,OWID_YGS,1962,4041.0,
Yugoslavia,OWID_YGS,1963,4481.0,
Yugoslavia,OWID_YGS,1964,4941.0,
Yugoslavia,OWID_YGS,1965,4981.0,
Yugoslavia,OWID_YGS,1966,5311.0,
Yugoslavia,OWID_YGS,1967,5378.0,
Yugoslavia,OWID_YGS,1968,5523.0,
Yugoslavia,OWID_YGS,1969,6001.0,
Yugoslavia,OWID_YGS,1970,6288.0,
Yugoslavia,OWID_YGS,1971,6730.0,
Yugoslavia,OWID_YGS,1972,6948.0,
Yugoslavia,OWID_YGS,1973,7226.0,
Yugoslavia,OWID_YGS,1974,7767.0,
Yugoslavia,OWID_YGS,1975,7976.0,
Yugoslavia,OWID_YGS,1976,8207.0,
Yugoslavia,OWID_YGS,1977,8780.0,
Yugoslavia,OWID_YGS,1978,9283.0,
Yugoslavia,OWID_YGS,1979,9873.0,
Yugoslavia,OWID_YGS,1980,10037.0,
Yugoslavia,OWID_YGS,1981,10106.0,
Yugoslavia,OWID_YGS,1982,10080.0,
Yugoslavia,OWID_YGS,1983,9907.0,
Yugoslavia,OWID_YGS,1984,10029.0,
Yugoslavia,OWID_YGS,1985,10009.0,
Yugoslavia,OWID_YGS,1986,10299.0,
Yugoslavia,OWID_YGS,1987,10119.0,
Yugoslavia,OWID_YGS,1988,9884.0,
Yugoslavia,OWID_YGS,1989,9887.0,
Yugoslavia,OWID_YGS,1990,9000.0,
Yugoslavia,OWID_YGS,1991,7867.96,
Yugoslavia,OWID_YGS,1992,6506.902,
Yugoslavia,OWID_YGS,1993,5552.537,
Yugoslavia,OWID_YGS,1994,5851.691,
Yugoslavia,OWID_YGS,1995,6285.9087,
Yugoslavia,OWID_YGS,1996,6938.2065,
Yugoslavia,OWID_YGS,1997,7697.6787,
Yugoslavia,OWID_YGS,1998,8152.854,
Yugoslavia,OWID_YGS,1999,8035.612,
Yugoslavia,OWID_YGS,2000,8472.589,
Yugoslavia,OWID_YGS,2001,8827.676,
Yugoslavia,OWID_YGS,2002,9266.39,
Yugoslavia,OWID_YGS,2003,9686.03,
Yugoslavia,OWID_YGS,2004,10317.229,
Yugoslavia,OWID_YGS,2005,10881.867,
Yugoslavia,OWID_YGS,2006,11598.9795,
Yugoslavia,OWID_YGS,2007,12461.67,
Yugoslavia,OWID_YGS,2008,13125.144,
Yugoslavia,OWID_YGS,2009,14028.42,
Yugoslavia,OWID_YGS,2010,14250.789,
Yugoslavia,OWID_YGS,2011,14540.0,
Yugoslavia,OWID_YGS,2012,14331.0,
Yugoslavia,OWID_YGS,2013,14500.0,
Yugoslavia,OWID_YGS,2014,14627.0,
Yugoslavia,OWID_YGS,2015,14971.0,
Yugoslavia,OWID_YGS,2016,15537.365,
Yugoslavia,OWID_YGS,2017,16128.635,
Yugoslavia,OWID_YGS,2018,16824.555,
Yugoslavia,OWID_YGS,2019,17524.213,
Yugoslavia,OWID_YGS,2020,16757.94,
Yugoslavia,OWID_YGS,2021,18491.682,
Yugoslavia,OWID_YGS,2022,19352.385,
Zambia,ZMB,1906,582.0121,
Zambia,ZMB,1907,583.6066,
Zambia,ZMB,1908,582.0121,
Zambia,ZMB,1909,582.0121,
Zambia,ZMB,1910,582.0121,
Zambia,ZMB,1911,583.6066,
Zambia,ZMB,1912,583.6066,
Zambia,ZMB,1913,585.20123,
Zambia,ZMB,1914,586.7958,
Zambia,ZMB,1915,591.5794,
Zambia,ZMB,1916,596.3631,
Zambia,ZMB,1917,593.17395,
Zambia,ZMB,1923,607.52496,
Zambia,ZMB,1924,594.76855,
Zambia,ZMB,1925,596.3631,
Zambia,ZMB,1926,601.1467,
Zambia,ZMB,1927,620.2814,
Zambia,ZMB,1928,623.4705,
Zambia,ZMB,1929,617.0923,
Zambia,ZMB,1930,621.8759,
Zambia,ZMB,1931,618.6868,
Zambia,ZMB,1932,735.08923,
Zambia,ZMB,1933,808.4387,
Zambia,ZMB,1934,857.8699,
Zambia,ZMB,1935,835.54614,
Zambia,ZMB,1936,848.30255,
Zambia,ZMB,1937,928.0303,
Zambia,ZMB,1938,951.94855,
Zambia,ZMB,1939,931.21936,
Zambia,ZMB,1940,1017.32526,
Zambia,ZMB,1941,918.46295,
Zambia,ZMB,1942,924.8411,
Zambia,ZMB,1943,956.73224,
Zambia,ZMB,1944,945.5704,
Zambia,ZMB,1945,864.2481,
Zambia,ZMB,1946,865.84265,
Zambia,ZMB,1947,899.3283,
Zambia,ZMB,1948,943.97577,
Zambia,ZMB,1949,1001.3797,
Zambia,ZMB,1950,1054.0,
Zambia,ZMB,1951,1097.0,
Zambia,ZMB,1952,1140.0,
Zambia,ZMB,1953,1184.0,
Zambia,ZMB,1954,1231.0,
Zambia,ZMB,1955,1173.0,
Zambia,ZMB,1956,1280.0,
Zambia,ZMB,1957,1302.0,
Zambia,ZMB,1958,1237.0,
Zambia,ZMB,1959,1458.0,
Zambia,ZMB,1960,1530.0,
Zambia,ZMB,1961,1495.0,
Zambia,ZMB,1962,1443.0,
Zambia,ZMB,1963,1438.0,
Zambia,ZMB,1964,1588.0,
Zambia,ZMB,1965,1828.0,
Zambia,ZMB,1966,1683.0,
Zambia,ZMB,1967,1765.0,
Zambia,ZMB,1968,1741.0,
Zambia,ZMB,1969,1683.0,
Zambia,ZMB,1970,1710.0,
Zambia,ZMB,1971,1661.0,
Zambia,ZMB,1972,1761.0,
Zambia,ZMB,1973,1693.0,
Zambia,ZMB,1974,1776.0,
Zambia,ZMB,1975,1659.0,
Zambia,ZMB,1976,1707.0,
Zambia,ZMB,1977,1578.0,
Zambia,ZMB,1978,1541.0,
Zambia,ZMB,1979,1451.0,
Zambia,ZMB,1980,1452.0,
Zambia,ZMB,1981,1492.0,
Zambia,ZMB,1982,1398.0,
Zambia,ZMB,1983,1320.0,
Zambia,ZMB,1984,1269.0,
Zambia,ZMB,1985,1250.0,
Zambia,ZMB,1986,1215.0,
Zambia,ZMB,1987,1203.0,
Zambia,ZMB,1988,1239.0,
Zambia,ZMB,1989,1215.0,
Zambia,ZMB,1990,1285.0,
Zambia,ZMB,1991,1279.7516,
Zambia,ZMB,1992,1308.8517,
Zambia,ZMB,1993,1312.337,
Zambia,ZMB,1994,1142.2018,
Zambia,ZMB,1995,1180.9438,
Zambia,ZMB,1996,1260.7262,
Zambia,ZMB,1997,1311.357,
Zambia,ZMB,1998,1308.9514,
Zambia,ZMB,1999,1373.8511,
Zambia,ZMB,2000,1428.5023,
Zambia,ZMB,2001,1504.4498,
Zambia,ZMB,2002,1579.0227,
Zambia,ZMB,2003,1698.5515,
Zambia,ZMB,2004,1828.3098,
Zambia,ZMB,2005,1970.0187,
Zambia,ZMB,2006,2133.594,
Zambia,ZMB,2007,2318.627,
Zambia,ZMB,2008,2504.757,
Zambia,ZMB,2009,2743.322,
Zambia,ZMB,2010,3032.0679,
Zambia,ZMB,2011,3205.0,
Zambia,ZMB,2012,3344.8652,
Zambia,ZMB,2013,3409.314,
Zambia,ZMB,2014,3461.09,
Zambia,ZMB,2015,3454.3528,
Zambia,ZMB,2016,3476.8513,
Zambia,ZMB,2017,3489.8547,
Zambia,ZMB,2018,3521.5051,
Zambia,ZMB,2019,3466.2363,
Zambia,ZMB,2020,3270.599,
Zambia,ZMB,2021,3321.5945,
Zambia,ZMB,2022,3342.4214,
Zimbabwe,ZWE,1914,921.00714,
Zimbabwe,ZWE,1919,732.98145,
Zimbabwe,ZWE,1920,643.7489,
Zimbabwe,ZWE,1921,638.9686,
Zimbabwe,ZWE,1922,697.92584,
Zimbabwe,ZWE,1923,748.91583,
Zimbabwe,ZWE,1924,710.67334,
Zimbabwe,ZWE,1925,705.893,
Zimbabwe,ZWE,1926,768.0371,
Zimbabwe,ZWE,1927,839.7418,
Zimbabwe,ZWE,1928,873.204,
Zimbabwe,ZWE,1929,844.5221,
Zimbabwe,ZWE,1930,822.214,
Zimbabwe,ZWE,1931,852.4893,
Zimbabwe,ZWE,1932,819.0271,
Zimbabwe,ZWE,1933,828.5877,
Zimbabwe,ZWE,1934,854.08276,
Zimbabwe,ZWE,1935,871.61053,
Zimbabwe,ZWE,1936,909.8531,
Zimbabwe,ZWE,1937,924.19403,
Zimbabwe,ZWE,1938,946.50214,
Zimbabwe,ZWE,1939,965.6234,
Zimbabwe,ZWE,1944,855.67615,
Zimbabwe,ZWE,1945,854.08276,
Zimbabwe,ZWE,1946,877.9843,
Zimbabwe,ZWE,1947,943.31525,
Zimbabwe,ZWE,1948,1035.7346,
Zimbabwe,ZWE,1949,1054.856,
Zimbabwe,ZWE,1950,1117.0,
Zimbabwe,ZWE,1951,1151.0,
Zimbabwe,ZWE,1952,1154.0,
Zimbabwe,ZWE,1953,1211.0,
Zimbabwe,ZWE,1954,1231.0,
Zimbabwe,ZWE,1955,1288.0,
Zimbabwe,ZWE,1956,1422.0,
Zimbabwe,ZWE,1957,1473.0,
Zimbabwe,ZWE,1958,1444.0,
Zimbabwe,ZWE,1959,1474.0,
Zimbabwe,ZWE,1960,1495.0,
Zimbabwe,ZWE,1961,1524.0,
Zimbabwe,ZWE,1962,1497.0,
Zimbabwe,ZWE,1963,1436.0,
Zimbabwe,ZWE,1964,1519.0,
Zimbabwe,ZWE,1965,1568.0,
Zimbabwe,ZWE,1966,1541.0,
Zimbabwe,ZWE,1967,1618.0,
Zimbabwe,ZWE,1968,1592.0,
Zimbabwe,ZWE,1969,1731.0,
Zimbabwe,ZWE,1970,2043.0,
Zimbabwe,ZWE,1971,2157.0,
Zimbabwe,ZWE,1972,2268.0,
Zimbabwe,ZWE,1973,2283.0,
Zimbabwe,ZWE,1974,2275.0,
Zimbabwe,ZWE,1975,2235.0,
Zimbabwe,ZWE,1976,2163.0,
Zimbabwe,ZWE,1977,1946.0,
Zimbabwe,ZWE,1978,1964.0,
Zimbabwe,ZWE,1979,1930.0,
Zimbabwe,ZWE,1980,2064.0,
Zimbabwe,ZWE,1981,2243.0,
Zimbabwe,ZWE,1982,2240.0,
Zimbabwe,ZWE,1983,2190.0,
Zimbabwe,ZWE,1984,2067.0,
Zimbabwe,ZWE,1985,2128.0,
Zimbabwe,ZWE,1986,2107.0,
Zimbabwe,ZWE,1987,2004.0,
Zimbabwe,ZWE,1988,2114.0,
Zimbabwe,ZWE,1989,2181.0,
Zimbabwe,ZWE,1990,2160.0,
Zimbabwe,ZWE,1991,2222.2554,
Zimbabwe,ZWE,1992,1971.4456,
Zimbabwe,ZWE,1993,1948.9105,
Zimbabwe,ZWE,1994,2110.712,
Zimbabwe,ZWE,1995,2102.8599,
Zimbabwe,ZWE,1996,2292.4875,
Zimbabwe,ZWE,1997,2326.5388,
Zimbabwe,ZWE,1998,2369.019,
Zimbabwe,ZWE,1999,2323.0093,
Zimbabwe,ZWE,2000,2211.1963,
Zimbabwe,ZWE,2001,2193.7385,
Zimbabwe,ZWE,2002,2025.3177,
Zimbabwe,ZWE,2003,1700.9558,
Zimbabwe,ZWE,2004,1604.503,
Zimbabwe,ZWE,2005,1496.0343,
Zimbabwe,ZWE,2006,1455.7286,
Zimbabwe,ZWE,2007,1422.1553,
Zimbabwe,ZWE,2008,1197.5261,
Zimbabwe,ZWE,2009,1285.0466,
Zimbabwe,ZWE,2010,1401.8566,
Zimbabwe,ZWE,2011,1515.0,
Zimbabwe,ZWE,2012,1749.8566,
Zimbabwe,ZWE,2013,1766.3789,
Zimbabwe,ZWE,2014,1789.0048,
Zimbabwe,ZWE,2015,1798.7872,
Zimbabwe,ZWE,2016,1782.8301,
Zimbabwe,ZWE,2017,1843.9463,
Zimbabwe,ZWE,2018,1900.1992,
Zimbabwe,ZWE,2019,1753.0244,
Zimbabwe,ZWE,2020,1585.9728,
Zimbabwe,ZWE,2021,1687.2532,
Zimbabwe,ZWE,2022,1703.5294,
