date,CL1,CL6
1991-05-23,21.02,20.75
1991-05-24,21.19,20.45
1991-05-28,21.33,20.57
1991-05-29,21.11,20.69
1991-05-30,21.32,20.51
1991-05-31,21.13,20.45
1991-06-03,21.13,20.48
1991-06-04,21.02,20.31
1991-06-05,20.47,20.1
1991-06-06,20.33,20.24
1991-06-07,20.28,20.17
1991-06-10,19.84,20.02
1991-06-11,19.96,20.13
1991-06-12,20.05,20.11
1991-06-13,19.71,20.41
1991-06-14,19.67,20.38
1991-06-17,19.94,20.47
1991-06-18,20.13,20.49
1991-06-19,19.99,20.33
1991-06-20,20.15,20.37
1991-06-21,20.23,20.59
1991-06-24,19.98,20.71
1991-06-25,20.05,20.9
1991-06-26,20.08,20.71
1991-06-27,20.48,20.95
1991-06-28,20.56,20.84
1991-07-01,20.76,20.89
1991-07-02,20.82,21.23
1991-07-03,20.67,21.13
1991-07-05,20.89,21.46
1991-07-08,21.24,21.33
1991-07-09,21.29,20.85
1991-07-10,21.43,20.99
1991-07-11,21.29,20.82
1991-07-12,21.72,20.83
1991-07-15,21.47,20.84
1991-07-16,21.65,21.06
1991-07-17,22.14,21.17
1991-07-18,21.94,20.82
1991-07-19,22.16,20.86
1991-07-22,21.72,20.95
1991-07-23,21.32,20.86
1991-07-24,21.52,20.88
1991-07-25,21.46,20.92
1991-07-26,21.48,20.96
1991-07-29,21.35,21.06
1991-07-30,21.42,21.06
1991-07-31,21.68,21.03
1991-08-01,21.27,21.16
1991-08-02,21.32,20.98
1991-08-05,21.47,21.69
1991-08-06,21.37,21.66
1991-08-07,21.36,20.95
1991-08-08,21.58,21.13
1991-08-09,21.62,21.17
1991-08-12,21.69,21.29
1991-08-13,21.58,21.37
1991-08-14,21.27,21.2
1991-08-15,21.44,21.35
1991-08-16,21.30,21.53
1991-08-19,22.47,21.5
1991-08-20,22.27,21.24
1991-08-21,21.55,21.2
1991-08-22,21.72,21.17
1991-08-23,21.81,20.97
1991-08-26,21.97,21.02
1991-08-27,21.98,21.17
1991-08-28,21.74,21.03
1991-08-29,21.97,21.12
1991-08-30,22.26,21.18
1991-09-03,22.24,21.01
1991-09-04,21.81,21.15
1991-09-05,21.69,21.1
1991-09-06,21.57,21.18
1991-09-09,21.33,21.18
1991-09-10,21.41,21.38
1991-09-11,21.64,21.38
1991-09-12,21.53,21.35
1991-09-13,21.68,21.41
1991-09-16,21.82,21.38
1991-09-17,21.62,21.42
1991-09-18,21.84,21.5
1991-09-19,21.76,21.73
1991-09-20,21.97,21.63
1991-09-23,22.07,21.89
1991-09-24,22.19,21.92
1991-09-25,22.21,21.98
1991-09-26,22.21,21.88
1991-09-27,22.32,22
1991-09-30,22.23,22.21
1991-10-01,22.22,22.37
1991-10-02,22.33,22.32
1991-10-03,22.67,22.42
1991-10-04,22.61,22.58
1991-10-07,22.98,22.66
1991-10-08,22.99,22.55
1991-10-09,23.16,22.02
1991-10-10,22.98,22.19
1991-10-11,23.09,21.86
1991-10-14,23.46,22
1991-10-15,23.86,21.96
1991-10-16,23.67,21.95
1991-10-17,23.93,22.1
1991-10-18,24.14,22.36
1991-10-21,24.04,22.33
1991-10-22,23.48,22.37
1991-10-23,23.26,22.29
1991-10-24,23.49,22.09
1991-10-25,23.12,21.91
1991-10-28,23.21,21.54
1991-10-29,23.11,21.45
1991-10-30,23.11,21.26
1991-10-31,23.37,21.42
1991-11-01,23.82,21.67
1991-11-04,23.80,21.34
1991-11-05,23.78,21.24
1991-11-06,23.40,21.29
1991-11-07,23.20,20.95
1991-11-08,23.01,20.55
1991-11-11,22.58,20.7
1991-11-12,22.50,20.41
1991-11-13,22.35,20.72
1991-11-14,22.52,20.77
1991-11-15,22.79,20.51
1991-11-18,22.40,20.06
1991-11-19,22.00,20.28
1991-11-20,22.22,19.94
1991-11-21,21.78,19.77
1991-11-22,21.21,19.39
1991-11-25,21.42,19.47
1991-11-26,21.02,19.59
1991-11-27,21.35,19.8
1991-11-29,21.48,19.78
1991-12-02,21.08,19.53
1991-12-03,20.51,19.37
1991-12-04,20.76,19.31
1991-12-05,20.39,19.17
1991-12-06,20.04,18.81
1991-12-09,19.42,19.05
1991-12-10,19.41,19.26
1991-12-11,19.51,18.83
1991-12-12,19.96,18.92
1991-12-13,20.05,18.87
1991-12-16,19.76,19.33
1991-12-17,19.45,19.52
1991-12-18,19.39,19.24
1991-12-19,19.13,19.21
1991-12-20,18.52,18.76
1991-12-23,18.78,18.23
1991-12-24,18.97,18.33
1991-12-26,18.50,18.75
1991-12-27,18.76,19.1
1991-12-30,18.65,18.88
1991-12-31,19.12,19.2
1992-01-02,19.49,19.14
1992-01-03,19.23,19.26
1992-01-06,19.21,19.11
1992-01-07,18.69,18.91
1992-01-08,17.87,19.17
1992-01-09,17.86,18.84
1992-01-10,18.23,19.11
1992-01-13,18.79,19.4
1992-01-14,18.47,19.25
1992-01-15,18.85,19.14
1992-01-16,18.91,19.18
1992-01-17,19.16,19.16
1992-01-20,18.89,19.27
1992-01-21,18.47,19.52
1992-01-22,18.94,19.66
1992-01-23,18.72,19.56
1992-01-24,19.00,19.72
1992-01-27,19.36,19.73
1992-01-28,19.17,19.42
1992-01-29,18.89,19.4
1992-01-30,18.94,19.81
1992-01-31,18.90,19.69
1992-02-03,18.96,18.62
1992-02-04,19.27,19.05
1992-02-05,19.50,19.04
1992-02-06,19.50,18.89
1992-02-07,19.87,18.83
1992-02-10,19.78,18.94
1992-02-11,19.28,19.02
1992-02-12,19.27,19.17
1992-02-13,19.68,19.13
1992-02-14,19.46,18.83
1992-02-18,18.12,19.02
1992-02-19,18.41,19.01
1992-02-20,18.54,18.93
1992-02-21,18.66,18.88
1992-02-24,18.43,19.09
1992-02-25,18.48,19.15
1992-02-26,18.46,19.01
1992-02-27,18.75,19.23
1992-02-28,18.68,19.42
1992-03-02,18.34,19.33
1992-03-03,18.64,19.3
1992-03-04,18.63,19.19
1992-03-05,18.55,19.4
1992-03-06,18.51,19.15
1992-03-09,18.67,19.21
1992-03-10,18.69,19.33
1992-03-11,18.50,19.38
1992-03-12,18.83,19.48
1992-03-13,19.18,19.38
1992-03-16,19.15,19.46
1992-03-17,19.24,19.57
1992-03-18,19.07,19.72
1992-03-19,19.29,19.63
1992-03-20,18.90,20.05
1992-03-23,19.13,20.26
1992-03-24,19.22,20.08
1992-03-25,19.19,20.35
1992-03-26,19.28,20.13
1992-03-27,19.16,20.28
1992-03-30,19.25,20.13
1992-03-31,19.44,19.81
1992-04-01,19.84,19.97
1992-04-02,19.80,20.27
1992-04-03,20.29,20.31
1992-04-06,20.45,20.33
1992-04-07,20.23,20.06
1992-04-08,20.62,20.08
1992-04-09,20.31,20.16
1992-04-10,20.44,20.24
1992-04-13,20.22,20.33
1992-04-14,19.86,20.65
1992-04-15,19.87,20.7
1992-04-16,20.21,20.62
1992-04-20,20.24,20.81
1992-04-21,20.25,20.6
1992-04-22,20.11,20.69
1992-04-23,20.11,20.65
1992-04-24,20.22,20.74
1992-04-27,20.29,20.91
1992-04-28,20.41,20.88
1992-04-29,20.77,20.74
1992-04-30,20.85,20.58
1992-05-01,20.85,20.76
1992-05-04,21.12,20.72
1992-05-05,20.80,20.45
1992-05-06,20.77,20.43
1992-05-07,20.71,20.91
1992-05-08,20.86,20.92
1992-05-11,21.00,21.79
1992-05-12,20.96,21.7
1992-05-13,20.76,21.69
1992-05-14,20.55,21.75
1992-05-15,20.69,21.72
1992-05-18,20.52,21.79
1992-05-19,20.12,21.94
1992-05-20,20.40,21.93
1992-05-21,20.90,22
1992-05-22,20.94,21.92
1992-05-26,22.00,21.85
1992-05-27,21.92,22.06
1992-05-28,21.95,21.86
1992-05-29,22.11,21.89
1992-06-01,22.03,21.99
1992-06-02,22.11,21.99
1992-06-03,22.43,22
1992-06-04,22.48,22.02
1992-06-05,22.62,22.09
1992-06-08,22.44,22.14
1992-06-09,22.32,22.09
1992-06-10,22.51,22.25
1992-06-11,22.35,21.96
1992-06-12,22.30,21.87
1992-06-15,22.36,21.71
1992-06-16,22.30,21.31
1992-06-17,22.29,21.46
1992-06-18,22.26,21.64
1992-06-19,22.26,21.47
1992-06-22,22.48,21.15
1992-06-23,22.59,21.23
1992-06-24,22.89,21.29
1992-06-25,22.58,21.09
1992-06-26,22.44,21.14
1992-06-29,22.24,21.14
1992-06-30,21.60,21.32
1992-07-01,21.86,21.38
1992-07-02,22.10,21.24
1992-07-06,21.89,21.34
1992-07-07,21.40,21.19
1992-07-08,21.41,21.24
1992-07-09,21.40,21.35
1992-07-10,21.28,21.39
1992-07-13,21.36,21.45
1992-07-14,21.46,21.43
1992-07-15,21.71,21.37
1992-07-16,21.79,21.25
1992-07-17,21.58,21.34
1992-07-20,21.79,21.06
1992-07-21,21.78,20.92
1992-07-22,21.84,20.79
1992-07-23,21.96,20.98
1992-07-24,21.98,20.83
1992-07-27,22.04,20.65
1992-07-28,22.05,20.6
1992-07-29,22.00,20.73
1992-07-30,21.83,20.96
1992-07-31,21.87,20.89
1992-08-03,21.58,21.02
1992-08-04,21.35,20.96
1992-08-05,21.18,20.83
1992-08-06,21.42,20.95
1992-08-07,21.22,20.72
1992-08-10,21.03,21.07
1992-08-11,20.91,20.75
1992-08-12,21.08,20.76
1992-08-13,21.34,20.72
1992-08-14,21.28,20.88
1992-08-17,21.45,21.01
1992-08-18,21.47,21.09
1992-08-19,21.37,21.12
1992-08-20,21.44,21.06
1992-08-21,21.08,21.12
1992-08-24,21.54,21.28
1992-08-25,21.15,21.33
1992-08-26,21.21,21.35
1992-08-27,21.13,21.35
1992-08-28,21.31,21.65
1992-08-31,21.48,21.5
1992-09-01,21.64,21.59
1992-09-02,21.69,21.44
1992-09-03,21.67,21.24
1992-09-04,21.77,21.24
1992-09-08,21.96,21.32
1992-09-09,21.99,21.43
1992-09-10,21.93,21.3
1992-09-11,22.01,21.17
1992-09-14,22.31,21.21
1992-09-15,22.18,21.18
1992-09-16,22.39,21.22
1992-09-17,22.30,21.32
1992-09-18,21.98,21.37
1992-09-21,21.92,21.25
1992-09-22,21.88,21.31
1992-09-23,22.00,21.38
1992-09-24,21.79,21.42
1992-09-25,21.68,21.75
1992-09-28,21.76,21.68
1992-09-29,21.67,21.49
1992-09-30,21.71,21.51
1992-10-01,21.83,21.71
1992-10-02,21.92,21.65
1992-10-05,21.77,21.55
1992-10-06,21.81,21.56
1992-10-07,21.89,21.1
1992-10-08,21.99,20.89
1992-10-09,22.37,20.82
1992-10-12,22.30,20.91
1992-10-13,22.09,20.76
1992-10-14,22.08,20.79
1992-10-15,22.33,20.56
1992-10-16,22.28,20.52
1992-10-19,22.14,20.58
1992-10-20,21.86,20.53
1992-10-21,21.61,20.35
1992-10-22,21.35,20.63
1992-10-23,21.19,20.35
1992-10-26,21.27,20.64
1992-10-27,21.02,20.51
1992-10-28,21.12,20.5
1992-10-29,20.71,20.34
1992-10-30,20.62,20.17
1992-11-02,20.77,20.36
1992-11-03,20.70,20.28
1992-11-04,20.33,20.18
1992-11-05,20.64,20.46
1992-11-06,20.30,20.49
1992-11-09,20.62,20.2
1992-11-10,20.47,20.17
1992-11-11,20.47,20.16
1992-11-12,20.21,#N/A
1992-11-13,20.08,19.84
1992-11-16,20.37,19.63
1992-11-17,20.26,19.56
1992-11-18,20.19,19.36
1992-11-19,20.54,19.24
1992-11-20,20.40,19.4
1992-11-23,20.20,19.18
1992-11-24,20.22,19.22
1992-11-25,20.27,19.54
1992-11-30,19.89,19.43
1992-12-01,19.51,19.42
1992-12-02,19.45,19.34
1992-12-03,19.08,19.73
1992-12-04,18.94,20.11
1992-12-07,19.18,20.07
1992-12-08,18.84,20.11
1992-12-09,18.84,20.01
1992-12-10,19.28,20.06
1992-12-11,19.09,#N/A
1992-12-14,19.09,19.95
1992-12-15,18.95,19.86
1992-12-16,19.41,19.87
1992-12-17,19.70,19.77
1992-12-18,19.83,19.43
1992-12-21,19.98,19.63
1992-12-22,19.84,19.52
1992-12-23,19.95,19.46
1992-12-28,19.82,19.42
1992-12-29,19.64,19.31
1992-12-30,19.59,19.08
1992-12-31,19.50,19.25
1993-01-04,19.04,19.32
1993-01-05,19.26,19.48
1993-01-06,19.04,19.44
1993-01-07,18.95,19.18
1993-01-08,18.88,19.07
1993-01-11,18.78,19.36
1993-01-12,18.38,19.36
1993-01-13,18.50,19.97
1993-01-14,18.70,19.96
1993-01-15,18.87,20
1993-01-18,18.87,20.57
1993-01-19,18.58,20.46
1993-01-20,18.33,20.44
1993-01-21,18.81,20.16
1993-01-22,18.83,20.08
1993-01-25,19.66,20.38
1993-01-26,19.64,20.26
1993-01-27,19.66,20.15
1993-01-28,20.41,20.12
1993-01-29,20.26,20.22
1993-02-01,20.31,20.29
1993-02-02,20.00,20.03
1993-02-03,19.93,19.65
1993-02-04,20.30,19.6
1993-02-05,20.21,19.87
1993-02-08,20.08,20.14
1993-02-09,20.05,20.5
1993-02-10,20.18,20.57
1993-02-11,20.26,20.62
1993-02-12,19.98,20.67
1993-02-16,19.53,20.73
1993-02-17,19.33,20.69
1993-02-18,19.42,20.65
1993-02-19,19.62,20.69
1993-02-22,20.02,21.13
1993-02-23,20.48,20.9
1993-02-24,20.53,20.81
1993-02-25,20.61,20.8
1993-02-26,20.60,20.54
1993-03-01,20.60,20.36
1993-03-02,20.47,20.53
1993-03-03,20.48,20.45
1993-03-04,21.07,20.4
1993-03-05,20.93,20.4
1993-03-08,20.71,20.52
1993-03-09,20.68,20.36
1993-03-10,20.39,19.98
1993-03-11,20.13,20.22
1993-03-12,20.29,20.36
1993-03-15,20.16,20.5
1993-03-16,20.13,20.51
1993-03-17,20.17,20.46
1993-03-18,20.29,20.55
1993-03-19,20.08,20.73
1993-03-22,19.52,20.77
1993-03-23,20.03,20.87
1993-03-24,20.24,20.88
1993-03-25,20.41,20.65
1993-03-26,20.41,20.69
1993-03-29,20.29,20.58
1993-03-30,20.28,20.84
1993-03-31,20.44,20.82
1993-04-01,20.52,20.79
1993-04-02,20.65,20.71
1993-04-05,20.62,20.69
1993-04-06,20.30,20.63
1993-04-07,20.37,20.68
1993-04-08,20.22,20.75
1993-04-12,20.46,20.59
1993-04-13,20.46,20.76
1993-04-14,20.40,20.76
1993-04-15,20.22,20.7
1993-04-16,20.14,20.71
1993-04-19,19.99,20.95
1993-04-20,19.84,20.86
1993-04-21,20.37,20.88
1993-04-22,20.15,20.74
1993-04-23,20.34,20.85
1993-04-26,20.30,20.81
1993-04-27,20.18,20.8
1993-04-28,20.19,20.77
1993-04-29,20.58,20.72
1993-04-30,20.53,20.63
1993-05-03,20.57,20.3
1993-05-04,20.39,20.18
1993-05-05,20.46,20.25
1993-05-06,20.47,20.1
1993-05-07,20.44,20.11
1993-05-10,20.44,20.28
1993-05-11,20.34,20.27
1993-05-12,20.20,20.2
1993-05-13,19.78,20.31
1993-05-14,19.48,20.31
1993-05-17,19.51,20.44
1993-05-18,19.34,20.4
1993-05-19,19.15,20.58
1993-05-20,19.54,20.39
1993-05-21,19.88,20.16
1993-05-24,19.72,20.2
1993-05-25,19.90,20.06
1993-05-26,19.89,20.2
1993-05-27,20.06,20.28
1993-05-28,20.02,19.98
1993-06-01,20.24,19.81
1993-06-02,20.03,19.79
1993-06-03,19.74,19.55
1993-06-04,19.77,19.8
1993-06-07,19.54,19.67
1993-06-08,19.65,19.65
1993-06-09,19.64,19.6
1993-06-10,19.28,19.56
1993-06-11,18.98,19.71
1993-06-14,18.89,19.7
1993-06-15,18.58,19.66
1993-06-16,18.84,19.74
1993-06-17,18.70,19.82
1993-06-18,18.67,19.68
1993-06-21,18.62,19.47
1993-06-22,18.42,19.11
1993-06-23,18.86,19.27
1993-06-24,18.89,19.1
1993-06-25,18.84,18.92
1993-06-28,18.90,19.01
1993-06-29,19.01,19.16
1993-06-30,18.85,19.15
1993-07-01,18.45,18.53
1993-07-02,17.95,18.68
1993-07-06,18.29,18.24
1993-07-07,18.02,18.99
1993-07-08,17.79,18.61
1993-07-09,17.89,18.79
1993-07-12,18.10,18.57
1993-07-13,18.13,18.61
1993-07-14,17.49,18.78
1993-07-15,17.67,19.05
1993-07-16,17.21,18.88
1993-07-19,17.70,18.79
1993-07-20,17.09,18.67
1993-07-21,17.93,18.78
1993-07-22,17.63,18.75
1993-07-23,17.75,18.72
1993-07-26,18.07,18.55
1993-07-27,18.42,18.37
1993-07-28,18.23,18.64
1993-07-29,18.12,18.62
1993-07-30,17.88,18.92
1993-08-02,17.97,19.18
1993-08-03,17.85,19.16
1993-08-04,17.80,19.01
1993-08-05,17.57,19.07
1993-08-06,17.27,18.94
1993-08-09,17.55,18.96
1993-08-10,17.52,19.01
1993-08-11,17.88,19.28
1993-08-12,18.18,19.14
1993-08-13,18.14,19.15
1993-08-16,17.86,19.15
1993-08-17,17.92,19.45
1993-08-18,17.66,19.36
1993-08-19,17.65,19.07
1993-08-20,18.09,18.84
1993-08-23,18.53,18.91
1993-08-24,18.35,18.75
1993-08-25,18.32,18.3
1993-08-26,18.36,18.29
1993-08-27,18.80,18.27
1993-08-30,18.73,18.08
1993-08-31,18.29,18.3
1993-09-01,17.97,18.33
1993-09-02,17.97,18.27
1993-09-03,17.73,18.22
1993-09-07,17.07,18.34
1993-09-08,17.03,18.82
1993-09-09,16.97,18.75
1993-09-10,16.76,18.54
1993-09-13,16.95,18.58
1993-09-14,16.96,18.4
1993-09-15,16.86,18.54
1993-09-16,16.83,18.7
1993-09-17,17.07,19.1
1993-09-20,17.70,19.14
1993-09-21,18.12,19.01
1993-09-22,17.59,18.95
1993-09-23,17.63,19.01
1993-09-24,17.57,19.05
1993-09-27,17.73,19.1
1993-09-28,17.96,19.15
1993-09-29,18.67,19.29
1993-09-30,18.79,19.22
1993-10-01,18.63,19.09
1993-10-04,18.42,18.95
1993-10-05,18.39,18.83
1993-10-06,18.42,18.74
1993-10-07,18.49,18.82
1993-10-08,18.55,18.9
1993-10-11,18.77,18.92
1993-10-12,18.71,18.72
1993-10-13,18.64,18.3
1993-10-14,18.50,18.29
1993-10-15,18.27,18.35
1993-10-18,18.13,18.07
1993-10-19,18.06,17.74
1993-10-20,18.24,18.03
1993-10-21,18.35,17.97
1993-10-22,18.07,18.24
1993-10-25,17.51,18.15
1993-10-26,17.54,17.84
1993-10-27,17.65,17.56
1993-10-28,17.37,17.61
1993-10-29,16.92,17.55
1993-11-01,17.22,17.86
1993-11-02,17.12,17.78
1993-11-03,17.49,17.8
1993-11-04,17.40,17.83
1993-11-05,17.09,18.12
1993-11-08,16.71,17.86
1993-11-09,16.66,17.81
1993-11-10,16.55,17.97
1993-11-11,16.90,17.53
1993-11-12,16.72,17.39
1993-11-15,16.76,#N/A
1993-11-16,16.77,16.47
1993-11-17,17.04,16.49
1993-11-18,16.69,16.54
1993-11-19,16.56,16.14
1993-11-22,17.10,16.17
1993-11-23,16.63,15.84
1993-11-24,16.38,16.01
1993-11-29,15.31,15.99
1993-11-30,15.43,16.07
1993-12-01,15.48,16.43
1993-12-02,14.95,16.02
1993-12-03,14.97,16.05
1993-12-06,14.57,15.92
1993-12-07,14.70,15.82
1993-12-08,14.59,15.72
1993-12-09,14.63,15.66
1993-12-10,15.07,15.85
1993-12-13,14.52,16.07
1993-12-14,14.52,15.82
1993-12-15,14.41,15.65
1993-12-16,14.23,15.59
1993-12-17,13.91,15.83
1993-12-20,14.18,15.63
1993-12-21,14.36,#N/A
1993-12-22,14.77,15.94
1993-12-23,14.48,16.01
1993-12-27,14.13,16.42
1993-12-28,14.11,16.42
1993-12-29,14.44,16.3
1993-12-30,14.17,15.76
1994-01-03,14.56,15.9
1994-01-04,14.67,15.46
1994-01-05,15.34,15.57
1994-01-06,15.42,15.66
1994-01-07,15.32,15.73
1994-01-10,14.67,15.67
1994-01-11,14.85,15.71
1994-01-12,14.33,15.47
1994-01-13,14.51,15.62
1994-01-14,14.78,15.78
1994-01-17,15.10,15.71
1994-01-18,14.87,15.84
1994-01-19,15.22,15.82
1994-01-20,15.10,15.78
1994-01-21,14.94,15.65
1994-01-24,15.17,16.21
1994-01-25,15.17,16.3
1994-01-26,15.47,16.07
1994-01-27,15.42,15.96
1994-01-28,15.34,15.86
1994-01-31,15.19,15.93
1994-02-01,15.92,15.61
1994-02-02,16.04,15.61
1994-02-03,15.89,15.71
1994-02-04,15.63,15.32
1994-02-07,15.25,15.28
1994-02-08,15.21,15.08
1994-02-09,14.60,15.11
1994-02-10,14.56,15.06
1994-02-11,14.72,15.23
1994-02-14,14.13,15.44
1994-02-15,14.06,15.7
1994-02-16,13.93,15.53
1994-02-17,14.23,15.44
1994-02-18,14.21,15.63
1994-02-22,14.24,15.58
1994-02-23,14.41,15.49
1994-02-24,14.77,15.36
1994-02-25,14.57,15.04
1994-02-28,14.48,14.99
1994-03-01,14.67,14.92
1994-03-02,14.76,14.86
1994-03-03,14.75,15.04
1994-03-04,14.57,15.06
1994-03-07,14.10,15.25
1994-03-08,14.10,15.46
1994-03-09,14.18,15.18
1994-03-10,14.14,15.2
1994-03-11,14.44,15.49
1994-03-14,14.49,15.47
1994-03-15,14.83,15.38
1994-03-16,15.06,15.55
1994-03-17,14.82,15.55
1994-03-18,14.88,14.76
1994-03-21,15.37,15
1994-03-22,15.20,15.07
1994-03-23,14.90,15.44
1994-03-24,15.08,16.27
1994-03-25,15.13,16.07
1994-03-28,14.08,16.08
1994-03-29,14.32,15.89
1994-03-30,14.38,15.91
1994-03-31,14.79,16.16
1994-04-04,15.79,16.01
1994-04-05,15.74,16.05
1994-04-06,15.77,16.14
1994-04-07,15.58,16.42
1994-04-08,15.57,16.34
1994-04-11,15.87,16.09
1994-04-12,15.75,16.17
1994-04-13,15.97,16.34
1994-04-14,16.23,16.63
1994-04-15,16.58,16.76
1994-04-18,16.65,16.56
1994-04-19,16.49,#N/A
1994-04-20,16.82,16.43
1994-04-21,16.63,16.61
1994-04-22,17.14,16.76
1994-04-25,17.24,16.63
1994-04-26,16.91,16.56
1994-04-28,16.57,16.8
1994-04-29,16.90,17
1994-05-02,17.16,16.94
1994-05-03,16.89,16.87
1994-05-04,16.86,16.99
1994-05-05,17.29,17.13
1994-05-06,17.70,17.12
1994-05-09,17.73,17.01
1994-05-10,17.61,16.89
1994-05-11,17.85,17.26
1994-05-12,18.28,17.38
1994-05-13,18.21,17.59
1994-05-16,18.06,17.44
1994-05-17,17.59,17.32
1994-05-18,17.99,17.22
1994-05-19,18.45,17.21
1994-05-20,18.92,17.36
1994-05-23,18.06,17.59
1994-05-24,17.92,17.49
1994-05-25,17.70,17.43
1994-05-26,17.74,17.33
1994-05-27,18.03,17.31
1994-05-31,18.31,17.04
1994-06-01,18.21,17.33
1994-06-02,18.23,17.57
1994-06-03,18.12,17.28
1994-06-06,18.11,17.43
1994-06-07,17.75,17.58
1994-06-08,18.34,18.25
1994-06-09,18.67,18.13
1994-06-10,18.48,18.62
1994-06-13,18.79,18.59
1994-06-14,18.95,18.3
1994-06-15,19.86,18.16
1994-06-16,19.91,18.32
1994-06-17,20.71,18.26
1994-06-20,20.75,18.04
1994-06-21,20.04,18.21
1994-06-22,19.37,17.85
1994-06-23,19.42,18.25
1994-06-24,19.32,18.3
1994-06-27,19.01,18.28
1994-06-28,19.27,18.01
1994-06-29,18.83,17.96
1994-06-30,19.37,18.22
1994-07-01,19.53,18.65
1994-07-05,19.62,18.76
1994-07-06,19.24,18.65
1994-07-07,19.12,18.74
1994-07-08,19.48,18.57
1994-07-11,20.18,18.41
1994-07-12,20.43,18.52
1994-07-13,20.15,18.55
1994-07-14,20.18,18.6
1994-07-15,19.89,18.7
1994-07-18,19.51,18.57
1994-07-19,19.46,18.55
1994-07-20,19.20,18.68
1994-07-21,19.39,18.8
1994-07-22,19.61,19.07
1994-07-25,19.41,19.21
1994-07-26,19.21,18.91
1994-07-27,19.46,18.88
1994-07-28,19.77,18.88
1994-07-29,20.30,18.26
1994-08-01,20.55,18.44
1994-08-02,20.14,18.53
1994-08-03,20.10,18.4
1994-08-04,20.14,18.18
1994-08-05,19.31,17.83
1994-08-08,19.42,17.97
1994-08-09,19.30,17.78
1994-08-10,18.96,18.08
1994-08-11,18.66,17.74
1994-08-12,18.05,17.48
1994-08-15,18.20,17.09
1994-08-16,17.73,17.37
1994-08-17,18.11,17.65
1994-08-18,17.72,17.71
1994-08-19,17.58,17.43
1994-08-22,16.87,17.79
1994-08-23,17.09,17.6
1994-08-24,17.49,17.59
1994-08-25,17.52,17.6
1994-08-26,17.14,17.67
1994-08-29,17.63,17.86
1994-08-30,17.45,18.03
1994-08-31,17.56,17.95
1994-09-01,17.47,17.88
1994-09-02,17.52,17.89
1994-09-06,17.62,17.73
1994-09-07,17.81,17.43
1994-09-08,17.67,17.43
1994-09-09,17.53,17.5
1994-09-12,17.39,17.82
1994-09-13,17.12,17.69
1994-09-14,16.71,17.67
1994-09-15,16.70,18
1994-09-16,16.83,18.11
1994-09-19,17.21,17.97
1994-09-20,17.24,17.88
1994-09-21,17.22,18.01
1994-09-22,17.67,18.23
1994-09-23,17.83,18.48
1994-09-26,17.67,18.31
1994-09-27,17.55,18.25
1994-09-28,17.68,18.32
1994-09-29,17.98,18.44
1994-09-30,18.39,18.36
1994-10-03,18.19,18.11
1994-10-04,18.08,17.86
1994-10-05,18.01,17.43
1994-10-06,18.25,17.43
1994-10-07,18.26,17.27
1994-10-10,17.99,17.4
1994-10-11,17.70,17.44
1994-10-12,17.19,17.49
1994-10-13,17.13,17.56
1994-10-14,16.97,17.43
1994-10-17,17.06,17.51
1994-10-18,17.22,17.57
1994-10-19,17.42,17.76
1994-10-20,17.54,17.78
1994-10-21,17.38,17.72
1994-10-24,17.45,17.75
1994-10-25,17.58,18.03
1994-10-26,17.95,18.13
1994-10-27,18.15,18.07
1994-10-28,18.23,18.03
1994-10-31,18.19,17.76
1994-11-01,18.68,18.03
1994-11-02,18.93,17.82
1994-11-03,18.90,17.81
1994-11-04,18.76,17.82
1994-11-07,18.39,17.39
1994-11-08,18.58,17.51
1994-11-09,18.16,17.4
1994-11-10,18.19,17.51
1994-11-11,18.04,17.48
1994-11-14,17.47,17.52
1994-11-15,17.58,17.8
1994-11-16,17.37,18.07
1994-11-17,17.65,18.02
1994-11-18,17.47,17.94
1994-11-21,17.56,17.92
1994-11-22,17.82,17.73
1994-11-23,18.15,17.1
1994-11-28,18.12,17.1
1994-11-29,18.05,17.18
1994-11-30,18.05,17.17
1994-12-01,17.82,17.38
1994-12-02,16.99,17.39
1994-12-05,16.85,17.19
1994-12-06,16.94,17.25
1994-12-07,16.87,17.35
1994-12-08,17.12,17.25
1994-12-09,17.13,17.27
1994-12-12,16.91,17.3
1994-12-13,16.91,17.32
1994-12-14,16.99,17.36
1994-12-15,16.73,17.35
1994-12-16,16.76,17.41
1994-12-19,16.91,17.7
1994-12-20,16.98,17.88
1994-12-21,17.02,17.75
1994-12-22,17.09,17.8
1994-12-23,17.35,17.56
1994-12-27,17.64,17.67
1994-12-28,17.79,17.78
1994-12-29,17.72,17.65
1994-12-30,17.76,17.41
1995-01-03,17.44,17.38
1995-01-04,17.48,17.57
1995-01-05,17.72,17.56
1995-01-06,17.67,17.41
1995-01-09,17.40,17.64
1995-01-10,17.37,17.97
1995-01-11,17.72,18.05
1995-01-12,17.72,17.83
1995-01-13,17.52,17.92
1995-01-16,17.88,17.74
1995-01-17,18.32,17.89
1995-01-18,18.73,17.8
1995-01-19,18.69,17.79
1995-01-20,18.65,17.67
1995-01-23,18.10,17.73
1995-01-24,18.39,17.97
1995-01-25,18.39,17.87
1995-01-26,18.24,17.84
1995-01-27,17.95,17.91
1995-01-30,18.09,17.87
1995-01-31,18.39,17.75
1995-02-01,18.52,17.69
1995-02-02,18.54,17.72
1995-02-03,18.78,17.9
1995-02-06,18.59,17.84
1995-02-07,18.46,17.89
1995-02-08,18.30,17.91
1995-02-09,18.24,18
1995-02-10,18.46,18.11
1995-02-13,18.27,18.03
1995-02-14,18.32,17.99
1995-02-15,18.42,17.88
1995-02-16,18.59,18.03
1995-02-17,18.91,18
1995-02-21,18.86,17.93
1995-02-22,18.63,17.78
1995-02-23,18.43,17.79
1995-02-24,18.69,17.96
1995-02-27,18.66,17.96
1995-02-28,18.49,17.98
1995-03-01,18.32,17.9
1995-03-02,18.35,17.81
1995-03-03,18.63,17.75
1995-03-06,18.59,17.94
1995-03-07,18.63,17.81
1995-03-08,18.33,17.94
1995-03-09,18.02,17.91
1995-03-10,17.91,17.99
1995-03-13,18.19,18.13
1995-03-14,17.94,18.09
1995-03-15,18.11,18.31
1995-03-16,18.16,18.26
1995-03-17,18.26,18.15
1995-03-20,18.56,18.27
1995-03-21,18.43,18.25
1995-03-22,18.96,18.29
1995-03-23,18.92,18.24
1995-03-24,18.78,18.23
1995-03-27,19.07,18.18
1995-03-28,19.05,18.31
1995-03-29,19.22,18.59
1995-03-30,19.15,18.82
1995-03-31,19.17,18.76
1995-04-03,19.03,18.74
1995-04-04,19.18,18.91
1995-04-05,19.56,18.65
1995-04-06,19.77,18.38
1995-04-07,19.67,18.87
1995-04-10,19.59,18.94
1995-04-11,19.88,19
1995-04-12,19.55,19.02
1995-04-13,19.15,18.95
1995-04-17,19.73,18.76
1995-04-18,20.05,18.87
1995-04-19,20.41,18.81
1995-04-20,20.52,18.97
1995-04-21,20.41,18.99
1995-04-24,20.12,19.01
1995-04-25,20.29,18.8
1995-04-26,20.15,18.71
1995-04-27,20.43,18.98
1995-04-28,20.38,19.01
1995-05-01,20.50,19
1995-05-02,20.09,18.56
1995-05-03,19.89,18.71
1995-05-04,20.29,18.52
1995-05-05,20.33,18.58
1995-05-08,20.29,18.89
1995-05-09,19.61,19.04
1995-05-10,19.75,19.04
1995-05-11,19.41,19.07
1995-05-12,19.52,19.1
1995-05-15,19.90,19.14
1995-05-16,20.08,18.99
1995-05-17,19.96,18.69
1995-05-18,20.00,18.64
1995-05-19,20.06,18.29
1995-05-22,19.81,18.42
1995-05-23,19.77,18.5
1995-05-24,19.41,18.42
1995-05-25,19.26,18.53
1995-05-26,18.69,18.51
1995-05-30,18.78,18.44
1995-05-31,18.89,18.43
1995-06-01,18.90,18.29
1995-06-02,19.14,18.23
1995-06-05,19.25,18.3
1995-06-06,19.06,18.28
1995-06-07,19.13,18.36
1995-06-08,18.91,18.19
1995-06-09,18.80,18.08
1995-06-12,18.86,17.63
1995-06-13,18.91,17.65
1995-06-14,19.05,17.31
1995-06-15,18.94,17.33
1995-06-16,18.84,17.32
1995-06-19,18.22,17.41
1995-06-20,18.01,17.44
1995-06-21,17.46,17.46
1995-06-22,17.50,17.19
1995-06-23,17.49,17.08
1995-06-26,17.64,16.98
1995-06-27,17.77,17.1
1995-06-28,17.97,16.91
1995-06-29,17.56,17.15
1995-06-30,17.40,17.08
1995-07-05,17.18,17.03
1995-07-06,17.37,16.87
1995-07-07,17.14,17.03
1995-07-10,17.34,16.97
1995-07-11,17.32,17.11
1995-07-12,17.49,17.04
1995-07-13,17.25,16.81
1995-07-14,17.32,16.89
1995-07-17,17.20,16.99
1995-07-18,17.35,17
1995-07-19,17.33,17.3
1995-07-20,17.01,17.16
1995-07-21,16.79,17.14
1995-07-24,16.88,17.18
1995-07-25,16.93,17.26
1995-07-26,17.50,17.29
1995-07-27,17.49,17.27
1995-07-28,17.43,17.3
1995-07-31,17.56,17.3
1995-08-01,17.70,17.35
1995-08-02,17.78,17.37
1995-08-03,17.72,17.45
1995-08-04,17.71,17.35
1995-08-07,17.65,17.1
1995-08-08,17.79,17.04
1995-08-09,17.78,17.08
1995-08-10,17.89,17.13
1995-08-11,17.86,17.15
1995-08-14,17.48,17.39
1995-08-15,17.47,17.37
1995-08-16,17.55,17.32
1995-08-17,17.66,17.19
1995-08-18,17.87,17.15
1995-08-21,18.25,17.07
1995-08-22,18.54,17.15
1995-08-23,18.00,17.19
1995-08-24,17.86,17.26
1995-08-25,17.86,17.42
1995-08-28,17.82,17.75
1995-08-29,17.82,17.62
1995-08-30,17.79,17.53
1995-08-31,17.84,17.62
1995-09-01,18.04,17.64
1995-09-05,18.58,17.76
1995-09-06,18.36,17.69
1995-09-07,18.27,17.79
1995-09-08,18.44,17.69
1995-09-11,18.47,17.69
1995-09-12,18.64,17.7
1995-09-13,18.54,17.37
1995-09-14,18.85,17.03
1995-09-15,18.92,16.88
1995-09-18,18.93,17.03
1995-09-19,18.95,16.94
1995-09-20,18.69,17.05
1995-09-21,17.56,17.1
1995-09-22,17.25,17
1995-09-25,17.47,17.04
1995-09-26,17.33,16.97
1995-09-27,17.57,16.86
1995-09-28,17.76,16.55
1995-09-29,17.54,16.7
1995-10-02,17.64,16.83
1995-10-03,17.56,16.9
1995-10-04,17.30,16.85
1995-10-05,16.87,16.77
1995-10-06,17.03,17.02
1995-10-09,17.31,17.07
1995-10-10,17.42,17.07
1995-10-11,17.29,17.02
1995-10-12,17.12,16.84
1995-10-13,17.41,16.9
1995-10-16,17.59,16.89
1995-10-17,17.68,16.92
1995-10-18,17.61,16.88
1995-10-19,17.32,17.04
1995-10-20,17.37,16.99
1995-10-23,17.21,17.03
1995-10-24,17.32,17.06
1995-10-25,17.32,17.1
1995-10-26,17.58,17.22
1995-10-27,17.54,17.17
1995-10-30,17.62,17.07
1995-10-31,17.64,17.03
1995-11-01,17.74,17.09
1995-11-02,17.98,17.06
1995-11-03,17.94,17.07
1995-11-06,17.71,17.05
1995-11-07,17.65,17.06
1995-11-08,17.82,17.08
1995-11-09,17.84,17.23
1995-11-10,17.83,17.45
1995-11-13,17.80,17.41
1995-11-14,17.82,17.28
1995-11-15,17.93,17.24
1995-11-16,18.19,17.56
1995-11-17,18.57,17.47
1995-11-20,18.57,17.42
1995-11-21,17.97,17.38
1995-11-22,17.96,17.55
1995-11-27,18.38,17.65
1995-11-28,18.33,17.67
1995-11-29,18.26,17.69
1995-11-30,18.18,17.7
1995-12-01,18.43,17.83
1995-12-04,18.63,17.7
1995-12-05,18.67,17.74
1995-12-06,18.77,17.88
1995-12-07,18.73,17.95
1995-12-08,18.97,17.99
1995-12-11,18.66,18
1995-12-12,18.73,18.01
1995-12-13,19.00,17.81
1995-12-14,19.11,17.8
1995-12-15,19.51,17.86
1995-12-18,19.67,17.96
1995-12-19,19.12,17.99
1995-12-20,18.97,17.93
1995-12-21,18.96,18.01
1995-12-22,19.14,18.12
1995-12-26,19.27,18.16
1995-12-27,19.50,18.16
1995-12-28,19.36,18.32
1995-12-29,19.55,18.32
1996-01-02,19.81,18.17
1996-01-03,19.89,18.06
1996-01-04,19.91,17.47
1996-01-05,20.26,17.28
1996-01-08,20.26,17.32
1996-01-09,19.95,16.99
1996-01-10,19.67,17.35
1996-01-11,18.79,17.42
1996-01-12,18.25,17.29
1996-01-15,18.38,17.27
1996-01-16,18.05,17.15
1996-01-17,18.52,17.32
1996-01-18,19.18,16.98
1996-01-19,18.94,16.98
1996-01-22,18.62,16.88
1996-01-23,18.06,16.9
1996-01-24,18.28,16.98
1996-01-25,17.67,16.89
1996-01-26,17.73,16.91
1996-01-29,17.45,16.8
1996-01-30,17.56,16.95
1996-01-31,17.74,16.92
1996-02-01,17.71,16.86
1996-02-02,17.80,16.88
1996-02-05,17.54,17
1996-02-06,17.69,17.58
1996-02-07,17.74,17.48
1996-02-08,17.76,17.42
1996-02-09,17.78,17.39
1996-02-12,17.97,18.13
1996-02-13,18.91,17.92
1996-02-14,18.96,17.89
1996-02-15,19.04,17.44
1996-02-16,19.16,17.58
1996-02-20,21.05,17.59
1996-02-21,19.71,17.39
1996-02-22,19.85,17.5
1996-02-23,19.06,17.46
1996-02-26,19.39,17.28
1996-02-27,19.70,17.33
1996-02-28,19.29,17.57
1996-02-29,19.54,17.48
1996-03-01,19.44,17.5
1996-03-04,19.20,17.69
1996-03-05,19.54,17.87
1996-03-06,20.19,17.97
1996-03-07,19.81,17.99
1996-03-08,19.61,18.01
1996-03-11,19.91,18.14
1996-03-12,20.46,18.05
1996-03-13,20.58,18.15
1996-03-14,21.16,18.1
1996-03-15,21.99,18.36
1996-03-18,23.27,18.57
1996-03-19,24.34,18.47
1996-03-20,23.06,18.35
1996-03-21,21.05,18.24
1996-03-22,21.95,18.4
1996-03-25,22.40,18.7
1996-03-26,22.19,18.66
1996-03-27,21.79,18.56
1996-03-28,21.41,18.65
1996-03-29,21.47,18.5
1996-04-01,22.26,18.68
1996-04-02,22.70,18.99
1996-04-03,22.27,19.04
1996-04-04,22.75,18.65
1996-04-08,23.03,18.81
1996-04-09,23.06,18.29
1996-04-10,24.21,18.27
1996-04-11,25.34,18.34
1996-04-12,24.29,18.37
1996-04-15,25.06,18.69
1996-04-16,24.47,18.76
1996-04-17,24.67,18.69
1996-04-18,23.82,18.85
1996-04-19,23.95,18.94
1996-04-22,24.07,18.96
1996-04-23,22.70,18.62
1996-04-24,22.40,18.46
1996-04-25,22.20,18.45
1996-04-26,22.32,18.58
1996-04-29,22.43,18.6
1996-04-30,21.20,18.58
1996-05-01,20.81,18.62
1996-05-02,20.86,18.52
1996-05-03,21.18,18.69
1996-05-06,21.04,18.71
1996-05-07,21.11,18.7
1996-05-08,21.00,18.59
1996-05-09,20.68,18.19
1996-05-10,21.01,18
1996-05-13,21.36,19.01
1996-05-14,21.42,18.64
1996-05-15,21.48,18.77
1996-05-16,20.78,18.54
1996-05-17,20.64,18.62
1996-05-20,22.48,18.49
1996-05-21,22.65,18.4
1996-05-22,21.40,18.02
1996-05-23,21.23,18
1996-05-24,21.32,18.09
1996-05-28,21.11,18.37
1996-05-29,20.76,17.94
1996-05-30,19.94,18.17
1996-05-31,19.76,18.3
1996-06-03,19.85,18.26
1996-06-04,20.44,18.14
1996-06-05,19.72,18.14
1996-06-06,20.05,18.13
1996-06-07,20.28,18.37
1996-06-10,20.25,18.97
1996-06-11,20.10,18.52
1996-06-12,20.09,18.31
1996-06-13,20.01,18.49
1996-06-14,20.34,18.31
1996-06-17,22.14,18.27
1996-06-18,21.46,18.2
1996-06-19,20.76,18.65
1996-06-20,20.65,18.6
1996-06-21,19.92,18.53
1996-06-24,19.98,18.74
1996-06-25,19.96,18.53
1996-06-26,20.65,18.61
1996-06-27,21.02,#N/A
1996-06-28,20.92,18.67
1996-07-01,21.53,19.01
1996-07-02,21.13,19.17
1996-07-03,21.21,19.37
1996-07-08,21.27,19.35
1996-07-09,21.41,19.83
1996-07-10,21.55,19.7
1996-07-11,21.95,19.38
1996-07-12,21.90,19.36
1996-07-15,22.48,19.17
1996-07-16,22.38,19.23
1996-07-17,21.80,19.04
1996-07-18,21.68,18.88
1996-07-19,21.00,18.93
1996-07-22,21.40,18.56
1996-07-23,21.01,18.6
1996-07-24,20.68,18.73
1996-07-25,20.74,18.81
1996-07-26,20.11,19.19
1996-07-29,20.28,19.31
1996-07-30,20.33,19.25
1996-07-31,20.42,19.28
1996-08-01,21.04,19.45
1996-08-02,21.34,19.45
1996-08-05,21.23,19.52
1996-08-06,21.13,19.85
1996-08-07,21.42,19.92
1996-08-08,21.55,19.77
1996-08-09,21.57,19.72
1996-08-12,22.22,20.06
1996-08-13,22.37,20.37
1996-08-14,22.12,20.1
1996-08-15,21.90,19.62
1996-08-16,22.66,19.98
1996-08-19,23.26,19.82
1996-08-20,22.86,19.62
1996-08-21,21.72,19.55
1996-08-22,22.30,19.68
1996-08-23,21.96,19.94
1996-08-26,21.62,20.05
1996-08-27,21.56,20.61
1996-08-28,21.71,20.5
1996-08-29,22.15,20.75
1996-08-30,22.25,21.08
1996-09-03,23.40,20.99
1996-09-04,23.24,21.25
1996-09-05,23.44,21.61
1996-09-06,23.85,21.7
1996-09-09,23.73,21.3
1996-09-10,24.12,20.7
1996-09-11,24.75,20.84
1996-09-12,25.00,21.28
1996-09-13,24.51,21.06
1996-09-16,23.19,21.25
1996-09-17,23.31,21.01
1996-09-18,23.89,21.49
1996-09-19,23.54,21.65
1996-09-20,23.63,21.44
1996-09-23,23.37,21.75
1996-09-24,24.07,21.69
1996-09-25,24.46,21.49
1996-09-26,24.16,21.48
1996-09-27,24.60,22.02
1996-09-30,24.38,22.03
1996-10-01,24.14,22.34
1996-10-02,24.05,22.62
1996-10-03,24.81,22.37
1996-10-04,24.73,21.99
1996-10-07,25.24,22.37
1996-10-08,25.54,22.88
1996-10-09,25.07,22.73
1996-10-10,24.26,22.63
1996-10-11,24.66,22.84
1996-10-14,25.62,22.99
1996-10-15,25.42,23.16
1996-10-16,25.17,23.32
1996-10-17,25.42,22.4
1996-10-18,25.79,22.19
1996-10-21,25.92,22.48
1996-10-22,25.75,22.43
1996-10-23,24.86,22.11
1996-10-24,24.51,22.19
1996-10-25,24.86,21.63
1996-10-28,24.85,21.38
1996-10-29,24.34,21.26
1996-10-30,24.28,21.14
1996-10-31,23.35,21.29
1996-11-01,23.03,21.46
1996-11-04,22.79,22.08
1996-11-05,22.64,21.93
1996-11-06,22.69,21.98
1996-11-07,22.74,22.58
1996-11-08,23.59,22.84
1996-11-11,23.37,22.57
1996-11-12,23.35,22.27
1996-11-13,24.12,22.69
1996-11-14,24.41,21.82
1996-11-15,24.17,21.91
1996-11-18,23.88,21.67
1996-11-19,24.49,21.4
1996-11-20,23.76,21.46
1996-11-21,23.84,21.71
1996-11-22,23.75,22.54
1996-11-25,23.49,22.36
1996-11-26,23.62,22.26
1996-11-27,23.75,22.72
1996-12-02,24.80,22.78
1996-12-03,24.93,22.57
1996-12-04,24.80,21.87
1996-12-05,25.58,20.99
1996-12-06,25.62,21.4
1996-12-09,25.30,22.11
1996-12-10,24.42,22.76
1996-12-11,23.38,22.69
1996-12-12,23.72,22.88
1996-12-13,24.47,22.83
1996-12-16,25.74,22.02
1996-12-17,25.71,21.82
1996-12-18,26.16,22.12
1996-12-19,26.57,21.9
1996-12-20,25.08,22.17
1996-12-23,24.79,22.23
1996-12-24,25.10,22.73
1996-12-26,24.92,22.57
1996-12-27,25.22,22.52
1996-12-30,25.37,23.04
1996-12-31,25.92,22.92
1997-01-02,25.69,23.33
1997-01-03,25.59,23.12
1997-01-06,26.37,22.98
1997-01-07,26.23,22.43
1997-01-08,26.62,22.45
1997-01-09,26.37,23.17
1997-01-10,26.09,22.68
1997-01-13,25.19,22.43
1997-01-14,25.11,22.47
1997-01-15,25.95,22.36
1997-01-16,25.52,22.06
1997-01-17,25.41,21.96
1997-01-20,25.23,21.83
1997-01-21,24.80,21.83
1997-01-22,24.24,21.85
1997-01-23,24.18,22.24
1997-01-24,24.05,22.56
1997-01-27,23.94,22.03
1997-01-28,23.90,22.14
1997-01-29,24.47,22.08
1997-01-30,24.87,22.08
1997-01-31,24.15,21.54
1997-02-03,24.15,21.07
1997-02-04,24.02,21.27
1997-02-05,23.91,21.22
1997-02-06,23.10,20.65
1997-02-07,22.23,20.75
1997-02-10,22.46,20.98
1997-02-11,22.42,21.05
1997-02-12,21.86,21.12
1997-02-13,22.02,20.67
1997-02-14,22.41,20.23
1997-02-18,22.52,19.86
1997-02-19,22.79,20.01
1997-02-20,21.98,20.21
1997-02-21,21.39,20.01
1997-02-24,20.71,19.57
1997-02-25,21.00,19.63
1997-02-26,21.11,20.05
1997-02-27,20.89,19.96
1997-02-28,20.30,20.22
1997-03-03,20.25,20.71
1997-03-04,20.66,20.29
1997-03-05,20.49,20.18
1997-03-06,20.94,20.52
1997-03-07,21.28,20.53
1997-03-10,20.49,20.8
1997-03-11,20.11,20.51
1997-03-12,20.62,21.24
1997-03-13,20.70,21.18
1997-03-14,21.29,21.18
1997-03-17,20.92,20.9
1997-03-18,22.06,20.66
1997-03-19,22.04,20.66
1997-03-20,22.32,20.38
1997-03-21,21.51,20.52
1997-03-24,21.06,20.3
1997-03-25,20.99,20.21
1997-03-26,20.64,19.68
1997-03-27,20.70,19.72
1997-03-31,20.41,19.42
1997-04-01,20.28,19.47
1997-04-02,19.47,19.57
1997-04-03,19.47,19.51
1997-04-04,19.12,19.77
1997-04-07,19.23,19.66
1997-04-08,19.35,19.9
1997-04-09,19.27,19.79
1997-04-10,19.57,19.43
1997-04-11,19.53,19.5
1997-04-14,19.90,19.64
1997-04-15,19.83,19.87
1997-04-16,19.35,19.49
1997-04-17,19.42,19.72
1997-04-18,19.91,19.88
1997-04-21,20.38,19.9
1997-04-22,19.60,19.84
1997-04-23,19.73,20.17
1997-04-24,20.03,20.04
1997-04-25,19.99,19.82
1997-04-28,19.91,19.7
1997-04-29,20.44,19.72
1997-04-30,20.21,19.79
1997-05-01,19.91,19.73
1997-05-02,19.60,20.13
1997-05-05,19.63,20.14
1997-05-06,19.66,20.77
1997-05-07,19.62,20.79
1997-05-08,20.34,20.86
1997-05-09,20.43,20.86
1997-05-12,21.38,21.59
1997-05-13,21.37,21.39
1997-05-14,21.39,21.24
1997-05-15,21.30,21.4
1997-05-16,22.12,21.33
1997-05-19,21.59,21.17
1997-05-20,21.19,20.58
1997-05-21,21.86,20.64
1997-05-22,21.86,20.82
1997-05-23,21.63,20.85
1997-05-27,20.79,20.96
1997-05-28,20.79,20.39
1997-05-29,20.97,20.32
1997-05-30,20.88,20.06
1997-06-02,20.98,19.6
1997-06-03,20.33,19.61
1997-06-04,20.12,19.6
1997-06-05,19.66,19.49
1997-06-06,18.79,19.44
1997-06-09,18.68,19.47
1997-06-10,18.67,19.52
1997-06-11,18.53,19.62
1997-06-12,18.69,19.4
1997-06-13,18.83,19.34
1997-06-16,19.01,19.38
1997-06-17,19.23,19.61
1997-06-18,18.79,19.56
1997-06-19,18.67,19.93
1997-06-20,18.55,19.5
1997-06-23,19.14,19.79
1997-06-24,19.03,20
1997-06-25,19.52,20.05
1997-06-26,19.09,20.26
1997-06-27,19.46,19.73
1997-06-30,19.80,19.84
1997-07-01,20.12,19.98
1997-07-02,20.34,19.78
1997-07-03,19.56,19.6
1997-07-07,19.52,19.71
1997-07-08,19.73,19.42
1997-07-09,19.46,19.96
1997-07-10,19.22,19.81
1997-07-11,19.33,19.98
1997-07-14,18.99,19.54
1997-07-15,19.67,19.65
1997-07-16,19.65,19.68
1997-07-17,19.99,19.84
1997-07-18,19.27,19.96
1997-07-21,19.18,19.99
1997-07-22,19.08,19.91
1997-07-23,19.63,19.96
1997-07-24,19.77,20.25
1997-07-25,19.89,20.14
1997-07-28,19.81,20.26
1997-07-29,19.85,20.73
1997-07-30,20.30,20.77
1997-07-31,20.14,20.49
1997-08-01,20.28,20.34
1997-08-04,20.75,19.99
1997-08-05,20.81,20.06
1997-08-06,20.46,20.28
1997-08-07,20.09,20.49
1997-08-08,19.54,20.4
1997-08-11,19.69,20.36
1997-08-12,19.99,20.34
1997-08-13,20.19,20.44
1997-08-14,20.08,20.37
1997-08-15,20.07,19.89
1997-08-18,19.91,19.93
1997-08-19,20.12,19.59
1997-08-20,20.06,19.63
1997-08-21,19.66,19.96
1997-08-22,19.70,19.8
1997-08-25,19.26,19.87
1997-08-26,19.28,19.88
1997-08-27,19.73,19.86
1997-08-28,19.58,19.68
1997-08-29,19.61,19.86
1997-09-02,19.65,19.77
1997-09-03,19.61,19.76
1997-09-04,19.40,19.75
1997-09-05,19.63,19.64
1997-09-08,19.45,19.61
1997-09-09,19.42,19.56
1997-09-10,19.42,19.85
1997-09-11,19.37,19.67
1997-09-12,19.32,19.66
1997-09-15,19.27,19.67
1997-09-16,19.61,19.88
1997-09-17,19.42,19.92
1997-09-18,19.38,20.07
1997-09-19,19.35,20.4
1997-09-22,19.60,20.68
1997-09-23,19.79,20.91
1997-09-24,19.94,20.8
1997-09-25,20.39,20.74
1997-09-26,20.87,21.21
1997-09-29,21.26,21.63
1997-09-30,21.18,21.09
1997-10-01,21.05,21.3
1997-10-02,21.77,21.4
1997-10-03,22.76,21.42
1997-10-06,21.93,21.47
1997-10-07,21.96,20.92
1997-10-08,22.18,20.57
1997-10-09,22.12,20.5
1997-10-10,22.10,20.81
1997-10-13,21.32,20.39
1997-10-14,20.70,20.74
1997-10-15,20.57,20.71
1997-10-16,20.97,21.03
1997-10-17,20.59,20.81
1997-10-20,20.70,20.82
1997-10-21,20.67,20.83
1997-10-22,21.42,20.48
1997-10-23,21.09,20.63
1997-10-24,20.97,20.97
1997-10-27,21.07,20.85
1997-10-28,20.46,20.74
1997-10-29,20.71,20.59
1997-10-30,21.22,20.39
1997-10-31,21.08,20.47
1997-11-03,20.96,20.69
1997-11-04,20.70,20.4
1997-11-05,20.31,20.46
1997-11-06,20.39,20.43
1997-11-07,20.77,20.54
1997-11-10,20.40,20.73
1997-11-11,20.51,20.29
1997-11-12,20.49,20.16
1997-11-13,20.70,20.15
1997-11-14,21.00,19.73
1997-11-17,20.26,19.96
1997-11-18,20.04,20.03
1997-11-19,19.80,19.97
1997-11-20,19.16,19.59
1997-11-21,19.76,19.4
1997-11-24,19.83,19.44
1997-11-25,19.73,19.4
1997-11-26,19.15,19.29
1997-12-01,18.66,19.37
1997-12-02,18.76,19.47
1997-12-03,18.80,19.31
1997-12-04,18.60,18.95
1997-12-05,18.71,18.99
1997-12-08,18.84,19.02
1997-12-09,18.67,18.93
1997-12-10,18.14,18.96
1997-12-11,18.15,18.96
1997-12-12,18.21,19.21
1997-12-15,18.17,19.07
1997-12-16,18.17,18.94
1997-12-17,18.19,18.9
1997-12-18,18.52,18.9
1997-12-19,18.39,18.73
1997-12-22,18.32,18.4
1997-12-23,18.33,18.44
1997-12-24,18.35,18.44
1997-12-26,18.20,18.33
1997-12-29,17.62,17.94
1997-12-30,17.60,17.87
1997-12-31,17.64,17.75
1998-01-02,17.43,17.85
1998-01-05,16.89,17.63
1998-01-06,16.91,17.49
1998-01-07,16.82,17.5
1998-01-08,16.97,17.47
1998-01-09,16.63,17.35
1998-01-12,16.47,17.53
1998-01-13,16.43,17.39
1998-01-14,16.45,17.38
1998-01-15,16.34,17.17
1998-01-16,16.51,16.94
1998-01-20,16.42,17.78
1998-01-21,16.36,17.87
1998-01-22,16.04,18.14
1998-01-23,15.74,18.49
1998-01-26,16.82,18
1998-01-27,16.98,17.91
1998-01-28,17.31,17.5
1998-01-29,17.82,17.46
1998-01-30,17.21,17.55
1998-02-02,17.05,17.64
1998-02-03,16.50,17.61
1998-02-04,16.37,17.46
1998-02-05,16.58,17.28
1998-02-06,16.70,17.15
1998-02-09,16.63,17.2
1998-02-10,16.43,16.94
1998-02-11,16.15,17.55
1998-02-12,15.96,17.37
1998-02-13,16.02,17.29
1998-02-17,15.66,16.92
1998-02-18,16.25,16.92
1998-02-19,16.16,16.97
1998-02-20,16.15,16.9
1998-02-23,15.37,17.01
1998-02-24,15.31,16.93
1998-02-25,15.45,16.87
1998-02-26,15.35,16.92
1998-02-27,15.44,16.91
1998-03-02,15.34,16.68
1998-03-03,15.27,16.23
1998-03-04,15.32,16.09
1998-03-05,15.33,16.02
1998-03-06,14.91,16.02
1998-03-09,14.33,15.87
1998-03-10,14.26,15.14
1998-03-11,14.18,15.07
1998-03-12,14.20,15.98
1998-03-13,14.06,15.93
1998-03-16,13.28,15.87
1998-03-17,13.21,17.41
1998-03-18,14.34,17.06
1998-03-19,14.31,17.49
1998-03-20,14.32,17.7
1998-03-23,16.51,17.66
1998-03-24,15.92,17.22
1998-03-25,16.48,16.81
1998-03-26,16.83,16.78
1998-03-27,16.76,16.96
1998-03-30,16.21,17.12
1998-03-31,15.61,16.73
1998-04-01,15.54,16.59
1998-04-02,15.74,16.86
1998-04-03,15.99,16.84
1998-04-06,15.45,16.65
1998-04-07,15.22,16.54
1998-04-08,15.55,16.8
1998-04-09,15.56,17.09
1998-04-13,15.32,16.82
1998-04-14,15.12,16.92
1998-04-15,15.46,16.98
1998-04-16,15.90,16.71
1998-04-17,15.46,16.68
1998-04-20,15.41,16.59
1998-04-21,15.45,16.83
1998-04-22,15.54,17.14
1998-04-23,15.19,16.88
1998-04-24,15.09,17.11
1998-04-27,15.32,17.6
1998-04-28,15.74,17.59
1998-04-29,15.32,17.34
1998-04-30,15.39,17.26
1998-05-01,16.13,17.17
1998-05-04,15.95,17.08
1998-05-05,15.47,17
1998-05-06,15.37,16.96
1998-05-07,15.24,16.79
1998-05-08,15.13,16.88
1998-05-11,15.17,16.61
1998-05-12,15.24,16.55
1998-05-13,14.95,16.59
1998-05-14,15.08,16.42
1998-05-15,14.47,16.59
1998-05-18,14.07,16.6
1998-05-19,12.96,16.59
1998-05-20,14.18,16.62
1998-05-21,14.63,16.56
1998-05-22,14.78,16.89
1998-05-26,14.82,16.82
1998-05-27,14.99,16.76
1998-05-28,14.85,16.81
1998-05-29,15.20,16.96
1998-06-01,14.96,17.15
1998-06-02,14.84,16.96
1998-06-03,14.81,16.53
1998-06-04,15.12,16.44
1998-06-05,15.07,16.09
1998-06-08,14.55,16.14
1998-06-09,13.85,15.6
1998-06-10,13.48,15.71
1998-06-11,12.75,15.92
1998-06-12,12.59,15.62
1998-06-15,11.56,15.67
1998-06-16,11.98,15.8
1998-06-17,12.60,16.39
1998-06-18,11.77,16.3
1998-06-19,11.84,16.07
1998-06-22,13.43,16.04
1998-06-23,14.52,15.98
1998-06-24,14.60,15.97
1998-06-25,14.03,16.06
1998-06-26,14.13,16.1
1998-06-29,14.07,15.7
1998-06-30,14.18,15.52
1998-07-01,14.37,15.58
1998-07-02,14.50,15.53
1998-07-06,13.92,15.38
1998-07-07,13.62,15.4
1998-07-08,13.85,15.71
1998-07-09,13.88,15.86
1998-07-10,13.87,15.58
1998-07-13,13.91,15.35
1998-07-14,14.55,14.93
1998-07-15,14.87,15.19
1998-07-16,14.52,15.5
1998-07-17,13.98,15.28
1998-07-20,13.34,15.36
1998-07-21,13.79,15.58
1998-07-22,14.16,15.58
1998-07-23,13.88,15.47
1998-07-24,13.87,15.57
1998-07-27,14.22,15.55
1998-07-28,14.27,15.21
1998-07-29,14.09,15.23
1998-07-30,14.21,15.21
1998-07-31,14.21,15.21
1998-08-03,13.70,15.24
1998-08-04,13.75,14.61
1998-08-05,13.68,14.43
1998-08-06,13.76,14.41
1998-08-07,13.80,14.73
1998-08-10,13.05,14.78
1998-08-11,12.76,14.59
1998-08-12,12.71,14.38
1998-08-13,13.21,14.5
1998-08-14,13.35,14.83
1998-08-17,13.20,14.68
1998-08-18,12.92,14.93
1998-08-19,13.16,14.96
1998-08-20,13.54,14.78
1998-08-21,13.37,14.51
1998-08-24,13.64,14.74
1998-08-25,13.77,14.61
1998-08-26,13.58,14.96
1998-08-27,13.23,14.89
1998-08-28,13.50,15.7
1998-08-31,13.34,15.55
1998-09-01,13.73,15.35
1998-09-02,13.67,15.23
1998-09-03,14.67,15.63
1998-09-04,14.59,15.36
1998-09-08,14.29,15.39
1998-09-09,14.12,15.37
1998-09-10,14.67,15.34
1998-09-11,14.34,15.53
1998-09-14,14.42,16.14
1998-09-15,14.57,16.11
1998-09-16,14.53,16.27
1998-09-17,14.86,16.36
1998-09-18,15.49,16.54
1998-09-21,15.49,16.33
1998-09-22,15.67,16.22
1998-09-23,15.81,16.43
1998-09-24,15.98,16.52
1998-09-25,15.75,15.98
1998-09-28,15.64,16.17
1998-09-29,15.98,16.03
1998-09-30,16.14,16.12
1998-10-01,15.43,15.82
1998-10-02,15.64,15.31
1998-10-05,15.39,15.44
1998-10-06,15.50,15.32
1998-10-07,15.06,15.15
1998-10-08,14.42,15
1998-10-09,14.58,15.03
1998-10-12,14.44,15.1
1998-10-13,14.23,14.36
1998-10-14,14.05,14.4
1998-10-15,14.05,14.99
1998-10-16,14.15,14.87
1998-10-19,13.35,14.91
1998-10-20,13.43,15
1998-10-21,14.08,14.9
1998-10-22,13.97,15.09
1998-10-23,14.05,15.07
1998-10-26,14.23,15.27
1998-10-27,14.13,15.13
1998-10-28,14.29,15.05
1998-10-29,14.24,14.98
1998-10-30,14.42,14.85
1998-11-02,14.36,14.81
1998-11-03,14.20,14.43
1998-11-04,14.14,14.55
1998-11-05,13.97,14.57
1998-11-06,13.87,14.83
1998-11-09,13.38,14.52
1998-11-10,13.52,14.11
1998-11-11,13.55,13.91
1998-11-12,13.84,14.03
1998-11-13,13.57,14.08
1998-11-16,12.82,14.26
1998-11-17,12.45,14.14
1998-11-18,12.14,13.78
1998-11-19,12.15,13.65
1998-11-20,12.14,#N/A
1998-11-23,12.45,13.22
1998-11-24,12.12,13.05
1998-11-25,11.86,13.05
1998-11-30,11.22,12.92
1998-12-01,11.13,12.87
1998-12-02,11.24,13.02
1998-12-03,11.19,12.85
1998-12-04,11.17,12.79
1998-12-07,11.47,12.51
1998-12-08,11.30,12.6
1998-12-09,11.16,12.91
1998-12-10,10.72,12.99
1998-12-11,10.79,13.57
1998-12-14,11.29,12.38
1998-12-15,11.55,12.33
1998-12-16,12.38,12.12
1998-12-17,11.03,12.44
1998-12-18,10.95,12.53
1998-12-21,10.81,12.45
1998-12-22,11.12,12.57
1998-12-23,11.33,12.7
1998-12-24,11.23,12.73
1998-12-28,11.46,12.95
1998-12-29,11.72,13.13
1998-12-30,11.75,12.83
1998-12-31,12.05,13.42
1999-01-04,12.34,13.59
1999-01-05,11.99,13.54
1999-01-06,12.80,13.77
1999-01-07,13.09,13.36
1999-01-08,13.07,12.91
1999-01-11,13.44,12.77
1999-01-12,12.89,12.75
1999-01-13,12.31,12.69
1999-01-14,12.15,12.42
1999-01-15,12.11,12.9
1999-01-19,12.08,13.04
1999-01-20,11.81,12.82
1999-01-21,12.46,12.56
1999-01-22,12.69,12.85
1999-01-25,12.44,12.96
1999-01-26,12.06,13.19
1999-01-27,12.32,12.94
1999-01-28,12.45,12.95
1999-01-29,12.75,13.03
1999-02-01,12.37,12.72
1999-02-02,12.30,12.52
1999-02-03,12.38,12.41
1999-02-04,12.02,12.44
1999-02-05,11.80,12.42
1999-02-08,11.67,12.44
1999-02-09,11.68,12.45
1999-02-10,11.75,12.06
1999-02-11,11.85,12.2
1999-02-12,11.88,12.68
1999-02-16,11.37,12.41
1999-02-17,11.53,12.58
1999-02-18,12.04,13.03
1999-02-19,11.76,13.14
1999-02-22,11.96,13.19
1999-02-23,12.48,12.83
1999-02-24,12.61,12.85
1999-02-25,12.68,13.06
1999-02-26,12.27,13.38
1999-03-01,12.24,13.69
1999-03-02,12.51,13.65
1999-03-03,12.93,13.88
1999-03-04,13.35,13.99
1999-03-05,13.30,14.65
1999-03-08,13.63,14.18
1999-03-09,13.85,14.28
1999-03-10,14.69,14.38
1999-03-11,14.31,14.41
1999-03-12,14.49,14.84
1999-03-15,14.45,14.88
1999-03-16,14.46,15.14
1999-03-17,15.05,15.54
1999-03-18,15.00,15.24
1999-03-19,15.24,15.2
1999-03-22,15.50,15.52
1999-03-23,15.51,15.92
1999-03-24,15.34,16.11
1999-03-25,15.67,16.4
1999-03-26,16.17,16.27
1999-03-29,16.44,16.16
1999-03-30,16.80,16.38
1999-03-31,16.76,16.35
1999-04-01,16.64,15.69
1999-04-05,16.95,15.62
1999-04-06,16.81,16.18
1999-04-07,16.03,16.08
1999-04-08,15.83,16.33
1999-04-09,16.57,16.23
1999-04-12,16.40,16.41
1999-04-13,16.72,16.78
1999-04-14,16.47,16.99
1999-04-15,16.87,16.73
1999-04-16,17.33,16.74
1999-04-19,17.80,16.8
1999-04-20,17.78,16.67
1999-04-21,17.92,16.57
1999-04-22,18.18,16.68
1999-04-23,17.94,16.99
1999-04-26,17.66,17.02
1999-04-27,17.81,17.37
1999-04-28,18.45,17.44
1999-04-29,18.53,17.52
1999-04-30,18.66,17.65
1999-05-03,18.85,17.3
1999-05-04,18.92,17.35
1999-05-05,18.98,17.64
1999-05-06,18.32,17.44
1999-05-07,18.22,17.19
1999-05-10,18.50,17.42
1999-05-11,18.06,17.47
1999-05-12,17.57,17.39
1999-05-13,18.03,16.83
1999-05-14,18.04,16.7
1999-05-17,17.94,16.78
1999-05-18,17.11,16.98
1999-05-19,16.88,16.75
1999-05-20,17.03,16.89
1999-05-21,17.41,16.91
1999-05-24,17.06,16.83
1999-05-25,17.14,16.52
1999-05-26,17.35,16.25
1999-05-27,17.17,16.46
1999-05-28,16.84,16.54
1999-06-01,16.34,17.01
1999-06-02,16.65,17.45
1999-06-03,16.74,17.3
1999-06-04,17.32,17.57
1999-06-07,17.86,17.43
1999-06-08,17.66,17.99
1999-06-09,17.99,17.98
1999-06-10,17.85,18.25
1999-06-11,18.43,17.84
1999-06-14,18.33,18.28
1999-06-15,18.55,18.08
1999-06-16,17.94,17.94
1999-06-17,18.19,17.79
1999-06-18,17.99,18.18
1999-06-21,17.70,18.12
1999-06-22,17.61,18.19
1999-06-23,18.45,18.09
1999-06-24,18.29,18.23
1999-06-25,18.39,18.78
1999-06-28,18.23,18.82
1999-06-29,18.44,19.01
1999-06-30,19.29,19.06
1999-07-01,19.39,19.17
1999-07-02,19.69,19.27
1999-07-06,19.78,19.52
1999-07-07,19.77,19.58
1999-07-08,19.71,19.81
1999-07-09,19.94,19.72
1999-07-12,19.91,19.98
1999-07-13,20.15,20.12
1999-07-14,19.92,19.96
1999-07-15,20.16,19.08
1999-07-16,20.62,19.14
1999-07-19,20.44,19.4
1999-07-20,19.75,19.92
1999-07-21,19.65,19.82
1999-07-22,19.94,19.75
1999-07-23,20.63,19.86
1999-07-26,20.52,20.1
1999-07-27,20.38,19.75
1999-07-28,20.54,19.85
1999-07-29,20.97,19.8
1999-07-30,20.53,19.93
1999-08-02,20.45,20.06
1999-08-03,20.30,20.28
1999-08-04,20.44,20.54
1999-08-05,20.56,20.41
1999-08-06,20.88,20.57
1999-08-09,21.27,20.49
1999-08-10,21.30,20.63
1999-08-11,21.52,20.56
1999-08-12,21.48,20.91
1999-08-13,21.67,20.73
1999-08-16,21.36,20.9
1999-08-17,21.74,20.91
1999-08-18,21.52,20.56
1999-08-19,21.77,20.32
1999-08-20,21.65,19.79
1999-08-23,21.84,20.07
1999-08-24,21.47,20.3
1999-08-25,20.58,20.8
1999-08-26,20.95,20.81
1999-08-27,21.27,20.67
1999-08-30,22.01,20.34
1999-08-31,22.11,20.69
1999-09-01,21.99,21.14
1999-09-02,21.49,21.22
1999-09-03,22.00,21.6
1999-09-07,22.61,21.83
1999-09-08,22.66,22.02
1999-09-09,23.20,21.85
1999-09-10,23.55,21.79
1999-09-13,24.21,21.91
1999-09-14,23.86,22.05
1999-09-15,24.13,21.82
1999-09-16,24.51,21.85
1999-09-17,24.72,21.47
1999-09-20,24.29,22.02
1999-09-21,24.46,22.07
1999-09-22,24.12,22.01
1999-09-23,24.87,21.95
1999-09-24,24.76,22.04
1999-09-27,24.61,21.94
1999-09-28,24.33,22.07
1999-09-29,24.69,21.74
1999-09-30,24.51,21.71
1999-10-01,24.54,21.57
1999-10-04,23.76,21.15
1999-10-05,23.45,20.08
1999-10-06,23.27,20.47
1999-10-07,22.45,21.29
1999-10-08,20.90,21.66
1999-10-11,21.27,21.23
1999-10-12,22.30,21.64
1999-10-13,23.06,21.7
1999-10-14,22.45,21.48
1999-10-15,22.82,21.67
1999-10-18,22.53,21.39
1999-10-19,22.22,21.91
1999-10-20,22.20,21.86
1999-10-21,22.61,21.79
1999-10-22,23.45,21.62
1999-10-25,23.35,20.7
1999-10-26,23.19,20.84
1999-10-27,22.92,21.5
1999-10-28,21.68,21.25
1999-10-29,21.75,21.17
1999-11-01,22.51,#N/A
1999-11-02,22.39,21.27
1999-11-03,22.56,21.4
1999-11-04,23.14,21.8
1999-11-05,23.00,22.07
1999-11-08,23.27,22.24
1999-11-09,24.03,22.71
1999-11-10,24.47,22.91
1999-11-11,24.33,23.17
1999-11-12,24.91,23.4
1999-11-15,25.13,22.79
1999-11-16,25.70,23.41
1999-11-17,26.60,22.86
1999-11-18,25.80,22.49
1999-11-19,26.56,22.51
1999-11-22,27.07,21.75
1999-11-23,26.44,21.11
1999-11-24,26.87,21.45
1999-11-29,25.96,22.05
1999-11-30,24.59,22.04
1999-12-01,25.00,22.48
1999-12-02,25.82,22.29
1999-12-03,25.81,22.71
1999-12-06,26.66,22.36
1999-12-07,26.22,22.23
1999-12-08,26.54,22.5
1999-12-09,26.15,22.66
1999-12-10,25.23,22.81
1999-12-13,25.38,23.03
1999-12-14,25.73,23.21
1999-12-15,26.36,23.12
1999-12-16,26.83,22.67
1999-12-17,26.74,22.36
1999-12-20,26.54,22.6
1999-12-21,26.26,22.76
1999-12-22,25.50,22.88
1999-12-23,25.87,22.67
1999-12-27,26.33,22
1999-12-28,26.82,22.23
1999-12-29,26.47,21.89
1999-12-30,25.60,21.82
2000-01-04,25.55,21.79
2000-01-05,24.91,22.17
2000-01-06,24.78,22.77
2000-01-07,24.22,23.11
2000-01-10,24.67,23.29
2000-01-11,25.77,24.23
2000-01-12,26.28,24.67
2000-01-13,26.69,24.63
2000-01-14,28.02,24.68
2000-01-18,28.85,24.03
2000-01-19,29.54,24.04
2000-01-20,29.66,24.31
2000-01-21,28.20,24
2000-01-24,27.83,23.68
2000-01-25,28.28,23.78
2000-01-26,27.84,24.17
2000-01-27,27.32,24.61
2000-01-28,27.22,24.22
2000-01-31,27.64,24.62
2000-02-01,28.22,25.16
2000-02-02,27.55,24.74
2000-02-03,28.03,24.52
2000-02-04,28.82,24.92
2000-02-07,28.45,25.23
2000-02-08,28.02,25.26
2000-02-09,28.77,25.86
2000-02-10,29.43,25.7
2000-02-11,29.44,26.05
2000-02-14,30.25,25.53
2000-02-15,30.06,25.38
2000-02-16,30.05,25.59
2000-02-17,29.46,25
2000-02-18,29.51,24.91
2000-02-22,29.62,25.18
2000-02-23,29.39,25.03
2000-02-24,29.97,25.35
2000-02-25,30.35,26.19
2000-02-28,30.13,26.2
2000-02-29,30.43,26.21
2000-03-01,31.77,26.6
2000-03-02,31.69,27.76
2000-03-03,31.51,25.57
2000-03-06,32.18,26.23
2000-03-07,34.13,25.89
2000-03-08,31.26,25.93
2000-03-09,31.69,25.98
2000-03-10,31.76,25.66
2000-03-13,32.02,25.88
2000-03-14,31.69,25.87
2000-03-15,30.72,25.25
2000-03-16,31.09,25.55
2000-03-17,30.91,24.84
2000-03-20,29.43,24.91
2000-03-21,28.00,25.35
2000-03-22,27.46,25.12
2000-03-23,27.31,24.69
2000-03-24,28.02,24.77
2000-03-27,27.79,24.91
2000-03-28,27.09,25.19
2000-03-29,26.45,24.77
2000-03-30,26.70,24.29
2000-03-31,26.90,24.52
2000-04-03,26.43,24.3
2000-04-04,25.45,23.73
2000-04-05,25.83,22.64
2000-04-06,25.69,22.94
2000-04-07,25.04,24.13
2000-04-10,23.85,23.82
2000-04-11,24.14,23.53
2000-04-12,25.41,23.66
2000-04-13,25.38,23.69
2000-04-14,25.57,24.34
2000-04-17,25.89,24.13
2000-04-18,26.11,24.3
2000-04-19,27.35,23.88
2000-04-20,25.88,23.73
2000-04-24,26.04,24.22
2000-04-25,25.33,24.32
2000-04-26,24.65,24.39
2000-04-27,25.42,24.88
2000-04-28,25.74,24.66
2000-05-01,25.87,24.62
2000-05-02,26.89,24.86
2000-05-03,26.75,25.43
2000-05-04,26.98,25.97
2000-05-05,27.29,25.92
2000-05-08,28.09,26.62
2000-05-09,28.65,26.98
2000-05-10,28.10,27.32
2000-05-11,29.11,27.28
2000-05-12,29.62,27.3
2000-05-15,29.92,27.86
2000-05-16,29.73,27.74
2000-05-17,29.32,26.88
2000-05-18,30.33,26.46
2000-05-19,29.89,27.11
2000-05-22,28.61,27.41
2000-05-23,28.78,26.83
2000-05-24,29.93,27.25
2000-05-25,30.51,26.47
2000-05-26,30.00,27.26
2000-05-30,30.35,27.2
2000-05-31,29.01,26.8
2000-06-01,30.14,26.84
2000-06-02,30.35,27.23
2000-06-05,29.70,26.9
2000-06-06,29.75,26.94
2000-06-07,29.95,27.8
2000-06-08,29.78,28.3
2000-06-09,30.20,28.2
2000-06-12,31.74,27.98
2000-06-13,32.56,27.25
2000-06-14,32.85,27.04
2000-06-15,32.95,27.66
2000-06-16,32.33,27.46
2000-06-19,31.69,28.07
2000-06-20,33.05,28.24
2000-06-21,31.37,27.88
2000-06-22,32.19,28.34
2000-06-23,32.25,28.08
2000-06-26,31.63,28.56
2000-06-27,32.06,28.42
2000-06-28,31.90,#N/A
2000-06-29,32.72,27.42
2000-06-30,32.50,27.13
2000-07-05,30.67,27.28
2000-07-06,29.99,27.01
2000-07-07,30.28,27.38
2000-07-10,29.69,27.84
2000-07-11,29.70,28.37
2000-07-12,30.32,28.35
2000-07-13,31.47,27.9
2000-07-14,31.40,28.55
2000-07-17,30.83,28.51
2000-07-18,31.94,28.14
2000-07-19,31.42,27.18
2000-07-20,30.93,26.76
2000-07-21,28.56,26.71
2000-07-24,28.02,26.7
2000-07-25,27.95,26.93
2000-07-26,27.81,27.05
2000-07-27,28.02,26.57
2000-07-28,28.18,26.8
2000-07-31,27.43,26.92
2000-08-01,27.79,27.05
2000-08-02,28.26,27.83
2000-08-03,28.66,27.26
2000-08-04,29.96,27.45
2000-08-07,28.91,28.11
2000-08-08,29.12,28.67
2000-08-09,30.35,28.38
2000-08-10,31.34,28.77
2000-08-11,31.02,28.66
2000-08-14,31.94,28.74
2000-08-15,31.67,28.97
2000-08-16,31.80,29.37
2000-08-17,31.94,29.54
2000-08-18,31.99,29.24
2000-08-21,32.47,29.29
2000-08-22,31.22,28.99
2000-08-23,32.02,29.1
2000-08-24,31.63,29.71
2000-08-25,32.03,29.58
2000-08-28,32.87,30.22
2000-08-29,32.74,29.93
2000-08-30,33.32,30.14
2000-08-31,33.12,30.59
2000-09-01,33.38,31.3
2000-09-05,33.83,31.71
2000-09-06,34.90,30.41
2000-09-07,35.39,31.63
2000-09-08,33.63,31.13
2000-09-11,35.14,30.75
2000-09-12,34.28,31.11
2000-09-13,33.82,32.26
2000-09-14,34.07,32.73
2000-09-15,35.92,32.21
2000-09-18,36.88,32.18
2000-09-19,36.51,31.13
2000-09-20,37.20,30.61
2000-09-21,34.00,30.28
2000-09-22,32.68,30.24
2000-09-25,31.57,30.25
2000-09-26,31.50,29.52
2000-09-27,31.46,29.83
2000-09-28,30.34,30.69
2000-09-29,30.84,30.7
2000-10-02,32.18,30.35
2000-10-03,32.07,30.12
2000-10-04,31.43,30.27
2000-10-05,30.53,30.93
2000-10-06,30.86,31.75
2000-10-09,31.86,31.98
2000-10-10,33.18,33.49
2000-10-11,33.25,31.99
2000-10-12,36.06,30.68
2000-10-13,34.99,30.79
2000-10-16,32.92,30.69
2000-10-17,32.99,30.11
2000-10-18,33.48,30.89
2000-10-19,32.91,31
2000-10-20,33.75,30.47
2000-10-23,33.76,30.21
2000-10-24,33.37,30.65
2000-10-25,32.96,29.52
2000-10-26,33.71,29.36
2000-10-27,32.74,29.34
2000-10-30,32.81,29.53
2000-10-31,32.70,28.9
2000-11-01,33.25,29.16
2000-11-02,32.54,29.25
2000-11-03,32.71,29.65
2000-11-06,32.86,29.65
2000-11-07,33.40,30.21
2000-11-08,33.24,30.14
2000-11-09,33.92,30.32
2000-11-10,34.02,30.37
2000-11-13,34.47,30.93
2000-11-14,34.87,30.7
2000-11-15,35.58,31.22
2000-11-16,35.12,30.13
2000-11-17,35.45,30.3
2000-11-20,35.22,30.45
2000-11-21,35.16,30.47
2000-11-22,35.40,29.8
2000-11-27,35.38,30
2000-11-28,34.22,29.5
2000-11-29,34.63,28.37
2000-11-30,33.82,28.05
2000-12-01,32.02,27.2
2000-12-04,31.22,27.54
2000-12-05,29.53,27.27
2000-12-06,29.85,26.88
2000-12-07,29.35,27.44
2000-12-08,28.44,27.4
2000-12-11,29.50,26.48
2000-12-12,29.68,25.89
2000-12-13,28.74,26.42
2000-12-14,27.99,26.9
2000-12-15,28.87,26.24
2000-12-18,29.76,24.35
2000-12-19,29.33,24.84
2000-12-20,25.77,24.78
2000-12-21,25.98,24.99
2000-12-22,26.18,24.79
2000-12-26,26.64,24.32
2000-12-27,26.47,24.92
2000-12-28,25.85,25.25
2000-12-29,26.80,25.73
2001-01-02,27.21,25.98
2001-01-03,28.00,25.56
2001-01-04,28.14,24.85
2001-01-05,27.95,25.13
2001-01-08,27.32,26.2
2001-01-09,27.64,26.18
2001-01-10,29.48,26.57
2001-01-11,29.41,26.25
2001-01-12,30.05,25.8
2001-01-16,30.29,26.28
2001-01-17,29.60,27.5
2001-01-18,30.45,26.91
2001-01-19,32.19,26.58
2001-01-22,32.19,26.24
2001-01-23,29.57,26.42
2001-01-24,29.05,26.64
2001-01-25,29.36,26.26
2001-01-26,29.77,26.37
2001-01-29,29.06,26.2
2001-01-30,29.06,27.04
2001-01-31,28.66,28.04
2001-02-01,29.82,27.59
2001-02-02,31.19,27.52
2001-02-05,30.55,28.55
2001-02-06,30.35,28.83
2001-02-07,31.27,28.55
2001-02-08,31.59,28.19
2001-02-09,31.03,28.46
2001-02-12,30.51,27.85
2001-02-13,30.36,27.4
2001-02-14,29.71,27.54
2001-02-15,28.80,27.43
2001-02-16,29.16,26.67
2001-02-20,28.58,26.95
2001-02-21,28.53,27.19
2001-02-22,28.82,26.9
2001-02-23,29.04,27.02
2001-02-26,28.42,26.53
2001-02-27,28.13,26.75
2001-02-28,27.39,26.88
2001-03-01,27.62,27.35
2001-03-02,27.84,27.32
2001-03-05,28.60,28.13
2001-03-06,28.32,27.7
2001-03-07,29.00,27.54
2001-03-08,28.39,27.66
2001-03-09,28.01,27.3
2001-03-12,28.00,26.39
2001-03-13,27.59,26.74
2001-03-14,26.41,26.64
2001-03-15,26.55,26.44
2001-03-16,26.74,26.05
2001-03-19,26.15,26.37
2001-03-20,25.96,26.12
2001-03-21,26.80,26.64
2001-03-22,26.54,26.69
2001-03-23,27.30,26.85
2001-03-26,27.48,25.76
2001-03-27,27.75,25.99
2001-03-28,26.31,26.17
2001-03-29,26.32,25.52
2001-03-30,26.29,25.9
2001-04-02,25.59,26.52
2001-04-03,26.19,26.64
2001-04-04,27.12,26.63
2001-04-05,27.26,26.93
2001-04-06,27.06,27.91
2001-04-09,27.28,27.83
2001-04-10,28.48,27.89
2001-04-11,28.18,28.48
2001-04-12,28.25,28.27
2001-04-16,28.79,28.28
2001-04-17,28.24,28.07
2001-04-18,27.95,27.5
2001-04-19,27.82,27.42
2001-04-20,27.28,27.13
2001-04-23,27.61,27.49
2001-04-24,26.86,27.94
2001-04-25,27.29,27.92
2001-04-26,28.44,27.98
2001-04-27,28.27,28.28
2001-04-30,28.46,27.7
2001-05-01,28.94,28.17
2001-05-02,27.80,28.19
2001-05-03,28.45,27.91
2001-05-04,28.36,27.95
2001-05-07,27.77,28.31
2001-05-08,27.39,28.16
2001-05-09,28.23,28.08
2001-05-10,28.52,28.12
2001-05-11,28.55,28.19
2001-05-14,28.71,27.99
2001-05-15,28.98,28.08
2001-05-16,28.86,28.97
2001-05-17,28.91,28.98
2001-05-18,29.91,28.76
2001-05-21,29.98,28.16
2001-05-22,29.74,27.57
2001-05-23,29.58,27.64
2001-05-24,28.41,27.79
2001-05-25,28.38,27.77
2001-05-29,28.66,27.73
2001-05-30,28.55,27.59
2001-05-31,28.37,27.79
2001-06-01,27.93,28.07
2001-06-04,28.13,27.86
2001-06-05,28.24,27.74
2001-06-06,27.72,28.07
2001-06-07,27.75,28.29
2001-06-08,28.33,28.41
2001-06-11,29.04,28.17
2001-06-12,29.18,28.1
2001-06-13,28.84,27.88
2001-06-14,29.04,27.34
2001-06-15,28.51,27.27
2001-06-18,27.55,26.37
2001-06-19,27.48,26.11
2001-06-20,26.50,26.25
2001-06-21,26.56,26.52
2001-06-22,26.83,26.31
2001-06-25,27.25,25.59
2001-06-26,26.98,25.62
2001-06-27,25.61,25.94
2001-06-28,25.56,25.7
2001-06-29,26.25,25.87
2001-07-02,25.95,26.07
2001-07-03,26.24,26.79
2001-07-05,27.02,26.3
2001-07-06,28.21,26.28
2001-07-09,27.59,25.93
2001-07-10,27.49,26.06
2001-07-11,27.11,25.82
2001-07-12,26.80,25.79
2001-07-13,26.59,25.47
2001-07-16,26.06,24.96
2001-07-17,25.57,24.66
2001-07-18,24.89,25.52
2001-07-19,24.70,25.39
2001-07-20,25.59,25.38
2001-07-23,26.12,25.7
2001-07-24,26.31,25.61
2001-07-25,26.84,25.65
2001-07-26,26.73,25.42
2001-07-27,27.02,25.23
2001-07-30,26.63,25.58
2001-07-31,26.35,26.26
2001-08-01,26.77,26.27
2001-08-02,27.71,26.41
2001-08-03,27.62,26.5
2001-08-06,27.74,26.23
2001-08-07,27.94,26.37
2001-08-08,27.54,26.43
2001-08-09,27.64,26.35
2001-08-10,28.05,26.45
2001-08-13,27.82,26.13
2001-08-14,28.01,25.95
2001-08-15,27.56,25.17
2001-08-16,27.40,25.64
2001-08-17,26.68,25.98
2001-08-20,27.18,25.53
2001-08-21,27.91,25.8
2001-08-22,26.37,26.01
2001-08-23,26.63,25.96
2001-08-24,26.90,26.33
2001-08-27,26.67,26.2
2001-08-28,27.17,25.9
2001-08-29,27.05,26.45
2001-08-30,26.55,26.24
2001-08-31,27.20,26.26
2001-09-04,26.93,26.71
2001-09-05,26.95,27.13
2001-09-06,27.58,26.88
2001-09-07,28.03,26.84
2001-09-10,27.63,28
2001-09-11,27.77,27.87
2001-09-14,29.53,27.2
2001-09-17,28.81,26.59
2001-09-18,27.70,26.3
2001-09-19,26.72,25.55
2001-09-20,26.59,22.67
2001-09-21,25.97,22.47
2001-09-24,22.01,22.88
2001-09-25,21.81,23.23
2001-09-26,22.38,23.83
2001-09-27,22.74,23.86
2001-09-28,23.43,23.44
2001-10-01,23.28,22.89
2001-10-02,22.79,23.3
2001-10-03,22.08,23.16
2001-10-04,22.63,23.25
2001-10-05,22.39,23.28
2001-10-08,22.45,23.3
2001-10-09,22.48,23.8
2001-10-10,22.53,23.01
2001-10-11,23.34,22.85
2001-10-12,22.50,22.52
2001-10-15,22.29,22.43
2001-10-16,22.00,22.05
2001-10-17,21.81,22.56
2001-10-18,21.31,22.58
2001-10-19,21.83,22.19
2001-10-22,21.76,22.55
2001-10-23,21.85,22.28
2001-10-24,22.33,22.31
2001-10-25,22.01,22.38
2001-10-26,22.03,22.08
2001-10-29,22.15,21.59
2001-10-30,21.87,20.97
2001-10-31,21.18,20.9
2001-11-01,20.39,20.68
2001-11-02,20.18,20.5
2001-11-05,20.02,20.6
2001-11-06,19.92,21.42
2001-11-07,20.09,22.35
2001-11-08,21.17,21.61
2001-11-09,22.22,21.88
2001-11-12,21.23,20.3
2001-11-13,21.67,18.6
2001-11-14,19.74,19.12
2001-11-15,17.45,19.26
2001-11-16,18.03,19.93
2001-11-19,17.72,19.72
2001-11-20,19.15,19.44
2001-11-21,18.96,20.04
2001-11-26,18.69,20
2001-11-27,19.48,19.64
2001-11-28,19.22,20.23
2001-11-29,18.62,20.81
2001-11-30,19.44,20.5
2001-12-03,20.09,20.37
2001-12-04,19.65,19.67
2001-12-05,19.49,20.29
2001-12-06,18.54,19.67
2001-12-07,19.04,19.34
2001-12-10,18.37,19.5
2001-12-11,18.08,19.32
2001-12-12,18.36,20.12
2001-12-13,18.12,20.11
2001-12-14,19.23,20.16
2001-12-17,19.22,20.43
2001-12-18,19.36,20.01
2001-12-19,19.80,20.3
2001-12-20,19.28,21.74
2001-12-21,19.62,21.41
2001-12-26,21.27,21.01
2001-12-27,20.90,20.53
2001-12-28,20.41,21.47
2001-12-31,19.84,20.9
2002-01-02,21.01,21.97
2002-01-03,20.37,21.78
2002-01-04,21.62,21.57
2002-01-07,21.48,20.91
2002-01-08,21.25,21.27
2002-01-09,20.18,20.79
2002-01-10,20.38,20.06
2002-01-11,19.68,20.05
2002-01-14,18.89,20.24
2002-01-15,18.90,19.52
2002-01-16,18.86,19.56
2002-01-17,17.97,19.84
2002-01-18,18.00,20.08
2002-01-22,18.34,20.18
2002-01-23,19.50,20.52
2002-01-24,19.70,20.56
2002-01-25,19.99,20.24
2002-01-28,20.05,19.99
2002-01-29,19.58,20.35
2002-01-30,19.08,20.98
2002-01-31,19.48,20.69
2002-02-01,20.38,20.66
2002-02-04,20.07,20.41
2002-02-05,20.07,20.37
2002-02-06,19.78,20.85
2002-02-07,19.64,21.89
2002-02-08,20.26,21.21
2002-02-11,21.41,21.54
2002-02-12,20.73,21.51
2002-02-13,21.18,21.67
2002-02-14,21.23,21.21
2002-02-15,21.50,20.69
2002-02-19,20.88,21.1
2002-02-20,20.29,21.14
2002-02-21,20.95,20.7
2002-02-22,21.07,21.47
2002-02-25,20.48,21.44
2002-02-26,21.41,21.87
2002-02-27,21.29,22.48
2002-02-28,21.74,22.52
2002-03-01,22.40,23.19
2002-03-04,22.45,23.24
2002-03-05,23.17,23.75
2002-03-06,23.15,23.98
2002-03-07,23.71,24.5
2002-03-08,23.84,24.44
2002-03-11,24.31,24.39
2002-03-12,24.20,24.49
2002-03-13,24.16,24.48
2002-03-14,24.56,25.02
2002-03-15,24.51,24.95
2002-03-18,25.11,24.73
2002-03-19,24.88,25.14
2002-03-20,24.90,24.94
2002-03-21,25.61,24.79
2002-03-22,25.35,25.09
2002-03-25,24.99,25.4
2002-03-26,25.36,25.69
2002-03-27,25.87,26.09
2002-03-28,26.31,26.7
2002-04-01,26.88,26.6
2002-04-02,27.71,25.89
2002-04-03,27.56,25.5
2002-04-04,26.58,25.59
2002-04-05,26.21,25.04
2002-04-08,26.54,25.15
2002-04-09,25.82,24.27
2002-04-10,26.13,23.12
2002-04-11,24.99,24.12
2002-04-12,23.47,24.32
2002-04-15,24.57,25.01
2002-04-16,24.75,24.99
2002-04-17,25.94,25.25
2002-04-18,26.18,25.38
2002-04-19,26.38,25.29
2002-04-22,26.27,25.14
2002-04-23,26.62,25.37
2002-04-24,26.38,25.66
2002-04-25,26.73,25.92
2002-04-26,27.11,25.88
2002-04-29,27.57,25.49
2002-04-30,27.29,25.06
2002-05-01,26.75,25.34
2002-05-02,26.24,25
2002-05-03,26.62,25.35
2002-05-06,26.12,25.94
2002-05-07,26.63,25.99
2002-05-08,27.85,26.23
2002-05-09,27.68,26.58
2002-05-10,27.99,27.15
2002-05-13,28.38,26.06
2002-05-14,29.36,26.25
2002-05-15,28.15,26.34
2002-05-16,27.95,26.42
2002-05-17,28.18,25.88
2002-05-20,28.33,25.69
2002-05-21,27.33,25.59
2002-05-22,26.37,25.47
2002-05-23,26.15,24.9
2002-05-24,25.88,25.27
2002-05-28,25.27,24.37
2002-05-29,25.76,24.73
2002-05-30,24.67,24.59
2002-05-31,25.31,24.81
2002-06-03,25.08,24.68
2002-06-04,25.33,24.85
2002-06-05,24.89,24.87
2002-06-06,24.79,24.5
2002-06-07,24.75,24.44
2002-06-10,24.29,24.76
2002-06-11,24.12,25.49
2002-06-12,24.64,25.73
2002-06-13,25.64,25.69
2002-06-14,25.94,25.22
2002-06-17,26.09,25.2
2002-06-18,25.43,25.59
2002-06-19,25.31,25.22
2002-06-20,25.53,25.7
2002-06-21,25.82,25.4
2002-06-24,26.47,25.65
2002-06-25,26.32,25.72
2002-06-26,26.76,25.79
2002-06-27,26.86,25.79
2002-06-28,26.86,25.73
2002-07-01,26.81,25.75
2002-07-02,26.77,#N/A
2002-07-03,26.80,25.31
2002-07-08,26.07,25.29
2002-07-09,26.09,25.81
2002-07-10,26.77,25.83
2002-07-11,26.83,26.25
2002-07-12,27.48,25.93
2002-07-15,27.07,26.59
2002-07-16,27.75,26.64
2002-07-17,27.88,26.45
2002-07-18,27.57,26.6
2002-07-19,27.83,25.74
2002-07-22,26.60,25.21
2002-07-23,26.31,25.52
2002-07-24,26.87,25.57
2002-07-25,26.77,25.36
2002-07-26,26.54,25.37
2002-07-29,26.55,25.92
2002-07-30,27.36,25.55
2002-07-31,27.02,25.24
2002-08-01,26.47,25.56
2002-08-02,26.84,25.29
2002-08-05,26.58,25.77
2002-08-06,27.17,25.29
2002-08-07,26.50,25.44
2002-08-08,26.67,25.5
2002-08-09,26.86,26.13
2002-08-12,27.86,26.05
2002-08-13,27.90,26.26
2002-08-14,28.15,26.89
2002-08-15,29.06,26.84
2002-08-16,29.33,27.01
2002-08-19,29.84,27.03
2002-08-20,30.11,26.85
2002-08-21,29.24,26.8
2002-08-22,28.84,26.86
2002-08-23,28.63,27.3
2002-08-26,29.28,27.17
2002-08-27,28.83,27.16
2002-08-28,28.34,27.54
2002-08-29,28.92,27.53
2002-08-30,28.98,26.74
2002-09-03,27.79,27.14
2002-09-04,28.27,27.7
2002-09-05,28.98,28.03
2002-09-06,29.61,28.17
2002-09-09,29.73,28.24
2002-09-10,29.73,28.27
2002-09-11,29.77,27.6
2002-09-12,28.85,28.22
2002-09-13,29.81,28.22
2002-09-16,29.67,27.76
2002-09-17,29.08,27.86
2002-09-18,29.48,28.06
2002-09-19,29.50,28.02
2002-09-20,29.61,27.72
2002-09-23,30.71,27.64
2002-09-24,30.77,27.54
2002-09-25,30.64,27.65
2002-09-26,30.41,27.61
2002-09-27,30.54,27.74
2002-09-30,30.45,27.89
2002-10-01,30.83,27.81
2002-10-02,30.49,27.58
2002-10-03,29.76,27.66
2002-10-04,29.62,27.72
2002-10-07,29.64,27.6
2002-10-08,29.48,27.59
2002-10-09,29.35,27.34
2002-10-10,28.97,27.49
2002-10-11,29.37,27.79
2002-10-14,30.03,27.66
2002-10-15,29.72,27.53
2002-10-16,29.47,27.67
2002-10-17,29.62,27.61
2002-10-18,29.60,26.74
2002-10-21,28.37,26.65
2002-10-22,27.92,26.32
2002-10-23,28.18,26.27
2002-10-24,28.20,25.3
2002-10-25,27.05,25.59
2002-10-28,27.29,25.24
2002-10-29,26.86,25.35
2002-10-30,26.81,25.57
2002-10-31,27.22,25.36
2002-11-01,27.13,25.13
2002-11-04,26.95,24.67
2002-11-05,26.14,24.46
2002-11-06,25.77,24.13
2002-11-07,25.38,24.16
2002-11-08,25.78,24.3
2002-11-11,25.94,24.28
2002-11-12,25.90,23.76
2002-11-13,25.19,23.89
2002-11-14,25.29,24.11
2002-11-15,25.51,24.98
2002-11-18,26.71,24.7
2002-11-19,26.42,25.16
2002-11-20,26.98,25.08
2002-11-21,26.35,25.32
2002-11-22,26.76,24.93
2002-11-25,26.11,25.25
2002-11-26,26.40,25.49
2002-11-27,26.89,25.67
2002-12-02,27.24,25.77
2002-12-03,27.30,25.31
2002-12-04,26.71,25.81
2002-12-05,27.29,25.67
2002-12-06,26.93,25.84
2002-12-09,27.20,26.29
2002-12-10,27.74,25.89
2002-12-11,27.40,26.29
2002-12-12,28.01,26.47
2002-12-13,28.44,27.6
2002-12-16,30.10,27.35
2002-12-17,30.10,27.57
2002-12-18,30.44,27.48
2002-12-19,30.56,26.74
2002-12-20,30.30,27.39
2002-12-23,31.75,27.25
2002-12-24,31.97,27.6
2002-12-26,32.49,27.54
2002-12-27,32.72,26.67
2002-12-30,31.37,26.82
2002-12-31,31.20,26.97
2003-01-02,31.85,27.53
2003-01-03,33.08,27.01
2003-01-06,32.10,27.04
2003-01-07,31.08,27.05
2003-01-08,30.56,27.6
2003-01-09,31.99,27.33
2003-01-10,31.68,27.84
2003-01-13,32.26,28.16
2003-01-14,32.37,28.5
2003-01-15,33.21,28.8
2003-01-16,33.66,28.18
2003-01-17,32.96,28.1
2003-01-21,33.19,28.04
2003-01-22,32.85,27.89
2003-01-23,32.25,28.41
2003-01-24,33.28,27.99
2003-01-27,32.29,28.45
2003-01-28,32.67,29
2003-01-29,33.63,29.21
2003-01-30,33.85,29.14
2003-01-31,33.51,28.96
2003-02-03,32.76,29.48
2003-02-04,33.58,29.75
2003-02-05,33.93,29.73
2003-02-06,34.16,30.22
2003-02-07,35.12,29.73
2003-02-10,34.48,30.19
2003-02-11,35.44,30.25
2003-02-12,35.77,30.61
2003-02-13,36.36,30.62
2003-02-14,36.80,30.6
2003-02-18,36.96,30.57
2003-02-19,37.16,30.08
2003-02-20,36.79,30.03
2003-02-21,35.58,30.45
2003-02-24,36.48,29.91
2003-02-25,36.06,30.4
2003-02-26,37.70,30.33
2003-02-27,37.20,30.18
2003-02-28,36.60,30.05
2003-03-03,35.88,30.27
2003-03-04,36.89,30.41
2003-03-05,36.69,30.67
2003-03-06,37.00,31.22
2003-03-07,37.78,31.09
2003-03-10,37.27,31.05
2003-03-11,36.72,31.57
2003-03-12,37.83,30.47
2003-03-13,36.01,29.81
2003-03-14,35.38,29.17
2003-03-17,34.93,27.62
2003-03-18,31.67,27.27
2003-03-19,29.88,26.2
2003-03-20,28.61,25.28
2003-03-21,26.91,26.1
2003-03-24,28.66,25.22
2003-03-25,27.97,25.4
2003-03-26,28.63,26.32
2003-03-27,30.37,26.27
2003-03-28,30.16,26.94
2003-03-31,31.04,26.42
2003-04-01,29.78,25.83
2003-04-02,28.56,25.79
2003-04-03,28.97,25.61
2003-04-04,28.62,25.31
2003-04-07,27.96,25.48
2003-04-08,28.00,26.23
2003-04-09,28.85,25.73
2003-04-10,27.46,26.14
2003-04-11,28.14,25.78
2003-04-14,28.63,26.07
2003-04-15,29.29,26.11
2003-04-16,29.18,26.75
2003-04-17,30.55,26.82
2003-04-21,30.87,26.26
2003-04-22,29.91,25.27
2003-04-23,26.65,25.43
2003-04-24,26.64,25.27
2003-04-25,26.26,24.81
2003-04-28,25.49,24.63
2003-04-29,25.24,24.89
2003-04-30,25.80,25.2
2003-05-01,26.03,24.91
2003-05-02,25.67,25.57
2003-05-05,26.49,25.06
2003-05-06,25.72,25.43
2003-05-07,26.23,25.72
2003-05-08,26.98,26.01
2003-05-09,27.72,25.8
2003-05-12,27.35,26.46
2003-05-13,28.50,26.87
2003-05-14,29.17,26.61
2003-05-15,28.74,26.71
2003-05-16,29.14,26.33
2003-05-19,28.83,26.32
2003-05-20,29.28,26.46
2003-05-21,29.03,26.3
2003-05-22,28.85,26.46
2003-05-23,29.16,26.55
2003-05-27,29.35,26.02
2003-05-28,28.58,26.26
2003-05-29,29.10,26.6
2003-05-30,29.56,27.24
2003-06-02,30.71,27.2
2003-06-03,30.67,26.71
2003-06-04,30.05,27.28
2003-06-05,30.74,27.82
2003-06-06,31.28,27.88
2003-06-09,31.45,28
2003-06-10,31.73,28.23
2003-06-11,32.36,27.7
2003-06-12,31.51,27.18
2003-06-13,30.65,27.43
2003-06-16,31.18,27.37
2003-06-17,31.07,26.99
2003-06-18,30.36,26.88
2003-06-19,29.96,27.57
2003-06-20,30.82,27.11
2003-06-23,29.17,26.88
2003-06-24,28.78,27.59
2003-06-25,29.95,26.99
2003-06-26,29.01,27.33
2003-06-27,29.27,27.96
2003-06-30,30.19,28.09
2003-07-01,30.40,27.9
2003-07-02,30.15,28.07
2003-07-03,30.42,28.04
2003-07-07,30.13,28.22
2003-07-08,30.22,28.75
2003-07-09,30.88,28.72
2003-07-10,31.06,28.92
2003-07-11,31.28,28.91
2003-07-14,31.27,28.97
2003-07-15,31.62,28.47
2003-07-16,31.05,28.69
2003-07-17,31.41,28.89
2003-07-18,31.96,28.93
2003-07-21,31.78,27.86
2003-07-22,30.19,27.7
2003-07-23,29.67,28.1
2003-07-24,30.22,28.04
2003-07-25,30.17,28.01
2003-07-28,30.11,28.07
2003-07-29,30.24,28.41
2003-07-30,30.68,28.39
2003-07-31,30.54,29.59
2003-08-01,32.31,29.29
2003-08-04,31.84,29.55
2003-08-05,32.22,29.27
2003-08-06,31.70,29.82
2003-08-07,32.39,29.77
2003-08-08,32.18,29.67
2003-08-11,32.01,29.6
2003-08-12,31.92,28.93
2003-08-13,30.78,29.06
2003-08-14,31.09,29.12
2003-08-15,31.05,29.02
2003-08-18,30.89,28.96
2003-08-19,30.70,29.2
2003-08-20,30.95,29.32
2003-08-21,31.88,29.34
2003-08-22,31.84,29.18
2003-08-25,31.56,29.33
2003-08-26,31.95,28.94
2003-08-27,31.21,29.24
2003-08-28,31.50,29.2
2003-08-29,31.57,27.87
2003-09-02,29.41,28.06
2003-09-03,29.49,27.69
2003-09-04,28.98,27.63
2003-09-05,28.88,27.65
2003-09-08,28.85,27.89
2003-09-09,29.18,28.03
2003-09-10,29.35,27.69
2003-09-11,28.82,27.3
2003-09-12,28.27,27.25
2003-09-15,28.14,26.87
2003-09-16,27.56,26.47
2003-09-17,27.03,26.51
2003-09-18,27.17,26.39
2003-09-19,27.03,26.52
2003-09-22,26.96,26.18
2003-09-23,27.13,26.86
2003-09-24,28.24,26.9
2003-09-25,28.29,26.74
2003-09-26,28.16,26.91
2003-09-29,28.40,27.42
2003-09-30,29.20,27.64
2003-10-01,29.39,27.87
2003-10-02,29.84,28.3
2003-10-03,30.40,28.42
2003-10-06,30.47,28.62
2003-10-07,30.41,28.39
2003-10-08,29.81,29.32
2003-10-09,31.01,29.88
2003-10-10,31.97,29.95
2003-10-13,31.95,29.86
2003-10-14,31.82,29.93
2003-10-15,31.77,29.78
2003-10-16,31.54,29.12
2003-10-17,30.68,28.86
2003-10-20,30.35,28.74
2003-10-21,30.18,28.15
2003-10-22,29.92,28.43
2003-10-23,30.30,28.33
2003-10-24,30.16,28.24
2003-10-27,29.92,28.02
2003-10-28,29.56,27.61
2003-10-29,28.91,27.27
2003-10-30,28.47,27.73
2003-10-31,29.11,27.63
2003-11-03,28.90,27.49
2003-11-04,28.75,28.68
2003-11-05,30.30,28.44
2003-11-06,30.26,28.83
2003-11-07,30.85,28.89
2003-11-10,30.88,29.18
2003-11-11,31.15,29.16
2003-11-12,31.33,29.54
2003-11-13,31.90,29.7
2003-11-14,32.37,29.45
2003-11-17,31.73,30.66
2003-11-18,33.28,29.98
2003-11-19,32.92,29.73
2003-11-20,32.86,29.14
2003-11-21,31.61,27.94
2003-11-24,29.74,28.09
2003-11-25,29.77,28.68
2003-11-26,30.41,28.39
2003-12-01,29.95,28.99
2003-12-02,30.78,29.17
2003-12-03,31.10,29.39
2003-12-04,31.26,29.08
2003-12-05,30.73,30.21
2003-12-08,32.10,29.71
2003-12-09,31.76,29.91
2003-12-10,31.88,29.88
2003-12-11,31.85,30.7
2003-12-12,33.04,30.85
2003-12-15,33.18,30.62
2003-12-16,32.89,31.02
2003-12-17,33.35,31.37
2003-12-18,33.71,30.81
2003-12-19,33.02,29.57
2003-12-22,31.87,29.66
2003-12-23,31.95,30.36
2003-12-24,32.86,30.04
2003-12-29,32.40,30.35
2003-12-30,32.79,30.3
2003-12-31,32.52,31.26
2004-01-05,33.78,31.32
2004-01-06,33.70,31.28
2004-01-07,33.62,31.61
2004-01-08,33.98,31.82
2004-01-09,34.31,32.1
2004-01-12,34.72,31.79
2004-01-13,34.43,31.68
2004-01-14,34.50,30.73
2004-01-15,33.44,31.98
2004-01-16,35.07,32.6
2004-01-20,36.20,31.74
2004-01-21,34.58,31.96
2004-01-22,34.93,31.66
2004-01-23,34.94,31.42
2004-01-26,34.47,31.06
2004-01-27,34.12,30.62
2004-01-28,33.62,30.11
2004-01-29,32.81,30.08
2004-01-30,33.05,31.2
2004-02-02,34.98,30.51
2004-02-03,34.10,29.93
2004-02-04,33.10,30.26
2004-02-05,33.08,29.9
2004-02-06,32.48,30.14
2004-02-09,32.83,30.93
2004-02-10,33.87,31.13
2004-02-11,34.00,31.4
2004-02-12,33.98,31.92
2004-02-13,34.56,32.67
2004-02-17,35.19,32.22
2004-02-18,35.45,32.34
2004-02-19,36.00,32.01
2004-02-20,35.60,31.41
2004-02-23,34.35,31.45
2004-02-24,34.58,32.02
2004-02-25,35.68,32.23
2004-02-26,35.51,32.78
2004-02-27,36.16,33.63
2004-03-01,36.86,33.51
2004-03-02,36.66,32.8
2004-03-03,35.80,33.36
2004-03-04,36.64,33.72
2004-03-05,37.26,33.21
2004-03-08,36.57,32.95
2004-03-09,36.28,32.94
2004-03-10,36.10,33.56
2004-03-11,36.78,33.18
2004-03-12,36.19,34.08
2004-03-15,37.44,34.03
2004-03-16,37.48,34.78
2004-03-17,38.18,34.65
2004-03-18,37.93,34.8
2004-03-19,38.08,34.52
2004-03-22,37.11,34.4
2004-03-23,37.45,34.15
2004-03-24,37.01,33.01
2004-03-25,35.51,33.03
2004-03-26,35.73,32.86
2004-03-29,35.45,33.4
2004-03-30,36.25,33.29
2004-03-31,35.76,32.16
2004-04-01,34.27,32.37
2004-04-02,34.39,32.39
2004-04-05,34.38,32.79
2004-04-06,34.97,33.76
2004-04-07,36.15,34.54
2004-04-08,37.14,35.09
2004-04-12,37.84,34.77
2004-04-13,37.21,34.74
2004-04-14,36.72,35.28
2004-04-15,37.57,35.19
2004-04-16,37.74,35.02
2004-04-19,37.42,34.72
2004-04-20,37.60,33.8
2004-04-21,35.73,34.63
2004-04-22,36.71,34.5
2004-04-23,36.46,34.96
2004-04-26,36.97,35.5
2004-04-27,37.53,35.35
2004-04-28,37.46,35.39
2004-04-29,37.31,35.42
2004-04-30,37.38,36.2
2004-05-03,38.21,36.65
2004-05-04,38.98,37.04
2004-05-05,39.57,36.87
2004-05-06,39.37,37.3
2004-05-07,39.93,36.52
2004-05-10,38.93,37.53
2004-05-11,40.06,38.09
2004-05-12,40.77,38.43
2004-05-13,41.08,38.77
2004-05-14,41.38,38.98
2004-05-17,41.55,38.1
2004-05-18,40.54,39.06
2004-05-19,41.50,38.01
2004-05-20,40.80,37.39
2004-05-21,39.93,38.84
2004-05-24,41.72,38.4
2004-05-25,41.14,38.22
2004-05-26,40.70,37.36
2004-05-27,39.44,37.82
2004-05-28,39.88,40.05
2004-06-01,42.33,38.15
2004-06-02,39.96,37.71
2004-06-03,39.28,37.2
2004-06-04,38.49,37.45
2004-06-07,38.66,36.32
2004-06-08,37.28,36.83
2004-06-09,37.54,37.13
2004-06-10,38.65,36.49
2004-06-14,37.88,36.26
2004-06-15,37.42,36.39
2004-06-16,37.65,37.38
2004-06-17,38.81,37.49
2004-06-18,39.00,36.54
2004-06-21,37.77,36.97
2004-06-22,38.25,36.49
2004-06-23,37.57,36.85
2004-06-24,37.93,36.54
2004-06-25,37.55,35.66
2004-06-28,36.24,35.15
2004-06-29,35.66,36.39
2004-06-30,37.05,37.67
2004-07-01,38.74,37.31
2004-07-02,38.39,38.41
2004-07-06,39.65,37.85
2004-07-07,39.08,38.78
2004-07-08,40.33,38.32
2004-07-09,39.96,37.57
2004-07-12,39.64,37.49
2004-07-13,39.54,38.73
2004-07-14,41.15,38.57
2004-07-15,40.93,38.98
2004-07-16,41.30,38.96
2004-07-19,41.44,38.13
2004-07-20,40.44,38.35
2004-07-21,40.58,39.08
2004-07-22,41.36,39.5
2004-07-23,41.71,39.25
2004-07-26,41.44,39.48
2004-07-27,41.84,40.39
2004-07-28,42.90,40.24
2004-07-29,42.75,41.03
2004-07-30,43.80,41.18
2004-08-02,43.82,41.67
2004-08-03,44.15,40.43
2004-08-04,42.83,41.63
2004-08-05,44.41,41.41
2004-08-06,43.95,42.23
2004-08-09,44.84,41.85
2004-08-10,44.52,42.17
2004-08-11,44.80,42.76
2004-08-12,45.50,43.37
2004-08-13,46.03,43.17
2004-08-16,45.69,43.6
2004-08-17,46.26,43.7
2004-08-18,46.35,44.89
2004-08-19,47.64,44.07
2004-08-20,46.72,43.61
2004-08-23,46.05,42.96
2004-08-24,45.21,41.42
2004-08-25,43.47,41.07
2004-08-26,43.10,41.43
2004-08-27,43.18,40.64
2004-08-30,42.28,40.69
2004-08-31,42.12,42.43
2004-09-01,44.00,42.48
2004-09-02,44.06,42.43
2004-09-03,43.99,41.9
2004-09-07,43.31,41.45
2004-09-08,42.77,42.89
2004-09-09,44.61,41.22
2004-09-10,42.81,41.98
2004-09-13,43.87,42.42
2004-09-14,44.39,41.7
2004-09-15,43.58,42.13
2004-09-16,43.88,43.33
2004-09-17,45.59,43.82
2004-09-20,46.35,44.33
2004-09-21,47.10,45
2004-09-22,48.35,45.16
2004-09-23,48.46,45.53
2004-09-24,48.88,46.3
2004-09-27,49.64,46.51
2004-09-28,49.90,46.43
2004-09-29,49.51,46.64
2004-09-30,49.64,47.12
2004-10-01,50.12,47.03
2004-10-04,49.91,48.02
2004-10-05,51.09,48.82
2004-10-06,52.02,49.49
2004-10-07,52.67,50.26
2004-10-08,53.31,50.73
2004-10-11,53.64,49.74
2004-10-12,52.51,50.64
2004-10-13,53.64,51.34
2004-10-14,54.76,51.29
2004-10-15,54.93,50.38
2004-10-18,53.67,50.28
2004-10-19,53.29,51.9
2004-10-20,54.92,51.3
2004-10-21,54.47,51.74
2004-10-22,55.17,51.41
2004-10-25,54.54,52.17
2004-10-26,55.17,50.18
2004-10-27,52.46,48.97
2004-10-28,50.92,49.83
2004-10-29,51.76,48.36
2004-11-01,50.13,47.97
2004-11-02,49.62,49.05
2004-11-03,50.88,47.37
2004-11-04,48.82,48.22
2004-11-05,49.61,47.89
2004-11-08,49.09,46.62
2004-11-09,47.37,47.75
2004-11-10,48.86,46.6
2004-11-11,47.42,46.45
2004-11-12,47.32,46.24
2004-11-15,46.87,45.52
2004-11-16,46.11,46.42
2004-11-17,46.84,45.63
2004-11-18,46.22,47.74
2004-11-19,48.44,47.19
2004-11-22,48.64,47.79
2004-11-23,48.94,48.06
2004-11-24,49.44,#N/A
2004-11-29,49.76,48.47
2004-11-30,49.13,48.09
2004-12-01,45.49,44.99
2004-12-02,43.25,43.03
2004-12-03,42.54,42.33
2004-12-06,42.98,42.78
2004-12-07,41.46,41.56
2004-12-08,41.94,42.05
2004-12-09,42.53,42.67
2004-12-10,40.71,41.29
2004-12-13,41.01,41.82
2004-12-14,41.82,42.18
2004-12-15,44.19,44.11
2004-12-16,44.18,43.9
2004-12-17,46.28,45.62
2004-12-20,45.64,44.83
2004-12-21,45.76,44.43
2004-12-22,44.24,43.18
2004-12-23,44.18,43.16
2004-12-27,41.32,40.98
2004-12-28,41.77,41.4
2004-12-29,43.64,43.01
2004-12-30,43.45,42.79
2005-01-03,42.12,41.77
2005-01-04,43.91,43.29
2005-01-05,43.39,42.73
2005-01-06,45.56,44.6
2005-01-07,45.43,44.37
2005-01-10,45.33,44.2
2005-01-11,45.68,44.51
2005-01-12,46.37,45.05
2005-01-13,48.04,46.52
2005-01-14,48.38,46.92
2005-01-18,48.38,47.12
2005-01-19,47.55,46.63
2005-01-20,46.91,46.28
2005-01-21,48.53,47.26
2005-01-24,48.81,47.66
2005-01-25,49.64,48.63
2005-01-26,48.78,48.04
2005-01-27,48.84,48.1
2005-01-28,47.18,46.84
2005-01-31,48.20,47.76
2005-02-01,47.12,47.21
2005-02-02,46.69,46.79
2005-02-03,46.45,46.64
2005-02-04,46.48,46.69
2005-02-07,45.28,45.95
2005-02-08,45.40,46.08
2005-02-09,45.46,46.01
2005-02-10,47.10,47.27
2005-02-11,47.16,47.32
2005-02-14,47.44,47.52
2005-02-15,47.26,47.33
2005-02-16,48.33,48.35
2005-02-17,47.54,48.02
2005-02-18,48.35,48.82
2005-02-22,51.15,50.93
2005-02-23,51.17,50.41
2005-02-24,51.39,50.82
2005-02-25,51.49,51.06
2005-02-28,51.75,51.61
2005-03-01,51.68,51.78
2005-03-02,53.05,52.86
2005-03-03,53.57,53.14
2005-03-04,53.78,53.28
2005-03-07,53.89,53.73
2005-03-08,54.59,54.43
2005-03-09,54.77,54.58
2005-03-10,53.54,53.89
2005-03-11,54.43,54.75
2005-03-14,54.95,55.43
2005-03-15,55.05,55.64
2005-03-16,56.46,57.2
2005-03-17,56.40,57.46
2005-03-18,56.72,58.22
2005-03-21,56.62,58.52
2005-03-22,56.03,57.55
2005-03-23,53.81,55.86
2005-03-24,54.84,56.32
2005-03-28,54.05,55.18
2005-03-29,54.23,55.04
2005-03-30,53.99,55.32
2005-03-31,55.40,56.99
2005-04-01,57.27,59.02
2005-04-04,57.01,59.15
2005-04-05,56.04,58.2
2005-04-06,55.85,57.92
2005-04-07,54.11,56.37
2005-04-08,53.32,55.79
2005-04-11,53.71,56.25
2005-04-12,51.86,54.81
2005-04-13,50.22,53.66
2005-04-14,51.13,54.08
2005-04-15,50.49,53.47
2005-04-18,50.37,52.71
2005-04-19,52.29,54.82
2005-04-20,52.44,55.71
2005-04-21,54.20,56.22
2005-04-22,55.39,57.13
2005-04-25,54.57,56.68
2005-04-26,54.20,56.55
2005-04-27,51.61,54.55
2005-04-28,51.77,54.82
2005-04-29,49.72,53.25
2005-05-02,50.92,54.39
2005-05-03,49.50,53.04
2005-05-04,50.13,53.63
2005-05-05,50.83,53.86
2005-05-06,50.96,53.71
2005-05-09,52.03,53.84
2005-05-10,52.07,54.05
2005-05-11,50.45,52.87
2005-05-12,48.54,51.76
2005-05-13,48.67,51.91
2005-05-16,48.61,51.61
2005-05-17,48.97,51.92
2005-05-18,47.25,50.99
2005-05-19,46.92,50.89
2005-05-20,46.80,51.17
2005-05-23,49.16,51.7
2005-05-24,49.67,51.82
2005-05-25,50.98,52.74
2005-05-26,51.01,52.86
2005-05-27,51.85,53.21
2005-05-31,51.97,53.51
2005-06-01,54.60,56.24
2005-06-02,53.63,55.68
2005-06-03,55.03,57.22
2005-06-06,54.49,57.35
2005-06-07,53.76,56.9
2005-06-08,52.54,56.02
2005-06-09,54.28,57.58
2005-06-10,53.54,56.63
2005-06-13,55.62,58.81
2005-06-14,55.00,58
2005-06-15,55.57,58.1
2005-06-16,56.58,59
2005-06-17,58.47,60.43
2005-06-20,59.37,61.05
2005-06-21,58.90,60.21
2005-06-22,58.09,59.43
2005-06-23,59.42,60.73
2005-06-24,59.84,61.15
2005-06-27,60.54,62.07
2005-06-28,58.20,60.3
2005-06-29,57.26,59.71
2005-06-30,56.50,59.29
2005-07-01,58.75,61.11
2005-07-05,59.59,62.47
2005-07-06,61.28,63.63
2005-07-07,60.73,63.16
2005-07-08,59.63,62.12
2005-07-11,58.92,61.88
2005-07-12,60.62,63.01
2005-07-13,60.01,62.31
2005-07-14,57.80,60.14
2005-07-15,58.09,60.51
2005-07-18,57.32,59.98
2005-07-19,57.46,60.24
2005-07-20,56.72,59.68
2005-07-21,57.13,59.16
2005-07-22,58.65,60.53
2005-07-25,59.00,61.01
2005-07-26,59.20,61.38
2005-07-27,59.11,61.7
2005-07-28,59.94,62.77
2005-07-29,60.57,63.44
2005-08-01,61.57,64.54
2005-08-02,61.89,64.76
2005-08-03,60.86,63.8
2005-08-04,61.38,64.17
2005-08-05,62.31,64.98
2005-08-08,63.94,66.26
2005-08-09,63.07,65.71
2005-08-10,64.90,67.48
2005-08-11,65.80,67.77
2005-08-12,66.86,67.69
2005-08-15,66.27,68.03
2005-08-16,66.08,67.87
2005-08-17,63.25,65.34
2005-08-18,63.27,65.31
2005-08-19,65.35,67.04
2005-08-22,65.45,67.01
2005-08-23,65.71,67.43
2005-08-24,67.32,69.2
2005-08-25,67.49,69.44
2005-08-26,66.13,68.16
2005-08-29,67.20,68.78
2005-08-30,69.81,70.11
2005-08-31,68.94,69.89
2005-09-01,69.47,70.59
2005-09-02,67.57,69.14
2005-09-06,65.96,68.29
2005-09-07,64.37,66.82
2005-09-08,64.49,67.03
2005-09-09,64.08,66.45
2005-09-12,63.34,65.66
2005-09-13,63.11,65.41
2005-09-14,65.09,67.22
2005-09-15,64.75,66.8
2005-09-16,63.00,65.03
2005-09-19,67.39,68.35
2005-09-20,66.23,67.12
2005-09-21,66.80,67.47
2005-09-22,66.50,67.55
2005-09-23,64.19,65.82
2005-09-26,65.82,67.2
2005-09-27,65.07,66.62
2005-09-28,66.35,67.43
2005-09-29,66.79,66.89
2005-09-30,66.24,67.14
2005-10-03,65.47,66.24
2005-10-04,63.90,64.95
2005-10-05,62.79,64.07
2005-10-06,61.36,62.29
2005-10-07,61.84,62.95
2005-10-10,61.80,62.93
2005-10-11,63.53,64.29
2005-10-12,64.12,64.48
2005-10-13,63.08,63.59
2005-10-14,62.63,62.53
2005-10-17,64.36,63.46
2005-10-18,63.20,61.98
2005-10-19,62.41,61.14
2005-10-20,61.03,60.15
2005-10-21,60.63,61.26
2005-10-24,60.32,61.07
2005-10-25,62.44,63.42
2005-10-26,60.66,62
2005-10-27,61.09,62.22
2005-10-28,61.22,62.16
2005-10-31,59.76,61.22
2005-11-01,59.85,61.47
2005-11-02,59.75,61.52
2005-11-03,61.78,63.44
2005-11-04,60.58,62.33
2005-11-07,59.47,61.54
2005-11-08,59.71,61.75
2005-11-09,58.93,60.78
2005-11-10,57.80,59.89
2005-11-11,57.53,59.59
2005-11-14,57.69,59.54
2005-11-15,56.98,58.81
2005-11-16,57.88,59.61
2005-11-17,56.34,58.56
2005-11-18,56.14,58.97
2005-11-21,57.70,59.68
2005-11-22,58.84,60.42
2005-11-23,58.71,60.2
2005-11-28,57.36,59.11
2005-11-29,56.50,58.51
2005-11-30,57.32,59.48
2005-12-01,58.47,60.58
2005-12-02,59.32,61.51
2005-12-05,59.91,62.24
2005-12-06,59.94,62.2
2005-12-07,59.21,61.7
2005-12-08,60.66,63.28
2005-12-09,59.39,62
2005-12-12,61.30,63.72
2005-12-13,61.37,63.69
2005-12-14,60.85,63.41
2005-12-15,59.99,62.81
2005-12-16,58.06,60.86
2005-12-19,57.34,59.88
2005-12-20,57.98,59.85
2005-12-21,58.56,60.54
2005-12-22,58.28,60.25
2005-12-23,58.43,60.37
2005-12-27,58.16,60.04
2005-12-28,59.82,61.68
2005-12-29,60.32,62.28
2005-12-30,61.04,63.25
2006-01-03,63.14,65.38
2006-01-04,63.42,65.49
2006-01-05,62.79,64.81
2006-01-06,64.21,66.14
2006-01-09,63.50,65.7
2006-01-10,63.37,65.67
2006-01-11,63.94,65.86
2006-01-12,63.94,65.88
2006-01-13,63.92,66.1
2006-01-17,66.31,68.25
2006-01-18,65.73,67.56
2006-01-19,66.83,68.51
2006-01-20,68.35,69.74
2006-01-23,68.10,69.69
2006-01-24,67.06,68.81
2006-01-25,65.85,67.75
2006-01-26,66.26,68.3
2006-01-27,67.76,69.82
2006-01-30,68.35,70.46
2006-01-31,67.92,70.24
2006-02-01,66.56,69.06
2006-02-02,64.68,67.42
2006-02-03,65.37,68.24
2006-02-06,65.11,68.18
2006-02-07,63.09,66.57
2006-02-08,62.55,65.86
2006-02-09,62.62,65.88
2006-02-10,61.84,65.34
2006-02-13,61.24,64.86
2006-02-14,59.57,63.68
2006-02-15,57.65,62.24
2006-02-16,58.46,63.11
2006-02-17,59.88,64.24
2006-02-21,61.10,65.55
2006-02-22,61.01,64.74
2006-02-23,60.54,64.89
2006-02-24,62.91,66.63
2006-02-27,61.00,65.16
2006-02-28,61.41,65.89
2006-03-01,61.97,66.49
2006-03-02,63.36,67.84
2006-03-03,63.67,68
2006-03-06,62.41,66.58
2006-03-07,61.58,65.55
2006-03-08,60.02,64.32
2006-03-09,60.47,65.05
2006-03-10,59.96,64.43
2006-03-13,61.77,66.14
2006-03-14,63.10,67.51
2006-03-15,62.17,66.01
2006-03-16,63.58,67.27
2006-03-17,62.77,66.32
2006-03-20,60.42,64.57
2006-03-21,60.57,65.3
2006-03-22,61.77,64.99
2006-03-23,63.91,66.58
2006-03-24,64.26,66.69
2006-03-27,64.16,66.73
2006-03-28,66.07,68.29
2006-03-29,66.45,68.81
2006-03-30,67.15,69.71
2006-03-31,66.63,69.47
2006-04-03,66.74,69.56
2006-04-04,66.23,69.4
2006-04-05,67.07,69.98
2006-04-06,67.94,70.42
2006-04-07,67.39,70.26
2006-04-10,68.74,71.74
2006-04-11,68.98,72.12
2006-04-12,68.62,72.01
2006-04-13,69.32,72.76
2006-04-17,70.40,73.82
2006-04-18,71.35,74.84
2006-04-19,72.17,75.9
2006-04-20,71.95,75.48
2006-04-21,75.17,77.13
2006-04-24,73.33,75.99
2006-04-25,72.88,76.27
2006-04-26,71.93,75.32
2006-04-27,70.97,74.39
2006-04-28,71.88,75.3
2006-05-01,73.70,76.9
2006-05-02,74.61,77.58
2006-05-03,72.28,75.79
2006-05-04,69.94,73.84
2006-05-05,70.19,74.27
2006-05-08,69.77,73.84
2006-05-09,70.69,74.81
2006-05-10,72.13,76.11
2006-05-11,73.32,76.92
2006-05-12,72.04,75.55
2006-05-15,69.41,73.01
2006-05-16,69.53,72.92
2006-05-17,68.69,72.18
2006-05-18,69.45,73
2006-05-19,68.53,71.98
2006-05-22,69.23,72.47
2006-05-23,71.76,74.33
2006-05-24,69.86,72.38
2006-05-25,71.32,73.77
2006-05-26,71.37,73.83
2006-05-30,72.03,74.4
2006-05-31,71.29,74.02
2006-06-01,70.34,73.08
2006-06-02,72.33,74.85
2006-06-05,72.60,75.34
2006-06-06,72.50,75.24
2006-06-07,70.82,73.94
2006-06-08,70.35,73.71
2006-06-09,71.63,74.71
2006-06-12,70.36,73.43
2006-06-13,68.56,71.51
2006-06-14,69.14,71.68
2006-06-15,69.50,71.83
2006-06-16,69.88,72.23
2006-06-19,68.98,71.7
2006-06-20,68.94,71.35
2006-06-21,70.33,72.59
2006-06-22,70.84,73.38
2006-06-23,70.87,73.5
2006-06-26,71.80,74.5
2006-06-27,71.92,74.51
2006-06-28,72.19,74.87
2006-06-29,73.52,76.02
2006-06-30,73.93,76.34
2006-07-03,73.93,76.34
2006-07-05,75.19,77.8
2006-07-06,75.14,77.85
2006-07-07,74.09,77.09
2006-07-10,73.61,76.57
2006-07-11,74.16,76.99
2006-07-12,74.95,77.74
2006-07-13,76.70,79.84
2006-07-14,77.03,80.2
2006-07-17,75.30,78.79
2006-07-18,73.54,77.44
2006-07-19,72.66,77.16
2006-07-20,73.08,76.56
2006-07-21,74.43,76.97
2006-07-24,75.05,77.66
2006-07-25,73.75,76.48
2006-07-26,73.94,76.93
2006-07-27,74.54,77.79
2006-07-28,73.24,76.55
2006-07-31,74.40,77.85
2006-08-01,74.91,78.32
2006-08-02,75.81,78.81
2006-08-03,75.46,78.78
2006-08-04,74.76,78.42
2006-08-07,76.98,80.39
2006-08-08,76.31,79.51
2006-08-09,76.35,79.25
2006-08-10,74.00,77.64
2006-08-11,74.35,78.21
2006-08-14,73.53,77.31
2006-08-15,73.05,76.69
2006-08-16,71.89,75.9
2006-08-17,70.06,74.49
2006-08-18,71.14,74.98
2006-08-21,72.45,75.99
2006-08-22,72.63,75.84
2006-08-23,71.76,75.23
2006-08-24,72.36,75.55
2006-08-25,72.51,75.58
2006-08-28,70.61,74.23
2006-08-29,69.71,73.58
2006-08-30,70.03,73.71
2006-08-31,70.26,74.08
2006-09-01,69.19,73.03
2006-09-05,68.60,72.57
2006-09-06,67.50,71.55
2006-09-07,67.32,71.41
2006-09-08,66.25,70.36
2006-09-11,65.61,69.53
2006-09-12,63.76,67.9
2006-09-13,63.97,68.08
2006-09-14,63.22,67.51
2006-09-15,63.33,67.35
2006-09-18,63.80,67.68
2006-09-19,61.66,65.63
2006-09-20,60.46,64.1
2006-09-21,61.59,65.18
2006-09-22,60.55,64.29
2006-09-25,61.45,64.87
2006-09-26,61.01,64.41
2006-09-27,62.96,66.31
2006-09-28,62.76,66.42
2006-09-29,62.91,67
2006-10-02,61.03,65.55
2006-10-03,58.68,63.54
2006-10-04,59.41,64
2006-10-05,60.03,64.46
2006-10-06,59.76,64.32
2006-10-09,59.96,64.6
2006-10-10,58.52,63.77
2006-10-11,57.59,63.2
2006-10-12,57.86,63.6
2006-10-13,58.57,64.08
2006-10-16,59.94,65.28
2006-10-17,58.93,64.61
2006-10-18,57.65,63.5
2006-10-19,58.50,64.32
2006-10-20,56.82,63.64
2006-10-23,58.81,63.88
2006-10-24,59.35,64.42
2006-10-25,61.40,66.3
2006-10-26,60.36,65.22
2006-10-27,60.75,65.91
2006-10-30,58.36,63.9
2006-10-31,58.73,64.32
2006-11-01,58.71,64.28
2006-11-02,57.88,63.35
2006-11-03,59.14,64.51
2006-11-06,60.02,65.42
2006-11-07,58.93,64.21
2006-11-08,59.83,65.06
2006-11-09,61.16,66.52
2006-11-10,59.59,65.14
2006-11-13,58.58,64.4
2006-11-14,58.28,64
2006-11-15,58.76,64.62
2006-11-16,56.26,62.85
2006-11-17,55.81,63.39
2006-11-20,58.80,63.94
2006-11-21,60.17,65
2006-11-22,59.24,64.32
2006-11-24,59.24,64.32
2006-11-27,60.32,64.99
2006-11-28,60.99,65.36
2006-11-29,62.46,66.66
2006-11-30,63.13,67.41
2006-12-01,63.43,67.99
2006-12-04,62.44,67.21
2006-12-05,62.43,66.99
2006-12-06,62.19,66.49
2006-12-07,62.49,66.09
2006-12-08,62.03,65.68
2006-12-11,61.22,65.12
2006-12-12,61.02,64.75
2006-12-13,61.37,64.84
2006-12-14,62.51,65.92
2006-12-15,63.43,66.44
2006-12-18,62.21,65.15
2006-12-19,63.15,65.83
2006-12-20,63.72,67.06
2006-12-21,62.66,66.38
2006-12-22,62.41,66.15
2006-12-26,61.10,64.97
2006-12-27,60.34,64.23
2006-12-28,60.53,64.38
2006-12-29,61.05,65.04
2007-01-02,61.05,#N/A
2007-01-03,58.32,62.18
2007-01-04,55.59,59.62
2007-01-05,56.31,60.54
2007-01-08,56.09,60.67
2007-01-09,55.64,60.19
2007-01-10,54.02,58.17
2007-01-11,51.88,55.44
2007-01-12,52.99,56.15
2007-01-16,51.21,54.16
2007-01-17,52.24,55.15
2007-01-18,50.48,54.47
2007-01-19,51.99,56.23
2007-01-22,51.13,55.65
2007-01-23,55.04,58.3
2007-01-24,55.37,58.51
2007-01-25,54.23,57.57
2007-01-26,55.42,58.63
2007-01-29,54.01,57.18
2007-01-30,56.97,59.94
2007-01-31,58.14,61.16
2007-02-01,57.30,60.41
2007-02-02,59.02,62.16
2007-02-05,58.74,61.92
2007-02-06,58.88,61.74
2007-02-07,57.71,60.55
2007-02-08,59.71,62.63
2007-02-09,59.89,62.85
2007-02-12,57.81,60.99
2007-02-13,59.06,62.21
2007-02-14,58.00,60.79
2007-02-15,57.99,60.65
2007-02-16,59.39,61.97
2007-02-20,58.07,61.24
2007-02-21,60.07,62.96
2007-02-22,60.95,64.44
2007-02-23,61.14,65.16
2007-02-26,61.39,65.28
2007-02-27,61.46,65.33
2007-02-28,61.79,65.8
2007-03-01,62.00,65.86
2007-03-02,61.64,65.29
2007-03-05,60.07,63.91
2007-03-06,60.69,64.74
2007-03-07,61.82,65.87
2007-03-08,61.64,65.92
2007-03-09,60.05,64.67
2007-03-12,58.91,63.88
2007-03-13,57.93,63.58
2007-03-14,58.16,63.86
2007-03-15,57.55,63.35
2007-03-16,57.11,63.12
2007-03-19,56.59,63.26
2007-03-20,56.73,62.84
2007-03-21,59.61,63.86
2007-03-22,61.69,65.59
2007-03-23,62.28,65.95
2007-03-26,62.91,67.22
2007-03-27,62.93,67.49
2007-03-28,64.08,68.35
2007-03-29,66.03,69.32
2007-03-30,65.87,69.35
2007-04-02,65.94,69.65
2007-04-03,64.64,68.96
2007-04-04,64.38,69.45
2007-04-05,64.28,69.68
2007-04-09,61.51,68.35
2007-04-10,61.89,69
2007-04-11,62.01,68.75
2007-04-12,63.85,69.84
2007-04-13,63.63,69.81
2007-04-16,63.61,68.6
2007-04-17,63.10,67.47
2007-04-18,63.13,67.52
2007-04-19,61.83,66.94
2007-04-20,63.38,67.48
2007-04-23,65.89,69.49
2007-04-24,64.58,68.32
2007-04-25,65.84,69.7
2007-04-26,65.06,68.97
2007-04-27,66.46,70.28
2007-04-30,65.71,69.74
2007-05-01,64.40,69.01
2007-05-02,63.68,68.42
2007-05-03,63.19,68.16
2007-05-04,61.93,67.4
2007-05-07,61.47,66.75
2007-05-08,62.26,67.15
2007-05-09,61.55,66.5
2007-05-10,61.81,66.82
2007-05-11,62.37,67.38
2007-05-14,62.46,67.06
2007-05-15,63.17,67.81
2007-05-16,62.55,67.39
2007-05-17,64.86,69.04
2007-05-18,64.94,68.96
2007-05-21,66.27,69.83
2007-05-22,64.97,68.53
2007-05-23,65.77,69.56
2007-05-24,64.18,68.66
2007-05-25,65.20,69.26
2007-05-29,63.15,67.25
2007-05-30,63.49,67.36
2007-05-31,64.01,67.57
2007-06-01,65.08,68.65
2007-06-04,66.21,69.72
2007-06-05,65.61,69.34
2007-06-06,65.96,69.52
2007-06-07,66.93,70.11
2007-06-08,64.76,67.98
2007-06-11,65.97,69.18
2007-06-12,65.35,68.75
2007-06-13,66.26,69.57
2007-06-14,67.65,70.42
2007-06-15,68.00,70.86
2007-06-18,69.09,71.61
2007-06-19,69.10,71.49
2007-06-20,68.19,70.8
2007-06-21,68.65,70.76
2007-06-22,69.14,71.54
2007-06-25,69.18,71.59
2007-06-26,67.77,69.94
2007-06-27,68.97,70.27
2007-06-28,69.57,70.4
2007-06-29,70.68,71.63
2007-07-02,71.09,72.38
2007-07-03,71.41,72.66
2007-07-05,71.81,72.76
2007-07-06,72.81,73.2
2007-07-09,72.19,73.13
2007-07-10,72.81,73.64
2007-07-11,72.56,73.3
2007-07-12,72.50,73.17
2007-07-13,73.93,73.77
2007-07-16,74.15,73.38
2007-07-17,74.02,73.02
2007-07-18,75.05,74.23
2007-07-19,75.92,74.75
2007-07-20,75.57,74.62
2007-07-23,74.89,73.9
2007-07-24,73.56,72.82
2007-07-25,75.88,74.28
2007-07-26,74.95,73.12
2007-07-27,77.02,74.24
2007-07-30,76.83,73.71
2007-07-31,78.21,74.88
2007-08-01,76.53,74.41
2007-08-02,76.86,74.77
2007-08-03,75.48,74.1
2007-08-06,72.06,71.1
2007-08-07,72.42,71.48
2007-08-08,72.15,70.93
2007-08-09,71.59,70.53
2007-08-10,71.47,70.3
2007-08-13,71.62,69.87
2007-08-14,72.38,70.27
2007-08-15,73.33,71.48
2007-08-16,71.00,69.5
2007-08-17,71.98,70.24
2007-08-20,71.12,69.67
2007-08-21,69.47,68.55
2007-08-22,69.26,68.18
2007-08-23,69.83,68.69
2007-08-24,71.09,69.57
2007-08-27,71.97,70.08
2007-08-28,71.73,69.67
2007-08-29,73.51,70.69
2007-08-30,73.36,70.35
2007-08-31,74.04,71
2007-09-04,75.08,71.82
2007-09-05,75.73,71.6
2007-09-06,76.30,72.24
2007-09-07,76.70,72.72
2007-09-10,77.49,73.17
2007-09-11,78.23,73.91
2007-09-12,79.91,75.28
2007-09-13,80.09,75.49
2007-09-14,79.10,75.32
2007-09-17,80.57,76.1
2007-09-18,81.51,76.73
2007-09-19,81.93,77.58
2007-09-20,83.32,78.6
2007-09-21,81.62,78.56
2007-09-24,80.95,78.46
2007-09-25,79.53,76.88
2007-09-26,80.30,76.57
2007-09-27,82.88,78.47
2007-09-28,81.66,77.82
2007-10-01,80.24,76.86
2007-10-02,80.05,76.45
2007-10-03,79.94,76.33
2007-10-04,81.44,78.08
2007-10-05,81.22,78.42
2007-10-08,79.02,76.57
2007-10-09,80.26,77.5
2007-10-10,81.30,78.51
2007-10-11,83.08,79.69
2007-10-12,83.69,80.01
2007-10-15,86.13,82.05
2007-10-16,87.61,83.08
2007-10-17,87.40,82.47
2007-10-18,89.47,84.05
2007-10-19,88.60,83.42
2007-10-22,87.56,83.01
2007-10-23,85.27,81.93
2007-10-24,87.10,83.39
2007-10-25,90.46,85.81
2007-10-26,91.86,87.13
2007-10-29,93.53,89.3
2007-10-30,90.38,86.59
2007-10-31,94.53,89.56
2007-11-01,93.49,88.8
2007-11-02,95.93,90.93
2007-11-05,93.98,89.68
2007-11-06,96.70,92.22
2007-11-07,96.37,92.47
2007-11-08,95.46,91.83
2007-11-09,96.32,92.24
2007-11-12,94.62,90.47
2007-11-13,91.17,87.5
2007-11-14,94.09,89.4
2007-11-15,93.43,88.62
2007-11-16,95.10,90.08
2007-11-19,94.64,90.3
2007-11-20,98.03,93.3
2007-11-21,97.29,92.67
2007-11-23,98.18,93.53
2007-11-26,97.70,93.13
2007-11-27,94.42,90.57
2007-11-28,90.62,87.79
2007-11-29,91.01,88.32
2007-11-30,88.71,86.71
2007-12-03,89.31,87.76
2007-12-04,88.32,87.19
2007-12-05,87.49,86.38
2007-12-06,90.23,88.62
2007-12-07,88.28,87.17
2007-12-10,87.86,86.96
2007-12-11,90.02,88.85
2007-12-12,94.39,92.69
2007-12-13,92.25,91.22
2007-12-14,91.27,90.82
2007-12-17,90.63,90.57
2007-12-18,90.49,89.46
2007-12-19,91.24,90.06
2007-12-20,91.06,89.82
2007-12-21,93.31,91.15
2007-12-24,94.13,91.61
2007-12-26,95.97,92.8
2007-12-27,96.62,93.73
2007-12-28,96.00,93.31
2007-12-31,95.98,93.45
2008-01-02,99.62,96.8
2008-01-03,99.18,96.85
2008-01-04,97.91,96
2008-01-07,95.09,93.38
2008-01-08,96.33,94.3
2008-01-09,95.67,93.12
2008-01-10,93.71,91.35
2008-01-11,92.69,90.58
2008-01-14,94.20,92.09
2008-01-15,91.90,90.41
2008-01-16,90.84,89.09
2008-01-17,90.13,88.3
2008-01-18,90.57,88.53
2008-01-22,89.85,87.77
2008-01-23,86.99,85.42
2008-01-24,89.41,87.54
2008-01-25,90.71,89.38
2008-01-28,90.99,89.92
2008-01-29,91.64,90.38
2008-01-30,92.33,91.1
2008-01-31,91.75,90.89
2008-02-01,88.96,88.5
2008-02-04,90.02,89.5
2008-02-05,88.41,87.87
2008-02-06,87.14,86.82
2008-02-07,88.11,87.85
2008-02-08,91.77,90.97
2008-02-11,93.59,92.61
2008-02-12,92.78,92.03
2008-02-13,93.27,92.57
2008-02-14,95.46,94.65
2008-02-15,95.50,94.27
2008-02-19,100.01,98.14
2008-02-20,100.74,98.12
2008-02-21,98.23,96.44
2008-02-22,98.81,96.93
2008-02-25,99.23,97.48
2008-02-26,100.88,99.25
2008-02-27,99.64,98.26
2008-02-28,102.59,101.02
2008-02-29,101.84,100.14
2008-03-03,102.45,100.69
2008-03-04,99.52,97.53
2008-03-05,104.52,101.51
2008-03-06,105.47,102.12
2008-03-07,105.15,101.29
2008-03-10,107.90,102.68
2008-03-11,108.75,103.41
2008-03-12,109.92,104.55
2008-03-13,110.33,105.44
2008-03-14,110.21,105.06
2008-03-17,105.68,100.77
2008-03-18,109.42,105.09
2008-03-19,104.48,99.57
2008-03-20,101.84,98.77
2008-03-24,100.86,98.37
2008-03-25,101.22,99.32
2008-03-26,105.90,102.68
2008-03-27,107.58,103.66
2008-03-28,105.62,102.35
2008-03-31,101.58,99.21
2008-04-01,100.98,98.63
2008-04-02,104.83,102.23
2008-04-03,103.83,100.9
2008-04-04,106.23,103.5
2008-04-07,109.09,106.03
2008-04-08,108.50,105.25
2008-04-09,110.87,107.2
2008-04-10,110.11,106.99
2008-04-11,110.14,107.39
2008-04-14,111.76,108.46
2008-04-15,113.79,110.46
2008-04-16,114.93,111.83
2008-04-17,114.86,111.93
2008-04-18,116.69,113.39
2008-04-21,117.48,113.79
2008-04-22,119.37,115.28
2008-04-23,118.30,115.24
2008-04-24,116.06,112.78
2008-04-25,118.52,114.59
2008-04-28,118.75,115.02
2008-04-29,115.63,112.27
2008-04-30,113.46,110.24
2008-05-01,112.52,109.49
2008-05-02,116.32,113.58
2008-05-05,119.97,117.22
2008-05-06,121.84,119.16
2008-05-07,123.53,121.28
2008-05-08,123.69,122.04
2008-05-09,125.96,124.83
2008-05-12,124.23,123.08
2008-05-13,125.80,124.41
2008-05-14,124.22,123.62
2008-05-15,124.12,123.22
2008-05-16,126.29,125.54
2008-05-19,127.05,126.51
2008-05-20,129.07,129.76
2008-05-21,133.17,134.27
2008-05-22,130.81,130.54
2008-05-23,132.19,131.36
2008-05-27,128.85,128.67
2008-05-28,131.03,129.96
2008-05-29,126.62,126.34
2008-05-30,127.35,126.91
2008-06-02,127.76,127.82
2008-06-03,124.31,124.9
2008-06-04,122.30,122.95
2008-06-05,127.79,128.1
2008-06-06,138.54,137.88
2008-06-09,134.35,134.43
2008-06-10,131.31,132.07
2008-06-11,136.38,137.43
2008-06-12,136.74,137.91
2008-06-13,134.86,136.06
2008-06-16,134.61,136.6
2008-06-17,134.01,135.7
2008-06-18,136.68,137.78
2008-06-19,131.93,133.5
2008-06-20,134.62,135.66
2008-06-23,136.74,137.1
2008-06-24,137.00,137.7
2008-06-25,134.55,135.62
2008-06-26,139.64,140.59
2008-06-27,140.21,141.33
2008-06-30,140.00,141.56
2008-07-01,140.97,142.59
2008-07-02,143.57,145.12
2008-07-03,145.29,146.68
2008-07-07,141.37,143.28
2008-07-08,136.04,138.39
2008-07-09,136.05,138.32
2008-07-10,141.65,143.67
2008-07-11,145.08,146.47
2008-07-14,145.18,146.85
2008-07-15,138.74,140.85
2008-07-16,134.60,137.02
2008-07-17,129.29,131.83
2008-07-18,128.88,131.05
2008-07-21,131.04,133.33
2008-07-22,127.95,130.24
2008-07-23,124.44,126.44
2008-07-24,125.49,126.91
2008-07-25,123.26,125.03
2008-07-28,124.73,126.47
2008-07-29,122.19,123.97
2008-07-30,126.77,128.06
2008-07-31,124.08,125.51
2008-08-01,125.10,126.66
2008-08-04,121.41,122.74
2008-08-05,119.17,119.93
2008-08-06,118.58,119.05
2008-08-07,120.02,119.8
2008-08-08,115.20,116.42
2008-08-11,114.45,115.73
2008-08-12,113.01,114.21
2008-08-13,116.00,116.89
2008-08-14,115.01,116.11
2008-08-15,113.77,115.4
2008-08-18,112.87,114.21
2008-08-19,114.53,115.78
2008-08-20,114.98,117.19
2008-08-21,121.18,123.4
2008-08-22,114.59,116.83
2008-08-25,115.11,117.54
2008-08-26,116.27,118.08
2008-08-27,118.15,119.52
2008-08-28,115.59,117.38
2008-08-29,115.46,117.13
2008-09-02,109.71,112.59
2008-09-03,109.35,111.88
2008-09-04,107.89,110.38
2008-09-05,106.23,108.52
2008-09-08,106.34,108.28
2008-09-09,103.26,104.96
2008-09-10,102.58,104
2008-09-11,100.87,102.3
2008-09-12,101.18,102.75
2008-09-15,95.71,97.19
2008-09-16,91.15,91.97
2008-09-17,97.16,97.22
2008-09-18,97.88,98.08
2008-09-19,104.55,102.85
2008-09-22,120.92,108.98
2008-09-23,106.61,105.25
2008-09-24,105.73,105.12
2008-09-25,108.02,107.48
2008-09-26,106.89,106.66
2008-09-29,96.37,97.32
2008-09-30,100.64,101.4
2008-10-01,98.53,98.68
2008-10-02,93.97,93.93
2008-10-03,93.88,93.28
2008-10-06,87.81,87.14
2008-10-07,90.06,88.76
2008-10-08,88.95,88.91
2008-10-09,86.59,87.78
2008-10-10,77.70,79.77
2008-10-13,81.19,83.21
2008-10-14,78.63,80.64
2008-10-15,74.54,76.67
2008-10-16,69.85,72.1
2008-10-17,71.85,73.86
2008-10-20,74.25,75.99
2008-10-21,70.89,74.13
2008-10-22,66.75,69.11
2008-10-23,67.84,70.16
2008-10-24,64.15,66.54
2008-10-27,63.22,65.81
2008-10-28,62.73,65.22
2008-10-29,67.50,70.12
2008-10-30,65.96,69.23
2008-10-31,67.81,71.18
2008-11-03,63.91,67.43
2008-11-04,70.53,74.46
2008-11-05,65.30,69.59
2008-11-06,60.77,65.24
2008-11-07,61.04,65.61
2008-11-10,62.41,66.79
2008-11-11,59.33,63.84
2008-11-12,56.16,60.62
2008-11-13,58.24,62.83
2008-11-14,57.04,61.19
2008-11-17,54.95,58.99
2008-11-18,54.39,58.17
2008-11-19,53.62,57.77
2008-11-20,49.62,53.44
2008-11-21,49.93,55.05
2008-11-24,54.50,59.59
2008-11-25,50.77,56.43
2008-11-26,54.44,60.12
2008-11-28,54.43,60.28
2008-12-01,49.28,55.51
2008-12-02,46.96,53.54
2008-12-03,46.79,53.95
2008-12-04,43.67,51.2
2008-12-05,40.81,48.84
2008-12-08,43.71,52.78
2008-12-09,42.07,50.98
2008-12-10,43.52,51.52
2008-12-11,47.98,56.34
2008-12-12,46.28,55.15
2008-12-15,44.51,53.83
2008-12-16,43.60,53.1
2008-12-17,40.06,51.86
2008-12-18,36.22,49.52
2008-12-19,33.87,50.05
2008-12-22,39.91,48.48
2008-12-23,38.98,47.56
2008-12-24,35.35,43.97
2008-12-26,37.71,46.33
2008-12-29,40.02,48.66
2008-12-30,39.03,48.91
2008-12-31,44.60,54.31
2009-01-02,46.34,55.8
2009-01-05,48.81,58.19
2009-01-06,48.58,58.82
2009-01-07,42.63,54.41
2009-01-08,41.70,54.09
2009-01-09,40.83,54.13
2009-01-12,37.59,52.33
2009-01-13,37.78,53.94
2009-01-14,37.28,53.83
2009-01-15,35.40,53.8
2009-01-16,36.51,52.79
2009-01-20,38.74,49.64
2009-01-21,43.55,50.59
2009-01-22,43.67,50.85
2009-01-23,46.47,53.81
2009-01-26,45.73,52.66
2009-01-27,41.58,50.71
2009-01-28,42.16,52.18
2009-01-29,41.44,52.47
2009-01-30,41.68,52.07
2009-02-02,40.08,49.78
2009-02-03,40.78,49.82
2009-02-04,40.32,50.5
2009-02-05,41.17,52.24
2009-02-06,40.17,52.63
2009-02-09,39.56,52.48
2009-02-10,37.55,50.75
2009-02-11,35.94,50.43
2009-02-12,33.98,50.53
2009-02-13,37.51,49.28
2009-02-17,34.93,45.52
2009-02-18,34.62,43.53
2009-02-19,39.48,46.39
2009-02-20,38.94,45.73
2009-02-23,38.44,46.08
2009-02-24,39.96,47.25
2009-02-25,42.50,48.54
2009-02-26,45.22,51.25
2009-02-27,44.76,50.57
2009-03-02,40.15,46.49
2009-03-03,41.65,47.71
2009-03-04,45.38,50.4
2009-03-05,43.61,49.28
2009-03-06,45.52,50.88
2009-03-09,47.07,50.5
2009-03-10,45.71,50.4
2009-03-11,42.33,48.02
2009-03-12,47.03,51.51
2009-03-13,46.25,50.63
2009-03-16,47.35,51.38
2009-03-17,49.16,53.81
2009-03-18,48.14,53.66
2009-03-19,51.61,56.83
2009-03-20,52.07,58.12
2009-03-23,53.80,60.27
2009-03-24,53.98,59.93
2009-03-25,52.77,58.39
2009-03-26,54.34,59.87
2009-03-27,52.38,58.52
2009-03-30,48.41,55.16
2009-03-31,49.66,55.85
2009-04-01,48.39,54.74
2009-04-02,52.64,59.2
2009-04-03,52.51,59.66
2009-04-06,51.05,58.88
2009-04-07,49.15,57.98
2009-04-08,49.38,58.18
2009-04-09,52.24,60.23
2009-04-13,50.05,58.73
2009-04-14,49.41,58.39
2009-04-15,49.25,57.6
2009-04-16,49.98,57.97
2009-04-17,50.33,58.1
2009-04-20,45.88,54.68
2009-04-21,46.51,54.55
2009-04-22,48.85,55.54
2009-04-23,49.62,55.4
2009-04-24,51.55,56.93
2009-04-27,50.14,55.71
2009-04-28,49.92,55.15
2009-04-29,50.97,56.28
2009-04-30,51.12,56.41
2009-05-01,53.20,58.68
2009-05-04,54.47,60.67
2009-05-05,53.84,59.94
2009-05-06,56.34,61.62
2009-05-07,56.71,61.74
2009-05-08,58.63,63.01
2009-05-11,58.50,62.73
2009-05-12,58.85,63.02
2009-05-13,58.02,62.31
2009-05-14,58.62,62.67
2009-05-15,56.34,60.17
2009-05-18,59.03,62.46
2009-05-19,59.65,62.99
2009-05-20,62.04,64.8
2009-05-21,61.05,64.27
2009-05-22,61.67,64.87
2009-05-26,62.45,65.23
2009-05-27,63.45,66.23
2009-05-28,65.08,68.12
2009-05-29,66.31,69.2
2009-06-01,68.58,71.52
2009-06-02,68.55,72.15
2009-06-03,66.12,70.46
2009-06-04,68.81,72.84
2009-06-05,68.44,72.72
2009-06-08,68.09,72.6
2009-06-09,70.01,73.95
2009-06-10,71.33,74.85
2009-06-11,72.68,76.12
2009-06-12,72.04,75.47
2009-06-15,70.62,74.15
2009-06-16,70.47,73.8
2009-06-17,71.03,74.5
2009-06-18,71.37,74.47
2009-06-19,69.55,72.89
2009-06-22,66.93,70.37
2009-06-23,69.24,72.28
2009-06-24,68.67,71.9
2009-06-25,70.23,73.4
2009-06-26,69.16,72.37
2009-06-29,71.49,74.51
2009-06-30,69.89,73.13
2009-07-01,69.31,72.84
2009-07-02,66.73,70.71
2009-07-06,64.05,68.07
2009-07-07,62.93,67.09
2009-07-08,60.14,64.77
2009-07-09,60.41,65.26
2009-07-10,59.89,64.52
2009-07-13,59.69,64.18
2009-07-14,59.52,64.12
2009-07-15,61.54,66.54
2009-07-16,62.02,67.36
2009-07-17,63.56,68.86
2009-07-20,63.98,69.94
2009-07-21,64.72,70.11
2009-07-22,65.40,71.54
2009-07-23,67.16,73.26
2009-07-24,68.05,74.06
2009-07-27,68.38,73.88
2009-07-28,67.23,72.98
2009-07-29,63.35,69.92
2009-07-30,66.94,73.36
2009-07-31,69.45,74.73
2009-08-03,71.58,76.53
2009-08-04,71.42,77.19
2009-08-05,71.97,77.91
2009-08-06,71.94,77.69
2009-08-07,70.93,76.44
2009-08-10,70.60,76.65
2009-08-11,69.45,75.34
2009-08-12,70.16,75.76
2009-08-13,70.52,76.16
2009-08-14,67.51,73.52
2009-08-17,66.75,72.84
2009-08-18,69.19,74.7
2009-08-19,72.42,76.92
2009-08-20,72.54,75.9
2009-08-21,73.89,77.27
2009-08-24,74.37,77.49
2009-08-25,72.05,75.32
2009-08-26,71.43,74.95
2009-08-27,72.49,75.79
2009-08-28,72.74,75.95
2009-08-31,69.96,73.18
2009-09-01,68.05,71.39
2009-09-02,68.05,71.12
2009-09-03,67.96,70.8
2009-09-04,68.02,70.66
2009-09-08,71.10,73.39
2009-09-09,71.31,73.45
2009-09-10,71.94,73.83
2009-09-11,69.29,71.65
2009-09-14,68.86,71.48
2009-09-15,70.93,73.1
2009-09-16,72.51,74.54
2009-09-17,72.47,74.87
2009-09-18,72.04,74.62
2009-09-21,69.71,71.94
2009-09-22,71.55,73.62
2009-09-23,68.97,71.76
2009-09-24,65.89,68.77
2009-09-25,66.02,68.62
2009-09-28,66.84,69.31
2009-09-29,66.71,69.22
2009-09-30,70.61,72.79
2009-10-01,70.82,73.1
2009-10-02,69.95,72.17
2009-10-05,70.41,72.24
2009-10-06,70.88,72.74
2009-10-07,69.57,71.66
2009-10-08,71.69,74.22
2009-10-09,71.77,74.4
2009-10-12,73.27,75.77
2009-10-13,74.15,76.82
2009-10-14,75.18,77.56
2009-10-15,77.58,79.98
2009-10-16,78.53,80.9
2009-10-19,79.61,81.8
2009-10-20,79.09,81.16
2009-10-21,81.37,83.87
2009-10-22,81.19,83.83
2009-10-23,80.50,83.36
2009-10-26,78.68,81.53
2009-10-27,79.55,82.21
2009-10-28,77.46,80.07
2009-10-29,79.87,82.33
2009-10-30,77.00,79.72
2009-11-02,78.13,81.17
2009-11-03,79.60,82.64
2009-11-04,80.40,83.44
2009-11-05,79.62,82.64
2009-11-06,77.43,80.54
2009-11-09,79.43,82.52
2009-11-10,79.05,82.04
2009-11-11,79.28,82.45
2009-11-12,76.94,80.46
2009-11-13,76.35,79.81
2009-11-16,78.90,82.2
2009-11-17,79.14,82.47
2009-11-18,79.58,82.91
2009-11-19,77.46,81.02
2009-11-20,76.72,80.54
2009-11-23,77.56,81.33
2009-11-24,76.02,80.28
2009-11-25,77.96,82.35
2009-11-27,76.05,80.87
2009-11-30,77.28,82.24
2009-12-01,78.37,83.31
2009-12-02,76.60,81.96
2009-12-03,76.46,82.29
2009-12-04,75.47,81.44
2009-12-07,73.93,80.4
2009-12-08,72.62,78.77
2009-12-09,70.67,76.34
2009-12-10,70.54,76.05
2009-12-11,69.87,75.99
2009-12-14,69.51,75.97
2009-12-15,70.69,76.13
2009-12-16,72.66,77.32
2009-12-17,72.65,76.75
2009-12-18,73.36,77.33
2009-12-21,72.47,76.6
2009-12-22,74.40,77.49
2009-12-23,76.67,79.51
2009-12-24,78.05,80.93
2009-12-28,78.77,81.81
2009-12-29,78.87,81.96
2009-12-30,79.28,82.31
2009-12-31,79.36,82.1
2010-01-04,81.51,84.02
2010-01-05,81.77,84.47
2010-01-06,83.18,85.8
2010-01-07,82.66,85.2
2010-01-08,82.75,85.53
2010-01-11,82.52,85.24
2010-01-12,80.79,83.4
2010-01-13,79.65,82.36
2010-01-14,79.39,82.32
2010-01-15,78.00,80.86
2010-01-19,79.02,81.53
2010-01-20,77.62,80.07
2010-01-21,76.08,78.86
2010-01-22,74.54,77.17
2010-01-25,75.26,77.98
2010-01-26,74.71,77.38
2010-01-27,73.67,76.41
2010-01-28,73.64,76.22
2010-01-29,72.89,75.58
2010-02-01,74.43,77.17
2010-02-02,77.23,79.93
2010-02-03,76.98,79.68
2010-02-04,73.14,75.83
2010-02-05,71.19,73.46
2010-02-08,71.89,74.24
2010-02-09,73.75,76.25
2010-02-10,74.52,76.74
2010-02-11,75.28,77.63
2010-02-12,74.13,76.54
2010-02-16,77.01,79.33
2010-02-17,77.33,79.57
2010-02-18,79.06,81.04
2010-02-19,79.81,81.53
2010-02-22,80.16,81.85
2010-02-23,78.86,80.84
2010-02-24,80.00,81.79
2010-02-25,78.17,79.91
2010-02-26,79.66,81.29
2010-03-01,78.70,80.47
2010-03-02,79.68,81.38
2010-03-03,80.87,82.55
2010-03-04,80.21,82.18
2010-03-05,81.50,83.49
2010-03-08,81.87,83.96
2010-03-09,81.49,83.48
2010-03-10,82.09,83.86
2010-03-11,82.11,83.89
2010-03-12,81.24,82.87
2010-03-15,79.80,81.42
2010-03-16,81.70,83.16
2010-03-17,82.93,84.36
2010-03-18,82.20,83.94
2010-03-19,80.68,82.39
2010-03-22,81.25,83.02
2010-03-23,81.91,83.44
2010-03-24,80.61,82.33
2010-03-25,80.53,82.34
2010-03-26,80.00,81.81
2010-03-29,82.17,83.7
2010-03-30,82.37,83.84
2010-03-31,83.76,85.19
2010-04-01,84.87,86.52
2010-04-05,86.62,88.4
2010-04-06,86.84,88.86
2010-04-07,85.88,88.36
2010-04-08,85.39,88.09
2010-04-09,84.92,88.2
2010-04-12,84.34,88.32
2010-04-13,84.05,87.78
2010-04-14,85.84,89.13
2010-04-15,85.51,89.86
2010-04-16,83.24,88.27
2010-04-19,81.45,86.72
2010-04-20,83.45,87.3
2010-04-21,83.68,88.57
2010-04-22,83.70,88.71
2010-04-23,85.12,90.07
2010-04-26,84.20,89.92
2010-04-27,82.44,88.97
2010-04-28,83.22,89.33
2010-04-29,85.17,90.26
2010-04-30,86.15,91.33
2010-05-03,86.19,92.7
2010-05-04,82.74,89.26
2010-05-05,79.97,86.67
2010-05-06,77.11,83.79
2010-05-07,75.11,82.61
2010-05-10,76.80,84.55
2010-05-11,76.37,84.74
2010-05-12,75.65,85.27
2010-05-13,74.40,84.28
2010-05-14,71.61,80.47
2010-05-17,70.08,77.51
2010-05-18,69.41,76.78
2010-05-19,69.87,75.97
2010-05-20,68.01,74.07
2010-05-21,70.04,74.76
2010-05-24,70.21,74.57
2010-05-25,68.75,73.04
2010-05-26,71.51,75.23
2010-05-27,74.55,78.45
2010-05-28,73.97,78.24
2010-06-01,72.58,77.15
2010-06-02,72.86,78.16
2010-06-03,74.61,79.54
2010-06-04,71.51,76.17
2010-06-07,71.44,76.35
2010-06-08,71.99,76.22
2010-06-09,74.38,78.21
2010-06-10,75.48,79.55
2010-06-11,73.78,78.64
2010-06-14,75.12,79.16
2010-06-15,76.94,80.56
2010-06-16,77.67,81.4
2010-06-17,76.79,81.25
2010-06-18,77.18,81.15
2010-06-21,77.82,81.42
2010-06-22,77.21,80.55
2010-06-23,76.35,79.22
2010-06-24,76.51,79.06
2010-06-25,78.86,81.21
2010-06-28,78.25,80.93
2010-06-29,75.94,78.46
2010-06-30,75.63,77.85
2010-07-01,72.95,75.34
2010-07-02,72.14,74.48
2010-07-06,71.98,74.7
2010-07-07,74.07,76.85
2010-07-08,75.44,78.27
2010-07-09,76.09,78.65
2010-07-12,74.95,77.48
2010-07-13,77.15,79.61
2010-07-14,77.04,79.33
2010-07-15,76.62,78.92
2010-07-16,76.01,78.37
2010-07-19,76.54,78.75
2010-07-20,77.44,79.23
2010-07-21,76.56,78.97
2010-07-22,79.30,81.35
2010-07-23,78.98,81.11
2010-07-26,78.98,81.23
2010-07-27,77.50,79.85
2010-07-28,76.99,79.63
2010-07-29,78.36,81.04
2010-07-30,78.95,81.55
2010-08-02,81.34,83.74
2010-08-03,82.55,84.93
2010-08-04,82.47,84.89
2010-08-05,82.01,84.44
2010-08-06,80.70,83.4
2010-08-09,81.48,84.23
2010-08-10,80.25,83.05
2010-08-11,78.02,80.87
2010-08-12,75.74,78.34
2010-08-13,75.39,77.97
2010-08-16,75.24,77.95
2010-08-17,75.77,79.02
2010-08-18,75.42,78.61
2010-08-19,74.43,77.35
2010-08-20,73.46,76.45
2010-08-23,73.10,76.31
2010-08-24,71.63,75.15
2010-08-25,72.52,76.06
2010-08-26,73.36,77.35
2010-08-27,75.17,79.43
2010-08-30,74.70,79.51
2010-08-31,71.92,77.68
2010-09-01,73.91,79.37
2010-09-02,75.02,79.88
2010-09-03,74.60,79.69
2010-09-07,74.09,80.29
2010-09-08,74.67,80.58
2010-09-09,74.25,79.75
2010-09-10,76.45,80.32
2010-09-13,77.19,81.02
2010-09-14,76.80,81.21
2010-09-15,76.02,80.88
2010-09-16,74.57,79.88
2010-09-17,73.66,79.74
2010-09-20,74.86,80.68
2010-09-21,73.52,79.65
2010-09-22,74.71,79.78
2010-09-23,75.18,79.74
2010-09-24,76.49,80.53
2010-09-27,76.52,80.18
2010-09-28,76.18,80.36
2010-09-29,77.86,82.14
2010-09-30,79.97,83.69
2010-10-01,81.58,85.03
2010-10-04,81.47,84.55
2010-10-05,82.82,86.02
2010-10-06,83.23,86.32
2010-10-07,81.67,84.75
2010-10-08,82.66,85.52
2010-10-11,82.21,85.45
2010-10-12,81.67,85
2010-10-13,83.01,86.01
2010-10-14,82.69,85.46
2010-10-15,81.25,84.06
2010-10-18,83.08,85.97
2010-10-19,79.49,82.53
2010-10-20,81.77,84.7
2010-10-21,80.56,83.28
2010-10-22,81.69,84.35
2010-10-25,82.52,84.96
2010-10-26,82.55,84.97
2010-10-27,81.94,84.62
2010-10-28,82.18,84.91
2010-10-29,81.43,83.99
2010-11-01,82.95,85.45
2010-11-02,83.90,86.23
2010-11-03,84.69,87.11
2010-11-04,86.49,88.75
2010-11-05,86.85,89.12
2010-11-08,87.06,89.43
2010-11-09,86.72,89.09
2010-11-10,87.81,89.67
2010-11-11,87.81,89.69
2010-11-12,84.88,86.87
2010-11-15,84.86,86.96
2010-11-16,82.34,84.73
2010-11-17,80.44,83.11
2010-11-18,81.85,84.42
2010-11-19,81.51,83.72
2010-11-22,81.74,83.75
2010-11-23,81.25,83.37
2010-11-24,83.86,85.91
2010-11-26,83.76,85.8
2010-11-29,85.73,87.6
2010-11-30,84.11,85.85
2010-12-01,86.75,88.35
2010-12-02,88.00,89.26
2010-12-03,89.19,90.13
2010-12-06,89.38,90.18
2010-12-07,88.69,90.32
2010-12-08,88.28,90.09
2010-12-09,88.37,90.08
2010-12-10,87.79,89.59
2010-12-13,88.61,90.42
2010-12-14,88.28,90.39
2010-12-15,88.62,90.95
2010-12-16,87.70,90.56
2010-12-17,88.02,90.65
2010-12-20,88.81,91.57
2010-12-21,89.82,92.24
2010-12-22,90.48,92.73
2010-12-23,91.51,93.55
2010-12-27,91.00,93.35
2010-12-28,91.49,93.78
2010-12-29,91.12,93.53
2010-12-30,89.84,92.57
2010-12-31,91.38,94.06
2011-01-03,91.55,94.45
2011-01-04,89.38,93.06
2011-01-05,90.30,94.38
2011-01-06,88.38,93.09
2011-01-07,88.03,92.07
2011-01-10,89.25,93.76
2011-01-11,91.11,95.32
2011-01-12,91.86,95.48
2011-01-13,91.40,95.06
2011-01-14,91.54,95.56
2011-01-18,91.38,95.43
2011-01-19,90.86,95.23
2011-01-20,88.86,93.65
2011-01-21,89.11,94.24
2011-01-24,87.87,93.29
2011-01-25,86.19,91.92
2011-01-26,87.33,93.85
2011-01-27,85.64,93.62
2011-01-28,89.34,96.19
2011-01-31,92.19,98.05
2011-02-01,90.77,97.91
2011-02-02,90.86,98.54
2011-02-03,90.54,98.23
2011-02-04,89.03,96.92
2011-02-07,87.48,96.46
2011-02-08,86.94,96.85
2011-02-09,86.71,97.19
2011-02-10,86.73,96.6
2011-02-11,85.58,96.05
2011-02-14,84.81,96.41
2011-02-15,84.32,94.78
2011-02-16,84.99,94.97
2011-02-17,86.36,94.54
2011-02-18,86.20,95.66
2011-02-22,93.57,98.66
2011-02-23,98.10,101.66
2011-02-24,97.28,100.67
2011-02-25,97.88,101.39
2011-02-28,96.97,100.85
2011-03-01,99.63,103.37
2011-03-02,102.23,104.9
2011-03-03,101.91,104.78
2011-03-04,104.42,106.66
2011-03-07,105.44,107.85
2011-03-08,105.02,107.04
2011-03-09,104.38,107.32
2011-03-10,102.70,105.46
2011-03-11,101.16,104.09
2011-03-14,101.19,103.97
2011-03-15,97.18,99.74
2011-03-16,97.98,100.83
2011-03-17,101.42,104.17
2011-03-18,101.07,103.49
2011-03-21,102.33,104.86
2011-03-22,104.00,106.46
2011-03-23,105.75,106.89
2011-03-24,105.60,106.95
2011-03-25,105.40,106.94
2011-03-28,103.98,105.76
2011-03-29,104.79,106.4
2011-03-30,104.27,106.21
2011-03-31,106.72,108.3
2011-04-01,107.94,109.41
2011-04-04,108.47,110.19
2011-04-05,108.34,110.33
2011-04-06,108.83,110.77
2011-04-07,110.30,111.96
2011-04-08,112.79,114.35
2011-04-11,109.92,111.88
2011-04-12,106.25,108.6
2011-04-13,107.11,109.17
2011-04-14,108.11,109.75
2011-04-15,109.66,111.18
2011-04-18,107.12,108.63
2011-04-19,108.15,109.17
2011-04-20,111.45,112.29
2011-04-21,112.29,113.11
2011-04-25,112.28,113.02
2011-04-26,112.21,113.12
2011-04-27,112.76,113.68
2011-04-28,112.86,113.71
2011-04-29,113.93,114.78
2011-05-02,113.52,114.38
2011-05-03,111.05,111.97
2011-05-04,109.24,110.24
2011-05-05,99.80,100.96
2011-05-06,97.18,98.65
2011-05-09,102.55,103.93
2011-05-10,103.88,105.46
2011-05-11,98.21,99.58
2011-05-12,98.97,100.42
2011-05-13,99.65,101.14
2011-05-16,97.37,99.01
2011-05-17,96.91,98.64
2011-05-18,100.10,101.44
2011-05-19,98.44,100.12
2011-05-20,99.49,101.22
2011-05-23,97.70,99.27
2011-05-24,99.59,101.21
2011-05-25,101.32,102.94
2011-05-26,100.23,102.24
2011-05-27,100.59,102.56
2011-05-31,102.70,104.57
2011-06-01,100.29,102.28
2011-06-02,100.40,102.66
2011-06-03,100.22,102.54
2011-06-06,99.01,101.31
2011-06-07,99.09,101.51
2011-06-08,100.74,102.91
2011-06-09,101.93,103.85
2011-06-10,99.29,101.59
2011-06-13,97.30,99.55
2011-06-14,99.37,101.36
2011-06-15,94.81,96.8
2011-06-16,94.95,96.89
2011-06-17,93.01,94.98
2011-06-20,93.26,95.19
2011-06-21,93.40,95.66
2011-06-22,95.41,97.49
2011-06-23,91.02,93.45
2011-06-24,91.16,93.74
2011-06-27,90.61,93.13
2011-06-28,92.89,95.47
2011-06-29,94.77,97.19
2011-06-30,95.42,97.96
2011-07-01,94.94,97.64
2011-07-05,96.89,99.29
2011-07-06,96.65,98.86
2011-07-07,98.67,100.94
2011-07-08,96.20,98.72
2011-07-11,95.15,97.71
2011-07-12,97.43,99.71
2011-07-13,98.05,100.36
2011-07-14,95.69,98.21
2011-07-15,97.24,99.49
2011-07-18,95.93,98.11
2011-07-19,97.50,99.58
2011-07-20,98.14,100.09
2011-07-21,99.13,101
2011-07-22,99.87,101.6
2011-07-25,99.20,101.22
2011-07-26,99.59,101.62
2011-07-27,97.40,99.66
2011-07-28,97.44,99.66
2011-07-29,95.70,97.94
2011-08-01,94.89,97.15
2011-08-02,93.79,95.96
2011-08-03,91.93,94.11
2011-08-04,86.63,88.9
2011-08-05,86.88,89.26
2011-08-08,81.31,83.73
2011-08-09,79.30,81.58
2011-08-10,82.89,84.99
2011-08-11,85.72,87.57
2011-08-12,85.38,87.22
2011-08-15,87.88,89.58
2011-08-16,86.65,88.28
2011-08-17,87.58,89.1
2011-08-18,82.38,83.91
2011-08-19,82.26,84.01
2011-08-22,84.12,85.84
2011-08-23,85.44,87.37
2011-08-24,85.16,87.27
2011-08-25,85.30,87.33
2011-08-26,85.37,87.28
2011-08-29,87.27,88.93
2011-08-30,88.90,90.47
2011-08-31,88.81,90.35
2011-09-01,88.93,90.48
2011-09-02,86.45,88.03
2011-09-06,86.02,87.65
2011-09-07,89.34,90.62
2011-09-08,89.05,90.13
2011-09-09,87.24,88.43
2011-09-12,88.19,89.01
2011-09-13,90.21,90.8
2011-09-14,88.91,89.73
2011-09-15,89.40,90.44
2011-09-16,87.96,89.27
2011-09-19,85.70,86.76
2011-09-20,86.89,87.94
2011-09-21,85.92,87.28
2011-09-22,80.51,81.78
2011-09-23,79.85,81.31
2011-09-26,80.24,81.5
2011-09-27,84.45,85.59
2011-09-28,81.21,82.55
2011-09-29,82.14,83.21
2011-09-30,79.20,80.02
2011-10-03,77.61,78.72
2011-10-04,75.67,76.78
2011-10-05,79.68,80.43
2011-10-06,82.59,83.39
2011-10-07,82.98,83.49
2011-10-10,85.41,85.86
2011-10-11,85.81,86.6
2011-10-12,85.57,86.39
2011-10-13,84.23,85.16
2011-10-14,86.80,87.35
2011-10-17,86.38,87.27
2011-10-18,88.34,89.08
2011-10-19,86.11,86.81
2011-10-20,85.30,86.64
2011-10-21,87.40,87.84
2011-10-24,91.27,90.62
2011-10-25,93.17,91.87
2011-10-26,90.20,89.89
2011-10-27,93.96,93.31
2011-10-28,93.32,92.9
2011-10-31,93.19,92.71
2011-11-01,92.19,91.52
2011-11-02,92.51,91.82
2011-11-03,94.07,93.35
2011-11-04,94.26,93.95
2011-11-07,95.52,95.33
2011-11-08,96.80,96.42
2011-11-09,95.74,95.21
2011-11-10,97.78,97.18
2011-11-11,98.99,98.33
2011-11-14,98.14,97.84
2011-11-15,99.37,98.93
2011-11-16,102.59,102.03
2011-11-17,98.82,98.74
2011-11-18,97.41,97.57
2011-11-21,96.92,97
2011-11-22,98.01,98.47
2011-11-23,96.17,96.77
2011-11-25,96.77,96.8
2011-11-28,98.21,98.18
2011-11-29,99.79,99.48
2011-11-30,100.36,100.21
2011-12-01,100.20,100.23
2011-12-02,100.96,100.92
2011-12-05,100.99,101.08
2011-12-06,101.28,101.47
2011-12-07,100.49,100.92
2011-12-08,98.34,99.01
2011-12-09,99.41,99.8
2011-12-12,97.77,98.42
2011-12-13,100.14,100.6
2011-12-14,94.95,95.68
2011-12-15,93.87,94.72
2011-12-16,93.53,94.43
2011-12-19,93.88,94.53
2011-12-20,97.22,97.59
2011-12-21,98.67,98.83
2011-12-22,99.53,99.58
2011-12-23,99.68,99.68
2011-12-27,101.34,101.22
2011-12-28,99.36,99.59
2011-12-29,99.65,100.01
2011-12-30,98.83,99.38
2012-01-03,102.96,103.15
2012-01-04,103.22,103.71
2012-01-05,101.81,102.49
2012-01-06,101.56,102.5
2012-01-09,101.31,102.35
2012-01-10,102.24,103.03
2012-01-11,100.87,101.85
2012-01-12,99.10,100.16
2012-01-13,98.70,99.81
2012-01-17,100.71,101.77
2012-01-18,100.59,101.52
2012-01-19,100.39,101.52
2012-01-20,98.46,99.55
2012-01-23,99.58,100.69
2012-01-24,98.95,100.33
2012-01-25,99.40,100.67
2012-01-26,99.70,101.04
2012-01-27,99.56,100.88
2012-01-30,98.78,100.22
2012-01-31,98.48,100.04
2012-02-01,97.61,99.27
2012-02-02,96.36,98.16
2012-02-03,97.84,99.79
2012-02-06,96.91,99.55
2012-02-07,98.41,100.8
2012-02-08,98.71,101.43
2012-02-09,99.84,102.6
2012-02-10,98.67,101.32
2012-02-13,100.91,103.39
2012-02-14,100.74,103.02
2012-02-15,101.80,103.85
2012-02-16,102.31,104.46
2012-02-17,103.24,105
2012-02-21,105.84,107.61
2012-02-22,106.28,107.55
2012-02-23,107.83,108.99
2012-02-24,109.77,110.56
2012-02-27,108.56,109.64
2012-02-28,106.55,107.81
2012-02-29,107.07,108.21
2012-03-01,108.84,109.8
2012-03-02,106.70,108.05
2012-03-05,106.72,108.07
2012-03-06,104.70,106.46
2012-03-07,106.16,108.01
2012-03-08,106.58,108.4
2012-03-09,107.40,109.17
2012-03-12,106.34,108.33
2012-03-13,106.71,108.78
2012-03-14,105.43,107.58
2012-03-15,105.11,107.36
2012-03-16,107.06,109.04
2012-03-19,108.09,109.76
2012-03-20,105.61,107.57
2012-03-21,107.27,108.68
2012-03-22,105.35,106.89
2012-03-23,106.87,108.37
2012-03-26,107.03,108.68
2012-03-27,107.33,109.02
2012-03-28,105.41,107.23
2012-03-29,102.78,104.64
2012-03-30,103.02,104.86
2012-04-02,105.23,107.2
2012-04-03,104.01,106.12
2012-04-04,101.47,103.74
2012-04-05,103.31,105.37
2012-04-09,102.46,104.69
2012-04-10,101.02,103.22
2012-04-11,102.70,104.56
2012-04-12,103.64,105.41
2012-04-13,102.83,104.76
2012-04-16,102.93,104.58
2012-04-17,104.20,105.77
2012-04-18,102.67,104.42
2012-04-19,102.27,104.03
2012-04-20,103.05,105.06
2012-04-23,103.11,104.58
2012-04-24,103.55,104.88
2012-04-25,104.12,105.31
2012-04-26,104.55,105.78
2012-04-27,104.93,106.04
2012-04-30,104.87,105.86
2012-05-01,106.16,106.98
2012-05-02,105.22,106.1
2012-05-03,102.54,103.69
2012-05-04,98.49,99.68
2012-05-07,97.94,99.18
2012-05-08,97.01,98.33
2012-05-09,96.81,98.1
2012-05-10,97.08,98.29
2012-05-11,96.13,97.45
2012-05-14,94.78,96.11
2012-05-15,93.98,95.39
2012-05-16,92.81,94.23
2012-05-17,92.56,93.83
2012-05-18,91.48,92.77
2012-05-21,92.57,93.81
2012-05-22,91.66,92.88
2012-05-23,89.90,91.25
2012-05-24,90.66,91.85
2012-05-25,90.86,92.08
2012-05-29,90.76,92.12
2012-05-30,87.82,89.14
2012-05-31,86.53,87.91
2012-06-01,83.23,84.71
2012-06-04,83.98,85.33
2012-06-05,84.29,85.53
2012-06-06,85.02,86.53
2012-06-07,84.82,86.42
2012-06-08,84.10,85.77
2012-06-11,82.70,84.31
2012-06-12,83.32,84.89
2012-06-13,82.62,84.17
2012-06-14,83.91,85.39
2012-06-15,84.03,85.58
2012-06-18,83.27,84.88
2012-06-19,84.03,85.67
2012-06-20,81.80,83.04
2012-06-21,78.20,80.26
2012-06-22,79.76,81.7
2012-06-25,79.21,81.24
2012-06-26,79.36,81.46
2012-06-27,80.21,82.31
2012-06-28,77.69,79.93
2012-06-29,84.96,87.13
2012-07-02,83.75,85.86
2012-07-03,87.66,89.62
2012-07-05,87.22,89.26
2012-07-06,84.45,86.59
2012-07-09,85.99,88.11
2012-07-10,83.91,86.16
2012-07-11,85.81,88.02
2012-07-12,86.08,88.23
2012-07-13,87.10,89.24
2012-07-16,88.43,90.53
2012-07-17,89.22,91.09
2012-07-18,89.87,91.59
2012-07-19,92.66,94.15
2012-07-20,91.44,93.03
2012-07-23,88.14,89.71
2012-07-24,88.50,90.06
2012-07-25,88.97,90.6
2012-07-26,89.39,91.07
2012-07-27,90.13,91.96
2012-07-30,89.78,91.67
2012-07-31,88.06,90.04
2012-08-01,88.91,90.85
2012-08-02,87.13,89.19
2012-08-03,91.40,93.13
2012-08-06,92.20,93.96
2012-08-07,93.67,95.45
2012-08-08,93.35,95.27
2012-08-09,93.36,95.22
2012-08-10,92.87,94.74
2012-08-13,92.73,94.7
2012-08-14,93.43,95.32
2012-08-15,94.33,96.12
2012-08-16,95.60,97.27
2012-08-17,96.01,97.62
2012-08-20,95.97,97.65
2012-08-21,96.68,98.31
2012-08-22,97.26,98.74
2012-08-23,96.27,97.91
2012-08-24,96.15,97.63
2012-08-27,95.47,97.07
2012-08-28,96.33,97.82
2012-08-29,95.49,97.07
2012-08-30,94.62,96.4
2012-08-31,96.47,98.12
2012-09-04,95.30,97.14
2012-09-05,95.36,97.28
2012-09-06,95.53,97.32
2012-09-07,96.42,98.26
2012-09-10,96.54,98.46
2012-09-11,97.17,98.96
2012-09-12,97.01,98.79
2012-09-13,98.31,99.86
2012-09-14,99.00,100.45
2012-09-17,96.62,98.12
2012-09-18,95.29,96.79
2012-09-19,91.98,93.42
2012-09-20,91.87,93.74
2012-09-21,92.89,94.39
2012-09-24,91.93,93.49
2012-09-25,91.37,92.96
2012-09-26,89.98,91.73
2012-09-27,91.85,93.58
2012-09-28,92.19,93.98
2012-10-01,92.48,94.27
2012-10-02,91.89,93.74
2012-10-03,88.14,90.09
2012-10-04,91.71,93.48
2012-10-05,89.88,91.86
2012-10-08,89.33,91.33
2012-10-09,92.39,94.39
2012-10-10,91.25,93.3
2012-10-11,92.07,94.23
2012-10-12,91.86,93.97
2012-10-15,91.85,94.07
2012-10-16,92.09,94.2
2012-10-17,92.12,94.3
2012-10-18,92.10,94.21
2012-10-19,90.05,92.22
2012-10-22,88.73,90.56
2012-10-23,86.67,88.94
2012-10-24,85.73,88.03
2012-10-25,86.05,88.39
2012-10-26,86.28,88.68
2012-10-29,85.54,87.99
2012-10-30,85.68,88.17
2012-10-31,86.24,88.72
2012-11-01,87.09,89.56
2012-11-02,84.86,87.65
2012-11-05,85.65,88.41
2012-11-06,88.71,91.33
2012-11-07,84.44,87.22
2012-11-08,85.09,87.85
2012-11-09,86.07,88.88
2012-11-12,85.57,88.48
2012-11-13,85.38,88.38
2012-11-14,86.32,88.94
2012-11-15,85.45,88.08
2012-11-16,86.67,89.01
2012-11-19,89.28,91.5
2012-11-20,86.75,89.38
2012-11-21,87.38,90.03
2012-11-23,88.28,91.01
2012-11-26,87.74,90.38
2012-11-27,87.18,89.84
2012-11-28,86.49,89.2
2012-11-29,88.07,90.59
2012-11-30,88.91,91.43
2012-12-03,89.09,91.72
2012-12-04,88.50,91.17
2012-12-05,87.88,90.73
2012-12-06,86.26,89.12
2012-12-07,85.93,88.76
2012-12-10,85.56,88.35
2012-12-11,85.79,88.52
2012-12-12,86.77,89.32
2012-12-13,85.89,88.39
2012-12-14,86.73,89.33
2012-12-17,87.20,89.4
2012-12-18,87.93,90.25
2012-12-19,89.51,91.78
2012-12-20,90.13,92.25
2012-12-21,88.66,90.96
2012-12-24,88.61,90.94
2012-12-26,90.98,93.03
2012-12-27,90.87,92.97
2012-12-28,90.80,92.84
2012-12-31,91.82,93.7
2013-01-02,93.12,94.76
2013-01-03,92.92,94.55
2013-01-04,93.09,94.51
2013-01-07,93.19,94.67
2013-01-08,93.15,94.81
2013-01-09,93.10,94.87
2013-01-10,93.82,95.33
2013-01-11,93.56,94.98
2013-01-14,94.14,95.65
2013-01-15,93.28,94.68
2013-01-16,94.24,95.54
2013-01-17,95.49,96.77
2013-01-18,95.56,97
2013-01-22,96.24,97.68
2013-01-23,95.23,96.58
2013-01-24,95.95,97.31
2013-01-25,95.88,97.1
2013-01-28,96.44,97.63
2013-01-29,97.57,98.61
2013-01-30,97.94,99.03
2013-01-31,97.49,98.94
2013-02-01,97.77,99.28
2013-02-04,96.17,97.83
2013-02-05,96.64,98.32
2013-02-06,96.62,98.4
2013-02-07,95.83,97.86
2013-02-08,95.72,97.86
2013-02-11,97.03,98.96
2013-02-12,97.51,99.38
2013-02-13,97.01,98.96
2013-02-14,97.31,99.21
2013-02-15,95.86,97.78
2013-02-19,96.66,98.33
2013-02-20,94.46,96.43
2013-02-21,92.84,94.07
2013-02-22,93.13,94.39
2013-02-25,93.11,94.37
2013-02-26,92.63,93.82
2013-02-27,92.76,93.82
2013-02-28,92.05,93.2
2013-03-01,90.68,92.02
2013-03-04,90.12,91.47
2013-03-05,90.82,92.15
2013-03-06,90.43,91.64
2013-03-07,91.56,92.57
2013-03-08,91.95,92.97
2013-03-11,92.06,92.98
2013-03-12,92.54,93.22
2013-03-13,92.52,93.04
2013-03-14,93.03,93.49
2013-03-15,93.45,93.98
2013-03-18,93.74,94.21
2013-03-19,92.16,92.77
2013-03-20,92.96,93.75
2013-03-21,92.45,92.56
2013-03-22,93.71,93.49
2013-03-25,94.81,94.58
2013-03-26,96.34,95.99
2013-03-27,96.58,96.23
2013-03-28,97.23,96.88
2013-04-01,97.07,97.04
2013-04-02,97.19,97.17
2013-04-03,94.45,94.55
2013-04-04,93.26,93.43
2013-04-05,92.70,92.83
2013-04-08,93.36,93.5
2013-04-09,94.20,94.29
2013-04-10,94.64,94.77
2013-04-11,93.51,93.7
2013-04-12,91.29,91.67
2013-04-15,88.71,89.13
2013-04-16,88.72,89.16
2013-04-17,86.68,87.01
2013-04-18,87.73,87.86
2013-04-19,88.01,88.16
2013-04-22,88.76,89.29
2013-04-23,89.18,89.06
2013-04-24,91.43,91.01
2013-04-25,93.64,93.08
2013-04-26,93.00,92.31
2013-04-29,94.50,93.54
2013-04-30,93.46,92.55
2013-05-01,91.03,90.22
2013-05-02,93.99,93.07
2013-05-03,95.61,94.49
2013-05-06,96.16,95.18
2013-05-07,95.62,94.73
2013-05-08,96.62,95.5
2013-05-09,96.39,95.52
2013-05-10,96.04,95.16
2013-05-13,95.17,94.35
2013-05-14,94.21,93.63
2013-05-15,94.30,93.79
2013-05-16,95.16,94.67
2013-05-17,96.02,95.4
2013-05-20,96.71,95.92
2013-05-21,96.16,95.29
2013-05-22,94.28,93.19
2013-05-23,94.25,93.07
2013-05-24,94.15,93.07
2013-05-28,95.01,93.95
2013-05-29,93.13,92.29
2013-05-30,93.61,92.68
2013-05-31,91.97,91.28
2013-06-03,93.45,92.76
2013-06-04,93.31,92.79
2013-06-05,93.74,93.04
2013-06-06,94.76,93.86
2013-06-07,96.03,95.01
2013-06-10,95.77,94.89
2013-06-11,95.38,94.42
2013-06-12,95.88,94.85
2013-06-13,96.69,95.63
2013-06-14,97.85,96.67
2013-06-17,97.77,96.79
2013-06-18,98.44,97.26
2013-06-19,98.24,97.22
2013-06-20,95.40,93.66
2013-06-21,93.69,91.44
2013-06-24,95.18,92.47
2013-06-25,95.32,92.66
2013-06-26,95.50,92.82
2013-06-27,97.05,94.15
2013-06-28,96.56,93.64
2013-07-01,97.99,94.68
2013-07-02,99.60,95.55
2013-07-03,101.24,96.85
2013-07-05,103.22,97.84
2013-07-08,103.14,97.9
2013-07-09,103.53,98.14
2013-07-10,106.52,98.98
2013-07-11,104.91,98.92
2013-07-12,105.95,99.85
2013-07-15,106.32,100.06
2013-07-16,106.00,100.1
2013-07-17,106.48,100.7
2013-07-18,108.04,101.52
2013-07-19,108.05,101.04
2013-07-22,106.91,100.83
2013-07-23,107.23,99.82
2013-07-24,105.39,98.71
2013-07-25,105.49,99.29
2013-07-26,104.70,98.87
2013-07-29,104.55,98.88
2013-07-30,103.08,98.29
2013-07-31,105.03,99.14
2013-08-01,107.89,100.71
2013-08-02,106.94,100.37
2013-08-05,106.56,100.39
2013-08-06,105.30,99.51
2013-08-07,104.37,99.08
2013-08-08,103.40,98.23
2013-08-09,105.97,99.73
2013-08-12,106.11,100.42
2013-08-13,106.83,101.1
2013-08-14,106.85,101.27
2013-08-15,107.33,101.82
2013-08-16,107.46,102.35
2013-08-19,107.10,101.98
2013-08-20,104.96,101.12
2013-08-21,103.85,99.14
2013-08-22,105.03,99.62
2013-08-23,106.42,100.49
2013-08-26,105.92,100.25
2013-08-27,109.01,102.5
2013-08-28,110.10,103.15
2013-08-29,108.80,101.9
2013-08-30,107.65,101.34
2013-09-03,108.54,101.91
2013-09-04,107.23,101.13
2013-09-05,108.37,101.88
2013-09-06,110.53,103.08
2013-09-09,109.52,102.19
2013-09-10,107.39,100.66
2013-09-11,107.56,100.88
2013-09-12,108.60,101.78
2013-09-13,108.21,101.59
2013-09-16,106.59,100.67
2013-09-17,105.42,99.4
2013-09-18,108.07,101.72
2013-09-19,106.39,100.48
2013-09-20,104.67,100.17
2013-09-23,103.59,98.43
2013-09-24,103.13,98.26
2013-09-25,102.66,98.02
2013-09-26,103.03,98.73
2013-09-27,102.87,98.34
2013-09-30,102.33,98.14
2013-10-01,102.04,98.09
2013-10-02,104.10,99.57
2013-10-03,103.31,99.17
2013-10-04,103.84,99.84
2013-10-07,103.03,99.89
2013-10-08,103.49,100.3
2013-10-09,101.61,98.81
2013-10-10,103.01,100.42
2013-10-11,102.02,100.04
2013-10-14,102.41,100.29
2013-10-15,101.21,99.54
2013-10-16,102.29,100.49
2013-10-17,100.67,98.74
2013-10-18,100.81,99.2
2013-10-21,99.22,98.33
2013-10-22,97.80,97.4
2013-10-23,96.86,95.14
2013-10-24,97.11,95.11
2013-10-25,97.85,95.7
2013-10-28,98.68,96.69
2013-10-29,98.20,96.44
2013-10-30,96.77,95.89
2013-10-31,96.38,95.61
2013-11-01,94.61,94.22
2013-11-04,94.62,94.43
2013-11-05,93.37,93.45
2013-11-06,94.80,94.57
2013-11-07,94.20,94.05
2013-11-08,94.60,94.48
2013-11-11,95.14,95.01
2013-11-12,93.04,93.53
2013-11-13,93.88,94.65
2013-11-14,93.76,94.85
2013-11-15,93.84,94.77
2013-11-18,93.03,93.93
2013-11-19,93.34,93.89
2013-11-20,93.33,93.95
2013-11-21,95.44,94.98
2013-11-22,94.84,94.7
2013-11-25,94.09,94.13
2013-11-26,93.68,93.87
2013-11-27,92.30,92.76
2013-11-29,92.72,93.12
2013-12-02,93.82,93.86
2013-12-03,96.04,95.15
2013-12-04,97.20,96.14
2013-12-05,97.38,96.33
2013-12-06,97.65,96.65
2013-12-09,97.34,96.32
2013-12-10,98.51,97.03
2013-12-11,97.44,96.36
2013-12-12,97.50,96.32
2013-12-13,96.60,95.39
2013-12-16,97.48,96.02
2013-12-17,97.22,95.61
2013-12-18,97.80,95.89
2013-12-19,98.77,96.7
2013-12-20,99.32,95.94
2013-12-23,98.91,95.88
2013-12-24,99.22,96.46
2013-12-26,99.55,96.64
2013-12-27,100.32,97.18
2013-12-30,99.29,96.95
2013-12-31,98.42,96.45
2014-01-02,95.44,93.95
2014-01-03,93.96,92.61
2014-01-06,93.43,92.26
2014-01-07,93.67,92.16
2014-01-08,92.33,91.07
2014-01-09,91.66,90.69
2014-01-10,92.72,91.59
2014-01-13,91.80,90.75
2014-01-14,92.59,91.2
2014-01-15,94.17,92.44
2014-01-16,93.96,92.13
2014-01-17,94.37,92.7
2014-01-21,94.99,93.03
2014-01-22,96.73,93.31
2014-01-23,97.32,93.14
2014-01-24,96.64,92.97
2014-01-27,95.72,92.24
2014-01-28,97.41,93.58
2014-01-29,97.36,93.51
2014-01-30,98.23,93.95
2014-01-31,97.49,92.9
2014-02-03,96.43,92.26
2014-02-04,97.19,92.97
2014-02-05,97.38,93.56
2014-02-06,97.84,94.37
2014-02-07,99.88,96.16
2014-02-10,100.06,96.11
2014-02-11,99.94,96.32
2014-02-12,100.37,96.74
2014-02-13,100.35,96.88
2014-02-14,100.30,97.08
2014-02-18,102.43,98.45
2014-02-19,103.31,98.69
2014-02-20,102.92,98.81
2014-02-21,102.20,97.46
2014-02-24,102.82,98.11
2014-02-25,101.83,97.26
2014-02-26,102.59,97.66
2014-02-27,102.40,97.55
2014-02-28,102.59,97.91
2014-03-03,104.92,99.69
2014-03-04,103.33,98.4
2014-03-05,101.45,97.02
2014-03-06,101.56,97.27
2014-03-07,102.58,98.13
2014-03-10,101.12,97.06
2014-03-11,100.03,96.53
2014-03-12,97.99,95.08
2014-03-13,98.20,95.34
2014-03-14,98.89,95.86
2014-03-17,98.08,94.7
2014-03-18,99.70,95.33
2014-03-19,100.37,95.1
2014-03-20,99.43,95.34
2014-03-21,99.46,95
2014-03-24,99.60,95.18
2014-03-25,99.19,95.02
2014-03-26,100.26,95.85
2014-03-27,101.28,96.71
2014-03-28,101.67,97.01
2014-03-31,101.58,97.04
2014-04-01,99.74,95.47
2014-04-02,99.62,95.34
2014-04-03,100.29,96.17
2014-04-04,101.14,96.82
2014-04-07,100.44,96.44
2014-04-08,102.56,98.16
2014-04-09,103.60,98.64
2014-04-10,103.40,98.38
2014-04-11,103.74,98.48
2014-04-14,104.05,99.19
2014-04-15,103.75,99
2014-04-16,103.76,99.18
2014-04-17,104.30,99.25
2014-04-21,104.37,99.64
2014-04-22,102.13,98.52
2014-04-23,101.44,97.58
2014-04-24,101.94,98.02
2014-04-25,100.60,96.82
2014-04-28,100.84,96.56
2014-04-29,101.28,97
2014-04-30,99.74,95.67
2014-05-01,99.42,95.39
2014-05-02,99.76,95.59
2014-05-05,99.48,95.2
2014-05-06,99.50,95.01
2014-05-07,100.77,96.15
2014-05-08,100.26,95.93
2014-05-09,99.99,95.68
2014-05-12,100.59,96.38
2014-05-13,101.70,97.37
2014-05-14,102.37,97.98
2014-05-15,101.50,97.62
2014-05-16,102.02,97.92
2014-05-19,102.61,98.17
2014-05-20,102.44,98.49
2014-05-21,104.07,98.86
2014-05-22,103.74,98.73
2014-05-23,104.35,99.16
2014-05-27,104.11,98.9
2014-05-28,102.72,98.05
2014-05-29,103.58,98.63
2014-05-30,102.71,98.05
2014-06-02,102.47,98
2014-06-03,102.66,98.25
2014-06-04,102.64,98.15
2014-06-05,102.48,98.21
2014-06-06,102.66,98.21
2014-06-09,104.41,99.52
2014-06-10,104.35,99.43
2014-06-11,104.40,99.71
2014-06-12,106.53,101.52
2014-06-13,106.91,101.44
2014-06-16,106.90,101.84
2014-06-17,106.36,101.74
2014-06-18,105.97,101.82
2014-06-19,106.43,102.41
2014-06-20,107.26,102.86
2014-06-23,106.17,101.5
2014-06-24,106.03,101.65
2014-06-25,106.50,102.04
2014-06-26,105.84,101.58
2014-06-27,105.74,101.64
2014-06-30,105.37,101.4
2014-07-01,105.34,101.51
2014-07-02,104.48,100.82
2014-07-03,104.06,100.5
2014-07-07,103.53,100.1
2014-07-08,103.40,99.72
2014-07-09,102.29,98.98
2014-07-10,102.93,99.67
2014-07-11,100.83,97.9
2014-07-14,100.91,98.43
2014-07-15,99.96,97.46
2014-07-16,101.20,97.95
2014-07-17,103.19,98.55
2014-07-18,103.13,98.19
2014-07-21,104.59,99.12
2014-07-22,104.42,98.76
2014-07-23,103.12,98.57
2014-07-24,102.07,97.85
2014-07-25,102.09,98.17
2014-07-28,101.67,97.38
2014-07-29,100.97,97.05
2014-07-30,100.27,96.45
2014-07-31,98.17,95.35
2014-08-01,97.88,94.92
2014-08-04,98.29,95.42
2014-08-05,97.38,95.02
2014-08-06,96.92,94.81
2014-08-07,97.34,95.28
2014-08-08,97.65,95.24
2014-08-11,98.08,95.53
2014-08-12,97.37,94.89
2014-08-13,97.59,95.35
2014-08-14,95.58,92.89
2014-08-15,97.35,93.9
2014-08-18,96.41,92.43
2014-08-19,94.48,91.93
2014-08-20,96.07,92.27
2014-08-21,93.96,92.52
2014-08-22,93.65,92.61
2014-08-25,93.35,92.48
2014-08-26,93.86,92.89
2014-08-27,93.88,92.8
2014-08-28,94.55,92.92
2014-08-29,95.96,93.66
2014-09-02,92.88,91.51
2014-09-03,95.54,93.6
2014-09-04,94.45,92.81
2014-09-05,93.29,92.1
2014-09-08,92.66,91.51
2014-09-09,92.75,91.21
2014-09-10,91.67,90.16
2014-09-11,92.83,90.83
2014-09-12,92.27,90.26
2014-09-15,92.92,90.67
2014-09-16,94.88,92.12
2014-09-17,94.42,91.62
2014-09-18,93.07,90.71
2014-09-19,92.41,90.61
2014-09-22,91.52,89.88
2014-09-23,91.56,90.02
2014-09-24,92.80,90.51
2014-09-25,92.53,90.38
2014-09-26,93.54,90.87
2014-09-29,94.57,91.22
2014-09-30,91.16,88.68
2014-10-01,90.73,87.99
2014-10-02,91.01,87.56
2014-10-03,89.74,86.34
2014-10-06,90.34,87.24
2014-10-07,88.85,86.4
2014-10-08,87.31,85.42
2014-10-09,85.77,84.04
2014-10-10,85.82,84.03
2014-10-13,85.74,83.81
2014-10-14,81.84,79.96
2014-10-15,81.78,79.21
2014-10-16,82.70,80.48
2014-10-17,82.75,80.59
2014-10-20,82.71,80.19
2014-10-21,82.81,80.71
2014-10-22,80.52,79.18
2014-10-23,82.09,80.94
2014-10-24,81.01,80.44
2014-10-27,81.00,80.19
2014-10-28,81.42,80.7
2014-10-29,82.20,81.46
2014-10-30,81.12,80.52
2014-10-31,80.54,80.23
2014-11-03,78.78,78.86
2014-11-04,77.19,77.35
2014-11-05,78.68,78.41
2014-11-06,77.91,77.87
2014-11-07,78.65,78.68
2014-11-10,77.40,77.75
2014-11-11,77.94,78.05
2014-11-12,77.18,77.27
2014-11-13,74.21,74.19
2014-11-14,75.82,75.92
2014-11-17,75.64,76
2014-11-18,74.61,75.12
2014-11-19,74.58,74.57
2014-11-20,75.58,75.85
2014-11-21,76.51,76.86
2014-11-24,75.78,76.23
2014-11-25,74.09,74.6
2014-11-26,73.69,74.06
2014-11-28,66.15,67.1
2014-12-01,69.00,69.79
2014-12-02,66.88,67.86
2014-12-03,67.38,68.15
2014-12-04,66.81,67.61
2014-12-05,65.84,66.68
2014-12-08,63.05,64
2014-12-09,63.82,64.71
2014-12-10,60.94,62.25
2014-12-11,59.95,61.53
2014-12-12,57.81,59.41
2014-12-15,55.91,57.81
2014-12-16,55.93,57.44
2014-12-17,56.47,58.04
2014-12-18,54.11,55.75
2014-12-19,56.52,58.56
2014-12-22,55.26,57.29
2014-12-23,57.12,59.04
2014-12-24,55.84,58.04
2014-12-26,54.73,57.14
2014-12-29,53.61,56.24
2014-12-30,54.12,56.78
2014-12-31,53.27,56.26
2015-01-02,52.69,55.8
2015-01-05,50.04,53.46
2015-01-06,47.93,51.53
2015-01-07,48.65,51.95
2015-01-08,48.79,52.19
2015-01-09,48.36,52.08
2015-01-12,46.07,49.99
2015-01-13,45.89,49.67
2015-01-14,48.48,51.8
2015-01-15,46.25,49.85
2015-01-16,48.69,52.09
2015-01-20,46.39,49.68
2015-01-21,47.78,51.59
2015-01-22,46.31,50.65
2015-01-23,45.59,50.35
2015-01-26,45.15,50.14
2015-01-27,46.23,51.07
2015-01-28,44.45,49.77
2015-01-29,44.53,49.91
2015-01-30,48.24,53.44
2015-02-02,49.57,54.99
2015-02-03,53.05,58.35
2015-02-04,48.45,54.38
2015-02-05,50.48,56.18
2015-02-06,51.69,57.18
2015-02-09,52.86,58.05
2015-02-10,50.02,55.9
2015-02-11,48.84,55.02
2015-02-12,51.21,57.46
2015-02-13,52.78,58.66
2015-02-17,53.53,59.02
2015-02-18,52.14,57.46
2015-02-19,51.16,56.53
2015-02-20,50.34,56.07
2015-02-23,49.45,56.44
2015-02-24,49.28,56.11
2015-02-25,50.99,58.09
2015-02-26,48.17,56.15
2015-02-27,49.76,57.91
2015-03-02,49.59,56.74
2015-03-03,50.52,57.94
2015-03-04,51.53,57.76
2015-03-05,50.76,57.24
2015-03-06,49.61,56.39
2015-03-09,50.00,56.01
2015-03-10,48.29,54.49
2015-03-11,48.17,54.87
2015-03-12,47.05,54.36
2015-03-13,44.84,52.5
2015-03-16,43.88,51.64
2015-03-17,43.46,50.57
2015-03-18,44.66,52.68
2015-03-19,43.96,51.18
2015-03-20,45.72,52.28
2015-03-23,47.45,53.48
2015-03-24,47.51,53.16
2015-03-25,49.21,54.44
2015-03-26,51.43,56.54
2015-03-27,48.87,54.33
2015-03-30,48.68,54.41
2015-03-31,47.60,53.45
2015-04-01,50.09,55.44
2015-04-02,49.14,54.1
2015-04-06,52.14,56.7
2015-04-07,53.98,57.63
2015-04-08,50.42,54.76
2015-04-09,50.79,55.62
2015-04-10,51.64,56.58
2015-04-13,51.91,56.76
2015-04-14,53.29,57.6
2015-04-15,56.39,60.09
2015-04-16,56.71,60.62
2015-04-17,55.74,59.92
2015-04-20,56.38,60.63
2015-04-21,55.26,59.61
2015-04-22,56.16,60.13
2015-04-23,57.74,61.57
2015-04-24,57.15,61.54
2015-04-27,56.99,61.25
2015-04-28,57.06,61
2015-04-29,58.58,61.98
2015-04-30,59.63,62.64
2015-05-01,59.15,62.51
2015-05-04,58.93,62.33
2015-05-05,60.40,63.36
2015-05-06,60.93,63.66
2015-05-07,58.94,61.52
2015-05-08,59.39,61.88
2015-05-11,59.25,61.93
2015-05-12,60.75,63.26
2015-05-13,60.50,62.98
2015-05-14,59.88,62.48
2015-05-15,59.69,62.07
2015-05-18,59.43,61.51
2015-05-19,57.26,59.51
2015-05-20,58.98,60.8
2015-05-21,60.72,62.21
2015-05-22,59.72,61.3
2015-05-26,58.03,59.73
2015-05-27,57.51,58.87
2015-05-28,57.68,59
2015-05-29,60.30,61.51
2015-06-01,60.20,61.18
2015-06-02,61.26,62.25
2015-06-03,59.64,60.93
2015-06-04,58.00,59.53
2015-06-05,59.13,60.86
2015-06-08,58.14,59.93
2015-06-09,60.14,61.79
2015-06-10,61.43,62.83
2015-06-11,60.77,62.33
2015-06-12,59.96,61.44
2015-06-15,59.52,61.15
2015-06-16,59.97,61.67
2015-06-17,59.92,61.71
2015-06-18,60.45,62.14
2015-06-19,59.61,61.34
2015-06-22,59.68,61.85
2015-06-23,61.01,62.61
2015-06-24,60.27,61.86
2015-06-25,59.70,61.23
2015-06-26,59.63,61.25
2015-06-29,58.33,60
2015-06-30,59.47,61.08
2015-07-01,56.96,58.93
2015-07-02,56.93,58.83
2015-07-06,52.53,54.41
2015-07-07,52.33,54.32
2015-07-08,51.65,53.92
2015-07-09,52.78,55.06
2015-07-10,52.74,55.18
2015-07-13,52.20,54.8
2015-07-14,53.04,55.48
2015-07-15,51.41,53.75
2015-07-16,50.91,53.23
2015-07-17,50.89,53.2
2015-07-20,50.15,52.65
2015-07-21,50.36,53.15
2015-07-22,49.19,52.19
2015-07-23,48.45,51.39
2015-07-24,48.14,51.07
2015-07-27,47.39,50.51
2015-07-28,47.98,50.95
2015-07-29,48.79,51.45
2015-07-30,48.52,51.39
2015-07-31,47.12,50.28
2015-08-03,45.17,48.22
2015-08-04,45.74,48.64
2015-08-05,45.15,48.12
2015-08-06,44.66,47.96
2015-08-07,43.87,47.28
2015-08-10,44.96,48.75
2015-08-11,43.08,47.22
2015-08-12,43.30,47.55
2015-08-13,42.23,46.91
2015-08-14,42.50,46.96
2015-08-17,41.87,46.19
2015-08-18,42.62,46.48
2015-08-19,40.80,44.57
2015-08-20,41.14,44.35
2015-08-21,40.45,43.88
2015-08-24,38.24,41.66
2015-08-25,39.31,42.64
2015-08-26,38.60,42.4
2015-08-27,42.56,46.67
2015-08-28,45.22,49.06
2015-08-31,49.20,52.98
2015-09-01,45.41,48.61
2015-09-02,46.25,49.48
2015-09-03,46.75,49.74
2015-09-04,46.05,49.01
2015-09-08,45.94,49.16
2015-09-09,44.15,47.52
2015-09-10,45.92,48.96
2015-09-11,44.63,47.79
2015-09-14,44.00,46.68
2015-09-15,44.59,47.39
2015-09-16,47.15,49.59
2015-09-17,46.90,49.26
2015-09-18,44.68,47.33
2015-09-21,46.68,49.16
2015-09-22,45.83,48.84
2015-09-23,44.48,47.76
2015-09-24,44.91,48.17
2015-09-25,45.70,48.67
2015-09-28,44.43,47.23
2015-09-29,45.23,47.85
2015-09-30,45.09,47.91
2015-10-01,44.74,47.46
2015-10-02,45.54,48.22
2015-10-05,46.26,49.2
2015-10-06,48.53,51.36
2015-10-07,47.81,50.82
2015-10-08,49.43,52.12
2015-10-09,49.63,52.25
2015-10-12,47.10,49.89
2015-10-13,46.66,49.59
2015-10-14,46.64,49.68
2015-10-15,46.38,49.41
2015-10-16,47.26,50.25
2015-10-19,45.89,48.8
2015-10-20,45.55,48.92
2015-10-21,45.20,48.45
2015-10-22,45.38,48.73
2015-10-23,44.60,48.13
2015-10-26,43.98,47.63
2015-10-27,43.20,46.78
2015-10-28,45.94,49.37
2015-10-29,46.06,49.37
2015-10-30,46.59,50
2015-11-02,46.14,49.65
2015-11-03,47.90,51.4
2015-11-04,46.32,49.69
2015-11-05,45.20,48.9
2015-11-06,44.29,48.23
2015-11-09,43.87,48.01
2015-11-10,44.21,48.27
2015-11-11,42.93,47
2015-11-12,41.75,45.99
2015-11-13,40.74,45.14
2015-11-16,41.74,45.89
2015-11-17,40.67,44.95
2015-11-18,40.75,45.39
2015-11-19,40.54,45.3
2015-11-20,40.39,45.69
2015-11-23,41.75,46.37
2015-11-24,42.87,47.69
2015-11-25,43.04,47.65
2015-11-27,41.71,46.36
2015-11-30,41.65,46.05
2015-12-01,41.85,46.11
2015-12-02,39.94,44.81
2015-12-03,41.08,45.78
2015-12-04,39.97,44.81
2015-12-07,37.65,42.8
2015-12-08,37.51,42.45
2015-12-09,37.16,42.29
2015-12-10,36.76,42.38
2015-12-11,35.62,41.15
2015-12-14,36.31,41.03
2015-12-15,37.35,41.72
2015-12-16,35.52,40.36
2015-12-17,34.95,40.02
2015-12-18,34.73,39.7
2015-12-21,34.74,39.19
2015-12-22,36.14,39.7
2015-12-23,37.50,40.89
2015-12-24,38.10,41.78
2015-12-28,36.81,40.6
2015-12-29,37.87,41.54
2015-12-30,36.60,40.48
2015-12-31,37.04,41.33
2016-01-04,36.76,41.19
2016-01-05,35.97,40.61
2016-01-06,33.97,38.89
2016-01-07,33.27,38.32
2016-01-08,33.16,38.27
2016-01-11,31.41,36.55
2016-01-12,30.44,35.41
2016-01-13,30.48,34.83
2016-01-14,31.20,35.68
2016-01-15,29.42,33.86
2016-01-19,28.46,33.31
2016-01-20,26.55,32.54
2016-01-21,29.53,34.22
2016-01-22,32.19,37.06
2016-01-25,30.34,35.77
2016-01-26,31.45,36.79
2016-01-27,32.30,37.66
2016-01-28,33.22,38.63
2016-01-29,33.62,39.75
2016-02-01,31.62,38.08
2016-02-02,29.88,36.68
2016-02-03,32.28,38.51
2016-02-04,31.72,38.24
2016-02-05,30.89,37.99
2016-02-08,29.69,37.03
2016-02-09,27.94,34.58
2016-02-10,27.45,34.9
2016-02-11,26.21,34.11
2016-02-12,29.44,37.02
2016-02-16,29.04,35.68
2016-02-17,30.66,37.68
2016-02-18,30.77,37.38
2016-02-19,29.64,36.22
2016-02-22,31.48,37.73
2016-02-23,31.87,37.18
2016-02-24,32.15,37.92
2016-02-25,33.07,38.44
2016-02-26,32.78,38.03
2016-02-29,33.75,39.1
2016-03-01,34.40,39.31
2016-03-02,34.66,39.34
2016-03-03,34.57,39.51
2016-03-04,35.92,41.07
2016-03-07,37.90,43.06
2016-03-08,36.50,41.61
2016-03-09,38.29,42.93
2016-03-10,37.84,42.09
2016-03-11,38.50,42.67
2016-03-14,37.18,41.51
2016-03-15,36.34,40.8
2016-03-16,38.46,42.45
2016-03-17,40.20,43.78
2016-03-18,39.44,43.46
2016-03-21,39.91,43.82
2016-03-22,41.45,44.38
2016-03-23,39.79,43.05
2016-03-24,39.46,42.81
2016-03-28,39.39,42.62
2016-03-29,38.28,41.8
2016-03-30,38.32,42.18
2016-03-31,38.34,42.33
2016-04-01,36.79,40.81
2016-04-04,35.70,39.6
2016-04-05,35.89,39.48
2016-04-06,37.75,41.25
2016-04-07,37.26,40.66
2016-04-08,39.72,43.03
2016-04-11,40.36,43.86
2016-04-12,42.17,45.37
2016-04-13,41.76,44.99
2016-04-14,41.50,44.52
2016-04-15,40.36,43.66
2016-04-18,39.78,43.31
2016-04-19,41.08,44.47
2016-04-20,42.63,46.06
2016-04-21,43.18,45.39
2016-04-22,43.73,45.97
2016-04-25,42.64,45.31
2016-04-26,44.04,46.46
2016-04-27,45.33,47.69
2016-04-28,46.03,48.25
2016-04-29,45.92,48.02
2016-05-02,44.78,46.84
2016-05-03,43.65,46.01
2016-05-04,43.78,45.88
2016-05-05,44.32,46.28
2016-05-06,44.66,46.79
2016-05-09,43.44,45.52
2016-05-10,44.66,47
2016-05-11,46.23,48.59
2016-05-12,46.70,49.01
2016-05-13,46.21,48.53
2016-05-16,47.72,49.75
2016-05-17,48.31,50.29
2016-05-18,48.19,50.18
2016-05-19,48.16,50.02
2016-05-20,47.75,49.83
2016-05-23,48.08,49.84
2016-05-24,48.62,50.28
2016-05-25,49.56,51.15
2016-05-26,49.48,51.13
2016-05-27,49.33,51.09
2016-05-31,49.10,50.86
2016-06-01,49.01,50.8
2016-06-02,49.17,51.03
2016-06-03,48.62,50.49
2016-06-06,49.69,51.54
2016-06-07,50.36,52.31
2016-06-08,51.23,53.25
2016-06-09,50.56,52.77
2016-06-10,49.07,51.42
2016-06-13,48.88,51.26
2016-06-14,48.49,50.76
2016-06-15,48.01,50.09
2016-06-16,46.21,48.48
2016-06-17,47.98,50.3
2016-06-20,49.37,51.71
2016-06-21,48.85,51.76
2016-06-22,49.13,51.46
2016-06-23,50.11,52.45
2016-06-24,47.64,50.05
2016-06-27,46.33,48.88
2016-06-28,47.85,50.59
2016-06-29,49.88,52.59
2016-06-30,48.33,51.02
2016-07-01,48.99,51.77
2016-07-05,46.60,49.54
2016-07-06,47.43,50.36
2016-07-07,45.14,48.12
2016-07-08,45.41,48.44
2016-07-11,44.76,48.17
2016-07-12,46.80,50.12
2016-07-13,44.75,47.99
2016-07-14,45.68,49.05
2016-07-15,45.95,49.09
2016-07-18,45.24,48.45
2016-07-19,44.65,48.21
2016-07-20,44.94,48.51
2016-07-21,44.75,48.01
2016-07-22,44.19,47.37
2016-07-25,43.13,46.51
2016-07-26,42.92,46.35
2016-07-27,41.92,45.18
2016-07-28,41.14,44.5
2016-07-29,41.60,45.06
2016-08-01,40.06,43.66
2016-08-02,39.51,43.21
2016-08-03,40.83,44.32
2016-08-04,41.93,45.34
2016-08-05,41.80,45.26
2016-08-08,43.02,46.33
2016-08-09,42.77,46.04
2016-08-10,41.71,45.24
2016-08-11,43.49,46.91
2016-08-12,44.49,47.7
2016-08-15,45.74,48.85
2016-08-16,46.58,49.65
2016-08-17,46.79,50.12
2016-08-18,48.22,51.27
2016-08-19,48.52,51.36
2016-08-22,47.05,49.75
2016-08-23,48.10,50.97
2016-08-24,46.77,49.81
2016-08-25,47.33,50.38
2016-08-26,47.64,50.67
2016-08-29,46.98,49.99
2016-08-30,46.35,49.3
2016-08-31,44.70,47.54
2016-09-01,43.16,46.01
2016-09-02,44.44,47.29
2016-09-06,44.83,47.84
2016-09-07,45.50,48.6
2016-09-08,47.62,50.71
2016-09-09,45.88,48.83
2016-09-12,46.29,49.19
2016-09-13,44.90,47.97
2016-09-14,43.58,46.7
2016-09-15,43.91,47.18
2016-09-16,43.03,46.32
2016-09-19,43.30,46.52
2016-09-20,43.44,46.56
2016-09-21,45.34,48.06
2016-09-22,46.32,49.03
2016-09-23,44.48,47.31
2016-09-26,45.93,48.68
2016-09-27,44.67,47.39
2016-09-28,47.05,49.65
2016-09-29,47.83,50.37
2016-09-30,48.24,50.81
2016-10-03,48.81,51.48
2016-10-04,48.69,51.47
2016-10-05,49.83,52.38
2016-10-06,50.44,52.92
2016-10-07,49.81,52.38
2016-10-10,51.35,53.65
2016-10-11,50.79,52.98
2016-10-12,50.18,52.46
2016-10-13,50.44,52.69
2016-10-14,50.35,52.54
2016-10-17,49.94,52.3
2016-10-18,50.29,52.54
2016-10-19,51.60,53.55
2016-10-20,50.43,52.57
2016-10-21,50.85,53.37
2016-10-24,50.52,53.27
2016-10-25,49.96,52.69
2016-10-26,49.18,51.89
2016-10-27,49.72,52.34
2016-10-28,48.70,51.39
2016-10-31,46.86,49.55
2016-11-01,46.67,49.34
2016-11-02,45.34,48.17
2016-11-03,44.66,47.61
2016-11-04,44.07,47.03
2016-11-07,44.89,47.86
2016-11-08,44.98,48.16
2016-11-09,45.27,48.65
2016-11-10,44.66,48.18
2016-11-11,43.41,46.97
2016-11-14,43.32,46.52
2016-11-15,45.81,48.79
2016-11-16,45.57,48.58
2016-11-17,45.42,48.7
2016-11-18,45.69,49.07
2016-11-21,47.49,51.03
2016-11-22,48.03,51.49
2016-11-23,47.96,51.41
2016-11-25,46.06,49.61
2016-11-28,47.08,50.55
2016-11-29,45.23,48.73
2016-11-30,49.44,52.73
2016-12-01,51.06,54.15
2016-12-02,51.68,54.83
2016-12-05,51.79,55.26
2016-12-06,50.93,54.47
2016-12-07,49.77,53.59
2016-12-08,50.84,54.25
2016-12-09,51.50,54.69
2016-12-12,52.83,55.85
2016-12-13,52.98,56.15
2016-12-14,51.04,54.64
2016-12-15,50.90,54.53
2016-12-16,51.90,55.4
2016-12-19,52.12,55.38
2016-12-20,52.23,55.82
2016-12-21,52.49,55.33
2016-12-22,52.95,55.84
2016-12-23,53.02,55.92
2016-12-27,53.90,56.66
2016-12-28,54.06,56.88
2016-12-29,53.77,56.82
2016-12-30,53.72,56.76
2017-01-03,52.33,55.65
2017-01-04,53.26,56.63
2017-01-05,53.76,57.01
2017-01-06,53.99,57.21
2017-01-09,51.96,55.43
2017-01-10,50.82,54.27
2017-01-11,52.25,55.56
2017-01-12,53.01,56.4
2017-01-13,52.37,55.67
2017-01-17,52.48,55.73
2017-01-18,51.08,54.35
2017-01-19,51.37,54.45
2017-01-20,52.42,55.54
2017-01-23,52.75,55.33
2017-01-24,53.18,55.54
2017-01-25,52.75,55.02
2017-01-26,53.78,55.85
2017-01-27,53.17,55.15
2017-01-30,52.63,54.78
2017-01-31,52.81,54.9
2017-02-01,53.88,55.85
2017-02-02,53.54,55.57
2017-02-03,53.83,55.91
2017-02-06,53.01,55.14
2017-02-07,52.17,54.24
2017-02-08,52.34,54.27
2017-02-09,53.00,54.76
2017-02-10,53.86,55.69
2017-02-13,52.93,54.76
2017-02-14,53.20,54.98
2017-02-15,53.11,54.75
2017-02-16,53.36,54.64
2017-02-17,53.40,54.68
2017-02-21,54.06,55.04
2017-02-22,53.59,54.54
2017-02-23,54.45,55.27
2017-02-24,53.99,54.94
2017-02-27,54.05,55.09
2017-02-28,54.01,55.25
2017-03-01,53.83,55.14
2017-03-02,52.61,54.01
2017-03-03,53.33,54.7
2017-03-06,53.20,54.76
2017-03-07,53.14,54.65
2017-03-08,50.28,51.96
2017-03-09,49.28,51.01
2017-03-10,48.49,50.18
2017-03-13,48.40,50.13
2017-03-14,47.72,49.64
2017-03-15,48.86,50.47
2017-03-16,48.75,50.28
2017-03-17,48.78,50.38
2017-03-20,48.22,50.21
2017-03-21,47.34,49.69
2017-03-22,48.04,49.61
2017-03-23,47.70,49.26
2017-03-24,47.97,49.48
2017-03-27,47.73,49.39
2017-03-28,48.37,49.89
2017-03-29,49.51,50.88
2017-03-30,50.35,51.64
2017-03-31,50.60,51.95
2017-04-03,50.24,51.72
2017-04-04,51.03,52.52
2017-04-05,51.15,52.57
2017-04-06,51.70,53.03
2017-04-07,52.24,53.43
2017-04-10,53.08,54.29
2017-04-11,53.40,54.6
2017-04-12,53.11,54.45
2017-04-13,53.18,54.55
2017-04-17,52.65,54.13
2017-04-18,52.41,53.87
2017-04-19,50.44,51.9
2017-04-20,50.27,51.82
2017-04-21,49.62,51.01
2017-04-24,49.23,50.63
2017-04-25,49.56,50.81
2017-04-26,49.62,50.84
2017-04-27,48.97,50.18
2017-04-28,49.33,50.46
2017-05-01,48.84,50.03
2017-05-02,47.66,48.93
2017-05-03,47.82,49.14
2017-05-04,45.52,47
2017-05-05,46.22,47.75
2017-05-08,46.43,48.07
2017-05-09,45.88,47.48
2017-05-10,47.33,48.77
2017-05-11,47.83,49.23
2017-05-12,47.84,49.08
2017-05-15,48.85,49.94
2017-05-16,48.66,49.95
2017-05-17,49.07,50.38
2017-05-18,49.35,50.5
2017-05-19,50.33,51.45
2017-05-22,50.73,51.95
2017-05-23,51.47,52.3
2017-05-24,51.36,52.09
2017-05-25,48.90,49.76
2017-05-26,49.80,50.59
2017-05-30,49.66,50.48
2017-05-31,48.32,49.12
2017-06-01,48.36,49.22
2017-06-02,47.66,48.51
2017-06-05,47.40,48.22
2017-06-06,48.19,48.88
2017-06-07,45.72,46.87
2017-06-08,45.64,46.85
2017-06-09,45.83,46.97
2017-06-12,46.08,47.15
2017-06-13,46.46,47.45
2017-06-14,44.73,45.82
2017-06-15,44.46,45.67
2017-06-16,44.74,45.94
2017-06-19,44.20,45.46
2017-06-20,43.23,44.58
2017-06-21,42.53,43.78
2017-06-22,42.74,44.01
2017-06-23,43.01,44.34
2017-06-26,43.38,44.65
2017-06-27,44.24,45.57
2017-06-28,44.74,46.08
2017-06-29,44.93,46.29
2017-06-30,46.04,47.31
2017-07-03,47.07,48.26
2017-07-05,45.13,46.38
2017-07-06,45.52,46.66
2017-07-07,44.23,45.33
2017-07-10,44.40,45.58
2017-07-11,45.04,46.17
2017-07-12,45.49,46.45
2017-07-13,46.08,47
2017-07-14,46.54,47.55
2017-07-17,46.02,47.16
2017-07-18,46.40,47.49
2017-07-19,47.12,48.22
2017-07-20,46.79,47.83
2017-07-21,45.77,46.87
2017-07-24,46.34,47.34
2017-07-25,47.89,48.68
2017-07-26,48.75,49.3
2017-07-27,49.04,49.6
2017-07-28,49.71,50.08
2017-07-31,50.17,50.56
2017-08-01,49.16,49.78
2017-08-02,49.59,50.18
2017-08-03,49.03,49.69
2017-08-04,49.58,50.23
2017-08-07,49.39,50.17
2017-08-08,49.17,49.95
2017-08-09,49.56,50.26
2017-08-10,48.59,49.2
2017-08-11,48.82,49.46
2017-08-14,47.59,48.33
2017-08-15,47.55,48.23
2017-08-16,46.78,47.54
2017-08-17,47.09,47.76
2017-08-18,48.51,49.11
2017-08-21,47.37,47.98
2017-08-22,47.64,48.47
2017-08-23,48.41,49.22
2017-08-24,47.43,48.4
2017-08-25,47.87,48.83
2017-08-28,46.57,47.88
2017-08-29,46.44,48.22
2017-08-30,45.96,47.65
2017-08-31,47.23,49.5
2017-09-01,47.29,49.55
2017-09-05,48.66,50.26
2017-09-06,49.16,50.66
2017-09-07,49.09,50.64
2017-09-08,47.48,49.46
2017-09-11,48.07,49.88
2017-09-12,48.23,49.9
2017-09-13,49.30,50.66
2017-09-14,49.89,51.17
2017-09-15,49.89,51.44
2017-09-18,49.91,51.18
2017-09-19,49.48,50.82
2017-09-20,50.41,51.56
2017-09-21,50.55,51.54
2017-09-22,50.66,51.6
2017-09-25,52.22,52.86
2017-09-26,51.88,52.6
2017-09-27,52.14,52.74
2017-09-28,51.56,52.23
2017-09-29,51.67,52.21
2017-10-02,50.58,51.35
2017-10-03,50.42,51.25
2017-10-04,49.98,50.99
2017-10-05,50.79,51.84
2017-10-06,49.29,50.36
2017-10-09,49.58,50.63
2017-10-10,50.92,51.73
2017-10-11,51.30,52.09
2017-10-12,50.60,51.55
2017-10-13,51.45,52.26
2017-10-16,51.87,52.63
2017-10-17,51.88,52.47
2017-10-18,52.04,52.66
2017-10-19,51.29,52.01
2017-10-20,51.47,52.3
2017-10-23,51.90,52.25
2017-10-24,52.47,52.87
2017-10-25,52.18,52.78
2017-10-26,52.64,53.13
2017-10-27,53.90,54.13
2017-10-30,54.15,54.41
2017-10-31,54.38,54.54
2017-11-01,54.30,54.47
2017-11-02,54.54,54.77
2017-11-03,55.64,55.81
2017-11-06,57.35,57.48
2017-11-07,57.20,57.45
2017-11-08,56.81,57.24
2017-11-09,57.17,57.58
2017-11-10,56.74,57.28
2017-11-13,56.76,57.31
2017-11-14,55.70,56.19
2017-11-15,55.33,55.86
2017-11-16,55.14,55.67
2017-11-17,56.55,56.81
2017-11-20,56.09,56.53
2017-11-21,56.83,56.57
2017-11-22,58.02,57.24
2017-11-24,58.95,57.81
2017-11-27,58.11,57.41
2017-11-28,57.99,57.4
2017-11-29,57.30,56.75
2017-11-30,57.40,56.82
2017-12-01,58.36,57.66
2017-12-04,57.47,56.87
2017-12-05,57.62,57.21
2017-12-06,55.96,55.86
2017-12-07,56.69,56.52
2017-12-08,57.36,57.23
2017-12-11,57.99,57.72
2017-12-12,57.14,56.78
2017-12-13,56.60,56.05
2017-12-14,57.04,56.63
2017-12-15,57.30,56.77
2017-12-18,57.16,56.98
2017-12-19,57.46,57.35
2017-12-20,58.09,57.63
2017-12-21,58.36,57.88
2017-12-22,58.47,58.12
2017-12-26,59.97,59.39
2017-12-27,59.64,59.17
2017-12-28,59.84,59.27
2017-12-29,60.42,59.76
2018-01-02,60.37,59.72
2018-01-03,61.63,60.58
2018-01-04,62.01,60.87
2018-01-05,61.44,60.62
2018-01-08,61.73,60.99
2018-01-09,62.96,61.9
2018-01-10,63.57,62.32
2018-01-11,63.80,62.52
2018-01-12,64.30,63.05
2018-01-16,63.73,62.6
2018-01-17,63.97,62.85
2018-01-18,63.95,62.85
2018-01-19,63.37,62.33
2018-01-22,63.49,62.62
2018-01-23,64.47,62.98
2018-01-24,65.61,63.58
2018-01-25,65.51,63.75
2018-01-26,66.14,64.2
2018-01-29,65.56,63.7
2018-01-30,64.50,62.83
2018-01-31,64.73,63.02
2018-02-01,65.80,63.77
2018-02-02,65.45,62.95
2018-02-05,64.15,61.92
2018-02-06,63.39,61.21
2018-02-07,61.79,59.86
2018-02-08,61.15,59.39
2018-02-09,59.20,57.45
2018-02-12,59.29,57.46
2018-02-13,59.19,57.58
2018-02-14,60.60,59
2018-02-15,61.34,59.17
2018-02-16,61.68,59.63
2018-02-20,61.90,60.23
2018-02-21,61.68,59.78
2018-02-22,62.77,60.7
2018-02-23,63.55,61.61
2018-02-26,63.91,61.92
2018-02-27,63.01,61.17
2018-02-28,61.64,59.58
2018-03-01,60.99,58.92
2018-03-02,61.25,59.36
2018-03-05,62.57,60.55
2018-03-06,62.60,60.7
2018-03-07,61.15,59.45
2018-03-08,60.12,58.84
2018-03-09,62.04,60.42
2018-03-12,61.36,60.06
2018-03-13,60.71,59.67
2018-03-14,60.96,59.89
2018-03-15,61.19,60.04
2018-03-16,62.34,61.03
2018-03-19,62.06,60.67
2018-03-20,63.40,61.83
2018-03-21,65.17,62.82
2018-03-22,64.30,62.3
2018-03-23,65.88,63.56
2018-03-26,65.55,63.33
2018-03-27,65.25,63.3
2018-03-28,64.38,62.54
2018-03-29,64.94,62.92
2018-04-02,63.01,61.24
2018-04-03,63.51,61.78
2018-04-04,63.37,61.74
2018-04-05,63.54,62.12
2018-04-06,62.06,60.87
2018-04-09,63.42,62.08
2018-04-10,65.51,63.6
2018-04-11,66.82,64.77
2018-04-12,67.07,64.8
2018-04-13,67.39,65.23
2018-04-16,66.22,64.35
2018-04-17,66.52,64.65
2018-04-18,68.47,66.2
2018-04-19,68.29,66.26
2018-04-20,68.38,66.43
2018-04-23,68.64,66.25
2018-04-24,67.70,65.51
2018-04-25,68.05,65.87
2018-04-26,68.19,66.11
2018-04-27,68.10,65.97
2018-04-30,68.57,66.54
2018-05-01,67.25,65.26
2018-05-02,67.93,65.69
2018-05-03,68.43,66.12
2018-05-04,69.72,67.52
2018-05-07,70.73,68.69
2018-05-08,69.06,67.18
2018-05-09,71.14,69.22
2018-05-10,71.36,69.67
2018-05-11,70.70,69.24
2018-05-14,70.96,69.63
2018-05-15,71.31,69.78
2018-05-16,71.49,69.99
2018-05-17,71.49,69.86
2018-05-18,71.28,69.57
2018-05-21,72.24,70.42
2018-05-22,72.13,70.52
2018-05-23,71.84,69.87
2018-05-24,70.71,68.79
2018-05-25,67.88,66.36
2018-05-29,66.73,65.21
2018-05-30,68.21,66.44
2018-05-31,67.04,65.52
2018-06-01,65.81,64.78
2018-06-04,64.75,63.91
2018-06-05,65.52,64.47
2018-06-06,64.73,63.95
2018-06-07,65.95,64.95
2018-06-08,65.74,64.73
2018-06-11,66.10,64.97
2018-06-12,66.36,65.16
2018-06-13,66.64,65.5
2018-06-14,66.89,65.29
2018-06-15,65.06,63.52
2018-06-18,65.85,64.3
2018-06-19,65.07,63.72
2018-06-20,66.22,64.19
2018-06-21,65.54,63.22
2018-06-22,68.58,65.56
2018-06-25,68.08,65.11
2018-06-26,70.53,66.74
2018-06-27,72.76,68.04
2018-06-28,73.45,68.15
2018-06-29,74.15,68.85
2018-07-02,73.94,67.23
2018-07-03,74.14,66.92
2018-07-05,72.94,67.24
2018-07-06,73.80,67.62
2018-07-09,73.85,68.32
2018-07-10,74.11,68.81
2018-07-11,70.38,65.24
2018-07-12,70.33,66.5
2018-07-13,71.01,67.15
2018-07-16,68.06,64.34
2018-07-17,68.08,64.54
2018-07-18,68.76,65.19
2018-07-19,69.46,65.26
2018-07-20,70.46,65.57
2018-07-23,67.89,65.55
2018-07-24,68.52,65.85
2018-07-25,69.30,66.61
2018-07-26,69.61,67.02
2018-07-27,68.69,66.37
2018-07-30,70.13,67.38
2018-07-31,68.76,66.31
2018-08-01,67.66,65.04
2018-08-02,68.96,66.01
2018-08-03,68.49,65.87
2018-08-06,69.01,66.37
2018-08-07,69.17,66.96
2018-08-08,66.94,64.97
2018-08-09,66.81,64.96
2018-08-10,67.63,65.64
2018-08-13,67.20,65.31
2018-08-14,67.04,65.16
2018-08-15,65.01,63.54
2018-08-16,65.46,63.93
2018-08-17,65.91,64.15
2018-08-20,66.43,64.27
2018-08-21,67.35,64.64
2018-08-22,67.86,66.36
2018-08-23,67.83,66.41
2018-08-24,68.72,67.18
2018-08-27,68.87,67.39
2018-08-28,68.53,67.12
2018-08-29,69.51,67.99
2018-08-30,70.25,68.54
2018-08-31,69.80,68.16
2018-09-04,69.87,68.45
2018-09-05,68.72,67.42
2018-09-06,67.77,66.58
2018-09-07,67.75,66.73
2018-09-10,67.54,66.8
2018-09-11,69.25,68.28
2018-09-12,70.37,69.41
2018-09-13,68.59,67.91
2018-09-14,68.99,68.2
2018-09-17,68.91,68.15
2018-09-18,69.85,68.94
2018-09-19,71.12,69.78
2018-09-20,70.80,69.46
2018-09-21,70.78,69.36
2018-09-24,72.08,70.86
2018-09-25,72.28,71.3
2018-09-26,71.57,70.71
2018-09-27,72.12,71.26
2018-09-28,73.25,72.31
2018-10-01,75.30,74.5
2018-10-02,75.23,74.51
2018-10-03,76.41,75.7
2018-10-04,74.33,73.84
2018-10-05,74.34,73.88
2018-10-08,74.29,73.7
2018-10-09,74.96,74.33
2018-10-10,73.17,72.72
2018-10-11,70.97,70.5
2018-10-12,71.34,70.89
2018-10-15,71.78,71.32
2018-10-16,71.92,71.54
2018-10-17,69.75,69.75
2018-10-18,68.65,68.79
2018-10-19,69.12,69.46
2018-10-22,69.17,69.75
2018-10-23,66.43,67.07
2018-10-24,66.82,67.3
2018-10-25,67.33,67.72
2018-10-26,67.59,68.05
2018-10-29,67.04,67.7
2018-10-30,66.18,66.76
2018-10-31,65.31,65.99
2018-11-01,63.69,64.32
2018-11-02,63.14,63.84
2018-11-05,63.10,63.75
2018-11-06,62.21,62.94
2018-11-07,61.67,62.66
2018-11-08,60.67,61.77
2018-11-09,60.19,61.16
2018-11-12,59.93,60.89
2018-11-13,55.69,56.68
2018-11-14,56.25,57.29
2018-11-15,56.46,57.46
2018-11-16,56.46,57.43
2018-11-19,56.76,57.66
2018-11-20,53.43,54
2018-11-21,54.63,55.32
2018-11-23,50.42,51.17
2018-11-26,51.63,52.33
2018-11-27,51.56,52.28
2018-11-28,50.29,51.15
2018-11-29,51.45,52.2
2018-11-30,50.93,51.6
2018-12-03,52.95,53.83
2018-12-04,53.25,54.32
2018-12-05,52.89,54.06
2018-12-06,51.49,52.78
2018-12-07,52.61,53.82
2018-12-10,51.00,52.16
2018-12-11,51.65,52.63
2018-12-12,51.15,52.4
2018-12-13,52.58,53.88
2018-12-14,51.20,52.68
2018-12-17,49.88,51.65
2018-12-18,46.24,48.06
2018-12-19,47.20,49.55
2018-12-20,45.88,47.55
2018-12-21,45.59,47.28
2018-12-24,42.53,44.27
2018-12-26,46.22,47.96
2018-12-27,44.61,46.39
2018-12-28,45.33,46.95
2018-12-31,45.41,47.3
2019-01-02,46.54,48.54
2019-01-03,47.09,49.09
2019-01-04,47.96,49.96
2019-01-07,48.52,50.42
2019-01-08,49.78,51.74
2019-01-09,52.36,54.3
2019-01-10,52.59,54.53
2019-01-11,51.59,53.46
2019-01-14,50.51,52.3
2019-01-15,52.11,53.78
2019-01-16,52.31,54.09
2019-01-17,52.07,53.91
2019-01-18,53.80,55.27
2019-01-22,52.57,54.44
2019-01-23,52.62,54.34
2019-01-24,53.13,54.66
2019-01-25,53.69,55.16
2019-01-28,51.99,53.59
2019-01-29,53.31,54.81
2019-01-30,54.23,55.41
2019-01-31,53.79,55.04
2019-02-01,55.26,56.71
2019-02-04,54.56,56.33
2019-02-05,53.66,55.67
2019-02-06,54.01,56.07
2019-02-07,52.64,54.75
2019-02-08,52.72,54.81
2019-02-11,52.41,54.6
2019-02-12,53.10,55.34
2019-02-13,53.90,56.24
2019-02-14,54.41,56.72
2019-02-15,55.59,57.97
2019-02-19,56.09,58.32
2019-02-20,56.92,58.9
2019-02-21,56.96,59.05
2019-02-22,57.26,59.32
2019-02-25,55.48,57.52
2019-02-26,55.50,57.72
2019-02-27,56.94,58.96
2019-02-28,57.22,59.06
2019-03-01,55.80,57.75
2019-03-04,56.59,58.55
2019-03-05,56.56,58.54
2019-03-06,56.22,58.31
2019-03-07,56.66,58.61
2019-03-08,56.07,57.94
2019-03-11,56.79,58.55
2019-03-12,56.87,58.64
2019-03-13,58.26,59.81
2019-03-14,58.61,59.97
2019-03-15,58.52,59.89
2019-03-18,59.09,60.31
2019-03-19,59.03,60.29
2019-03-20,59.83,61.06
2019-03-21,59.98,60.73
2019-03-22,59.04,59.92
2019-03-25,58.82,59.75
2019-03-26,59.94,60.34
2019-03-27,59.41,59.96
2019-03-28,59.30,59.82
2019-03-29,60.14,60.47
2019-04-01,61.59,61.65
2019-04-02,62.58,62.27
2019-04-03,62.46,62.31
2019-04-04,62.10,62.14
2019-04-05,63.08,62.88
2019-04-08,64.40,63.57
2019-04-09,63.98,63.28
2019-04-10,64.61,64.11
2019-04-11,63.58,63.38
2019-04-12,63.89,63.76
2019-04-15,63.40,63.51
2019-04-16,64.05,64
2019-04-17,63.76,63.78
2019-04-18,64.00,63.83
2019-04-22,65.70,64.87
2019-04-23,66.30,65.1
2019-04-24,65.89,64.93
2019-04-25,65.21,64.57
2019-04-26,63.30,62.8
2019-04-29,63.50,62.98
2019-04-30,63.91,63.38
2019-05-01,63.60,63.2
2019-05-02,61.81,61.57
2019-05-03,61.94,61.64
2019-05-06,62.25,61.99
2019-05-07,61.40,61.06
2019-05-08,62.12,61.82
2019-05-09,61.70,61.49
2019-05-10,61.66,61.49
2019-05-13,61.04,61.02
2019-05-14,61.78,61.87
2019-05-15,62.02,62.28
2019-05-16,62.87,62.94
2019-05-17,62.76,62.66
2019-05-20,63.10,62.91
2019-05-21,62.99,62.88
2019-05-22,61.42,60.97
2019-05-23,57.91,57.57
2019-05-24,58.63,58.35
2019-05-28,59.14,59.2
2019-05-29,58.81,58.66
2019-05-30,56.59,56.53
2019-05-31,53.50,53.55
2019-06-03,53.25,53.29
2019-06-04,53.48,53.56
2019-06-05,51.68,51.78
2019-06-06,52.59,52.63
2019-06-07,53.99,54.1
2019-06-10,53.26,53.58
2019-06-11,53.27,53.75
2019-06-12,51.14,51.69
2019-06-13,52.28,52.81
2019-06-14,52.51,52.98
2019-06-17,51.93,52.36
2019-06-18,53.90,54
2019-06-19,53.76,53.83
2019-06-20,56.65,56.7
2019-06-21,57.43,56.79
2019-06-24,57.90,57.15
2019-06-25,57.83,57.24
2019-06-26,59.38,58.64
2019-06-27,59.43,58.67
2019-06-28,58.47,57.71
2019-07-01,59.09,58.32
2019-07-02,56.25,55.83
2019-07-03,57.34,57.09
2019-07-05,57.51,57.17
2019-07-08,57.66,57.32
2019-07-09,57.83,57.52
2019-07-10,60.43,59.89
2019-07-11,60.20,59.65
2019-07-12,60.21,59.7
2019-07-15,59.58,59.07
2019-07-16,57.62,57.19
2019-07-17,56.78,56.62
2019-07-18,55.30,55.22
2019-07-19,55.63,55.72
2019-07-22,56.22,56.18
2019-07-23,56.77,56.54
2019-07-24,55.88,55.79
2019-07-25,56.02,56.04
2019-07-26,56.20,56.21
2019-07-29,56.87,56.67
2019-07-30,58.05,57.58
2019-07-31,58.58,58.08
2019-08-01,53.95,53.63
2019-08-02,55.66,55.22
2019-08-05,54.69,53.89
2019-08-06,53.63,53.08
2019-08-07,51.09,50.59
2019-08-08,52.54,51.64
2019-08-09,54.50,53.16
2019-08-12,54.93,53.49
2019-08-13,57.10,55.86
2019-08-14,55.23,54.03
2019-08-15,54.47,52.99
2019-08-16,54.87,53.19
2019-08-19,56.21,54.28
2019-08-20,56.34,54.47
2019-08-21,55.68,54.17
2019-08-22,55.35,53.87
2019-08-23,54.17,52.82
2019-08-26,53.64,52.34
2019-08-27,54.93,53.46
2019-08-28,55.78,54.2
2019-08-29,56.71,54.8
2019-08-30,55.10,53.43
2019-09-03,53.94,52.52
2019-09-04,56.26,54.75
2019-09-05,56.30,54.8
2019-09-06,56.52,55.1
2019-09-09,57.85,56.18
2019-09-10,57.40,55.78
2019-09-11,55.75,54.45
2019-09-12,55.09,53.96
2019-09-13,54.85,53.61
2019-09-16,62.90,59.31
2019-09-17,59.34,56.62
2019-09-18,58.11,56.05
2019-09-19,58.13,56.37
2019-09-20,58.09,56.38
2019-09-23,58.64,56.42
2019-09-24,57.29,55.14
2019-09-25,56.49,54.54
2019-09-26,56.41,54.45
2019-09-27,55.91,54
2019-09-30,54.07,52.49
2019-10-01,53.62,52.15
2019-10-02,52.64,51.31
2019-10-03,52.45,51.27
2019-10-04,52.81,51.76
2019-10-07,52.75,51.89
2019-10-08,52.63,51.9
2019-10-09,52.59,51.92
2019-10-10,53.55,52.74
2019-10-11,54.70,54.1
2019-10-14,53.59,53.27
2019-10-15,52.81,52.47
2019-10-16,53.36,52.97
2019-10-17,53.93,53.36
2019-10-18,53.78,53.08
2019-10-21,53.31,52.94
2019-10-22,54.16,53.77
2019-10-23,55.97,54.77
2019-10-24,56.23,55.09
2019-10-25,56.66,55.55
2019-10-28,55.81,55.01
2019-10-29,55.54,54.89
2019-10-30,55.06,53.95
2019-10-31,54.18,53.31
2019-11-01,56.20,55.2
2019-11-04,56.54,55.45
2019-11-05,57.23,56.03
2019-11-06,56.35,54.96
2019-11-07,57.15,55.67
2019-11-08,57.24,55.99
2019-11-11,56.86,55.78
2019-11-12,56.80,55.84
2019-11-13,57.12,56.13
2019-11-14,56.77,55.78
2019-11-15,57.72,56.57
2019-11-18,57.05,55.88
2019-11-19,55.21,54.36
2019-11-20,57.11,55.84
2019-11-21,58.58,56.64
2019-11-22,57.77,56.12
2019-11-25,58.01,56.44
2019-11-26,58.41,56.87
2019-11-27,58.11,56.77
2019-11-29,55.17,54.1
2019-12-02,55.96,54.84
2019-12-03,56.10,54.86
2019-12-04,58.43,56.77
2019-12-05,58.43,56.82
2019-12-06,59.20,57.43
2019-12-09,59.02,57.43
2019-12-10,59.24,57.72
2019-12-11,58.76,57.15
2019-12-12,59.18,57.53
2019-12-13,60.07,58.33
2019-12-16,60.21,58.56
2019-12-17,60.94,59.09
2019-12-18,60.93,59.18
2019-12-19,61.22,59.43
2019-12-20,60.44,58.54
2019-12-23,60.52,58.67
2019-12-24,61.11,59.24
2019-12-26,61.68,59.63
2019-12-27,61.72,59.7
2019-12-30,61.68,59.57
2019-12-31,61.06,58.87
2020-01-02,61.18,59.25
2020-01-03,63.05,60.83
2020-01-06,63.27,61.06
2020-01-07,62.70,60.76
2020-01-08,59.61,58.05
2020-01-09,59.56,58.19
2020-01-10,59.04,57.92
2020-01-13,58.08,57.22
2020-01-14,58.23,57.41
2020-01-15,57.81,56.94
2020-01-16,58.52,57.46
2020-01-17,58.54,57.54
2020-01-21,58.34,57.47
2020-01-22,56.74,55.71
2020-01-23,55.59,54.67
2020-01-24,54.19,53.24
2020-01-27,53.14,52.44
2020-01-28,53.48,52.78
2020-01-29,53.33,52.81
2020-01-30,52.14,51.89
2020-01-31,51.56,51.59
2020-02-03,50.11,50.53
2020-02-04,49.61,50.26
2020-02-05,50.75,51.36
2020-02-06,50.95,51.77
2020-02-07,50.32,51.31
2020-02-10,49.57,50.6
2020-02-11,49.94,51.01
2020-02-12,51.17,52.11
2020-02-13,51.42,52.31
2020-02-14,52.05,52.85
2020-02-18,52.05,52.94
2020-02-19,53.29,53.9
2020-02-20,53.78,53.98
2020-02-21,53.38,53.2
2020-02-24,51.43,51.66
2020-02-25,49.90,50.06
2020-02-26,48.73,48.99
2020-02-27,47.09,47.72
2020-02-28,44.76,45.46
2020-03-02,46.75,47.25
2020-03-03,47.18,47.57
2020-03-04,46.78,47.36
2020-03-05,45.90,46.54
2020-03-06,41.28,42.64
2020-03-09,31.13,33.66
2020-03-10,34.36,36.56
2020-03-11,32.98,35.56
2020-03-12,31.50,34.43
2020-03-13,31.73,34.36
2020-03-16,28.70,31.6
2020-03-17,26.95,30.71
2020-03-18,20.37,25.57
2020-03-19,25.22,29.9
2020-03-20,22.43,28.02
2020-03-23,23.36,30.17
2020-03-24,24.01,30.94
2020-03-25,24.49,32.14
2020-03-26,22.60,31.62
2020-03-27,21.51,32.14
2020-03-30,20.09,32.03
2020-03-31,20.48,32.08
2020-04-01,20.31,30.52
2020-04-02,25.32,32
2020-04-03,28.34,33.62
2020-04-06,26.08,33.77
2020-04-07,23.63,33.9
2020-04-08,25.09,34.3
2020-04-09,22.76,33.96
2020-04-13,22.41,35.53
2020-04-14,20.11,35.18
2020-04-15,19.87,32.89
2020-04-16,19.87,32.52
2020-04-17,18.27,32.71
2020-04-20,-37.63,30.81
2020-04-21,10.01,24.73
2020-04-22,13.78,28.07
2020-04-23,16.50,27.85
2020-04-24,16.94,27.67
2020-04-27,12.78,26.47
2020-04-28,12.34,26.48
2020-04-29,15.06,27.01
2020-04-30,18.84,28.72
2020-05-01,19.78,27.74
2020-05-04,20.39,28.19
2020-05-05,24.56,30.95
2020-05-06,23.99,29.78
2020-05-07,23.55,29.45
2020-05-08,24.74,31.27
2020-05-11,24.14,29.87
2020-05-12,25.78,29.97
2020-05-13,25.29,29.37
2020-05-14,27.56,30.57
2020-05-15,29.43,31.56
2020-05-18,31.82,33.66
2020-05-19,32.50,33.77
2020-05-20,33.49,35.23
2020-05-21,33.92,35.7
2020-05-22,33.25,35.18
2020-05-26,34.35,36.21
2020-05-27,32.81,34.81
2020-05-28,33.71,35.49
2020-05-29,35.49,36.92
2020-06-01,35.44,36.9
2020-06-02,36.81,37.91
2020-06-03,37.29,38.44
2020-06-04,37.41,38.68
2020-06-05,39.55,40.42
2020-06-08,38.19,39.1
2020-06-09,38.94,39.82
2020-06-10,39.60,40.33
2020-06-11,36.34,37.4
2020-06-12,36.26,37.42
2020-06-15,37.12,38.43
2020-06-16,38.38,39.51
2020-06-17,37.96,38.9
2020-06-18,38.84,39.63
2020-06-19,39.75,40.19
2020-06-22,40.46,41.12
2020-06-23,40.37,40.89
2020-06-24,38.01,38.87
2020-06-25,38.72,39.57
2020-06-26,38.49,39.19
2020-06-29,39.70,40.28
2020-06-30,39.27,39.78
2020-07-01,39.82,40.44
2020-07-02,40.65,41.18
2020-07-06,40.63,41.2
2020-07-07,40.62,41.17
2020-07-08,40.90,41.54
2020-07-09,39.62,40.57
2020-07-10,40.55,41.4
2020-07-13,40.10,40.93
2020-07-14,40.29,41.16
2020-07-15,41.20,41.91
2020-07-16,40.75,41.51
2020-07-17,40.59,41.42
2020-07-20,40.81,41.54
2020-07-21,41.96,42.34
2020-07-22,41.90,42.51
2020-07-23,41.07,41.79
2020-07-24,41.29,42.18
2020-07-27,41.60,42.53
2020-07-28,41.04,42.15
2020-07-29,41.27,42.45
2020-07-30,39.92,41.44
2020-07-31,40.27,41.75
2020-08-03,41.01,42.56
2020-08-04,41.70,42.98
2020-08-05,42.19,43.56
2020-08-06,41.95,43.46
2020-08-07,41.22,42.76
2020-08-10,41.94,43.33
2020-08-11,41.61,43.06
2020-08-12,42.67,44.01
2020-08-13,42.24,43.7
2020-08-14,42.01,43.58
2020-08-17,42.89,44.34
2020-08-18,42.89,44.33
2020-08-19,42.93,44.26
2020-08-20,42.58,43.99
2020-08-21,42.34,43.77
2020-08-24,42.62,44.17
2020-08-25,43.35,44.75
2020-08-26,43.39,44.81
2020-08-27,43.04,44.4
2020-08-28,42.97,44.51
2020-08-31,42.61,44.06
2020-09-01,42.76,44.33
2020-09-02,41.51,43.27
2020-09-03,41.37,43.2
2020-09-04,39.77,41.83
2020-09-08,36.76,39.11
2020-09-09,38.05,40.18
2020-09-10,37.30,39.52
2020-09-11,37.33,39.45
2020-09-14,37.26,39.37
2020-09-15,38.28,40.25
2020-09-16,40.16,41.83
2020-09-17,40.97,42.53
2020-09-18,41.11,42.54
2020-09-21,39.31,40.87
2020-09-22,39.60,41.06
2020-09-23,39.93,41.46
2020-09-24,40.31,41.87
2020-09-25,40.25,41.74
2020-09-28,40.60,42.11
2020-09-29,39.29,40.88
2020-09-30,40.22,41.78
2020-10-01,38.72,40.48
2020-10-02,37.05,38.92
2020-10-05,39.22,40.98
2020-10-06,40.67,42.23
2020-10-07,39.95,41.57
2020-10-08,41.19,42.68
2020-10-09,40.60,42.16
2020-10-12,39.43,41.12
2020-10-13,40.20,41.8
2020-10-14,41.04,42.48
2020-10-15,40.96,42.32
2020-10-16,40.88,42.17
2020-10-19,40.83,42.13
2020-10-20,41.46,42.72
2020-10-21,40.03,41.37
2020-10-22,40.64,41.95
2020-10-23,39.85,41.18
2020-10-26,38.56,40.07
2020-10-27,39.57,40.94
2020-10-28,37.39,39.04
2020-10-29,36.17,37.9
2020-10-30,35.79,37.76
2020-11-02,36.81,38.89
2020-11-03,37.66,39.55
2020-11-04,39.15,40.89
2020-11-05,38.79,40.52
2020-11-06,37.14,39.1
2020-11-09,40.29,41.87
2020-11-10,41.36,42.71
2020-11-11,41.45,42.86
2020-11-12,41.12,42.54
2020-11-13,40.13,41.55
2020-11-16,41.34,42.54
2020-11-17,41.43,42.61
2020-11-18,41.82,42.92
2020-11-19,41.74,42.74
2020-11-20,42.15,43.15
2020-11-23,43.06,43.77
2020-11-24,44.91,45.41
2020-11-25,45.71,46.12
2020-11-27,45.53,46.07
2020-11-30,45.34,45.77
2020-12-01,44.55,45.04
2020-12-02,45.28,45.64
2020-12-03,45.64,45.93
2020-12-04,46.26,46.56
2020-12-07,45.76,46.23
2020-12-08,45.60,46.17
2020-12-09,45.52,46.07
2020-12-10,46.78,47.14
2020-12-11,46.57,46.97
2020-12-14,46.99,47.38
2020-12-15,47.62,47.9
2020-12-16,47.82,48.15
2020-12-17,48.36,48.74
2020-12-18,49.10,49.33
2020-12-21,47.74,48.16
2020-12-22,47.02,47.26
2020-12-23,48.12,48.26
2020-12-24,48.23,48.34
2020-12-28,47.62,47.89
2020-12-29,48.00,48.22
2020-12-30,48.40,48.45
2020-12-31,48.52,48.52
2021-01-04,47.62,47.86
2021-01-05,49.93,49.77
2021-01-06,50.63,50.19
2021-01-07,50.83,50.34
2021-01-08,52.24,51.54
2021-01-11,52.25,51.6
2021-01-12,53.21,52.5
2021-01-13,52.91,52.4
2021-01-14,53.57,52.87
2021-01-15,52.36,51.82
2021-01-19,52.98,52.23
2021-01-20,53.24,52.38
2021-01-21,53.13,51.98
2021-01-22,52.27,51.24
2021-01-25,52.77,51.66
2021-01-26,52.61,51.5
2021-01-27,52.85,51.64
2021-01-28,52.34,51.18
2021-01-29,52.20,51
2021-02-01,53.55,52.22
2021-02-02,54.76,53.22
2021-02-03,55.69,54.06
2021-02-04,56.23,54.51
2021-02-05,56.85,55.07
2021-02-08,57.97,56.15
2021-02-09,58.36,56.53
2021-02-10,58.68,56.86
2021-02-11,58.24,56.48
2021-02-12,59.47,57.46
2021-02-16,60.05,58.16
2021-02-17,61.14,58.83
2021-02-18,60.52,58.39
2021-02-19,59.24,57.52
2021-02-22,61.49,59.59
2021-02-23,61.67,59.07
2021-02-24,63.22,60.64
2021-02-25,63.53,60.74
2021-02-26,61.50,58.81
2021-03-01,60.64,58.11
2021-03-02,59.75,57.51
2021-03-03,61.28,58.94
2021-03-04,63.83,61.07
2021-03-05,66.09,63.3
2021-03-08,65.05,62.55
2021-03-09,64.01,61.96
2021-03-10,64.44,62.28
2021-03-11,66.02,63.7
2021-03-12,65.61,63.48
2021-03-15,65.39,63.36
2021-03-16,64.80,63.02
2021-03-17,64.60,62.88
2021-03-18,60.00,58.78
2021-03-19,61.42,60.05
2021-03-22,61.55,60.3
2021-03-23,57.76,56.64
2021-03-24,61.18,59.61
2021-03-25,58.56,57.22
2021-03-26,60.97,59.42
2021-03-29,61.56,59.75
2021-03-30,60.55,58.87
2021-03-31,59.16,57.76
2021-04-01,61.45,60.17
2021-04-02,61.45,60.17
2021-04-05,58.65,57.74
2021-04-06,59.33,58.51
2021-04-07,59.77,58.83
2021-04-08,59.60,58.49
2021-04-09,59.32,58.34
2021-04-12,59.70,58.82
2021-04-13,60.18,59.38
2021-04-14,63.15,62.03
2021-04-15,63.46,62.15
2021-04-16,63.13,61.88
2021-04-19,63.38,62
2021-04-20,62.44,61.33
2021-04-21,61.35,59.71
2021-04-22,61.43,59.87
2021-04-23,62.14,60.5
2021-04-26,61.91,60.28
2021-04-27,62.94,61.13
2021-04-28,63.86,61.96
2021-04-29,65.01,62.9
2021-04-30,63.58,61.55
2021-05-03,64.49,62.53
2021-05-04,65.69,63.78
2021-05-05,65.63,63.83
2021-05-06,64.71,63.19
2021-05-07,64.90,63.53
2021-05-10,64.92,63.66
2021-05-11,65.28,64.08
2021-05-12,66.08,64.87
2021-05-13,63.82,62.65
2021-05-14,65.37,63.89
2021-05-17,66.27,64.66
2021-05-18,65.49,63.99
2021-05-19,63.36,61.96
2021-05-20,62.05,60.7
2021-05-21,63.58,61.65
2021-05-24,66.05,63.73
2021-05-25,66.07,63.72
2021-05-26,66.21,63.94
2021-05-27,66.85,64.45
2021-05-28,66.32,63.91
2021-06-01,67.72,65.29
2021-06-02,68.83,66.3
2021-06-03,68.81,66.28
2021-06-04,69.62,66.93
2021-06-07,69.23,66.76
2021-06-08,70.05,67.48
2021-06-09,69.96,67.44
2021-06-10,70.29,67.61
2021-06-11,70.91,67.84
2021-06-14,70.88,68
2021-06-15,72.12,68.88
2021-06-16,72.15,69.02
2021-06-17,71.04,67.72
2021-06-18,71.64,68.07
2021-06-21,73.66,69.28
2021-06-22,73.06,69.42
2021-06-23,73.08,69.13
2021-06-24,73.30,69.53
2021-06-25,74.05,70.02
2021-06-28,72.91,69.11
2021-06-29,72.98,69.24
2021-06-30,73.47,69.43
2021-07-01,75.23,70.48
2021-07-02,75.16,70.71
2021-07-06,73.37,68.82
2021-07-07,72.20,67.89
2021-07-08,72.94,68.61
2021-07-09,74.56,70.01
2021-07-12,74.10,69.83
2021-07-13,75.25,71.13
2021-07-14,73.13,69.52
2021-07-15,71.65,68.52
2021-07-16,71.81,68.81
2021-07-19,66.42,64.04
2021-07-20,67.42,64.78
2021-07-21,70.30,66.8
2021-07-22,71.91,67.97
2021-07-23,72.07,68.21
2021-07-26,71.91,68.3
2021-07-27,71.65,68.17
2021-07-28,72.39,68.72
2021-07-29,73.62,69.92
2021-07-30,73.95,70.1
2021-08-02,71.26,67.82
2021-08-03,70.56,67.58
2021-08-04,68.15,65.83
2021-08-05,69.09,66.85
2021-08-06,68.28,66.49
2021-08-09,66.48,64.81
2021-08-10,68.29,66.34
2021-08-11,69.25,67.23
2021-08-12,69.09,67.19
2021-08-13,68.44,66.54
2021-08-16,67.29,65.48
2021-08-17,66.59,64.8
2021-08-18,65.46,63.77
2021-08-19,63.69,62.06
2021-08-20,62.32,60.79
2021-08-23,65.64,63.75
2021-08-24,67.54,65.58
2021-08-25,68.36,66.35
2021-08-26,67.42,65.44
2021-08-27,68.74,66.82
2021-08-30,69.21,67.26
2021-08-31,68.50,66.82
2021-09-01,68.59,66.97
2021-09-02,69.99,68.29
2021-09-03,69.29,67.75
2021-09-07,68.35,66.86
2021-09-08,69.30,67.5
2021-09-09,68.14,66.52
2021-09-10,69.72,67.95
2021-09-13,70.45,68.53
2021-09-14,70.46,68.49
2021-09-15,72.61,70.14
2021-09-16,72.61,70.17
2021-09-17,71.97,69.65
2021-09-20,70.29,68.08
2021-09-21,70.56,68.6
2021-09-22,72.23,69.66
2021-09-23,73.30,70.63
2021-09-24,73.98,71.24
2021-09-27,75.45,72.71
2021-09-28,75.29,72.48
2021-09-29,74.83,72.27
2021-09-30,75.03,72.38
2021-10-01,75.88,73.4
2021-10-04,77.62,75.09
2021-10-05,78.93,76.31
2021-10-06,77.43,74.87
2021-10-07,78.30,75.67
2021-10-08,79.35,75.99
2021-10-11,80.52,77.22
2021-10-12,80.64,77.14
2021-10-13,80.44,77.07
2021-10-14,81.31,77.83
2021-10-15,82.28,78.35
2021-10-18,82.44,78.05
2021-10-19,82.96,78.57
2021-10-20,83.87,79.4
2021-10-21,82.50,77.18
2021-10-22,83.76,77.37
2021-10-25,83.76,77.83
2021-10-26,84.65,78.36
2021-10-27,82.66,76.79
2021-10-28,82.81,76.53
2021-10-29,83.57,76.27
2021-11-01,84.05,76.81
2021-11-02,83.91,77
2021-11-03,80.86,74.63
2021-11-04,78.81,73.69
2021-11-05,81.27,76.04
2021-11-08,81.93,76.54
2021-11-09,84.15,77.45
2021-11-10,81.34,75.46
2021-11-11,81.59,75.71
2021-11-12,80.79,75.1
2021-11-15,80.88,75.18
2021-11-16,80.76,75.39
2021-11-17,78.36,73.76
2021-11-18,79.01,74.97
2021-11-19,76.10,72.95
2021-11-22,76.75,73.41
2021-11-23,78.50,75.41
2021-11-24,78.39,75.25
2021-11-26,68.15,66.3
2021-11-29,69.95,68.19
2021-11-30,66.18,64.47
2021-12-01,65.57,64.25
2021-12-02,66.50,65.24
2021-12-03,66.26,65.26
2021-12-06,69.49,68.21
2021-12-07,72.05,70.61
2021-12-08,72.36,71.08
2021-12-09,70.94,69.79
2021-12-10,71.67,70.37
2021-12-13,71.29,69.95
2021-12-14,70.73,69.42
2021-12-15,70.87,69.41
2021-12-16,72.38,70.55
2021-12-17,70.86,69.1
2021-12-20,68.23,67.31
2021-12-21,71.12,69.2
2021-12-22,72.76,70.25
2021-12-23,73.79,71.24
2021-12-27,75.57,72.96
2021-12-28,75.98,73.39
2021-12-29,76.56,74.01
2021-12-30,76.99,74.37
2021-12-31,75.21,72.78
2022-01-03,76.08,73.99
2022-01-04,76.99,74.94
2022-01-05,77.85,75.31
2022-01-06,79.46,76.28
2022-01-07,78.90,75.91
2022-01-10,78.23,75.22
2022-01-11,81.22,77.85
2022-01-12,82.64,78.69
2022-01-13,82.12,78.5
2022-01-14,83.82,79.83
2022-01-18,85.43,81.1
2022-01-19,86.96,81.87
2022-01-20,86.90,82.01
2022-01-21,85.14,80.51
2022-01-24,83.31,79
2022-01-25,85.60,80.39
2022-01-26,87.35,81.66
2022-01-27,86.61,81.03
2022-01-28,86.82,80.99
2022-01-31,88.15,81.66
2022-02-01,88.20,81.52
2022-02-02,88.26,81.91
2022-02-03,90.27,83.38
2022-02-04,92.31,84.87
2022-02-07,91.32,84.69
2022-02-08,89.36,83.06
2022-02-09,89.66,83.98
2022-02-10,89.88,83.79
2022-02-11,93.10,85.51
2022-02-14,95.46,86.59
2022-02-15,92.07,83.49
2022-02-16,93.66,84.62
2022-02-17,91.76,83.47
2022-02-18,91.07,84.18
2022-02-22,92.35,85.75
2022-02-23,92.10,85.28
2022-02-24,92.81,84.29
2022-02-25,91.59,83.6
2022-02-28,95.72,85.25
2022-03-01,103.41,87.34
2022-03-02,110.60,91.27
2022-03-03,107.67,91.23
2022-03-04,115.68,98.54
2022-03-07,119.40,101.5
2022-03-08,123.70,103.41
2022-03-09,108.70,91.22
2022-03-10,106.02,91.59
2022-03-11,109.33,95.31
2022-03-14,103.01,91.18
2022-03-15,96.44,87.35
2022-03-16,95.04,85.95
2022-03-17,102.98,92.36
2022-03-18,104.70,93.62
2022-03-21,112.12,98.37
2022-03-22,111.76,98.03
2022-03-23,114.93,99.52
2022-03-24,112.34,97.19
2022-03-25,113.90,98.66
2022-03-28,105.96,92.82
2022-03-29,104.24,92.65
2022-03-30,107.82,96.08
2022-03-31,100.28,91.82
2022-04-01,99.27,93.17
2022-04-04,103.28,96.66
2022-04-05,101.96,95.88
2022-04-06,96.23,91.98
2022-04-07,96.03,92.68
2022-04-08,98.26,94.66
2022-04-11,94.29,91.86
2022-04-12,100.60,96.57
2022-04-13,104.25,99.32
2022-04-14,106.95,100.97
2022-04-18,108.21,101.38
2022-04-19,102.56,96.8
2022-04-20,102.75,97.28
2022-04-21,103.79,97.26
2022-04-22,102.07,95.09
2022-04-25,98.54,92.41
2022-04-26,101.70,94.34
2022-04-27,102.02,94.56
2022-04-28,105.36,95.77
2022-04-29,104.69,94.94
2022-05-02,105.17,95.57
2022-05-03,102.41,94.22
2022-05-04,107.81,98.76
2022-05-05,108.26,99.04
2022-05-06,109.77,100.57
2022-05-09,103.09,95.07
2022-05-10,99.76,92.33
2022-05-11,105.71,96.95
2022-05-12,106.13,96.81
2022-05-13,110.49,99.66
2022-05-16,114.20,100.99
2022-05-17,112.40,99.11
2022-05-18,109.59,96.31
2022-05-19,112.21,98.61
2022-05-20,113.23,98.7
2022-05-23,110.29,97.69
2022-05-24,109.77,97.86
2022-05-25,110.33,98.56
2022-05-26,114.09,101.21
2022-05-27,115.07,102.05
2022-05-31,114.67,101.42
2022-06-01,115.26,102.72
2022-06-02,116.87,104.21
2022-06-03,118.87,105.91
2022-06-06,118.50,105.92
2022-06-07,119.41,107.58
2022-06-08,122.11,109.95
2022-06-09,121.51,109.51
2022-06-10,120.67,108.22
2022-06-13,120.93,108.1
2022-06-14,118.93,106.36
2022-06-15,115.31,104.31
2022-06-16,117.59,106.04
2022-06-17,109.56,99.76
2022-06-21,110.65,101.07
2022-06-22,106.19,96.56
2022-06-23,104.27,93.29
2022-06-24,107.62,94.99
2022-06-27,109.57,96.5
2022-06-28,111.76,99.21
2022-06-29,109.78,97.3
2022-06-30,105.76,93.67
2022-07-01,108.43,95.27
2022-07-05,99.50,86.53
2022-07-06,98.53,85.36
2022-07-07,102.73,88.92
2022-07-08,104.79,91.31
2022-07-11,104.09,91.58
2022-07-12,95.84,85.13
2022-07-13,96.30,86.1
2022-07-14,95.78,84.67
2022-07-15,97.59,85.82
2022-07-18,102.60,89.81
2022-07-19,104.22,90.54
2022-07-20,102.26,90.72
2022-07-21,96.35,87.19
2022-07-22,94.70,86.25
2022-07-25,96.70,88.19
2022-07-26,94.98,87.41
2022-07-27,97.26,89.86
2022-07-28,96.42,89.4
2022-07-29,98.62,91.29
2022-08-01,93.89,88.25
2022-08-02,94.42,89.42
2022-08-03,90.66,86.7
2022-08-04,88.54,84.29
2022-08-05,89.01,84.66
2022-08-08,90.76,86.72
2022-08-09,90.50,86.48
2022-08-10,91.93,88.11
2022-08-11,94.34,90.03
2022-08-12,92.09,88.58
2022-08-15,89.41,86.62
2022-08-16,86.53,84.45
2022-08-17,88.11,85.69
2022-08-18,90.50,87.64
2022-08-19,90.77,88.2
2022-08-22,90.23,88.04
2022-08-23,93.74,89.87
2022-08-24,94.89,90.67
2022-08-25,92.52,88.69
2022-08-26,93.06,88.35
2022-08-29,97.01,91.1
2022-08-30,91.64,87.45
2022-08-31,89.55,85.84
2022-09-01,86.61,83.47
2022-09-02,86.87,83.63
2022-09-06,86.88,84
2022-09-07,81.94,79.62
2022-09-08,83.54,80.46
2022-09-09,86.79,83.6
2022-09-12,87.78,84.81
2022-09-13,87.31,84.03
2022-09-14,88.48,84.73
2022-09-15,85.10,81.13
2022-09-16,85.11,81.27
2022-09-19,85.73,81.71
2022-09-20,84.45,80.39
2022-09-21,82.94,78.85
2022-09-22,83.49,79.51
2022-09-23,78.74,75.22
2022-09-26,76.71,73.09
2022-09-27,78.50,74.23
2022-09-28,82.15,77.05
2022-09-29,81.23,76.22
2022-09-30,79.49,74.61
2022-10-03,83.63,77.52
2022-10-04,86.52,80.18
2022-10-05,87.76,82.04
2022-10-06,88.45,83.08
2022-10-07,92.64,85.58
2022-10-10,91.13,84.16
2022-10-11,89.35,82.39
2022-10-12,87.27,80.85
2022-10-13,89.11,82.66
2022-10-14,85.61,79.98
2022-10-17,85.46,80.07
2022-10-18,82.82,78.6
2022-10-19,85.55,80.2
2022-10-20,85.98,79.71
2022-10-21,85.05,79.36
2022-10-24,84.58,79.31
2022-10-25,85.32,80.2
2022-10-26,87.91,81.91
2022-10-27,89.08,82.77
2022-10-28,87.90,81.57
2022-10-31,86.53,80.83
2022-11-01,88.37,82.34
2022-11-02,90.00,84.11
2022-11-03,88.17,82.91
2022-11-04,92.61,86.54
2022-11-07,91.79,86.26
2022-11-08,88.91,84.01
2022-11-09,85.83,81.24
2022-11-10,86.47,81.86
2022-11-11,88.96,84.18
2022-11-14,85.87,81.87
2022-11-15,86.92,83.3
2022-11-16,85.59,82.04
2022-11-17,81.64,79.58
2022-11-18,80.08,78.62
2022-11-21,79.73,79.13
2022-11-22,80.95,79.28
2022-11-23,77.94,77.62
2022-11-25,76.28,76.27
2022-11-28,77.24,76.88
2022-11-29,78.20,77.87
2022-11-30,80.55,80.37
2022-12-01,81.22,80.37
2022-12-02,79.98,79.78
2022-12-05,76.93,77.39
2022-12-06,74.25,74.91
2022-12-07,72.01,73
2022-12-08,71.46,72.21
2022-12-09,71.02,72.02
2022-12-12,73.17,73.84
2022-12-13,75.39,75.67
2022-12-14,77.28,77.04
2022-12-15,76.11,75.61
2022-12-16,74.29,74.27
2022-12-19,75.19,75.02
2022-12-20,76.09,75.74
2022-12-21,78.29,77.05
2022-12-22,77.49,76.23
2022-12-23,79.56,78.69
2022-12-27,79.53,78.94
2022-12-28,78.96,78.49
2022-12-29,78.40,77.89
2022-12-30,80.26,79.83
2023-01-03,76.93,76.99
2023-01-04,72.84,73.48
2023-01-05,73.67,74.25
2023-01-06,73.77,74.43
2023-01-09,74.63,75.45
2023-01-10,75.12,75.75
2023-01-11,77.41,77.87
2023-01-12,78.39,78.75
2023-01-13,79.86,80.04
2023-01-17,80.18,80.26
2023-01-18,79.48,79.86
2023-01-19,80.33,80.7
2023-01-20,81.31,81.64
2023-01-23,81.62,81.58
2023-01-24,80.13,80.13
2023-01-25,80.15,80.03
2023-01-26,81.01,80.67
2023-01-27,79.68,79.35
2023-01-30,77.90,77.68
2023-01-31,78.87,78.75
2023-02-01,76.41,76.37
2023-02-02,75.88,75.98
2023-02-03,73.39,73.62
2023-02-06,74.11,74.46
2023-02-07,77.14,76.98
2023-02-08,78.47,78.18
2023-02-09,78.06,77.69
2023-02-10,79.72,79.22
2023-02-13,80.14,79.63
2023-02-14,79.06,78.77
2023-02-15,78.59,78.44
2023-02-16,78.49,78.27
2023-02-17,76.34,76.22
2023-02-21,76.16,76.1
2023-02-22,73.95,73.72
2023-02-23,75.39,75.02
2023-02-24,76.32,75.68
2023-02-27,75.68,74.92
2023-02-28,77.05,76.05
2023-03-01,77.69,76.74
2023-03-02,78.16,77.31
2023-03-03,79.68,78.78
2023-03-06,80.46,79.46
2023-03-07,77.58,76.83
2023-03-08,76.66,75.99
2023-03-09,75.72,75.04
2023-03-10,76.68,75.92
2023-03-13,74.80,74.16
2023-03-14,71.33,71
2023-03-15,67.61,67.37
2023-03-16,68.35,68.21
2023-03-17,66.74,66.92
2023-03-20,67.64,67.71
2023-03-21,69.33,69.26
2023-03-22,70.90,70.07
2023-03-23,69.96,69.34
2023-03-24,69.26,68.68
2023-03-27,72.81,71.98
2023-03-28,73.20,72.34
2023-03-29,72.97,72.05
2023-03-30,74.37,73.27
2023-03-31,75.67,74.51
2023-04-03,80.42,78.27
2023-04-04,80.71,78.47
2023-04-05,80.61,78.41
2023-04-06,80.70,78.31
2023-04-07,80.70,78.31
2023-04-10,79.74,77.59
2023-04-11,81.53,79.15
2023-04-12,83.26,80.41
2023-04-13,82.16,79.67
2023-04-14,82.52,80.04
2023-04-17,80.83,78.74
2023-04-18,80.86,78.79
2023-04-19,79.16,77.19
2023-04-20,77.29,75.46
2023-04-21,77.87,75.71
2023-04-24,78.76,76.64
2023-04-25,77.07,74.76
2023-04-26,74.30,72.46
2023-04-27,74.76,72.73
2023-04-28,76.78,74.61
2023-05-01,75.66,73.55
2023-05-02,71.66,69.96
2023-05-03,68.60,67.44
2023-05-04,68.56,67.26
2023-05-05,71.34,69.82
2023-05-08,73.16,71.54
2023-05-09,73.71,72.16
2023-05-10,72.56,71.21
2023-05-11,70.87,69.6
2023-05-12,70.04,68.73
2023-05-15,71.11,69.81
2023-05-16,70.86,69.56
2023-05-17,72.83,71.71
2023-05-18,71.86,70.94
2023-05-19,71.55,70.55
2023-05-22,71.99,70.87
2023-05-23,72.91,71.34
2023-05-24,74.34,72.71
2023-05-25,71.83,70.63
2023-05-26,72.67,71.44
2023-05-30,69.46,68.63
2023-05-31,68.09,67.34
2023-06-01,70.10,69.13
2023-06-02,71.74,70.61
2023-06-05,72.15,70.89
2023-06-06,71.74,70.5
2023-06-07,72.53,71.32
2023-06-08,71.29,70.25
2023-06-09,70.17,69.38
2023-06-12,67.12,66.72
2023-06-13,69.42,68.98
2023-06-14,68.27,67.97
2023-06-15,70.62,70.27
2023-06-16,71.78,71.23
2023-06-20,70.50,70.49
2023-06-21,72.53,71.47
2023-06-22,69.51,69.08
2023-06-23,69.16,68.91
2023-06-26,69.37,69.18
2023-06-27,67.70,67.89
2023-06-28,69.56,69.5
2023-06-29,69.86,69.68
2023-06-30,70.64,70.2
2023-07-03,69.79,69.18
2023-07-05,71.79,70.98
2023-07-06,71.80,70.69
2023-07-07,73.86,72.26
2023-07-10,72.99,71.76
2023-07-11,74.83,73.41
2023-07-12,75.75,74.16
2023-07-13,76.89,75.34
2023-07-14,75.42,74.06
2023-07-17,74.15,73.11
2023-07-18,75.75,74.49
2023-07-19,75.35,74.27
2023-07-20,75.63,74.52
2023-07-21,77.07,75.28
2023-07-24,78.74,76.69
2023-07-25,79.63,77.29
2023-07-26,78.78,76.72
2023-07-27,80.09,77.77
2023-07-28,80.58,78.4
2023-07-31,81.80,79.35
2023-08-01,81.37,78.99
2023-08-02,79.49,77.46
2023-08-03,81.55,79.15
2023-08-04,82.82,80.15
2023-08-07,81.94,79.58
2023-08-08,82.92,80.33
2023-08-09,84.40,81.36
2023-08-10,82.82,80.37
2023-08-11,83.19,80.49
2023-08-14,82.51,79.87
2023-08-15,80.99,78.72
2023-08-16,79.38,77.74
2023-08-17,80.39,78.32
2023-08-18,81.25,78.92
2023-08-21,80.72,78.64
2023-08-22,80.35,78.35
2023-08-23,78.89,77.29
2023-08-24,79.05,77.11
2023-08-25,79.83,77.9
2023-08-28,80.10,77.91
2023-08-29,81.16,78.74
2023-08-30,81.63,79
2023-08-31,83.63,80.35
2023-09-01,85.55,81.72
2023-09-05,86.69,82.87
2023-09-06,87.54,83.44
2023-09-07,86.87,82.96
2023-09-08,87.51,83.53
2023-09-11,87.29,83.6
2023-09-12,88.84,84.8
2023-09-13,88.52,84.58
2023-09-14,90.16,86.04
2023-09-15,90.77,85.85
2023-09-18,91.48,85.7
2023-09-19,91.20,85.53
2023-09-20,90.28,84.74
2023-09-21,89.63,83.81
2023-09-22,90.03,83.13
2023-09-25,89.68,83.08
2023-09-26,90.39,83.4
2023-09-27,93.68,84.6
2023-09-28,91.71,83.42
2023-09-29,90.79,82.78
2023-10-02,88.82,82.15
2023-10-03,89.23,82.16
2023-10-04,84.22,77.78
2023-10-05,82.31,76.6
2023-10-06,82.79,76.94
2023-10-09,86.38,79.6
2023-10-10,85.97,79.53
2023-10-11,83.49,78.6
2023-10-12,82.91,78.44
2023-10-13,87.69,82.14
2023-10-16,86.66,81.32
2023-10-17,86.66,81.71
2023-10-18,88.32,83.23
2023-10-19,89.37,83.77
2023-10-20,88.75,83.54
2023-10-23,85.49,81.1
2023-10-24,83.74,80.13
2023-10-25,85.39,81.8
2023-10-26,83.21,80.11
2023-10-27,85.54,81.74
2023-10-30,82.31,79.26
2023-10-31,81.02,78.47
2023-11-01,80.44,78.23
2023-11-02,82.46,80.24
2023-11-03,80.51,78.67
2023-11-06,80.82,79.3
2023-11-07,77.37,76.16
2023-11-08,75.33,74.52
2023-11-09,75.74,74.96
2023-11-10,77.17,76.18
2023-11-13,78.26,77.25
2023-11-14,78.26,77.2
2023-11-15,76.66,76.36
2023-11-16,72.90,73.19
2023-11-17,75.89,75.8
2023-11-20,77.60,77.47
2023-11-21,77.77,77.26
2023-11-22,77.10,76.6
2023-11-24,75.54,75.38
2023-11-27,74.86,74.9
2023-11-28,76.41,76.22
2023-11-29,77.86,77.45
2023-11-30,75.96,75.47
2023-12-01,74.07,74.04
2023-12-04,73.04,73.76
2023-12-05,72.32,72.84
2023-12-06,69.38,70.34
2023-12-07,69.34,70.2
2023-12-08,71.23,71.75
2023-12-11,71.32,72.09
2023-12-12,68.61,69.66
2023-12-13,69.47,70.65
2023-12-14,71.58,72.77
2023-12-15,71.43,72.65
2023-12-18,72.47,73.67
2023-12-19,73.44,74.69
2023-12-20,74.22,74.63
2023-12-21,73.89,74.06
2023-12-22,73.56,73.6
2023-12-26,75.57,75.38
2023-12-27,74.11,74.39
2023-12-28,71.77,72.15
2023-12-29,71.65,71.97
2024-01-02,70.38,70.94
2024-01-03,72.70,72.94
2024-01-04,72.19,72.25
2024-01-05,73.81,73.41
2024-01-08,70.77,70.87
2024-01-09,72.24,71.97
2024-01-10,71.37,71.35
2024-01-11,72.02,71.98
2024-01-12,72.68,72.7
2024-01-16,72.40,72.33
2024-01-17,72.56,72.09
2024-01-18,74.08,73.25
2024-01-19,73.41,72.54
2024-01-22,75.19,74.1
2024-01-23,74.37,73.4
2024-01-24,75.09,73.98
2024-01-25,77.36,75.88
2024-01-26,78.01,76.52
2024-01-29,76.78,75.56
2024-01-30,77.82,76.41
2024-01-31,75.85,74.64
2024-02-01,73.82,72.91
2024-02-02,72.28,71.66
2024-02-05,72.78,72.3
2024-02-06,73.31,72.68
2024-02-07,73.86,73.2
2024-02-08,76.22,75.02
2024-02-09,76.84,75.59
2024-02-12,76.92,75.62
2024-02-13,77.87,75.94
2024-02-14,76.64,74.96
2024-02-15,78.03,75.81
2024-02-16,79.19,76.35
2024-02-20,78.18,75.2
2024-02-21,77.91,75.03
2024-02-22,78.61,75.5
2024-02-23,76.49,74.05
2024-02-26,77.58,74.85
2024-02-27,78.87,75.66
2024-02-28,78.54,75.23
2024-02-29,78.26,74.86
2024-03-01,79.97,76.09
2024-03-04,78.74,75.74
2024-03-05,78.15,75
2024-03-06,79.13,75.79
2024-03-07,78.93,75.9
2024-03-08,78.01,75.29
2024-03-11,77.93,75.55
2024-03-12,77.56,75.33
2024-03-13,79.72,77.02
2024-03-14,81.26,78.16
2024-03-15,81.04,78.3
2024-03-18,82.72,79.46
2024-03-19,83.47,79.81
2024-03-20,81.68,78.79
2024-03-21,81.07,78.05
2024-03-22,80.63,77.51
2024-03-25,81.95,78.53
2024-03-26,81.62,78.28
2024-03-27,81.35,78.12
2024-03-28,83.17,79.29
2024-04-01,83.71,79.42
2024-04-02,85.15,80.45
2024-04-03,85.43,81.07
2024-04-04,86.59,82.12
2024-04-05,86.91,82.28
2024-04-08,86.43,81.84
2024-04-09,85.23,81.16
2024-04-10,86.21,81.97
2024-04-11,85.02,81.37
2024-04-12,85.66,81.96
2024-04-15,85.41,81.83
2024-04-16,85.36,81.92
2024-04-17,82.69,79.61
2024-04-18,82.73,79.45
2024-04-19,83.14,79.37
2024-04-22,82.85,78.97
2024-04-23,83.36,79.3
2024-04-24,82.81,79.11
2024-04-25,83.57,79.53
2024-04-26,83.85,80.01
2024-04-29,82.63,79.24
2024-04-30,81.93,78.57
2024-05-01,79.00,76.01
2024-05-02,78.95,76.24
2024-05-03,78.11,75.89
2024-05-06,78.48,76.29
2024-05-07,78.38,76.29
2024-05-08,78.99,76.43
2024-05-09,79.26,76.68
2024-05-10,78.26,75.9
2024-05-13,79.12,76.43
2024-05-14,78.02,75.68
2024-05-15,78.63,76.06
2024-05-16,79.23,76.64
2024-05-17,80.06,77.46
2024-05-20,79.80,77.36
2024-05-21,79.26,76.81
2024-05-22,77.57,75.16
2024-05-23,76.87,74.57
2024-05-24,77.72,75.09
2024-05-28,79.83,77.14
2024-05-29,79.23,76.77
2024-05-30,77.91,75.71
2024-05-31,76.99,75.17
2024-06-03,74.22,72.81
2024-06-04,73.25,71.6
2024-06-05,74.07,72.02
2024-06-06,75.55,73.31
2024-06-07,75.53,73.41
2024-06-10,77.74,75.17
2024-06-11,77.90,75.49
2024-06-12,78.50,76.04
2024-06-13,78.62,76.25
2024-06-14,78.45,75.87
2024-06-17,80.33,76.9
2024-06-18,81.57,77.87
2024-06-20,82.17,78.25
2024-06-21,80.73,77.09
2024-06-24,81.63,77.94
2024-06-25,80.83,77.41
2024-06-26,80.90,77.69
2024-06-27,81.74,78.01
2024-06-28,81.54,77.74
2024-07-01,83.38,79.09
2024-07-02,82.81,78.94
2024-07-03,83.88,79.93
2024-07-05,83.16,79.17
2024-07-08,82.33,78.67
2024-07-09,81.41,77.65
2024-07-10,82.10,77.78
2024-07-11,82.62,77.94
2024-07-12,82.21,77.78
2024-07-15,81.91,77.52
2024-07-16,80.76,76.5
2024-07-17,82.85,77.46
2024-07-18,82.82,77.42
2024-07-19,80.13,75.23
2024-07-22,79.78,75.23
2024-07-23,76.96,73.39
2024-07-24,77.59,74.09
2024-07-25,78.28,74.43
2024-07-26,77.16,73.64
2024-07-29,75.81,72.75
2024-07-30,74.73,72.02
2024-07-31,77.91,74.45
2024-08-01,76.31,73.32
2024-08-02,73.52,70.62
2024-08-05,72.94,70.49
2024-08-06,73.20,70.37
2024-08-07,75.23,71.81
2024-08-08,76.19,72.7
2024-08-09,76.84,73.17
2024-08-12,80.06,75.33
2024-08-13,78.35,74.04
2024-08-14,76.98,73.44
2024-08-15,78.16,74.4
2024-08-16,76.65,73.07
2024-08-19,74.37,71.72
2024-08-20,74.04,71.09
2024-08-21,71.93,69.8
2024-08-22,73.01,70.55
2024-08-23,74.83,72
2024-08-26,77.42,73.54
2024-08-27,75.53,72.18
2024-08-28,74.52,71.2
2024-08-29,75.91,72.25
2024-08-30,73.55,70.67
2024-09-03,70.34,68.06
2024-09-04,69.20,67.24
2024-09-05,69.15,67.46
2024-09-06,67.67,66
2024-09-09,68.71,66.51
2024-09-10,65.75,64.14
2024-09-11,67.31,65.43
2024-09-12,68.97,66.76
2024-09-13,68.65,66.25
2024-09-16,70.09,67.39
2024-09-17,71.19,68.21
2024-09-18,70.91,68.1
2024-09-19,71.95,69.02
2024-09-20,71.92,68.84
2024-09-23,70.37,68.32
2024-09-24,71.56,69.47
2024-09-25,69.69,68.18
2024-09-26,67.67,66.51
2024-09-27,68.18,66.88
2024-09-30,68.17,67.11
2024-10-01,69.83,68.48
2024-10-02,70.10,68.69
2024-10-03,73.71,71.75
2024-10-04,74.38,71.76
2024-10-07,77.14,74.48
2024-10-08,73.57,71.61
2024-10-09,73.24,70.98
2024-10-10,75.85,73.18
2024-10-11,75.56,73.07
2024-10-14,73.83,71.81
2024-10-15,70.58,68.83
2024-10-16,70.39,68.57
2024-10-17,70.67,68.8
2024-10-18,69.22,67.59
2024-10-21,70.56,68.77
2024-10-22,72.09,70.38
2024-10-23,70.77,69.3
2024-10-24,70.19,68.89
2024-10-25,71.78,70.27
2024-10-28,67.38,66.2
2024-10-29,67.21,66.02
2024-10-30,68.61,67.27
2024-10-31,69.26,67.86
2024-11-01,69.49,68.2
2024-11-04,71.47,69.88
2024-11-05,71.99,70.3
2024-11-06,71.69,70.02
2024-11-07,72.36,70.74
2024-11-08,70.38,69.29
2024-11-11,68.04,67.41
2024-11-12,68.12,67.36
2024-11-13,68.43,67.53
2024-11-14,68.70,67.72
2024-11-15,67.02,66.33
2024-11-18,69.16,68.5
2024-11-19,69.39,68.56
2024-11-20,68.87,68.09
2024-11-21,70.10,68.9
2024-11-22,71.24,69.75
2024-11-25,68.94,67.83
2024-11-26,68.77,67.75
2024-11-27,68.72,67.54
2024-11-29,68.00,67.03
2024-12-02,68.10,67.13
2024-12-03,69.94,68.64
2024-12-04,68.54,67.4
2024-12-05,68.30,67.22
2024-12-06,67.20,66.52
2024-12-09,68.37,67.52
2024-12-10,68.59,67.66
2024-12-11,70.29,68.84
2024-12-12,70.02,68.8
2024-12-13,71.29,69.65
2024-12-16,70.71,69.13
2024-12-17,70.08,68.55
2024-12-18,70.58,68.68
2024-12-19,69.91,68.05
2024-12-20,69.46,67.86
2024-12-23,69.24,67.71
2024-12-24,70.10,68.43
2024-12-26,69.62,68.11
2024-12-27,70.60,68.85
2024-12-30,70.99,69.18
2024-12-31,71.72,69.84
2025-01-02,73.13,70.83
2025-01-03,73.96,71.38
2025-01-06,73.56,71.27
2025-01-07,74.25,71.77
2025-01-08,73.32,71.03
2025-01-09,73.92,71.45
2025-01-10,76.57,73.11
2025-01-13,78.82,73
2025-01-14,77.50,72.85
2025-01-15,80.04,74.16
2025-01-16,78.68,73.44
2025-01-17,77.88,73.24
2025-01-21,75.89,72.66
2025-01-22,75.44,72.02
2025-01-23,74.62,71.74
2025-01-24,74.66,71.52
2025-01-27,73.17,70.21
2025-01-28,73.77,70.21
2025-01-29,72.62,69.59
2025-01-30,72.73,69.91
2025-01-31,72.53,69.66
2025-02-03,73.16,69.73
2025-02-04,72.70,70.23
2025-02-05,71.03,68.94
2025-02-06,70.61,68.94
2025-02-07,71.00,69.29
2025-02-10,72.32,70.4
2025-02-11,73.32,71.52
2025-02-12,71.37,69.98
2025-02-13,71.29,69.8
2025-02-14,70.74,69.65
2025-02-18,71.85,70.43
2025-02-19,72.25,70.68
2025-02-20,72.57,71.12
2025-02-21,70.40,68.78
2025-02-24,70.70,68.9
2025-02-25,68.93,67.23
2025-02-26,68.62,66.7
2025-02-27,70.35,67.99
2025-02-28,69.76,67.34
2025-03-03,68.37,66.42
2025-03-04,68.26,65.93
2025-03-05,66.31,64.44
2025-03-06,66.36,64.41
2025-03-07,67.04,65.16
2025-03-10,66.03,64.04
2025-03-11,66.25,64.27
2025-03-12,67.68,65.61
2025-03-13,66.55,64.64
2025-03-14,67.18,65.18
2025-03-17,67.58,65.72
2025-03-18,66.90,65.3
2025-03-19,67.16,65.4
2025-03-20,68.26,66.37
2025-03-21,68.28,66.04
2025-03-24,69.11,66.7
2025-03-25,69.00,66.68
2025-03-26,69.65,67.17
2025-03-27,69.92,67.45
2025-03-28,69.36,66.72
2025-03-31,71.48,68.39
2025-04-01,71.20,68.4
2025-04-02,71.71,68.72
2025-04-03,66.95,64.4
2025-04-04,61.99,60.2
2025-04-07,60.70,59.49
2025-04-08,59.58,57.85
2025-04-09,62.35,60.09
2025-04-10,60.07,58.29
2025-04-11,61.50,59.11
2025-04-14,61.53,59.53
2025-04-15,61.33,59.06
2025-04-16,62.47,59.86
2025-04-17,64.68,61.82
2025-04-21,63.08,60.14
2025-04-22,64.31,61.34
2025-04-23,62.27,60.01
2025-04-24,62.79,60.59
2025-04-25,63.02,60.78
2025-04-28,62.05,60.01
2025-04-29,60.42,58.81
2025-04-30,58.21,56.6
2025-05-01,59.24,57.56
2025-05-02,58.29,57
2025-05-05,57.13,56.18
2025-05-06,59.09,57.87
2025-05-07,58.07,56.88
2025-05-08,59.91,58.4
2025-05-09,61.02,59.16
2025-05-12,61.95,60.26
2025-05-13,63.67,61.64
2025-05-14,63.15,61.08
2025-05-15,61.62,59.74
2025-05-16,62.49,60.24
2025-05-19,62.69,60.16
2025-05-20,62.56,60.29
2025-05-21,61.57,59.9
2025-05-22,61.20,59.48
2025-05-23,61.53,59.69
2025-05-27,60.89,59.18
2025-05-28,61.84,59.8
2025-05-29,60.94,58.73
2025-05-30,60.79,58.12
2025-06-02,62.52,59.6
2025-06-03,63.41,60.64
2025-06-04,62.85,60.02
2025-06-05,63.37,60.54
2025-06-06,64.58,61.33
2025-06-09,65.29,61.73
2025-06-10,64.98,61.52
2025-06-11,68.15,63.76
2025-06-12,68.04,63.44
2025-06-13,72.98,66.53
2025-06-16,71.77,66.34
2025-06-17,74.84,68.52
2025-06-18,75.14,68.62
2025-06-20,74.93,68.6
2025-06-23,68.51,64.97
2025-06-24,64.37,61.3
2025-06-25,64.92,61.05
2025-06-26,65.24,61.48
2025-06-27,65.52,61.52
2025-06-30,65.11,61.44
2025-07-01,65.45,61.72
2025-07-02,67.45,62.9
2025-07-03,67.00,62.68
2025-07-07,67.93,63.33
2025-07-08,68.33,63.87
2025-07-09,68.38,63.69
2025-07-10,66.57,62.67
2025-07-11,68.45,63.98
2025-07-14,66.98,63.41
2025-07-15,66.52,63.03
2025-07-16,66.38,62.85
2025-07-17,67.54,63.64
2025-07-18,67.34,63.65
2025-07-21,67.20,63.75
2025-07-22,66.21,63.26
2025-07-23,65.25,63.22
2025-07-24,66.03,63.59
2025-07-25,65.16,62.92
2025-07-28,66.71,64.32
2025-07-29,69.21,66.24
2025-07-30,70.00,66.5
2025-07-31,69.26,65.77
2025-08-01,67.33,63.79
2025-08-04,66.29,63.4
2025-08-05,65.16,62.54
2025-08-06,64.35,61.93
2025-08-07,63.88,61.82
2025-08-08,63.88,61.68
2025-08-11,63.96,61.89
2025-08-12,63.17,61.49
2025-08-13,62.65,61.01
2025-08-14,63.96,61.67
2025-08-15,62.80,60.93
2025-08-18,63.42,61.5
2025-08-19,62.35,60.85
2025-08-20,63.21,61.8
2025-08-21,63.52,62.44
2025-08-22,63.66,62.54
2025-08-25,64.80,63.44
2025-08-26,63.25,62.06
2025-08-27,64.15,62.54
2025-08-28,64.60,63.02
2025-08-29,64.01,62.4
2025-09-02,65.59,64
2025-09-03,63.97,62.81
2025-09-04,63.48,62.21
2025-09-05,61.87,60.91
2025-09-08,62.26,61.43
2025-09-09,62.63,61.86
2025-09-10,63.67,62.75
2025-09-11,62.37,61.61
2025-09-12,62.69,61.95
2025-09-15,63.30,62.43
2025-09-16,64.52,63.33
2025-09-17,64.05,62.76
2025-09-18,63.57,62.3
2025-09-19,62.68,61.43
2025-09-22,62.64,61.43
2025-09-23,63.41,62.21
2025-09-24,64.99,63.29
2025-09-25,64.98,63.39
2025-09-26,65.72,64.03
2025-09-29,63.45,62.28
2025-09-30,62.37,61.29
2025-10-01,61.78,60.85
2025-10-02,60.48,59.87
2025-10-03,60.88,60.15
2025-10-06,61.69,60.92
2025-10-07,61.73,60.77
2025-10-08,62.55,61.32
2025-10-09,61.51,60.52
2025-10-10,58.90,58.25
2025-10-13,59.49,58.92
2025-10-14,58.70,58.19
2025-10-15,58.27,57.88
2025-10-16,57.46,57.08
2025-10-17,57.54,57.47
2025-10-20,57.52,57.38
2025-10-21,57.82,57.44
2025-10-22,58.50,58.57
2025-10-23,61.79,60.11
2025-10-24,61.50,60.07
2025-10-27,61.31,60.04
2025-10-28,60.15,59.52
2025-10-29,60.48,59.9
2025-10-30,60.57,59.85
2025-10-31,60.98,60
2025-11-03,61.05,60.31
2025-11-04,60.56,60.05
2025-11-05,59.60,59.36
2025-11-06,59.43,59.26
2025-11-07,59.75,59.6
2025-11-10,60.13,59.99
2025-11-11,61.04,60.9
2025-11-12,58.49,58.6
2025-11-13,58.69,58.57
2025-11-14,60.09,59.6
2025-11-17,59.91,59.51
2025-11-18,60.74,60.07
2025-11-19,59.44,58.61
2025-11-20,59.14,58.34
2025-11-21,58.06,57.67
2025-11-24,58.84,58.38
2025-11-25,57.95,57.72
2025-11-26,58.65,58.3
2025-11-28,58.55,58.06
2025-12-01,59.32,58.84
2025-12-02,58.64,58.14
2025-12-03,58.95,58.34
2025-12-04,59.67,58.86
2025-12-05,60.08,59.34
2025-12-08,58.88,58.26
2025-12-09,58.25,57.9
2025-12-10,58.46,58.07
2025-12-11,57.60,57.32
2025-12-12,57.44,57
2025-12-15,56.82,56.68
2025-12-16,55.27,55.26
2025-12-17,55.94,55.85
2025-12-18,56.15,55.94
2025-12-19,56.66,56.34
2025-12-22,58.01,57.68
2025-12-23,58.38,57.9
2025-12-24,58.35,57.94
2025-12-26,56.74,56.53
2025-12-29,58.08,57.63
2025-12-30,57.95,57.55
2025-12-31,57.42,57.04
2026-01-02,57.32,57.03
2026-01-05,58.32,57.8
2026-01-06,57.13,56.7
2026-01-07,55.99,55.87
2026-01-08,57.76,57.49
2026-01-09,59.12,58.55
2026-01-12,59.50,58.87
2026-01-13,61.15,60.11
2026-01-14,62.02,61.02
2026-01-15,59.19,58.6
2026-01-16,59.44,58.85
2026-01-20,60.34,59.57
2026-01-21,60.62,59.86
2026-01-22,59.36,58.84
2026-01-23,61.07,60.13
2026-01-26,60.63,59.98
2026-01-27,62.39,61.21
2026-01-28,63.21,61.76
2026-01-29,65.42,63.39
2026-01-30,65.21,63.2
2026-02-02,62.14,60.37
2026-02-03,63.21,61.54
2026-02-04,65.14,63.23
2026-02-05,63.29,61.84
2026-02-06,63.55,62.36
2026-02-09,64.36,63.26
2026-02-10,63.96,62.95
2026-02-11,64.63,63.49
2026-02-12,62.84,61.78
2026-02-13,62.89,61.81
2026-02-17,62.33,61.45
2026-02-18,65.19,63.78
2026-02-19,66.43,64.95
2026-02-20,66.39,64.96
2026-02-23,66.31,64.52
2026-02-24,65.63,64.25
2026-02-25,65.42,64.16
2026-02-26,65.21,63.76
2026-02-27,67.02,65.15
2026-03-02,71.23,67.07
2026-03-03,74.56,68.11
2026-03-04,74.66,68.19
2026-03-05,81.01,70.16
2026-03-06,90.90,72.98
2026-03-09,94.77,76.14
2026-03-10,83.45,72.95
2026-03-11,87.25,76.82
2026-03-12,95.73,81.28
2026-03-13,98.71,82.52
2026-03-16,93.50,79.67
2026-03-17,96.21,81.69
2026-03-18,96.32,83.25
2026-03-19,95.55,81.37
2026-03-20,98.23,81.49
2026-03-23,88.13,75.79
2026-03-24,92.35,79.38
2026-03-25,90.32,78.49
2026-03-26,94.48,80.6
2026-03-27,99.64,80.4
2026-03-30,102.88,80.03
2026-03-31,101.38,75.27
2026-04-01,100.12,73.85
2026-04-02,111.54,74.84
2026-04-03,111.54,74.84
2026-04-06,112.41,76.48
2026-04-07,112.95,77.77
2026-04-08,94.41,76.22
2026-04-09,97.87,76.51
2026-04-10,96.57,77.3
2026-04-13,99.08,79.91
2026-04-14,91.28,77.88
2026-04-15,91.29,78.5
2026-04-16,94.69,78.87
2026-04-17,83.85,74.58
2026-04-20,89.61,76.87
2026-04-21,92.13,77.99
2026-04-22,92.96,77.7
2026-04-23,95.85,79.21
2026-04-24,94.40,78.78
2026-04-27,96.37,79.7
2026-04-28,99.93,80.43
2026-04-29,106.88,81.72
2026-04-30,105.07,82.26
2026-05-01,101.94,81.42
2026-05-04,106.42,85.94
2026-05-05,102.27,83.87
2026-05-06,95.08,78.89
2026-05-07,94.81,79.34
2026-05-08,95.42,80.95
2026-05-11,98.07,83.32
2026-05-12,102.18,85.58
2026-05-13,101.02,83.52
2026-05-14,101.14,83.65
