date,"Crude oil, average","Crude oil, Brent","Crude oil, Dubai","Crude oil, WTI","Coal, Australian","Coal, South African **","Natural gas, US","Natural gas, Europe","Liquefied natural gas, Japan",Natural gas index,Cocoa,"Coffee, Arabica","Coffee, Robusta","Tea, avg 3 auctions","Tea, Colombo","Tea, Kolkata","Tea, Mombasa",Coconut oil,Groundnuts,Fish meal,Groundnut oil **,Palm oil,Palm kernel oil,Soybeans,Soybean oil,Soybean meal,Rapeseed oil,Sunflower oil,Barley,Maize,Sorghum,"Rice, Thai 5% ","Rice, Thai 25% ","Rice, Thai A.1","Rice, Viet Namese 5%","Wheat, US SRW","Wheat, US HRW","Banana, Europe","Banana, US",Orange,Beef **,Chicken **,Lamb **,"Shrimps, Mexican","Sugar, EU","Sugar, US","Sugar, world","Tobacco, US import u.v.","Logs, Cameroon","Logs, Malaysian","Sawnwood, Cameroon","Sawnwood, Malaysian",Plywood,"Cotton, A Index","Rubber, TSR20 **","Rubber, RSS3",Phosphate rock,DAP,TSP,Urea ,Potassium chloride **,Aluminum,"Iron ore, cfr spot",Copper,Lead,Tin,Nickel,Zinc,Gold,Platinum,Silver
1960-01-31,1.6,1.6,1.6,,,,0.14,0.4,,,0.63,0.94,0.7,1.03,0.93,1.12,1.04,390,,,334,233,,94,204,92,,,20.4,45.0,39.0,104.5,,,,,59.9,,0.14,0.12,0.7099999999999999,0.3,,1.43,0.12,0.12,0.07,1737.0,,31.9,,149.2,,0.65,,0.82,13.0,...,53.0,42.3,28.5,511,11.4,715,206,2180,1631,261,35,84,0.9
1960-02-29,1.6,1.6,1.6,,,,0.14,0.4,,,0.61,0.95,0.69,1.03,0.93,1.12,1.04,379,,,341,229,,91,201,87,,,20.4,44.0,39.0,103.5,,,,,61.0,,0.14,0.11,0.7099999999999999,0.3,,1.5,0.12,0.12,0.07,1737.0,,31.9,,149.2,,0.65,,0.83,13.0,...,53.0,42.3,28.5,511,11.4,728,204,2180,1631,245,35,84,0.9
1960-03-31,1.6,1.6,1.6,,,,0.14,0.4,,,0.5799999999999998,0.93,0.69,1.03,0.93,1.12,1.04,361,,,338,225,,92,201,84,,,20.7,45.0,35.0,103.8,,,,,61.7,,0.14,0.13,0.77,0.3,,1.5,0.12,0.12,0.07,1737.0,,31.9,,149.2,,0.65,,0.86,13.0,...,53.0,42.3,28.5,511,11.4,685,210,2174,1631,249,35,84,0.9
1960-04-30,1.6,1.6,1.6,,,,0.14,0.4,,,0.6,0.93,0.68,1.03,0.93,1.12,1.04,338,,,333,225,,93,207,87,,,20.6,45.0,35.0,101.0,,,,,61.0,,0.14,0.14,0.84,0.3,,1.68,0.12,0.12,0.07,1737.0,,31.9,,149.2,,0.64,,0.86,13.0,...,53.0,42.3,28.5,511,11.4,723,214,2178,1631,255,35,84,0.9
1960-05-31,1.6,1.6,1.6,,,,0.14,0.4,,,0.6,0.92,0.69,1.03,0.93,1.12,1.04,321,,,335,225,,93,209,82,,,20.6,48.0,35.0,102.2,,,,,57.7,,0.15,0.14,0.76,0.3,,1.76,0.12,0.12,0.07,1737.0,,31.9,,149.2,,0.65,,0.93,13.0,...,53.0,42.3,28.5,511,11.4,685,213,2163,1631,254,35,84,0.9
1960-06-30,1.6,1.6,1.6,,,,0.14,0.4,,,0.59,0.91,0.7,1.03,0.93,1.12,1.04,287,,,334,219,,91,218,80,,,20.1,47.0,36.0,103.1,,,,,55.5,,0.15,0.14,0.7099999999999999,0.3,,1.76,0.12,0.13,0.07,1737.0,,31.9,,149.2,,0.66,,0.89,13.0,...,53.0,42.3,28.5,511,11.4,692,202,2185,1631,250,35,84,0.9
1960-07-31,1.6,1.6,1.6,,,,0.14,0.4,,,0.6,0.92,0.69,1.03,0.93,1.12,1.04,298,,,336,221,,92,224,78,,,20.0,47.0,39.9,102.1,,,,,54.8,,0.15,0.13,0.75,0.3,,1.74,0.12,0.13,0.07,1737.0,,31.9,,149.2,,0.66,,0.79,13.0,...,53.0,42.3,28.5,511,11.4,702,196,2249,1631,249,35,84,0.9
1960-08-31,1.6,1.6,1.6,,,,0.14,0.4,,,0.59,0.93,0.7,1.03,0.93,1.12,1.04,292,,,336,225,,93,237,78,,,20.1,47.0,39.0,109.7,,,,,55.1,,0.13,0.13,0.78,0.3,,1.59,0.12,0.13,0.07,1737.0,,31.9,,149.2,,0.65,,0.72,13.0,...,53.0,42.3,28.5,511,11.4,676,195,2205,1631,241,35,84,0.9
1960-09-30,1.6,1.6,1.6,,,,0.14,0.4,,,0.5799999999999998,0.92,0.7,1.03,0.93,1.12,1.04,276,,,323,224,,92,231,83,,,20.3,46.0,35.0,116.1,,,,,56.6,,0.14,0.13,0.81,0.3,,1.52,0.12,0.13,0.07,1737.0,,31.9,,149.2,,0.66,,0.73,13.0,...,53.0,42.3,28.5,511,11.4,647,193,2227,1631,240,35,84,0.9
1960-10-31,1.6,1.6,1.6,,,,0.14,0.4,,,0.59,0.92,0.7099999999999999,1.03,0.93,1.12,1.04,280,,,310,222,,88,237,75,,,19.7,42.0,35.0,115.2,,,,,57.0,,0.15,0.13,0.7099999999999999,0.3,,1.63,0.12,0.13,0.05,1737.0,,31.9,,149.2,,0.67,,0.69,13.0,...,53.0,42.3,28.5,511,11.4,613,185,2227,1631,242,35,84,0.9
1960-11-30,1.6,1.6,1.6,,,,0.14,0.4,,,0.57,0.91,0.7099999999999999,1.03,0.93,1.12,1.04,274,,,303,222,,90,259,69,,,19.2,38.0,35.0,114.4,,,,,57.7,,0.13,0.15,0.63,0.3,,1.63,0.12,0.13,0.05,1737.0,,31.9,,149.2,,0.67,,0.63,13.0,...,53.0,42.3,28.5,511,11.4,642,188,2205,1631,241,35,84,0.9
1960-12-31,1.6,1.6,1.6,,,,0.14,0.4,,,0.52,0.9,0.7,1.03,0.93,1.12,1.04,252,,,301,223,,93,259,79,,,19.6,40.0,36.0,112.7,,,,,58.1,,0.15,0.12,0.67,0.3,,1.52,0.12,0.13,0.06,1737.0,,31.9,,149.2,,0.66,,0.62,13.0,...,53.0,42.3,28.5,511,11.4,637,179,2189,1631,228,35,84,0.9
1961-01-31,1.6,1.6,1.6,,,,0.15,0.4,,,0.49,0.91,0.68,0.95,0.89,0.98,0.98,269,,,331,223,,102,278,85,,,20.3,43.0,38.0,113.5,,,,,58.8,,0.13,0.11,0.64,0.31,,1.52,0.12,0.13,0.06,1563.0,,33.1,,152.0,,0.66,,0.6,13.0,...,52.0,42.3,30.0,511,11.0,607,176,2163,1711,218,35,84,0.9
1961-02-28,1.6,1.6,1.6,,,,0.15,0.4,,,0.49,0.92,0.68,0.95,0.89,0.98,0.98,281,,,349,228,,114,303,95,,,20.5,44.0,39.0,109.5,,,,,59.2,,0.13,0.11,0.64,0.31,,1.54,0.12,0.13,0.06,1563.0,,33.1,,152.0,,0.68,,0.5799999999999998,13.0,...,52.0,42.3,30.0,511,11.0,617,180,2187,1711,228,35,84,0.9
1961-03-31,1.6,1.6,1.6,,,,0.15,0.4,,,0.46,0.91,0.67,0.95,0.89,0.98,0.98,276,,,373,231,,121,311,99,,,20.4,44.0,39.0,117.7,,,,,58.1,,0.14,0.12,0.78,0.31,,1.52,0.12,0.12,0.06,1563.0,,33.1,,152.0,,0.67,,0.62,13.0,...,52.0,42.3,30.0,511,11.0,621,182,2249,1711,233,35,84,0.9
1961-04-30,1.6,1.6,1.6,,,,0.15,0.4,,,0.44,0.9,0.66,0.95,0.89,0.98,0.98,269,,,369,233,,129,322,111,,,20.1,43.0,38.0,115.2,,,,,57.3,,0.14,0.13,0.7099999999999999,0.31,,1.52,0.12,0.12,0.07,1563.0,,33.1,,152.0,,0.67,,0.64,13.0,...,52.0,42.3,30.0,511,11.0,632,185,2308,1711,231,35,84,0.9
1961-05-31,1.6,1.6,1.6,,,,0.15,0.4,,,0.4799999999999999,0.89,0.66,0.95,0.89,0.98,0.98,258,,,352,234,,122,314,109,,,20.3,45.0,42.0,119.4,,,,,55.9,,0.13,0.13,0.64,0.31,,1.5,0.12,0.13,0.07,1563.0,,33.1,,152.0,,0.68,,0.64,13.0,...,52.0,42.3,30.0,511,11.0,668,184,2377,1711,227,35,84,0.9
1961-06-30,1.6,1.6,1.6,,,,0.15,0.4,,,0.49,0.89,0.67,0.95,0.89,0.98,0.98,243,,,330,233,,114,295,99,,,19.9,44.0,45.0,121.4,,,,,54.4,,0.12,0.19,0.68,0.31,,1.52,0.12,0.13,0.07,1563.0,,33.1,,152.0,,0.68,,0.61,13.0,...,52.0,42.3,30.0,511,11.0,652,178,2467,1711,218,35,84,0.9
1961-07-31,1.6,1.6,1.6,,,,0.15,0.4,,,0.4799999999999999,0.89,0.67,0.95,0.89,0.98,0.98,245,,,328,229,,112,282,100,,,20.4,45.0,45.0,123.4,,,,,56.6,,0.13,0.13,0.67,0.31,,1.57,0.12,0.13,0.06,1563.0,,33.1,,152.0,,0.68,,0.61,13.0,...,52.0,42.3,30.0,511,11.0,633,179,2520,1711,215,35,84,0.9
1961-08-31,1.6,1.6,1.6,,,,0.15,0.4,,,0.4799999999999999,0.89,0.67,0.95,0.89,0.98,0.98,248,,,321,226,,101,276,103,,,20.7,44.0,44.0,119.6,,,,,58.8,,0.13,0.13,0.69,0.31,,1.81,0.12,0.12,0.05,1563.0,,33.1,,152.0,,0.67,,0.62,13.0,...,52.0,42.3,30.0,511,11.0,636,178,2606,1711,211,35,84,0.9
1961-09-30,1.6,1.6,1.6,,,,0.15,0.4,,,0.47,0.89,0.67,0.95,0.89,0.98,0.98,243,,,301,226,,98,267,92,,,20.7,43.0,45.0,119.0,,,,,59.9,,0.15,0.13,0.7099999999999999,0.31,,1.9,0.12,0.12,0.05,1563.0,,33.1,,152.0,,0.67,,0.62,13.0,...,52.0,42.3,30.0,511,11.0,633,176,2630,1711,204,35,84,0.9
1961-10-31,1.6,1.6,1.6,,,,0.15,0.4,,,0.46,0.89,0.67,0.95,0.89,0.98,0.98,236,,,293,226,,98,270,87,,,21.6,47.6,40.0,120.3,,,,,60.3,,0.13,0.13,0.67,0.31,,1.94,0.12,0.12,0.05,1563.0,,33.1,,152.0,,0.68,,0.59,13.0,...,52.0,42.3,30.0,511,11.0,630,173,2606,1711,198,35,84,0.9
1961-11-30,1.6,1.6,1.6,,,,0.15,0.4,,,0.4799999999999999,0.88,0.67,0.95,0.89,0.98,0.98,236,,,297,226,,100,265,92,,,22.0,48.4,41.0,128.3,,,,,61.7,,0.15,0.16,0.64,0.32,,1.96,0.12,0.13,0.05,1563.0,,33.1,,152.0,,0.66,,0.54,13.0,...,52.0,42.3,30.0,511,11.0,632,166,2668,1711,192,35,84,0.9
1961-12-31,1.6,1.6,1.6,,,,0.15,0.4,,,0.54,0.88,0.67,0.95,0.89,0.98,0.98,237,,,319,226,,101,265,93,,,22.1,48.4,41.0,120.1,,,,,62.5,,0.14,0.11,0.72,0.32,,2.03,0.12,0.13,0.05,1563.0,,33.1,,152.0,,0.66,,0.56,13.0,...,52.0,42.3,30.0,511,11.0,635,167,2619,1711,197,35,84,1.0
1962-01-31,1.5,1.5,1.5,,,,0.16,0.4,,,0.46,0.88,0.67,0.97,0.86,1.1,0.95,247,,,328,236,,101,265,80,,,21.8,48.0,44.5,117.8,,,,,60.6,,0.13,0.1,0.76,0.32,,2.03,0.13,0.13,0.05,1405.0,,36.4,,160.1,,0.66,,0.5799999999999998,11.5,...,51.0,42.3,30.0,511,11.0,635,163,2610,1761,194,35,84,1.0
1962-02-28,1.5,1.5,1.5,,,,0.16,0.4,,,0.49,0.88,0.67,0.97,0.86,1.1,0.95,249,,,299,237,,101,259,78,,,22.0,48.0,44.5,119.2,,,,,61.4,,0.14,0.1,0.76,0.32,,2.07,0.13,0.13,0.05,1405.0,,36.4,,160.1,,0.66,,0.6,11.5,...,51.0,42.3,30.0,505,11.0,648,162,2624,1761,190,35,84,1.0
1962-03-31,1.5,1.5,1.5,,,,0.16,0.4,,,0.44,0.86,0.67,0.97,0.86,1.1,0.95,251,,,291,223,,103,256,83,,,22.2,48.8,45.6,123.8,,,,,61.7,,0.15,0.11,0.7099999999999999,0.32,,2.07,0.13,0.13,0.06,1405.0,,36.4,,160.1,,0.66,,0.5799999999999998,11.5,...,51.0,42.3,30.0,496,11.0,648,167,2652,1761,191,35,84,1.0
1962-04-30,1.5,1.5,1.5,,,,0.16,0.4,,,0.46,0.85,0.67,0.97,0.86,1.1,0.95,261,,,282,220,,104,254,84,,,22.3,48.8,46.5,130.8,,,,,62.1,,0.15,0.1,0.65,0.32,,2.09,0.13,0.13,0.06,1405.0,,36.4,,160.1,,0.66,,0.57,11.5,...,51.0,42.3,30.0,496,11.0,646,167,2615,1761,191,35,84,1.0
1962-05-31,1.5,1.5,1.5,,,,0.16,0.4,,,0.47,0.83,0.67,0.97,0.86,1.1,0.95,253,,,270,219,,104,234,86,,,22.7,49.6,47.2,149.1,,,,,63.6,,0.14,0.1,0.73,0.32,,2.16,0.13,0.13,0.06,1405.0,,36.4,,160.1,,0.66,,0.56,11.5,...,51.0,42.3,30.0,496,11.0,646,165,2533,1761,189,35,84,1.0
1962-06-30,1.5,1.5,1.5,,,,0.16,0.4,,,0.47,0.8,0.67,0.97,0.86,1.1,0.95,240,,,265,216,,102,215,89,,,22.8,49.6,47.2,144.1,,,,,64.3,,0.12,0.1,0.79,0.32,,2.27,0.13,0.13,0.06,1405.0,,36.4,,160.1,,0.66,,0.54,11.5,...,51.0,42.3,30.0,496,11.0,646,159,2414,1761,185,35,84,1.0
1962-07-31,1.5,1.5,1.5,,,,0.16,0.4,,,0.46,0.81,0.68,0.97,0.86,1.1,0.95,240,,,267,213,,101,198,92,,,22.9,48.8,44.3,144.2,,,,,65.4,,0.12,0.11,0.76,0.32,,2.27,0.13,0.13,0.06,1405.0,,36.4,,160.1,,0.65,,0.55,11.5,...,51.0,42.3,30.0,496,11.0,646,148,2377,1761,182,35,84,1.0
1962-08-31,1.5,1.5,1.5,,,,0.16,0.4,,,0.46,0.82,0.68,0.97,0.86,1.1,0.95,245,,,265,209,,95,198,94,,,22.9,47.2,42.6,142.9,,,,,66.5,,0.12,0.11,0.75,0.32,,2.38,0.13,0.13,0.06,1405.0,,36.4,,160.1,,0.64,,0.53,11.5,...,51.0,42.3,30.0,496,11.0,646,141,2350,1761,178,35,84,1.1
1962-09-30,1.5,1.5,1.5,,,,0.16,0.4,,,0.45,0.83,0.69,0.97,0.86,1.1,0.95,247,,,269,205,,95,198,102,,,22.9,47.6,42.6,140.6,,,,,65.8,,0.12,0.11,0.8,0.32,,2.54,0.13,0.13,0.06,1405.0,,36.4,,160.1,,0.63,,0.54,11.5,...,51.0,42.3,30.0,496,11.0,646,143,2350,1761,177,35,84,1.2
1962-10-31,1.5,1.5,1.5,,,,0.16,0.4,,,0.44,0.81,0.69,0.97,0.86,1.1,0.95,254,,,252,197,,97,212,93,,,22.7,47.6,42.8,143.0,,,,,64.3,,0.12,0.11,0.68,0.32,,2.49,0.13,0.13,0.07,1405.0,,36.4,,160.1,,0.63,,0.57,11.5,...,51.0,42.3,30.0,496,11.0,646,146,2359,1761,182,35,84,1.2
1962-11-30,1.5,1.5,1.5,,,,0.16,0.4,,,0.44,0.81,0.69,0.97,0.86,1.1,0.95,257,,,251,208,,101,220,94,,,23.5,48.4,43.4,142.5,,,,,68.7,,0.15,0.14,0.59,0.32,,2.38,0.13,0.13,0.08,1405.0,,36.4,,160.1,,0.63,,0.5799999999999998,11.5,...,51.0,42.3,30.0,496,11.0,646,150,2407,1761,189,35,84,1.2
1962-12-31,1.5,1.5,1.5,,,,0.16,0.4,,,0.45,0.82,0.72,0.97,0.86,1.1,0.95,272,,,254,211,,102,215,94,,,23.9,51.2,45.2,121.1,,,,,67.6,,0.13,0.1,0.6,0.32,,2.27,0.13,0.13,0.09,1405.0,,36.4,,160.1,,0.65,,0.5799999999999998,11.5,...,51.0,42.3,30.0,496,11.0,646,153,2366,1761,185,35,84,1.2
1963-01-31,1.5,1.5,1.5,,,,0.16,0.39,,,0.5,0.83,0.65,0.95,0.81,1.08,0.96,279,,,261,218,,107,223,92,,,24.1,52.8,46.5,121.8,,,,,67.2,,0.13,0.08,0.57,0.32,,2.29,0.13,0.13,0.12,1344.0,,36.7,,160.7,,0.66,,0.57,11.5,...,52.0,42.3,30.0,496,11.0,646,149,2350,1741,186,35,84,1.2
1963-02-28,1.5,1.5,1.5,,,,0.16,0.39,,,0.54,0.8,0.61,0.95,0.81,1.08,0.96,273,,,265,218,,110,231,92,,,24.4,53.2,47.2,123.4,,,,,68.3,,0.13,0.08,0.56,0.32,,2.29,0.13,0.14,0.13,1344.0,,36.7,,160.7,,0.65,,0.56,11.5,...,52.0,42.3,30.0,496,11.0,646,151,2350,1742,192,35,84,1.3
1963-03-31,1.5,1.5,1.5,,,,0.16,0.39,,,0.53,0.81,0.62,0.95,0.81,1.08,0.96,273,,,264,218,,109,229,90,,,24.5,52.4,47.2,123.3,,,,,69.5,,0.13,0.08,0.56,0.32,,2.29,0.13,0.14,0.14,1344.0,,36.9,,161.4,,0.65,,0.54,11.5,...,52.0,42.3,30.0,496,11.0,646,154,2359,1742,198,35,84,1.3
1963-04-30,1.5,1.5,1.5,,,,0.16,0.39,,,0.56,0.81,0.62,0.95,0.81,1.08,0.96,278,,,262,218,,107,229,87,,,24.7,52.0,46.3,122.4,,,,,70.9,,0.13,0.1,0.65,0.33,,2.29,0.13,0.16,0.16,1344.0,,36.9,,161.4,,0.64,,0.55,11.5,...,52.0,42.3,30.0,496,11.0,646,159,2427,1741,204,35,79,1.3
1963-05-31,1.5,1.5,1.5,,,,0.16,0.39,,,0.61,0.8,0.61,0.95,0.81,1.08,0.96,280,,,269,218,,109,231,87,,,24.2,52.4,46.5,123.2,,,,,67.6,,0.13,0.11,0.69,0.33,,2.23,0.13,0.22,0.22,1344.0,,37.8,,163.3,,0.64,,0.54,11.5,...,52.0,42.3,30.0,496,11.0,646,167,2496,1742,209,35,79,1.3
1963-06-30,1.5,1.5,1.5,,,,0.16,0.39,,,0.56,0.8,0.61,0.95,0.81,1.08,0.96,283,,,274,220,,108,231,90,,,23.2,55.5,48.3,128.1,,,,,58.4,,0.13,0.12,0.69,0.33,,2.2,0.13,0.18,0.22,1344.0,,37.5,,162.7,,0.64,,0.53,11.5,...,52.0,42.3,30.0,496,11.0,646,179,2500,1742,209,35,79,1.3
1963-07-31,1.5,1.5,1.5,,,,0.16,0.39,,,0.52,0.81,0.62,0.95,0.81,1.08,0.96,286,,,274,222,,109,229,91,,,23.2,56.7,48.4,130.6,,,,,57.7,,0.13,0.09,0.76,0.33,,2.03,0.13,0.16,0.2,1344.0,,36.1,,159.4,,0.64,,0.52,11.5,...,52.0,42.3,30.0,496,11.0,646,180,2482,1741,205,35,79,1.3
1963-08-31,1.5,1.5,1.5,,,,0.16,0.39,,,0.52,0.8,0.61,0.95,0.81,1.08,0.96,292,,,265,225,,106,207,91,,,23.3,55.5,47.8,129.9,,,,,58.4,,0.17,0.09,0.83,0.33,,1.72,0.13,0.13,0.14,1344.0,,34.7,,156.1,,0.64,,0.49,11.5,...,52.0,42.3,30.0,496,11.0,646,185,2496,1742,210,35,79,1.3
1963-09-30,1.5,1.5,1.5,,,,0.16,0.39,,,0.55,0.8,0.62,0.95,0.81,1.08,0.96,298,,,266,225,,109,204,91,,,23.7,55.9,48.9,130.3,,,,,60.6,,0.16,0.09,0.7,0.33,,1.68,0.13,0.15,0.16,1344.0,,33.9,,154.0,,0.65,,0.4799999999999999,11.5,...,52.0,42.3,30.0,496,11.0,646,187,2573,1742,211,35,81,1.3
1963-10-31,1.5,1.5,1.5,,,,0.16,0.39,,,0.5799999999999998,0.8,0.63,0.95,0.81,1.08,0.96,304,,,276,227,,117,234,91,,,24.1,53.2,49.0,128.7,,,,,65.0,,0.18,0.09,0.67,0.33,,1.59,0.13,0.19,0.23,1344.0,,32.8,,151.3,,0.65,,0.5,11.5,...,52.0,42.3,30.0,507,11.0,646,192,2590,1741,221,35,81,1.3
1963-11-30,1.5,1.5,1.5,,,,0.16,0.39,,,0.57,0.81,0.63,0.95,0.81,1.08,0.96,303,,,274,230,,116,223,91,,,24.1,52.4,49.0,124.8,,,,,65.0,,0.15,0.09,0.63,0.33,,1.65,0.13,0.19,0.25,1344.0,,32.5,,150.6,,0.64,,0.5,11.5,...,52.0,42.3,30.0,507,11.0,646,191,2687,1742,232,35,83,1.3
1963-12-31,1.5,1.5,1.5,,,,0.16,0.39,,,0.57,0.8,0.65,0.95,0.81,1.08,0.96,289,,,272,232,,114,212,99,,,24.3,53.5,49.0,121.5,,,,,65.0,,0.16,0.08,0.69,0.33,,1.7,0.13,0.18,0.23,1344.0,,33.3,,152.6,,0.64,,0.47,11.5,...,52.0,42.3,30.0,507,11.0,650,205,2782,1742,261,35,84,1.3
1964-01-31,1.5,1.5,1.5,,,,0.15,0.38,,,0.55,0.93,0.7,0.93,0.82,1.04,0.92,287,,,270,233,,117,215,99,,,24.4,55.1,49.6,124.0,,,,,64.0,,0.15,0.08,0.73,0.33,,1.76,0.13,0.19,0.23,1488.0,,32.8,,151.3,,0.66,,0.45,12.5,...,53.0,60.5,32.5,507,10.2,656,218,2873,1741,264,35,88,1.3
1964-02-29,1.5,1.5,1.5,,,,0.15,0.38,,,0.51,0.94,0.72,0.93,0.82,1.04,0.92,271,,,258,233,,113,209,96,,,24.4,52.8,49.9,119.1,,,,,66.1,,0.16,0.08,0.79,0.33,,1.7,0.13,0.16,0.2,1488.0,,32.8,,151.3,,0.66,,0.47,12.5,...,53.0,60.5,32.5,507,10.2,694,223,3060,1742,271,35,89,1.3
1964-03-31,1.5,1.5,1.5,,,,0.15,0.38,,,0.51,1.04,0.78,0.93,0.82,1.04,0.92,281,,,265,233,,111,209,94,,,24.8,54.3,49.0,115.1,,,,,66.9,,0.16,0.09,0.82,0.34,,1.63,0.13,0.15,0.16,1488.0,,31.9,,149.2,,0.65,,0.5,12.5,...,53.0,60.5,32.5,525,10.2,745,224,2959,1742,277,35,89,1.3
1964-04-30,1.5,1.5,1.5,,,,0.15,0.38,,,0.4799999999999999,1.0,0.82,0.93,0.82,1.04,0.92,280,,,273,233,,107,204,90,,,25.2,55.5,48.1,116.9,,,,,67.6,,0.2,0.09,0.83,0.34,,1.61,0.13,0.15,0.17,1488.0,,30.6,,145.7,,0.65,,0.5,12.5,...,53.0,60.5,32.5,529,10.2,862,227,2879,1741,299,35,89,1.3
1964-05-31,1.5,1.5,1.5,,,,0.15,0.38,,,0.4799999999999999,1.02,0.83,0.93,0.82,1.04,0.92,283,,,292,233,,105,215,85,,,25.6,55.9,48.1,117.0,,,,,69.5,,0.21,0.08,0.87,0.34,,1.63,0.13,0.13,0.15,1488.0,,29.4,,142.8,,0.66,,0.5,12.5,...,53.0,60.5,32.5,529,10.2,828,244,2910,1742,343,35,89,1.3
1964-06-30,1.5,1.5,1.5,,,,0.15,0.38,,,0.5,1.01,0.85,0.93,0.82,1.04,0.92,295,,,317,234,,104,212,86,,,25.0,56.3,47.4,119.2,,,,,65.0,,0.21,0.09,0.86,0.34,,1.81,0.13,0.13,0.12,1488.0,,29.4,,142.8,,0.66,,0.49,12.5,...,53.0,60.5,32.5,529,10.2,808,246,3265,1742,357,35,89,1.3
1964-07-31,1.5,1.5,1.5,,,,0.15,0.38,,,0.51,1.02,0.82,0.93,0.82,1.04,0.92,304,,,335,235,,102,209,85,,,25.6,55.9,47.4,122.6,,,,,68.7,,0.17,0.08,0.94,0.34,,1.83,0.13,0.12,0.1,1488.0,,29.2,,142.0,,0.65,,0.4799999999999999,12.5,...,53.0,60.5,32.5,529,10.2,855,271,3452,1741,385,35,89,1.3
1964-08-31,1.5,1.5,1.5,,,,0.15,0.38,,,0.5,1.05,0.82,0.93,0.82,1.04,0.92,303,,,324,236,,104,223,83,,,25.4,54.7,47.6,122.9,,,,,68.7,,0.16,0.08,0.9,0.34,,1.76,0.13,0.12,0.09,1488.0,,29.2,,142.0,,0.64,,0.4799999999999999,12.5,...,53.0,60.5,32.5,529,10.2,999,301,3512,1742,345,35,89,1.3
1964-09-30,1.5,1.5,1.5,,,,0.15,0.38,,,0.51,1.04,0.79,0.93,0.82,1.04,0.92,303,,,347,238,,110,243,92,,,25.6,55.1,48.5,123.4,,,,,69.1,,0.18,0.08,0.82,0.34,,1.9,0.13,0.12,0.08,1488.0,,28.9,,141.3,,0.65,,0.5,12.5,...,53.0,60.5,32.5,529,10.2,1162,301,3933,1742,355,35,89,1.3
1964-10-31,1.5,1.5,1.5,,,,0.15,0.38,,,0.51,1.04,0.77,0.93,0.82,1.04,0.92,311,,,371,251,,114,270,89,,,25.2,52.8,47.4,121.5,,,,,68.7,,0.16,0.08,0.84,0.34,,1.92,0.13,0.13,0.08,1488.0,,28.9,,141.3,,0.65,,0.52,12.5,...,53.0,60.5,32.5,529,10.2,1358,332,4372,1741,334,35,89,1.3
1964-11-30,1.5,1.5,1.5,,,,0.15,0.38,,,0.52,1.03,0.79,0.93,0.82,1.04,0.92,314,,,360,255,,118,270,85,,,25.1,52.8,47.2,121.0,,,,,68.0,,0.16,0.08,0.84,0.34,,2.09,0.13,0.12,0.07,1488.0,,29.4,,142.8,,0.64,,0.51,12.5,...,53.0,60.5,32.5,529,10.2,1400,365,4105,1742,345,35,89,1.3
1964-12-31,1.5,1.5,1.5,,,,0.15,0.38,,,0.5,1.01,0.76,0.93,0.82,1.04,0.92,326,,,373,261,,122,317,87,,,25.4,54.3,48.7,119.1,,,,,68.0,,0.13,0.09,0.86,0.34,,2.12,0.12,0.13,0.06,1488.0,,30.6,,145.7,,0.64,,0.5,12.5,...,53.0,60.5,32.5,540,10.2,1269,384,3633,1742,343,35,89,1.3
1965-01-31,1.4,1.4,1.4,,,,0.16,0.41,,,0.47,1.01,0.63,1.0,0.85,1.14,1.01,338,,,361,266,,123,284,92,,,25.4,55.9,49.8,114.6,,,,,66.1,,0.13,0.08,0.85,0.34,,2.09,0.12,0.14,0.05,1265.0,,30.6,,145.7,,0.64,,0.51,14.0,...,54.0,65.8,29.5,540,10.2,1001,348,3457,1735,322,35,93,1.3
1965-02-28,1.4,1.4,1.4,,,,0.16,0.41,,,0.42,1.04,0.64,1.0,0.85,1.14,1.01,357,,,373,283,,128,303,96,,,24.7,56.7,49.8,115.9,,,,,61.4,,0.16,0.08,0.85,0.35,,2.01,0.12,0.14,0.05,1265.0,,33.3,,152.6,,0.67,,0.52,14.0,...,54.0,65.8,29.5,540,10.2,1180,390,3391,1735,320,35,99,1.3
1965-03-31,1.4,1.4,1.4,,,,0.16,0.41,,,0.35,0.99,0.5799999999999998,1.0,0.85,1.14,1.01,357,,,344,292,,125,300,94,,,24.7,57.1,48.9,115.6,,,,,61.0,,0.15,0.08,0.85,0.35,,2.03,0.12,0.13,0.05,1265.0,,34.2,,154.7,,0.65,,0.52,14.0,...,54.0,65.8,29.5,540,10.2,1237,395,3585,1735,316,35,99,1.3
1965-04-30,1.4,1.4,1.4,,,,0.16,0.41,,,0.35,0.97,0.55,1.0,0.85,1.14,1.01,357,,,326,298,,123,295,95,,,24.6,57.5,47.8,113.3,,,,,59.9,,0.16,0.09,0.85,0.35,,2.07,0.12,0.13,0.05,1265.0,,35.6,,158.1,,0.65,,0.53,14.0,...,54.0,65.8,29.5,540,10.2,1348,353,3944,1735,316,35,99,1.3
1965-05-31,1.4,1.4,1.4,,,,0.16,0.41,,,0.33,0.96,0.49,1.0,0.85,1.14,1.01,357,,,294,303,,119,256,94,,,24.7,58.7,47.8,111.8,,,,,59.2,,0.15,0.15,0.84,0.35,,2.05,0.12,0.14,0.05,1265.0,,35.6,,158.1,,0.65,,0.53,14.0,...,54.0,65.8,29.5,540,15.3,1379,302,4215,1735,323,35,99,1.3
1965-06-30,1.4,1.4,1.4,,,,0.16,0.41,,,0.2899999999999999,0.98,0.61,1.0,0.85,1.14,1.01,421,,,297,295,,122,256,94,,,24.4,58.3,47.8,110.9,,,,,58.1,,0.17,0.11,0.86,0.35,,1.96,0.12,0.14,0.04,1265.0,,35.6,,158.1,,0.63,,0.52,14.0,...,54.0,65.8,29.5,540,10.2,1309,279,4132,1735,314,35,99,1.3
1965-07-31,1.4,1.4,1.4,,,,0.16,0.41,,,0.26,0.98,0.72,1.0,0.85,1.14,1.01,373,,,302,280,,120,248,102,,,24.1,56.7,47.8,112.0,,,,,57.3,,0.18,0.1,0.88,0.35,,1.94,0.12,0.13,0.04,1265.0,,35.6,,158.1,,0.63,,0.49,14.0,...,54.0,65.8,29.5,540,10.2,1134,272,3966,1735,310,35,99,1.3
1965-08-31,1.4,1.4,1.4,,,,0.16,0.41,,,0.33,1.0,0.79,1.0,0.85,1.14,1.01,335,,,299,258,,111,234,96,,,24.0,55.1,47.4,116.9,,,,,57.7,,0.17,0.1,0.89,0.35,,1.87,0.12,0.14,0.04,1265.0,,35.6,,158.1,,0.63,,0.4799999999999999,14.0,...,54.0,65.8,29.5,540,10.2,1210,272,4092,1735,304,35,99,1.3
1965-09-30,1.4,1.4,1.4,,,,0.16,0.41,,,0.36,1.0,0.78,1.0,0.85,1.14,1.01,312,,,309,247,,106,248,105,,,24.0,53.9,47.4,126.6,,,,,58.4,,0.18,0.1,0.91,0.35,,1.9,0.12,0.14,0.04,1265.0,,36.1,,159.4,,0.63,,0.4799999999999999,14.0,...,54.0,65.8,29.5,540,10.2,1328,289,4209,1735,300,35,99,1.3
1965-10-31,1.4,1.4,1.4,,,,0.16,0.41,,,0.37,1.01,0.81,1.0,0.85,1.14,1.01,331,,,324,250,,104,284,97,,,23.6,51.6,46.5,126.7,,,,,58.1,,0.19,0.1,0.93,0.35,,1.92,0.12,0.14,0.04,1265.0,,36.1,,159.4,,0.62,,0.47,14.0,...,54.0,65.8,29.5,540,10.2,1402,307,4010,1735,308,35,99,1.3
1965-11-30,1.4,1.4,1.4,,,,0.16,0.41,,,0.4,1.03,0.76,1.0,0.85,1.14,1.01,335,,,336,250,,107,276,103,,,23.6,51.6,46.3,129.2,,,,,58.1,,0.15,0.1,0.91,0.36,,2.01,0.12,0.14,0.04,1265.0,,36.1,,159.4,,0.62,,0.49,14.0,...,54.0,65.8,29.5,540,10.2,1469,299,3821,1735,299,35,99,1.3
1965-12-31,1.4,1.4,1.4,,,,0.16,0.41,,,0.46,1.03,0.79,1.0,0.85,1.14,1.01,331,,,322,249,,113,256,97,,,24.3,55.1,47.6,132.1,,,,,58.4,,0.13,0.09,0.94,0.36,,2.01,0.12,0.13,0.04,1265.0,,36.1,,159.4,,0.62,,0.5,14.0,...,54.0,65.8,29.5,540,10.2,1518,301,3869,1735,303,35,99,1.3
1966-01-31,1.4,1.4,1.4,,,,0.16,0.42,,,0.47,1.01,0.8,0.96,0.76,1.21,0.91,356,,,307,247,,120,267,102,,,24.6,57.1,47.6,125.5,,,,,58.4,,0.13,0.09,0.97,0.36,,2.31,0.13,0.14,0.05,1581.0,,36.1,,159.4,,0.62,,0.51,13.0,...,50.0,59.3,27.5,540,9.5,1679,301,3926,1739,303,35,99,1.3
1966-02-28,1.4,1.4,1.4,,,,0.16,0.42,,,0.47,0.97,0.76,0.96,0.76,1.21,0.91,349,,,300,248,,122,273,99,,,24.7,57.1,48.5,124.8,,,,,58.8,,0.14,0.07,0.96,0.36,,2.31,0.13,0.14,0.05,1581.0,,36.9,,161.4,,0.62,,0.51,13.0,...,50.0,59.3,27.5,540,9.5,1874,292,3878,1739,300,35,99,1.3
1966-03-31,1.4,1.4,1.4,,,,0.16,0.42,,,0.49,0.95,0.74,0.96,0.76,1.21,0.91,338,,,293,245,,120,265,93,,,24.5,55.5,47.4,131.7,,,,,58.8,,0.17,0.09,1.07,0.36,,2.31,0.13,0.14,0.05,1581.0,,36.9,,161.4,,0.64,,0.5,13.0,...,50.0,59.3,27.5,540,9.5,1875,293,3772,1739,301,35,100,1.3
1966-04-30,1.4,1.4,1.4,,,,0.16,0.42,,,0.53,0.95,0.76,0.96,0.76,1.21,0.91,331,,,286,234,,122,267,97,,,24.6,55.9,47.0,143.0,,,,,58.8,,0.19,0.09,1.07,0.36,,2.31,0.13,0.14,0.05,1581.0,,36.4,,160.1,,0.62,,0.4799999999999999,13.0,...,50.0,59.3,27.5,540,9.5,1907,280,3763,1739,279,35,100,1.3
1966-05-31,1.4,1.4,1.4,,,,0.16,0.42,,,0.51,0.95,0.77,0.96,0.76,1.21,0.91,331,,,288,226,,125,256,102,,,24.6,55.1,47.0,140.9,,,,,58.8,,0.18,0.09,1.04,0.36,,2.31,0.13,0.14,0.05,1581.0,,36.9,,161.4,,0.62,,0.49,13.0,...,50.0,59.3,27.5,540,9.5,1664,262,3688,1739,270,35,100,1.3
1966-06-30,1.4,1.4,1.4,,,,0.16,0.42,,,0.53,0.92,0.74,0.81,0.76,0.77,0.91,332,,,288,225,,131,256,118,,,25.5,57.1,46.7,144.5,,,,,62.1,,0.18,0.08,0.99,0.36,,2.31,0.13,0.14,0.04,1581.0,,36.9,,161.4,,0.62,,0.47,13.0,...,50.0,59.3,27.5,540,9.5,1696,259,3516,1739,272,35,100,1.3
1966-07-31,1.4,1.4,1.4,,,,0.16,0.42,,,0.5799999999999998,0.92,0.73,0.81,0.76,0.77,0.91,330,,,295,235,,139,267,123,,,26.5,59.1,47.2,153.3,,,,,65.4,,0.14,0.08,0.97,0.37,,2.31,0.13,0.14,0.04,1581.0,,36.9,,161.4,,0.62,,0.47,13.0,...,50.0,59.3,27.5,540,9.5,1568,263,3514,1739,265,35,100,1.3
1966-08-31,1.4,1.4,1.4,,,,0.16,0.42,,,0.57,0.92,0.72,0.81,0.76,0.77,0.91,319,,,305,240,,140,276,124,,,27.5,62.6,50.5,150.4,,,,,67.6,,0.16,0.08,1.0,0.37,,2.31,0.13,0.14,0.04,1581.0,,36.9,,161.4,,0.62,,0.46,13.0,...,50.0,59.3,27.5,540,9.5,1195,243,3428,1739,265,35,100,1.3
1966-09-30,1.4,1.4,1.4,,,,0.16,0.42,,,0.5,0.9,0.7,0.81,0.76,0.77,0.91,317,,,299,240,,128,267,112,,,27.2,61.0,51.6,155.4,,,,,67.2,,0.14,0.08,1.05,0.37,,2.31,0.13,0.14,0.03,1581.0,,36.9,,161.4,,0.61,,0.43,13.0,...,50.0,59.3,27.5,540,9.5,1128,254,3378,1739,271,35,100,1.3
1966-10-31,1.4,1.4,1.4,,,,0.16,0.42,,,0.51,0.89,0.72,0.81,0.76,0.77,0.91,303,,,292,231,,120,251,105,,,26.7,58.7,48.7,164.3,,,,,66.1,,0.13,0.08,1.05,0.37,,2.31,0.13,0.15,0.03,1581.0,,36.9,,161.4,,0.63,,0.45,13.0,...,50.0,59.3,27.5,540,9.5,1275,234,3362,1739,276,35,100,1.3
1966-11-30,1.4,1.4,1.4,,,,0.16,0.42,,,0.5,0.89,0.72,0.81,0.76,0.77,0.91,278,,,293,226,,121,248,101,,,26.8,59.1,49.4,166.1,,,,,65.8,,0.14,0.08,1.03,0.37,,2.31,0.13,0.14,0.03,1581.0,,36.9,,161.4,,0.63,,0.45,13.0,...,50.0,59.3,27.5,540,9.5,1302,223,3320,1739,288,35,100,1.3
1966-12-31,1.4,1.4,1.4,,,,0.16,0.42,,,0.55,0.87,0.72,0.81,0.76,0.77,0.91,300,,,311,231,,121,245,108,,,27.5,61.4,51.4,142.6,,,,,67.6,,0.14,0.08,1.06,0.37,,2.31,0.13,0.14,0.03,1581.0,,36.9,,161.4,,0.63,,0.43,13.0,...,50.0,59.3,27.5,540,9.5,1215,224,3336,1739,286,35,100,1.3
1967-01-31,1.3,1.3,1.3,,,,0.16,0.46,,,0.57,0.85,0.7099999999999999,0.84,0.73,0.8,0.99,310,,,303,234,,117,231,105,,,27.3,60.2,52.9,142.3,,,,,67.2,,0.16,0.18,1.08,0.37,,2.29,0.13,0.14,0.03,1299.0,,36.9,,161.4,,0.64,,0.43,12.0,68.5,46.5,49.3,25.5,540,8.9,1244,220,3303,1936,280,35,103,1.3
1967-02-28,1.3,1.3,1.3,,,,0.16,0.46,,,0.61,0.84,0.73,0.84,0.73,0.8,0.99,317,,,297,231,,117,225,101,,,27.3,59.1,52.9,151.5,,,,,68.0,,0.14,0.15,1.06,0.37,,2.29,0.13,0.15,0.04,1299.0,,37.5,,162.7,,0.66,,0.41,12.0,68.5,46.5,49.3,25.5,540,8.9,1220,222,3309,1936,282,35,111,1.3
1967-03-31,1.3,1.3,1.3,,,,0.16,0.46,,,0.6,0.82,0.73,0.84,0.73,0.8,0.99,314,,,301,223,,116,231,98,,,27.7,59.1,54.9,163.5,,,,,69.8,,0.16,0.16,1.04,0.37,,2.29,0.13,0.15,0.03,1299.0,,38.3,,164.6,,0.66,,0.41,12.0,68.5,46.5,49.3,25.5,540,8.9,1098,228,3318,1936,279,35,111,1.3
1967-04-30,1.3,1.3,1.3,,,,0.16,0.46,,,0.5799999999999998,0.85,0.75,0.84,0.73,0.8,0.99,305,,,292,223,,116,227,96,,,27.3,57.9,54.2,168.5,,,,,68.3,,0.16,0.16,1.06,0.37,,2.29,0.13,0.15,0.05,1299.0,,38.3,,164.6,,0.66,,0.41,12.0,68.5,46.5,49.3,25.5,540,8.9,995,227,3351,1936,272,35,111,1.3
1967-05-31,1.3,1.3,1.3,,,,0.16,0.46,,,0.57,0.89,0.77,0.84,0.73,0.8,0.99,284,,,289,224,,116,224,95,,,27.2,57.1,54.5,175.8,,,,,68.3,,0.15,0.15,1.04,0.37,,2.29,0.13,0.15,0.06,1299.0,,38.9,,165.9,,0.66,,0.4,12.0,68.5,46.5,49.3,25.5,540,8.9,1036,226,3358,1936,275,35,111,1.3
1967-06-30,1.3,1.3,1.3,,,,0.16,0.46,,,0.5799999999999998,0.91,0.78,0.84,0.73,0.8,0.99,320,,,294,229,,117,226,99,,,26.9,57.1,52.9,184.5,,,,,66.5,,0.16,0.16,1.04,0.37,,2.29,0.13,0.15,0.05,1299.0,,38.9,,165.9,,0.67,,0.41,12.0,68.5,46.5,49.3,25.5,540,8.9,1015,228,3367,1936,274,35,111,1.3
1967-07-31,1.3,1.3,1.3,,,,0.16,0.46,,,0.57,0.9,0.74,0.84,0.73,0.8,0.99,318,,,295,229,,115,212,99,,,26.3,55.1,52.0,206.2,,,,,64.7,,0.16,0.16,1.04,0.37,,2.29,0.13,0.15,0.04,1299.0,,38.9,,165.9,,0.67,,0.4,12.0,68.5,43.5,49.3,25.5,540,8.9,997,231,3362,1936,267,35,111,1.6
1967-08-31,1.3,1.3,1.3,,,,0.16,0.46,,,0.59,0.88,0.72,0.84,0.73,0.8,0.99,310,,,292,229,,111,210,99,,,25.6,52.0,50.3,207.2,,,,,63.9,,0.15,0.16,1.03,0.37,,2.29,0.13,0.15,0.04,1299.0,,38.9,,165.9,,0.68,,0.37,12.0,68.5,43.5,49.3,25.5,540,8.9,1045,232,3292,1936,269,35,111,1.7
1967-09-30,1.3,1.3,1.3,,,,0.16,0.46,,,0.62,0.86,0.72,0.84,0.73,0.8,0.99,325,,,275,225,,111,206,99,,,25.1,49.2,49.6,221.6,,,,,63.2,,0.18,0.16,1.04,0.37,,2.29,0.13,0.15,0.04,1299.0,,40.3,,169.1,,0.69,,0.36,12.0,68.5,43.5,49.3,25.5,540,8.9,1060,227,3267,1936,265,35,111,1.7
1967-10-31,1.3,1.3,1.3,,,,0.16,0.46,,,0.61,0.85,0.73,0.84,0.73,0.8,0.99,351,,,259,222,,110,203,99,,,25.0,48.0,49.4,224.1,,,,,63.6,,0.18,0.16,1.04,0.37,,2.29,0.13,0.15,0.04,1299.0,,41.7,,172.2,,0.7,,0.36,12.0,68.5,43.5,49.3,25.5,540,8.9,1138,226,3281,1936,264,35,111,1.8
1967-11-30,1.3,1.3,1.3,,,,0.16,0.46,,,0.64,0.87,0.75,0.84,0.73,0.8,0.99,376,,,248,218,,116,211,99,,,24.8,47.6,48.9,213.6,,,,,62.8,,0.16,0.16,1.01,0.38,,2.29,0.13,0.15,0.05,1299.0,,41.7,,172.2,,0.7099999999999999,,0.35,12.0,68.5,43.5,49.3,25.5,540,8.9,1444,242,3298,1936,287,35,111,2.0
1967-12-31,1.3,1.3,1.3,,,,0.16,0.46,,,0.65,0.85,0.75,0.79,0.5799999999999998,0.8,0.99,387,,,251,195,,113,196,99,,,24.6,46.9,50.3,213.6,,,,,62.1,,0.13,0.17,1.02,0.38,,2.29,0.13,0.15,0.05,1299.0,,41.7,,172.2,,0.72,,0.36,12.0,68.5,43.5,49.3,25.5,540,8.9,1324,222,3192,1936,266,35,115,2.1
1968-01-31,1.3,1.3,1.3,,,,0.16,0.45,,,0.65,0.87,0.76,0.75,0.68,0.73,0.84,398,,,251,191,,114,196,97,,,25.5,51.6,55.6,198.8,,,,,62.1,,0.11,0.16,1.03,0.38,,2.58,0.11,0.15,0.05,1254.0,,41.7,,172.2,,0.72,,0.35,11.5,60.5,39.0,35.5,24.0,540,8.8,1409,218,3126,2075,263,36,114,2.0
1968-02-29,1.3,1.3,1.3,,,,0.16,0.45,,,0.63,0.87,0.76,0.75,0.68,0.73,0.84,412,,,255,191,,115,193,97,,,25.6,51.2,58.1,207.0,,,,,62.8,,0.17,0.17,1.02,0.38,,2.58,0.11,0.15,0.05,1249.0,,41.7,,172.2,,0.7099999999999999,,0.33,11.5,60.5,39.0,35.5,24.0,540,8.8,1720,228,3111,2075,260,36,112,1.9
1968-03-31,1.3,1.3,1.3,,,,0.16,0.45,,,0.62,0.88,0.75,0.75,0.68,0.73,0.84,423,,,257,191,,116,191,96,,,25.5,50.0,57.0,209.8,,,,,63.6,,0.16,0.18,1.03,0.38,,2.58,0.11,0.15,0.04,1235.0,,41.7,,172.2,,0.7099999999999999,,0.36,11.5,60.5,39.0,35.5,24.0,540,8.8,1701,234,3113,2075,258,37,112,2.2
1968-04-30,1.3,1.3,1.3,,,,0.16,0.45,,,0.63,0.89,0.75,0.75,0.68,0.73,0.84,436,,,260,189,,113,190,95,,,24.9,48.0,57.0,197.0,,,,,61.7,,0.17,0.18,1.05,0.38,,2.58,0.11,0.15,0.04,1210.0,,41.7,,172.2,,0.7099999999999999,,0.36,11.5,60.5,39.0,35.5,24.0,540,8.8,1255,235,3106,2075,258,38,112,2.2
1968-05-31,1.3,1.3,1.3,,,,0.16,0.45,,,0.62,0.88,0.76,0.75,0.68,0.73,0.84,440,,,272,186,,114,189,96,,,24.7,48.4,53.1,187.1,,,,,60.3,,0.18,0.19,1.08,0.38,,2.58,0.11,0.15,0.04,1201.0,,41.7,,172.2,,0.7099999999999999,,0.37,11.5,60.5,39.0,35.5,24.0,540,8.8,1097,238,3084,2075,262,41,112,2.4
1968-06-30,1.3,1.3,1.3,,,,0.16,0.45,,,0.61,0.89,0.76,0.75,0.68,0.73,0.84,407,,,279,175,,112,178,96,,,24.9,47.6,51.3,179.3,,,,,61.7,,0.15,0.16,1.11,0.38,,2.58,0.11,0.15,0.04,1205.0,,38.9,,165.9,,0.7,,0.4,11.5,60.5,39.0,35.5,24.0,562,8.8,1137,239,3084,2075,262,41,112,2.5
1968-07-31,1.3,1.3,1.3,,,,0.16,0.45,,,0.63,0.88,0.75,0.75,0.68,0.73,0.84,378,,,261,172,,111,162,96,,,25.2,47.2,49.8,181.7,,,,,63.6,,0.16,0.16,1.1,0.38,,2.58,0.11,0.15,0.04,1174.0,,38.9,,165.9,,0.69,,0.39,11.5,60.5,36.0,35.5,24.0,562,8.8,1054,247,3075,2075,266,39,123,2.3
1968-08-31,1.3,1.3,1.3,,,,0.16,0.45,,,0.65,0.87,0.75,0.75,0.68,0.73,0.84,386,,,267,150,,106,157,96,,,24.9,44.9,46.9,177.7,,,,,63.9,,0.14,0.16,1.1,0.39,,2.58,0.11,0.15,0.03,1181.0,,38.9,,165.9,,0.68,,0.4,11.5,60.5,36.0,35.5,24.0,562,8.8,1056,250,3062,2075,269,39,123,2.2
1968-09-30,1.3,1.3,1.3,,,,0.16,0.45,,,0.77,0.85,0.75,0.75,0.68,0.73,0.84,376,,,273,142,,105,161,99,,,24.7,44.1,47.3,175.8,,,,,63.6,,0.16,0.16,1.16,0.39,,2.58,0.11,0.15,0.03,1229.0,,38.9,,165.9,,0.66,,0.39,11.5,60.5,36.0,35.5,24.0,562,8.8,1110,252,3071,2075,263,40,123,2.2
1968-10-31,1.3,1.3,1.3,,,,0.16,0.45,,,0.83,0.85,0.74,0.75,0.68,0.73,0.84,374,,,270,142,,104,166,98,,,24.9,44.9,48.8,163.7,,,,,63.6,,0.15,0.16,1.17,0.39,,2.58,0.11,0.16,0.04,1184.0,,38.9,,165.9,,0.66,,0.41,11.5,60.5,36.0,35.5,24.0,562,8.8,1080,248,3111,2075,262,39,123,2.0
1968-11-30,1.3,1.3,1.3,,,,0.16,0.45,,,0.97,0.85,0.72,0.75,0.68,0.73,0.84,376,,,285,143,,109,173,97,,,25.7,49.2,52.0,157.1,,,,,63.2,,0.14,0.16,1.1,0.39,,2.58,0.11,0.15,0.05,1167.0,,38.9,,165.9,,0.63,,0.42,11.5,60.5,36.0,35.5,24.0,562,8.8,1100,249,3320,2075,264,40,123,2.0
1968-12-31,1.3,1.3,1.3,,,,0.16,0.45,,,1.02,0.83,0.7099999999999999,0.75,0.68,0.73,0.84,387,,,320,153,,111,181,94,,,25.6,48.4,53.9,159.9,,,,,63.2,,0.13,0.18,1.09,0.39,,2.58,0.11,0.15,0.06,1166.0,,38.9,,165.9,,0.62,,0.42,11.5,60.5,36.0,35.5,24.0,562,8.8,1185,250,3258,2075,269,41,123,2.0
1969-01-31,1.3,1.3,1.3,,,,0.17,0.45,,,0.94,0.83,0.7099999999999999,0.73,0.6,0.86,0.72,399,,,320,158,,111,181,95,,,26.0,50.4,53.2,162.4,,,,,63.2,,0.14,0.15,1.09,0.39,,2.87,0.11,0.16,0.06,1136.0,,38.9,,165.9,,0.63,,0.43,11.3,58,38.5,26.6,22.0,573,9.8,1256,254,3228,2363,269,42,123,2.0
1969-02-28,1.3,1.3,1.3,,,,0.17,0.45,,,0.91,0.84,0.7099999999999999,0.73,0.6,0.86,0.72,396,,,346,158,,109,185,95,,,25.9,50.4,54.1,160.5,,,,,62.8,,0.14,0.15,1.09,0.39,,2.87,0.11,0.16,0.07,1098.0,,38.9,,165.9,,0.63,,0.47,11.3,58,38.5,26.6,22.0,584,9.8,1285,258,3245,2363,267,43,123,1.8
1969-03-31,1.3,1.3,1.3,,,,0.17,0.45,,,0.9,0.83,0.69,0.73,0.6,0.86,0.72,388,,,348,180,,111,178,94,,,25.8,50.4,53.1,167.0,,,,,62.1,,0.15,0.17,1.13,0.4,,2.87,0.11,0.16,0.08,1099.0,,38.9,,165.9,,0.63,,0.51,11.3,58,38.5,26.6,22.0,584,9.8,1278,261,3243,2363,272,43,123,1.8
1969-04-30,1.3,1.3,1.3,,,,0.17,0.45,,,0.88,0.81,0.66,0.73,0.6,0.86,0.72,376,,,340,170,,110,167,95,,,26.1,51.6,51.9,165.2,,,,,62.1,,0.15,0.18,1.16,0.4,,2.87,0.11,0.16,0.08,1111.0,,38.9,,165.9,,0.63,,0.52,11.3,58,38.5,26.6,22.0,584,9.8,1388,268,3305,2363,273,43,123,1.8
1969-05-31,1.3,1.3,1.3,,,,0.17,0.45,,,0.81,0.81,0.65,0.73,0.6,0.86,0.72,353,,,345,166,,112,170,96,,,26.6,54.3,49.9,171.1,,,,,62.1,,0.17,0.18,1.24,0.4,,2.87,0.11,0.16,0.08,1115.0,,38.9,,165.9,,0.63,,0.5,11.3,58,38.5,26.6,22.0,584,9.8,1392,278,3355,2363,279,43,123,1.8
1969-06-30,1.3,1.3,1.3,,,,0.17,0.45,,,0.89,0.8,0.68,0.73,0.6,0.86,0.72,339,,,315,165,,110,173,99,,,26.6,54.3,49.0,178.8,,,,,61.7,,0.16,0.18,1.31,0.4,,2.87,0.11,0.16,0.08,1126.0,,38.9,,165.9,,0.62,,0.51,11.3,58,38.5,26.6,22.0,584,9.8,1483,286,3380,2363,281,41,123,1.6
1969-07-31,1.3,1.3,1.3,,,,0.17,0.45,,,0.93,0.78,0.69,0.73,0.6,0.86,0.72,327,,,323,162,,102,180,95,,,26.3,53.9,51.5,180.5,,,,,60.3,,0.15,0.18,1.3,0.4,,2.87,0.11,0.15,0.08,1150.0,,38.9,,165.9,,0.61,,0.54,11.3,58,40.0,26.6,22.0,584,9.8,1454,311,3439,2363,284,42,123,1.6
1969-08-31,1.3,1.3,1.3,,,,0.17,0.45,,,0.91,0.81,0.72,0.73,0.6,0.86,0.72,331,,,310,171,,99,181,96,,,25.4,53.5,54.2,171.6,,,,,56.2,,0.17,0.18,1.37,0.4,,2.87,0.11,0.16,0.07,1121.0,,38.9,,165.9,,0.6,,0.5799999999999998,11.3,58,40.0,26.6,22.0,584,9.8,1607,316,3470,2363,294,41,123,1.7
1969-09-30,1.3,1.3,1.3,,,,0.17,0.45,,,0.9,0.9,0.76,0.73,0.6,0.86,0.72,333,,,319,181,,101,200,92,,,24.5,51.2,56.8,167.6,,,,,53.7,,0.18,0.18,1.32,0.4,,2.87,0.11,0.16,0.06,1097.0,,38.9,,165.9,,0.61,,0.54,11.3,58,40.0,26.6,22.0,584,9.8,1579,303,3470,2363,299,41,123,1.8
1969-10-31,1.3,1.3,1.3,,,,0.17,0.45,,,0.92,1.04,0.85,0.73,0.6,0.86,0.72,337,,,331,203,,103,240,92,,,24.4,51.9,57.4,167.4,,,,,52.2,,0.17,0.18,1.23,0.41,,2.87,0.11,0.16,0.07,1139.0,,38.9,,165.9,,0.63,,0.5,11.3,58,40.0,26.6,22.0,602,9.8,1554,294,3534,2363,299,40,123,1.9
1969-11-30,1.3,1.3,1.3,,,,0.17,0.45,,,0.93,1.02,0.82,0.73,0.6,0.86,0.72,357,,,347,203,,107,260,91,,,24.6,53.2,57.5,167.6,,,,,52.2,,0.16,0.18,1.21,0.41,,2.87,0.11,0.16,0.07,1096.0,,38.9,,165.9,,0.65,,0.45,11.3,58,40.0,26.6,22.0,606,9.8,1631,316,3642,2363,310,37,133,1.9
1969-12-31,1.3,1.3,1.3,,,,0.17,0.45,,,0.85,1.05,0.83,0.73,0.6,0.86,0.72,399,,,335,255,,106,251,96,,,24.5,52.4,56.5,161.1,,,,,52.2,,0.16,0.16,1.21,0.41,,2.87,0.11,0.15,0.06,1062.0,,38.9,,165.9,,0.66,,0.47,11.3,58,40.0,26.6,22.0,606,9.8,1700,334,3818,2363,310,35,133,1.8
1970-01-31,1.2,1.2,1.2,,7.8,,0.17,0.45,,,0.68,1.14,0.86,0.84,0.63,0.99,0.89,406,,,350,255,,107,252,101,,,25.5,58.4,51.8,140.5,,,,,52.2,,0.17,0.17,1.3,0.41,,2.73,0.11,0.17,0.08,1078.0,43.0,38.9,175.0,165.9,,0.64,,0.5,11.0,54,44.0,18.3,31.5,606,9.8,1626,325,3843,2846,302,35,133,1.9
1970-02-28,1.2,1.2,1.2,,7.8,,0.17,0.45,,,0.68,1.15,0.85,0.84,0.63,0.99,0.89,406,,,347,256,,110,257,102,,,25.6,58.4,51.8,133.4,,,,,52.2,,0.17,0.17,1.33,0.41,,2.73,0.11,0.16,0.07,1114.0,43.0,40.6,175.0,169.9,,0.65,,0.4799999999999999,11.0,54,44.0,18.3,31.5,606,9.8,1657,341,3768,2846,298,35,133,1.9
1970-03-31,1.2,1.2,1.2,,7.8,,0.17,0.45,,,0.68,1.17,0.87,0.84,0.63,0.99,0.89,406,,,343,259,,111,268,97,,,25.6,58.4,51.8,126.3,,,,,52.2,,0.19,0.16,1.35,0.41,,2.73,0.11,0.16,0.07,1112.0,43.0,41.7,175.0,172.2,,0.66,,0.44,11.0,54,44.0,18.3,31.5,606,9.8,1754,336,3796,2846,296,35,133,1.9
1970-04-30,1.2,1.2,1.2,,7.8,,0.17,0.45,,,0.68,1.2,0.91,0.84,0.63,0.99,0.89,406,,,359,268,,112,298,97,,,25.7,58.4,51.8,121.6,,,,,52.2,,0.17,0.16,1.36,0.42,,2.73,0.11,0.16,0.08,1120.0,43.0,41.8,175.0,172.5,,0.66,,0.42,11.0,54,44.0,18.3,31.5,613,9.8,1742,321,3849,2846,293,36,133,1.9
1970-05-31,1.2,1.2,1.2,,7.8,,0.17,0.45,,,0.68,1.22,0.94,0.84,0.63,0.99,0.89,399,,,384,279,,115,292,98,,,25.7,58.4,51.8,121.6,,,,,52.2,,0.19,0.16,1.33,0.42,,2.73,0.11,0.17,0.08,1075.0,43.0,43.5,175.0,176.3,,0.66,,0.41,11.0,54,44.0,18.3,31.5,617,9.8,1598,292,3737,2846,292,36,133,1.7
1970-06-30,1.2,1.2,1.2,,7.8,,0.17,0.45,,,0.68,1.21,0.93,0.84,0.63,0.99,0.89,390,,,383,277,,118,288,102,,,25.7,58.4,51.8,124.0,,,,,52.2,,0.18,0.16,1.3,0.42,,2.73,0.11,0.17,0.08,1047.0,43.0,44.4,175.0,178.3,,0.67,,0.41,11.0,54,44.0,18.3,31.5,617,9.8,1458,308,3543,2846,293,35,133,1.6
1970-07-31,1.2,1.2,1.2,,7.8,,0.17,0.45,,,0.68,1.21,0.94,0.84,0.63,0.99,0.89,390,,,386,261,,122,290,106,,,25.9,58.4,51.8,124.9,,,,,52.5,,0.15,0.17,1.29,0.42,,2.73,0.11,0.17,0.08,1065.0,43.0,44.4,175.0,178.3,,0.67,,0.38,11.0,54,41.0,18.3,31.5,617,9.8,1367,301,3499,2846,298,35,133,1.7
1970-08-31,1.2,1.2,1.2,,7.8,,0.17,0.45,,,0.68,1.18,0.94,0.84,0.63,0.99,0.89,378,,,392,240,,120,270,107,,,26.2,58.4,51.8,128.1,,,,,54.0,,0.16,0.17,1.25,0.42,,2.73,0.11,0.17,0.08,1083.0,43.0,44.4,175.0,178.3,,0.68,,0.37,11.0,54,41.0,18.3,31.5,617,9.8,1267,285,3620,2846,298,35,133,1.8
1970-09-30,1.2,1.2,1.2,,7.8,,0.17,0.45,,,0.68,1.16,0.94,0.84,0.63,0.99,0.89,381,,,364,226,,119,276,106,,,26.8,58.4,51.8,125.7,,,,,56.2,,0.16,0.17,1.28,0.42,,2.73,0.11,0.17,0.09,1072.0,43.0,44.4,175.0,178.3,,0.69,,0.36,11.0,54,41.0,18.3,31.5,617,9.8,1247,285,3646,2846,300,36,133,1.8
1970-10-31,1.2,1.2,1.2,,7.8,,0.17,0.45,,,0.68,1.12,0.94,0.84,0.63,0.99,0.89,398,,,390,257,,123,304,104,,,27.4,58.4,51.8,124.4,,,,,58.8,,0.17,0.17,1.28,0.43,,2.73,0.11,0.17,0.09,1026.0,43.0,44.4,175.0,178.3,,0.7,,0.35,11.0,54,41.0,18.3,31.5,617,9.8,1142,285,3669,2846,297,38,133,1.7
1970-11-30,1.2,1.2,1.2,,7.8,,0.17,0.45,,,0.68,1.03,0.92,0.84,0.63,0.99,0.89,402,,,406,270,,125,330,105,,,27.9,58.4,51.8,124.8,,,,,61.0,,0.15,0.17,1.27,0.43,,2.73,0.11,0.16,0.09,1057.0,43.0,44.4,175.0,178.3,,0.7099999999999999,,0.37,11.0,54,41.0,18.3,31.5,617,9.8,1085,280,3616,2846,293,37,133,1.8
1970-12-31,1.2,1.2,1.2,,7.8,,0.17,0.45,,,0.68,0.98,0.92,0.84,0.63,0.99,0.89,404,,,438,272,,121,311,106,,,28.4,58.4,51.8,120.4,,,,,63.2,,0.13,0.19,1.31,0.43,,2.73,0.11,0.17,0.09,1063.0,43.0,44.4,175.0,178.3,,0.72,,0.37,11.0,54,41.0,18.3,31.5,617,9.8,1046,277,3497,2846,289,37,133,1.6
1971-01-31,1.6,1.6,1.6,,8.699999999999998,,0.18,0.5,,,0.54,1.0,0.93,0.78,0.64,0.8,0.9,410,,,448,273,,125,309,105,,,28.5,58.4,55.8,121.4,,,,,63.6,,0.14,0.13,1.34,0.43,0.8,3.31,0.11,0.17,0.1,1046.0,44.4,44.4,,178.3,,0.73,,0.35,11.3,57.5,40.0,16.0,32.5,617,10.3,1010,263,3466,2932,285,38,129,1.6
1971-02-28,1.6,1.6,1.6,,8.699999999999998,,0.18,0.5,,,0.54,0.98,0.93,0.78,0.67,0.76,0.9,393,,,480,273,,125,297,101,,,28.6,58.4,55.8,105.1,,,,,63.6,,0.14,0.15,1.37,0.43,0.79,3.31,0.11,0.17,0.11,1019.0,44.4,44.4,,178.3,,0.74,,0.33,11.3,57.5,40.0,16.0,32.5,617,10.3,1020,266,3464,2932,272,39,123,1.6
1971-03-31,1.6,1.6,1.6,,8.699999999999998,,0.18,0.5,,,0.54,1.01,0.94,0.76,0.7,0.66,0.9,402,,,482,278,,124,300,100,,,28.5,58.4,55.8,98.9,,,,,62.8,,0.14,0.15,1.38,0.43,0.78,3.31,0.11,0.17,0.1,1021.0,44.4,44.4,,178.3,,0.73,,0.34,11.3,57.5,40.0,16.0,32.5,617,10.3,1144,267,3527,2932,284,39,123,1.7
1971-04-30,1.6,1.6,1.6,,8.699999999999998,,0.18,0.5,,,0.54,0.99,0.94,1.03,0.65,1.54,0.9,389,,,463,269,,119,292,98,,,28.4,58.4,55.8,95.7,,,,,62.5,,0.14,0.17,1.4,0.43,0.82,3.31,0.11,0.17,0.1,1013.0,44.4,44.4,,178.3,,0.73,,0.36,11.3,57.5,40.0,16.0,32.5,617,10.3,1252,268,3563,2932,284,39,123,1.7
1971-05-31,1.6,1.6,1.6,,8.699999999999998,,0.18,0.5,,,0.54,1.02,0.94,0.91,0.66,1.19,0.9,359,,,454,243,,122,293,101,,,28.6,58.4,55.8,106.0,,,,,63.2,,0.14,0.15,1.4,0.44,0.79,3.31,0.11,0.17,0.1,1039.0,44.4,44.3,,178.0,,0.75,,0.38,11.3,57.5,40.0,16.0,32.5,617,10.3,1114,265,3521,2932,288,41,123,1.7
1971-06-30,1.6,1.6,1.6,,8.699999999999998,,0.18,0.5,,,0.54,1.0,0.93,0.85,0.64,1.02,0.9,354,,,441,241,,127,310,104,,,28.3,58.4,55.8,109.2,,,,,61.4,,0.14,0.15,1.37,0.44,0.76,3.31,0.11,0.18,0.09,1035.0,44.4,43.3,,175.7,,0.79,,0.34,11.3,57.5,40.0,16.0,32.5,617,10.3,1074,273,3448,2932,309,40,123,1.6
1971-07-31,1.7,1.7,1.7,,8.699999999999998,,0.18,0.5,,,0.54,0.99,0.93,0.91,0.63,1.19,0.9,351,,,440,263,,134,336,107,,,28.3,58.4,55.8,111.5,,,,,61.4,,0.14,0.15,1.35,0.44,0.75,3.31,0.11,0.18,0.09,1012.0,44.4,41.9,,172.8,,0.8,,0.33,11.3,66,46.5,16.0,32.5,617,10.3,1115,262,3457,2932,318,41,123,1.6
1971-08-31,1.7,1.7,1.7,,8.699999999999998,,0.18,0.5,,,0.54,1.01,0.93,0.86,0.7099999999999999,0.97,0.9,355,,,440,283,,131,335,108,,,28.3,58.4,55.8,113.4,,,,,61.0,,0.15,0.15,1.32,0.44,0.75,3.31,0.11,0.18,0.09,1001.0,44.4,42.2,,173.4,,0.83,,0.32,11.3,66,46.5,16.0,32.5,628,10.3,1098,258,3479,2932,323,43,123,1.6
1971-09-30,1.7,1.7,1.7,,8.699999999999998,,0.18,0.5,,,0.54,0.96,0.92,0.85,0.73,0.94,0.9,357,,,430,272,,124,296,99,,,28.3,58.4,55.8,120.6,,,,,61.0,,0.15,0.15,1.3,0.44,0.79,3.31,0.12,0.17,0.09,1043.0,44.4,43.1,,175.4,,0.83,,0.32,11.3,66,46.5,16.0,32.5,639,10.3,1056,239,3525,2932,311,42,123,1.4
1971-10-31,1.7,1.7,1.7,,8.699999999999998,,0.18,0.5,,,0.54,0.94,0.92,0.85,0.7,0.94,0.9,358,,,404,254,,125,305,101,,,28.2,58.4,55.8,121.7,,,,,60.3,,0.14,0.15,1.31,0.45,0.8,3.31,0.12,0.17,0.09,1082.0,44.4,43.6,,176.4,,0.82,,0.32,11.3,66,46.5,16.0,32.5,639,10.3,1041,230,3490,2932,337,43,123,1.3
1971-11-30,1.7,1.7,1.7,,8.699999999999998,,0.18,0.5,,,0.54,0.97,0.93,0.82,0.69,0.87,0.9,358,,,396,248,,125,301,102,,,28.3,58.4,55.8,118.1,,,,,60.3,,0.14,0.15,1.29,0.45,0.85,3.31,0.12,0.18,0.09,1102.0,44.4,41.6,,172.0,,0.82,,0.32,11.3,66,46.5,16.0,32.5,642,10.3,1014,222,3534,2932,344,43,123,1.3
1971-12-31,1.7,1.7,1.7,,8.699999999999998,,0.18,0.5,,,0.54,1.02,0.94,0.8,0.7,0.81,0.9,300,,,411,234,,126,271,101,,,28.3,58.4,55.8,117.0,,,,,59.9,,0.14,0.16,1.32,0.45,0.88,3.31,0.12,0.18,0.13,1101.0,44.4,41.5,,171.7,,0.85,,0.2899999999999999,11.3,66,46.5,16.0,32.5,666,10.3,1038,231,3671,2932,359,43,123,1.4
1972-01-31,1.8,1.8,1.8,,9.6,,0.19,0.54,,,0.64,0.99,0.93,0.79,0.75,0.8,0.81,300,,,427,218,,125,249,105,,,27.1,51.3,53.1,113.8,,,,,59.9,,0.13,0.19,1.39,0.45,0.92,4.12,0.15,0.19,0.17,1107.0,52.5,40.4,,169.2,,0.89,,0.32,11.5,83,60.0,29.3,33.5,670,10.3,1078,252,3627,3080,380,46,123,1.5
1972-02-29,1.8,1.8,1.8,,9.6,,0.19,0.54,,,0.64,1.0,0.93,0.79,0.78,0.78,0.81,250,,,438,185,,127,246,107,,,27.2,51.7,53.5,112.6,,,,,59.9,,0.14,0.19,1.4,0.46,0.89,4.12,0.16,0.19,0.18,1115.0,52.5,42.1,,173.2,,0.9,,0.31,11.5,83,60.0,29.3,33.5,670,10.3,1112,294,3631,3080,390,48,123,1.5
1972-03-31,1.8,1.8,1.8,,9.6,,0.19,0.54,,,0.64,1.02,0.95,0.8,0.82,0.75,0.81,210,,,434,217,,135,258,114,,,27.4,52.5,53.6,113.1,,,,,59.9,,0.13,0.16,1.45,0.46,0.92,4.12,0.16,0.19,0.19,1089.0,52.5,44.0,,177.3,,0.87,,0.31,11.5,83,60.0,29.3,33.5,670,10.3,1108,321,3790,3080,397,48,123,1.5
1972-04-30,1.8,1.8,1.8,,9.6,,0.19,0.54,,,0.64,1.01,0.96,0.81,0.81,0.82,0.81,200,,,440,227,,140,272,117,,,27.7,53.7,53.7,111.6,,,,,60.3,,0.14,0.15,1.5,0.46,0.93,4.12,0.16,0.19,0.16,1066.0,52.5,43.6,,176.4,,0.87,,0.31,11.5,83,60.0,29.3,33.5,670,10.3,1133,316,3845,3080,395,49,123,1.6
1972-05-31,1.8,1.8,1.8,,9.6,,0.19,0.54,,,0.64,1.04,0.96,0.86,0.8,0.96,0.81,220,,,442,228,,140,252,117,,,27.9,54.5,51.5,114.1,,,,,60.3,,0.14,0.13,1.51,0.47,0.98,4.12,0.16,0.18,0.15,1061.0,52.5,42.5,,174.1,,0.86,,0.33,11.5,83,60.0,29.3,33.5,600,10.3,1106,318,3766,3080,386,55,123,1.6
1972-06-30,1.8,1.8,1.8,,9.6,,0.19,0.54,,,0.64,1.07,0.96,0.87,0.74,1.05,0.81,248,,,422,216,,138,234,119,,,27.6,52.9,49.8,118.4,,,,,59.9,,0.14,0.13,1.54,0.47,1.23,4.12,0.15,0.18,0.14,1072.0,52.5,40.8,,170.1,,0.83,,0.33,11.5,83,60.0,29.3,33.5,567,10.3,1063,312,3741,3080,371,62,123,1.6
1972-07-31,1.9,1.9,1.9,,9.6,,0.19,0.54,,,0.64,1.24,1.04,0.79,0.55,1.01,0.81,222,,,403,215,,141,226,127,,,27.9,54.1,51.9,119.3,,,,,60.3,,0.13,0.13,1.51,0.47,1.15,4.12,0.15,0.19,0.12,1062.0,52.5,39.0,,166.2,,0.78,,0.32,11.5,99,75.0,29.3,33.5,538,10.3,1035,304,3732,3080,364,66,128,1.7
1972-08-31,1.9,1.9,1.9,,9.6,,0.19,0.54,,,0.64,1.2,1.04,0.77,0.64,0.87,0.81,217,,,414,221,,141,223,126,,,28.6,55.7,54.9,135.6,,,,,62.1,,0.14,0.13,1.49,0.4799999999999999,1.22,4.12,0.15,0.19,0.14,1082.0,52.5,39.3,,166.8,,0.74,,0.32,11.5,99,75.0,29.3,33.5,540,10.3,1047,298,3755,3080,364,67,133,1.8
1972-09-30,1.9,1.9,1.9,,9.6,,0.19,0.54,,,0.64,1.17,1.03,0.76,0.69,0.76,0.81,226,,,412,225,,135,225,138,,,32.2,59.2,58.2,144.8,,,,,76.09999999999998,,0.13,0.13,1.46,0.4799999999999999,1.2,4.12,0.15,0.19,0.16,1063.0,52.5,39.4,,167.0,,0.73,,0.31,11.5,99,75.0,29.3,33.5,538,10.3,1061,302,3803,3080,368,65,133,1.8
1972-10-31,1.9,1.9,1.9,,9.6,,0.19,0.54,,,0.64,1.18,1.04,0.74,0.63,0.78,0.81,232,,,401,224,,136,228,135,,,33.9,57.2,56.9,148.7,,,,,87.5,,0.14,0.13,1.47,0.4799999999999999,1.11,4.12,0.14,0.19,0.16,1062.0,52.5,39.5,,167.2,,0.78,,0.36,11.5,99,75.0,29.3,33.5,538,10.3,918,297,3759,3080,364,65,133,1.8
1972-11-30,1.9,1.9,1.9,,9.6,,0.19,0.54,,,0.64,1.19,1.04,0.7099999999999999,0.5799999999999998,0.74,0.81,235,,,423,219,,148,240,155,,,34.7,59.2,62.0,156.0,,,,,88.9,,0.14,0.13,1.48,0.49,1.12,4.12,0.14,0.19,0.16,1049.0,52.5,39.5,,167.2,,0.81,,0.37,11.5,99,75.0,29.3,33.5,540,10.3,1007,298,3702,3080,379,63,133,1.8
1972-12-31,1.9,1.9,1.9,,9.6,,0.19,0.54,,,0.64,1.22,1.05,0.7099999999999999,0.6,0.7099999999999999,0.81,248,,,456,213,,174,234,198,,,38.7,67.1,75.8,165.5,,,,,102.9,,0.13,0.23,1.57,0.5,1.14,4.12,0.14,0.19,0.2,1056.0,52.5,43.5,,176.2,,0.86,,0.4,11.5,99,75.0,29.3,33.5,540,10.3,1024,308,3730,3080,375,64,133,2.0
1973-01-31,2.1,2.1,2.1,,11.5,,0.21,0.69,,,1.13,1.28,1.05,0.72,0.6,0.73,0.82,231,,,446,212,,214,239,215,,,42.1,79.09999999999998,81.4,160.9,,,,,108.4,,0.14,0.15,1.7,0.5,1.17,5.0,0.14,0.21,0.21,1042.0,133.5,48.9,,187.6,,0.89,,0.44,13.8,105,84.0,64.8,42.5,542,10.3,1119,318,3790,3373,387,65,133,2.0
1973-02-28,2.1,2.1,2.1,,11.5,,0.21,0.69,,,1.13,1.45,1.09,0.73,0.66,0.7099999999999999,0.82,299,,,461,259,,259,291,247,,,40.8,81.09999999999998,78.5,173.5,,,,,98.8,,0.14,0.18,1.87,0.51,1.18,5.0,0.15,0.2,0.2,1039.0,133.5,63.3,,215.9,,0.91,,0.46,13.8,105,84.0,64.8,42.5,558,10.3,1244,340,4028,3373,422,74,142,2.2
1973-03-31,2.1,2.1,2.1,,11.5,,0.21,0.69,,,1.13,1.42,1.11,0.73,0.7,0.69,0.82,315,,,463,280,,258,311,238,,,40.6,79.9,76.3,185.9,,,,,98.5,,0.14,0.18,1.98,0.51,1.23,5.0,0.15,0.21,0.19,1047.0,133.5,74.09999999999998,,235.0,,0.96,,0.55,13.8,105,84.0,64.8,42.5,571,10.3,1510,372,4288,3373,474,84,153,2.3
1973-04-30,2.4,2.4,2.4,,11.5,,0.21,0.69,,,1.13,1.29,1.08,0.8,0.69,0.9,0.82,360,,,474,290,,260,333,256,,,40.7,77.8,74.5,185.9,,,,,101.1,,0.15,0.15,1.85,0.52,1.27,5.0,0.15,0.21,0.2,1067.0,133.5,71.0,,229.6,,1.03,,0.54,13.8,105,84.0,64.8,42.5,571,10.3,1588,387,4270,3373,513,91,153,2.2
1973-05-31,2.4,2.4,2.4,,11.5,,0.21,0.69,,,1.13,1.42,1.07,0.81,0.64,0.96,0.82,416,,,494,324,,358,373,364,,,42.9,89.0,78.5,185.9,,,,,102.2,,0.16,0.15,1.85,0.53,1.24,5.0,0.15,0.22,0.2,1087.0,133.5,61.7,,212.9,,1.15,,0.55,13.8,105,84.0,64.8,42.5,582,10.3,1552,396,4348,3373,549,102,153,2.4
1973-06-30,2.4,2.4,2.4,,11.5,,0.21,0.69,,,1.13,1.41,1.08,0.84,0.6,1.08,0.85,457,,,525,371,,470,455,497,,,46.2,101.2,87.3,185.9,,,,,108.4,,0.16,0.15,1.8,0.54,1.29,5.0,0.15,0.23,0.21,1116.0,133.5,55.7,,201.5,,1.22,,0.67,13.8,105,84.0,64.8,42.5,602,10.3,1749,425,4531,3373,656,120,153,2.6
1973-07-31,2.7,2.7,2.7,,11.5,,0.21,0.69,,,1.13,1.36,1.06,0.87,0.63,1.14,0.85,552,,,594,473,,330,550,582,,,48.8,109.4,99.7,332.5,,,,,114.6,,0.15,0.15,1.96,0.55,1.44,5.0,0.15,0.23,0.21,1136.0,133.5,56.4,,202.7,,1.46,,0.85,13.8,132.5,115.0,64.8,42.5,635,10.3,2021,470,4963,3373,842,120,153,2.7
1973-08-31,2.7,2.7,2.7,,11.5,,0.21,0.69,,,1.13,1.33,1.04,0.85,0.74,0.97,0.85,573,,,598,536,,331,548,330,,,64.5,122.4,113.3,377.7,,,,,192.5,,0.15,0.15,2.46,0.54,1.47,5.0,0.15,0.24,0.2,1150.0,133.5,63.6,,216.3,,1.67,,0.82,13.8,132.5,115.0,64.8,42.5,619,10.3,2123,448,5005,3373,914,107,153,2.6
1973-09-30,2.7,2.7,2.7,,11.5,,0.21,0.69,,,1.13,1.33,1.1,0.81,0.74,0.84,0.85,550,,,534,424,,266,508,218,,,61.2,107.1,105.8,377.7,,,,,189.6,,0.14,0.15,2.26,0.53,1.56,5.0,0.15,0.24,0.2,1179.0,133.5,70.3,,228.4,,1.91,,0.73,13.8,132.5,115.0,64.8,42.5,604,10.3,1936,445,5011,3373,976,103,155,2.7
1973-10-31,4.1,4.1,4.1,,11.5,,0.21,0.69,,,1.13,1.38,1.15,0.79,0.67,0.85,0.85,617,,,561,435,,245,531,207,,,60.1,106.4,109.2,337.7,,,,,182.3,,0.15,0.15,2.18,0.54,1.6,5.0,0.15,0.25,0.21,1203.0,133.5,78.0,,241.6,,1.93,,0.7099999999999999,13.8,132.5,115.0,64.8,42.5,622,10.3,2065,472,5359,3373,1163,100,161,2.9
1973-11-30,4.1,4.1,4.1,,11.5,,0.21,0.69,,,1.13,1.39,1.17,0.76,0.63,0.79,0.85,718,,,617,429,,239,490,223,,,60.4,107.9,106.7,475.9,,,,,181.9,,0.14,0.15,2.14,0.54,1.61,5.0,0.14,0.24,0.22,1222.0,133.5,77.0,,240.0,,1.75,,0.8,13.8,132.5,115.0,64.8,42.5,650,10.3,2273,490,5573,3373,1625,95,161,2.9
1973-12-31,4.1,4.1,4.1,,11.5,,0.21,0.69,,,1.13,1.42,1.19,0.74,0.65,0.73,0.85,1068,,,790,497,,254,603,243,,,64.1,112.6,109.6,495.5,,,,,199.5,,0.13,0.22,2.07,0.55,1.62,5.0,0.14,0.25,0.26,1248.0,133.5,96.4,,270.9,,1.82,,1.01,13.8,132.5,115.0,64.8,42.5,633,10.3,2244,594,6462,3373,1623,107,161,3.1
1974-01-31,13.0,13.0,13.0,,16.9,,0.2899999999999999,1.73,,,1.56,1.53,1.23,0.84,0.68,0.7099999999999999,1.14,1191,,,959,579,,261,665,221,,,66.1,112.3,115.8,512.2,,,,,213.5,,0.17,0.14,2.04,0.55,1.6,4.65,0.18,0.28,0.33,1281.0,120.4,95.4,,269.4,,1.99,,1.08,42.0,215,180.0,285.8,53.0,604,13.4,2032,566,6504,3572,1330,129,163,3.6
1974-02-28,13.0,13.0,13.0,,16.9,,0.2899999999999999,1.73,,,1.56,1.65,1.33,0.87,0.69,0.8,1.14,1160,,,1093,667,,271,780,203,,,70.9,131.1,121.3,539.7,,,,,220.5,,0.16,0.17,1.98,0.55,1.46,4.65,0.19,0.38,0.47,1311.0,120.4,97.9,,273.1,,1.84,,0.98,42.0,232.5,220.0,285.8,55.0,619,13.4,2292,649,7419,3572,1516,150,173,5.4
1974-03-31,13.0,13.0,13.0,,16.9,,0.2899999999999999,1.73,,,1.56,1.58,1.38,0.94,0.86,0.83,1.14,1266,,,1124,633,,265,711,200,,,65.6,126.4,113.5,570.2,,,,,190.7,,0.14,0.17,1.74,0.55,1.45,4.65,0.19,0.4,0.47,1342.0,120.4,99.7,,275.9,,1.69,,0.94,42.0,262.5,242.0,285.8,55.0,688,13.4,2743,708,8219,3572,1630,168,173,5.3
1974-04-30,10.6,10.6,10.6,,16.9,,0.2899999999999999,1.73,,,1.56,1.55,1.41,1.15,0.86,1.46,1.14,1150,,,1113,614,,235,660,172,,,58.9,114.2,103.1,603.6,,,,,162.0,,0.16,0.17,1.62,0.55,1.45,4.65,0.2,0.42,0.4799999999999999,1401.0,120.4,94.7,,268.2,,1.61,,0.84,42.0,293.8,281.0,285.8,55.0,752,13.4,3032,702,9207,3572,1743,172,173,5.0
1974-05-31,10.6,10.6,10.6,,16.9,,0.2899999999999999,1.73,,,1.56,1.57,1.42,1.09,0.84,1.3,1.14,996,,,1102,592,,229,775,157,,,55.4,113.7,95.9,598.7,,,,,141.5,,0.21,0.2,1.54,0.55,1.42,4.65,0.2,0.51,0.52,1427.0,120.4,87.1,,256.5,,1.47,,0.86,42.0,301.3,294.0,285.8,55.0,765,13.4,2876,669,9306,3572,1782,163,175,5.4
1974-06-30,10.6,10.6,10.6,,16.9,,0.2899999999999999,1.73,,,1.56,1.59,1.36,1.19,0.91,1.53,1.14,1039,,,1070,603,,228,788,142,,,58.5,116.6,93.7,570.4,,,,,155.8,,0.19,0.2,1.45,0.55,1.39,4.65,0.2,0.5799999999999998,0.52,1502.0,120.4,79.5,,244.1,,1.4,,0.74,63.0,339.5,336.0,285.8,57.0,756,13.4,2440,570,9041,3572,1410,154,195,4.9
1974-07-31,10.0,10.0,10.0,,16.9,,0.2899999999999999,1.73,,,1.56,1.52,1.3,1.31,0.93,1.85,1.14,1007,,,1011,610,,276,872,163,,,63.5,132.3,116.0,494.6,,,,,169.0,,0.22,0.2,1.64,0.56,1.31,4.65,0.2,0.63,0.55,1530.0,120.4,83.2,,250.1,,1.32,,0.67,63.0,358.1,341.0,285.8,58.0,761,13.4,1919,549,8547,4079,1097,143,195,4.4
1974-08-31,10.0,10.0,10.0,,16.9,,0.2899999999999999,1.73,,,1.56,1.38,1.23,1.18,0.97,1.45,1.14,1053,,,1085,728,,320,922,197,,,65.5,145.8,127.9,496.5,,,,,167.6,,0.19,0.2,1.61,0.56,1.3,4.65,0.19,0.72,0.68,1555.0,120.4,80.09999999999998,,245.0,,1.33,,0.68,63.0,365,337.0,285.8,62.0,849,13.4,1803,550,8788,4079,1066,155,195,4.4
1974-09-30,10.0,10.0,10.0,,16.9,,0.2899999999999999,1.73,,,1.56,1.2,1.19,1.12,0.96,1.26,1.14,826,,,1058,707,,303,933,184,,,65.5,141.4,128.7,491.9,,,,,170.5,,0.22,0.2,1.4,0.57,1.35,4.65,0.32,0.74,0.75,1577.0,120.4,71.4,,230.4,,1.32,,0.6,63.0,405,361.0,285.8,66.0,838,13.4,1461,539,9167,4079,911,152,195,4.0
1974-10-31,10.3,10.3,10.3,,16.9,,0.2899999999999999,1.73,,,1.56,1.25,1.21,1.11,0.96,1.23,1.14,875,,,1139,840,,335,1045,210,,,71.0,151.6,149.3,478.4,,,,,192.2,,0.19,0.2,1.39,0.57,1.43,4.65,0.32,0.86,0.87,1591.0,120.4,65.1,,219.1,,1.26,,0.5799999999999998,63.0,405,355.0,285.8,70.0,844,13.4,1399,537,7410,4079,825,159,195,4.8
1974-11-30,10.3,10.3,10.3,,16.9,,0.2899999999999999,1.73,,,1.56,1.31,1.23,1.13,1.0,1.27,1.14,748,,,1085,768,,312,943,179,,,69.1,144.1,146.2,436.6,,,,,187.4,,0.17,0.2,1.32,0.57,1.44,4.65,0.32,1.26,1.24,1625.0,120.4,60.0,,209.6,,1.17,,0.5,65.0,405,355.0,285.8,70.0,842,13.4,1417,534,7403,4079,794,182,195,4.7
1974-12-31,10.3,10.3,10.3,,16.9,,0.2899999999999999,1.73,,,1.56,1.3,1.22,1.18,1.02,1.37,1.14,660,,,1083,689,,288,892,184,,,69.1,145.3,140.0,413.3,,,,,185.9,,0.17,0.17,1.26,0.57,1.48,4.65,0.32,1.03,0.99,1644.0,120.4,65.9,,220.6,,1.09,,0.56,64.3,408.8,341.0,285.8,70.0,860,13.4,1289,534,7203,4079,771,184,195,4.4
1975-01-31,10.4,10.4,10.4,,26.8,,0.43,1.68,,,1.25,1.23,1.2,1.14,1.02,1.29,1.12,548,,,1078,589,,256,775,156,,,63.2,131.7,118.8,376.7,,,,,164.2,,0.22,0.15,1.15,0.57,1.54,5.89,0.6,0.89,0.84,1678.0,126.6,68.4,,225.1,,1.05,,0.55,68.0,396,335.0,168.0,70.0,895,17.3,1211,538,7677,4431,799,176,195,4.2
1975-02-28,10.4,10.4,10.4,,26.8,,0.43,1.68,,,1.25,1.18,1.15,1.13,1.06,1.19,1.12,467,,,1078,498,,231,661,141,,,59.5,120.5,109.1,381.4,,,,,153.2,,0.24,0.17,1.15,0.57,1.46,5.89,0.33,0.8,0.75,1733.0,126.6,61.6,,212.7,,1.06,,0.5799999999999998,68.0,383,320.0,168.0,70.0,908,17.3,1267,541,7557,4431,794,180,181,4.4
1975-03-31,10.4,10.4,10.4,,26.8,,0.43,1.68,,,1.25,1.1,1.09,1.1,1.03,1.13,1.12,450,,,965,478,,226,622,144,,,58.5,120.2,111.1,374.0,,,,,147.3,,0.25,0.19,1.14,0.57,1.57,5.89,0.33,0.63,0.5799999999999998,1810.0,126.6,68.1,,224.4,,1.09,,0.57,68.0,363,297.0,168.0,88.0,917,17.3,1344,543,7383,4431,803,178,175,4.3
1975-04-30,10.4,10.4,10.4,,26.8,,0.43,1.68,,,1.25,1.05,1.08,1.37,0.96,2.03,1.12,428,,,882,451,,229,624,153,,,57.2,119.7,111.6,377.7,,,,,140.4,,0.25,0.27,1.28,0.5799999999999998,1.58,5.89,0.33,0.57,0.53,1844.0,126.6,67.1,,222.7,,1.16,,0.53,68.0,307,249.0,168.0,88.0,897,17.3,1329,480,7130,4431,783,170,163,4.2
1975-05-31,10.4,10.4,10.4,,26.8,,0.43,1.68,,,1.25,1.12,1.05,1.17,0.9,1.5,1.12,355,,,727,392,,208,516,148,,,54.8,114.5,110.1,365.4,,,,,131.5,,0.25,0.27,1.37,0.5799999999999998,1.52,5.89,0.33,0.42,0.39,1860.0,126.6,67.3,,223.0,,1.22,,0.53,68.0,242,206.0,168.0,89.0,904,17.3,1254,357,6898,4431,747,167,160,4.5
1975-06-30,10.4,10.4,10.4,,26.8,,0.43,1.68,,,1.25,1.23,1.09,1.22,0.85,1.7,1.12,333,,,660,356,,207,525,150,,,54.7,119.1,105.8,324.9,,,,,127.1,,0.24,0.27,1.33,0.5799999999999998,1.53,5.89,0.33,0.35,0.3,1853.0,126.6,66.8,,222.1,,1.23,,0.54,68.0,194,172.0,168.0,88.0,904,17.3,1193,353,6927,4431,751,164,160,4.5
1975-07-31,10.4,10.4,10.4,,26.8,,0.43,1.68,,,1.25,1.45,1.29,1.23,0.83,1.73,1.12,372,,,813,402,,224,578,157,,,58.4,119.8,103.4,307.7,,,,,145.1,,0.17,0.27,1.35,0.5799999999999998,1.44,5.89,0.32,0.44,0.37,1865.0,126.6,66.2,,221.1,,1.25,,0.57,68.0,181,158.0,168.0,85.0,864,17.3,1222,359,6810,4431,707,165,163,4.7
1975-08-31,10.4,10.4,10.4,,26.8,,0.43,1.68,,,1.25,1.84,1.7,1.17,0.86,1.53,1.12,388,,,908,473,,243,599,170,,,63.7,131.6,122.4,323.7,,,,,162.8,,0.2,0.27,1.3,0.59,1.35,5.89,0.31,0.47,0.41,1886.0,126.6,69.5,,227.0,,1.31,,0.59,68.0,185,158.0,168.0,85.0,838,17.3,1277,384,6775,4431,737,163,175,4.9
1975-09-30,10.4,10.4,10.4,,26.8,,0.43,1.68,,,1.25,1.78,1.68,1.11,0.8,1.4,1.12,368,,,871,412,,227,551,169,,,62.7,122.3,118.2,336.2,,,,,165.7,,0.22,0.27,1.42,0.59,1.39,5.89,0.3,0.38,0.34,1880.0,126.6,68.2,,224.8,,1.33,,0.56,68.0,192,158.0,168.0,84.0,827,17.3,1210,370,6559,4852,724,144,175,4.5
1975-10-31,10.5,10.5,10.5,,26.8,,0.43,1.68,,,1.25,1.77,1.61,1.08,0.75,1.4,1.09,347,,,840,412,,211,495,163,,,61.1,116.9,114.8,332.5,,,,,161.7,,0.19,0.27,1.53,0.59,1.41,5.89,0.3,0.34,0.31,1899.0,126.6,67.1,,222.8,,1.32,,0.53,68.0,162,131.0,168.0,78.0,816,17.3,1179,345,6347,4852,706,143,172,4.3
1975-11-30,10.5,10.5,10.5,,26.8,,0.43,1.68,,,1.25,1.71,1.57,1.0,0.76,1.27,0.98,327,,,755,379,,192,423,152,,,57.4,110.3,108.9,309.5,,,,,147.0,,0.2,0.14,1.47,0.59,1.45,5.89,0.3,0.33,0.3,1894.0,126.6,69.3,,226.6,,1.3,,0.57,68.0,150,123.0,168.0,76.0,814,17.3,1180,337,6281,4852,705,142,160,4.3
1975-12-31,10.5,10.5,10.5,,26.8,,0.43,1.68,,,1.25,1.84,1.63,0.98,0.77,1.21,0.97,339,,,713,368,,185,391,157,,,56.5,109.2,108.3,287.4,,,,,142.6,,0.19,0.18,1.44,0.59,1.49,5.89,0.3,0.33,0.2899999999999999,1905.0,126.6,70.7,,229.0,,1.35,,0.62,58.0,155,123.0,168.0,75.0,838,17.3,1151,333,6175,4852,686,139,160,4.1
1976-01-31,11.5,11.5,11.5,,27.2,,0.54,1.74,,,1.4,2.05,1.74,1.1,0.86,1.21,1.23,332,,,720,354,,189,385,160,,,57.0,110.3,108.6,259.9,,,,,143.7,,0.24,0.22,1.49,0.59,1.46,8.31,0.3,0.34,0.31,1978.0,145.7,73.2,,233.4,,1.47,,0.64,40.0,130,105.0,82.0,70.0,853,22.7,1193,337,6241,4850,692,131,160,4.1
1976-02-29,11.5,11.5,11.5,,27.2,,0.54,1.74,,,1.43,2.19,1.82,1.08,0.82,1.19,1.23,336,,,734,366,,191,390,164,,,59.3,113.2,110.1,233.4,,,,,152.9,,0.26,0.22,1.59,0.59,1.36,8.31,0.3,0.33,0.3,2052.0,145.4,77.5,,240.8,,1.52,,0.7099999999999999,40.0,125,98.0,82.0,56.0,851,22.7,1219,348,6508,4850,690,131,160,4.1
1976-03-31,11.5,11.5,11.5,,27.2,,0.54,1.74,,,1.42,2.2,1.82,1.07,0.85,1.15,1.22,349,,,669,376,,190,399,162,,,59.3,113.1,110.5,228.4,,,,,152.5,,0.27,0.22,1.71,0.6,1.52,8.31,0.2899999999999999,0.36,0.33,2110.0,140.6,79.59999999999998,,244.3,,1.54,,0.74,35.0,126,98.0,82.0,56.0,816,22.7,1329,384,6903,4850,728,133,160,4.2
1976-04-30,11.5,11.5,11.5,,27.2,,0.55,1.74,,,1.64,2.7,2.38,1.27,0.89,1.71,1.21,347,,,701,348,,190,384,163,,,57.8,111.1,107.8,226.5,,,,,145.5,,0.27,0.22,1.81,0.6,1.49,8.31,0.3,0.34,0.31,2107.0,143.5,83.0,,249.9,,1.56,,0.75,35.0,113,90.0,82.0,55.0,820,22.7,1510,454,7123,4850,789,128,160,4.4
1976-05-31,11.5,11.5,11.5,,27.2,,0.55,1.74,,,1.77,2.99,2.68,1.14,0.86,1.34,1.21,355,,,643,345,,210,370,189,,,58.5,118.2,107.8,226.5,,,,,141.8,,0.28,0.22,1.78,0.61,1.56,8.31,0.3,0.35,0.32,2174.0,142.6,83.1,,249.9,,1.61,,0.81,35.0,104,80.0,82.0,53.0,825,22.7,1512,483,7449,4850,774,127,160,4.5
1976-06-30,11.5,11.5,11.5,,27.2,,0.5799999999999998,1.74,,,1.92,3.3,2.87,1.21,0.86,1.58,1.2,380,,,671,395,,248,408,244,,,60.0,121.8,109.5,222.8,,,,,146.2,,0.27,0.22,1.6,0.61,1.53,8.31,0.2899999999999999,0.32,0.2899999999999999,2199.0,141.4,86.6,,255.6,,1.8,,0.85,35.0,100,80.0,82.0,53.0,805,22.7,1550,476,7767,4850,750,126,164,4.8
1976-07-31,11.6,11.6,11.6,,27.2,,0.5799999999999998,1.74,,,1.96,3.03,2.78,1.26,0.95,1.63,1.21,455,,,420,451,,264,457,231,,,59.3,121.3,113.0,222.7,,,,,142.2,,0.26,0.22,1.53,0.62,1.55,8.31,0.2899999999999999,0.32,0.2899999999999999,2213.0,138.3,94.0,,267.3,,2.0,,0.79,35.0,120,85.0,82.0,55.0,904,22.7,1647,509,8497,4850,776,118,171,4.8
1976-08-31,11.6,11.6,11.6,,27.2,,0.6,1.74,,,2.12,3.38,2.92,1.24,1.03,1.47,1.21,451,,,748,431,,248,456,212,,,55.4,116.1,101.3,223.5,,,,,126.4,,0.27,0.22,1.58,0.62,1.61,8.31,0.2899999999999999,0.25,0.22,2231.0,135.0,100.9,,277.6,,1.92,,0.78,35.0,125,93.0,82.0,53.0,939,22.7,1539,483,8084,4850,741,110,156,4.3
1976-09-30,11.6,11.6,11.6,,27.2,,0.6,1.74,,,2.39,3.51,3.02,1.21,1.01,1.41,1.21,484,,,808,457,,261,505,218,,,53.9,115.0,105.9,244.9,,,,,119.8,,0.26,0.22,1.56,0.62,1.62,8.31,0.3,0.22,0.18,2280.0,136.3,105.1,,283.8,,1.88,,0.77,35.0,140,100.0,82.0,53.0,996,22.7,1459,481,7961,4938,712,114,158,4.3
1976-10-31,11.9,11.9,11.9,,27.2,,0.62,1.74,,,2.59,3.82,3.35,1.22,1.02,1.42,1.22,481,,,829,444,,254,495,211,,,50.8,106.2,98.1,250.0,,,,,111.3,,0.27,0.22,1.43,0.62,1.65,8.31,0.3,0.23,0.18,2276.0,134.5,107.0,,286.6,,1.92,,0.83,35.0,128,93.0,82.0,55.0,948,22.7,1285,465,7972,5313,639,116,158,4.2
1976-11-30,11.9,11.9,11.9,,27.2,,0.63,1.74,,,2.93,4.03,3.89,1.21,0.98,1.43,1.22,499,,,834,457,,260,506,215,,,48.7,98.7,93.5,239.2,,,,,106.6,,0.23,0.22,1.41,0.62,1.69,8.31,0.3,0.23,0.17,2293.0,148.3,107.0,,286.6,,1.91,,0.83,35.0,115,86.0,82.0,54.0,948,22.7,1279,459,8122,5313,604,130,157,4.4
1976-12-31,11.9,11.9,11.9,,27.2,,0.64,1.74,,,2.98,4.57,4.5,1.23,1.01,1.48,1.22,553,,,777,457,,269,505,231,,,49.5,103.5,96.5,238.3,,,,,106.2,,0.24,0.22,1.5,0.63,1.75,8.31,0.3,0.23,0.17,2327.0,156.4,107.0,,286.6,,1.84,,0.79,35.0,113,83.0,82.0,53.0,974,22.7,1287,478,8400,5313,642,134,152,4.4
1977-01-31,12.5,12.5,12.5,,28.7,,0.67,1.79,2.77,18.5,3.45,4.83,4.77,1.6,1.16,1.55,2.08,546,,,933,462,,287,502,251,,,51.4,111.6,99.7,239.5,,,,,108.8,,0.24,0.25,1.58,0.63,1.79,7.91,0.3,0.24,0.18,2323.0,157.0,92.0,,264.1,,1.75,,0.82,140.0,130,95.0,115.0,54.5,1058,23.1,1396,560,9487,5313,692,132,155,4.4
1977-02-28,12.5,12.5,12.5,,28.7,,0.7099999999999999,1.79,2.77,19.0,3.82,5.41,5.43,1.89,1.7,1.91,2.08,576,,,856,507,,293,553,248,,,51.7,110.6,99.5,235.1,,,,,110.6,,0.3,0.25,1.64,0.64,1.65,7.91,0.3,0.24,0.19,2270.0,156.7,95.2,,269.0,,1.86,,0.82,142.5,133,95.0,100.5,54.5,1078,23.1,1426,648,10227,5313,703,136,161,4.5
1977-03-31,12.5,12.5,12.5,,28.7,,0.75,1.79,2.77,19.5,4.03,6.71,6.75,2.19,2.42,2.06,2.08,735,,,871,598,,328,630,272,,,50.6,108.0,98.0,242.5,,,,,106.9,,0.33,0.25,1.62,0.64,1.59,7.91,0.3,0.26,0.2,2241.0,156.6,96.6,,271.2,,1.92,,0.82,123.5,137,99.0,100.5,54.5,1082,23.1,1515,703,10373,5313,719,148,163,4.9
1977-04-30,12.4,12.4,12.4,,28.7,,0.77,1.79,2.77,19.7,3.59,7.0,6.88,2.88,3.56,2.98,2.09,793,,,881,647,,384,782,316,,,49.3,105.8,93.6,232.6,,,,,102.2,,0.3,0.25,1.55,0.65,1.57,7.91,0.3,0.28,0.22,2261.0,157.1,94.7,,268.3,,1.89,,0.79,44.0,134,98.0,109.5,54.5,1082,23.1,1429,648,9597,5187,655,149,161,4.8
1977-05-31,12.4,12.4,12.4,,28.7,,0.77,1.79,2.77,19.7,3.78,6.29,5.94,2.2,2.26,2.25,2.09,718,,,897,659,,371,741,298,,,46.9,100.9,91.7,237.7,,,,,94.8,,0.32,0.25,1.5,0.65,1.6,7.91,0.31,0.25,0.2,2265.0,157.5,91.1,,262.7,,1.78,,0.78,44.0,129,92.0,116.1,54.3,1082,23.1,1371,661,9844,5282,611,147,157,4.7
1977-06-30,12.4,12.4,12.4,,28.7,,0.82,1.79,2.77,20.4,4.25,5.78,4.94,2.09,1.63,2.55,2.09,620,,,848,619,,326,666,253,,,45.5,94.5,84.2,244.6,,,,,93.0,,0.2899999999999999,0.25,1.46,0.65,1.62,7.91,0.31,0.23,0.17,2247.0,157.9,90.8,,262.3,,1.61,,0.77,40.8,133,96.0,120.0,55.0,1102,23.1,1312,567,9628,5313,542,141,150,4.5
1977-07-31,12.6,12.6,12.6,,28.7,,0.83,1.79,2.77,20.5,4.36,4.85,4.33,2.05,1.62,2.43,2.11,513,,,804,520,,252,548,193,,,44.8,85.0,80.3,251.2,,,,,96.6,,0.23,0.25,1.42,0.65,1.59,7.91,0.31,0.22,0.16,2222.0,160.8,91.5,,263.3,,1.57,,0.77,37.5,133,95.0,123.1,55.0,1171,23.1,1248,562,10417,5313,542,143,150,4.5
1977-08-31,12.6,12.6,12.6,,28.7,,0.82,1.79,2.77,20.4,3.97,4.4,4.48,1.93,1.55,2.13,2.1,451,,,807,493,,230,498,174,,,43.1,76.9,75.7,255.0,,,,,95.5,,0.24,0.25,1.39,0.65,1.59,7.91,0.31,0.25,0.17,2207.0,159.4,90.9,,262.4,,1.51,,0.8,31.2,143,104.0,129.6,55.1,1184,23.1,1160,551,11310,5313,520,145,149,4.5
1977-09-30,12.6,12.6,12.6,,28.7,,0.83,1.79,2.77,20.5,3.85,4.18,4.44,1.81,1.35,1.99,2.09,463,,,773,460,,205,512,174,,,44.3,78.3,76.8,255.0,,,,,99.9,,0.25,0.25,1.41,0.65,1.68,7.91,0.31,0.23,0.16,2224.0,158.5,90.9,,262.4,,1.43,,0.86,34.5,148,108.0,132.5,56.6,1184,23.1,1195,582,11158,5313,518,150,150,4.5
1977-10-31,12.7,12.7,12.7,,28.7,,0.84,1.79,2.77,20.6,3.69,3.77,3.83,1.77,1.36,1.85,2.11,479,,,794,450,,209,490,179,,,46.2,83.2,81.0,256.9,,,,,104.0,,0.26,0.25,1.46,0.66,1.86,7.91,0.31,0.23,0.16,2256.0,160.5,92.3,,264.6,,1.39,,0.87,34.5,138,107.0,131.0,57.5,1204,23.1,1210,615,12154,4586,511,159,158,4.8
1977-11-30,12.7,12.7,12.7,,28.7,,0.83,1.79,2.77,20.5,3.48,4.35,3.68,1.54,0.97,1.54,2.13,505,,,852,445,,236,500,200,,,49.8,93.4,90.0,274.1,,,,,111.7,,0.26,0.25,1.46,0.67,1.92,7.91,0.32,0.23,0.16,2262.0,160.7,93.1,,265.8,,1.41,,0.86,34.5,123,93.0,137.0,56.0,1237,23.1,1182,633,12677,4586,525,162,170,4.8
1977-12-31,12.7,12.7,12.7,,28.7,,0.84,1.79,2.77,20.6,3.19,4.47,3.72,1.5,0.78,1.58,2.16,539,,,917,501,,241,541,200,,,50.9,96.0,89.9,302.6,,,,,114.6,,0.26,0.25,1.58,0.67,1.94,7.91,0.33,0.26,0.18,2269.0,162.7,91.7,,263.7,,1.42,,0.83,34.5,128,93.0,134.3,56.0,1261,23.1,1261,686,12785,4586,538,160,177,4.7
1978-01-31,12.7,12.7,12.7,,27.9,,0.87,2.3,3.04,23.6,2.98,4.55,3.9,1.36,0.78,1.74,1.56,541,,,956,514,,239,522,200,,,50.9,95.8,88.4,317.3,,,,,114.3,,0.26,0.27,1.72,0.67,2.0,8.07,0.33,0.2899999999999999,0.19,2212.0,165.4,93.9,,267.1,,1.46,,0.85,28.0,138,98.0,133.0,56.0,1316,21.5,1261,664,12121,4586,518,173,202,4.9
1978-02-28,12.7,12.7,12.7,,27.1,,0.88,2.3,3.04,23.7,2.83,4.36,3.85,1.4,0.92,1.73,1.57,561,,,910,558,,239,534,188,,,52.2,101.0,89.9,341.1,,,,,115.7,,0.3,0.25,1.91,0.68,1.96,8.07,0.34,0.33,0.19,2231.0,161.2,96.6,,271.2,,1.53,,0.86,28.0,138,93.0,134.8,56.0,1321,21.5,1217,582,12150,4586,478,178,224,5.0
1978-03-31,12.7,12.7,12.7,,27.1,,0.89,2.3,3.04,23.8,3.38,3.86,3.48,1.36,0.85,1.65,1.58,650,,,1020,598,,273,629,215,,,55.0,106.1,95.6,373.8,,,,,124.2,,0.35,0.28,2.0,0.68,1.92,8.07,0.34,0.31,0.17,2207.0,165.5,96.0,,270.3,,1.58,,0.87,28.0,137,97.0,134.5,56.0,1299,21.5,1254,582,11422,4586,507,184,227,5.3
1978-04-30,12.7,12.7,12.7,,27.1,,0.88,2.3,3.04,23.7,3.44,3.94,3.19,1.79,0.7099999999999999,3.08,1.59,600,,,1127,603,,290,624,224,,,57.4,111.5,101.1,388.5,,,,,130.8,,0.36,0.3,2.24,0.69,1.9,8.07,0.34,0.31,0.17,2232.0,170.1,100.4,,276.9,,1.6,,0.86,31.4,131,97.0,134.0,56.0,1259,21.5,1285,573,11006,4696,553,175,214,5.2
1978-05-31,12.7,12.7,12.7,,28.6,,0.91,2.3,3.04,24.1,3.14,3.74,3.0,1.36,0.67,1.84,1.56,596,,,1128,624,,290,657,221,,,56.4,112.7,101.8,386.5,,,,,124.6,,0.36,0.3,2.25,0.69,2.0,8.07,0.33,0.3,0.16,2212.0,193.5,93.8,,266.9,,1.63,,0.91,32.5,128,93.0,130.8,56.0,1237,21.5,1303,545,11704,4696,562,176,233,5.1
1978-06-30,12.7,12.7,12.7,,30.2,,0.91,2.3,3.04,24.1,2.99,3.71,3.33,1.35,0.62,1.86,1.58,646,,,1106,654,,278,631,208,,,55.8,106.6,97.1,381.1,,,,,126.4,,0.26,0.31,1.99,0.69,2.11,8.07,0.34,0.3,0.16,2235.0,196.5,92.4,,264.7,,1.6,,0.98,32.5,130,92.0,132.5,56.0,1248,21.5,1333,570,12357,4645,578,184,245,5.3
1978-07-31,12.8,12.8,12.8,,30.2,,0.89,2.3,3.04,23.8,3.16,2.95,2.79,1.43,0.66,2.02,1.61,644,,,1042,622,,266,586,207,,,54.3,97.3,90.6,362.2,,,,,127.1,,0.24,0.31,1.95,0.7,2.28,8.07,0.35,0.28,0.14,2287.0,202.7,94.3,,267.7,,1.55,,0.98,32.5,137,95.0,142.0,57.0,1290,21.5,1337,582,12414,4586,584,189,246,5.4
1978-08-31,12.8,12.8,12.8,,30.2,,0.91,2.3,3.04,24.1,3.36,3.05,2.83,1.4,0.73,1.82,1.63,657,,,1044,585,,262,587,202,,,53.4,92.0,88.0,344.3,,,,,127.5,,0.25,0.31,2.03,0.7,2.32,8.07,0.36,0.2899999999999999,0.16,2311.0,206.4,100.4,,276.9,,1.59,,1.03,32.5,143,102.0,142.5,58.5,1321,21.5,1426,639,12995,4586,618,206,267,5.5
1978-09-30,12.8,12.8,12.8,,30.2,,0.92,2.3,3.04,24.2,3.75,3.42,3.24,1.36,0.73,1.72,1.64,778,,,1210,615,,264,630,208,,,53.9,91.0,87.3,347.0,,,,,130.8,,0.25,0.31,2.24,0.7,2.41,8.07,0.36,0.32,0.18,2309.0,206.3,99.3,,275.2,,1.63,,1.09,32.5,151.5,105.5,134.6,63.1,1382,21.5,1442,693,13889,4586,634,212,269,5.6
1978-10-31,12.9,12.9,12.9,,30.2,,0.92,2.3,3.04,24.2,3.83,3.4,3.31,1.41,0.82,1.73,1.68,805,,,1194,623,,271,637,223,,,56.3,95.9,93.8,338.4,,,,,137.4,,0.26,0.31,2.35,0.7099999999999999,2.54,8.07,0.38,0.35,0.2,2305.0,213.1,101.6,,278.7,,1.67,,1.16,32.5,151.5,105.5,132.0,63.5,1425,21.5,1506,830,15256,4586,713,227,332,5.9
1978-11-30,13.2,13.2,13.2,,30.2,,0.93,2.3,3.04,24.3,4.03,3.22,3.18,1.37,0.76,1.69,1.66,835,,,1191,604,,270,620,227,,,57.3,100.5,96.5,294.2,,,,,137.8,,0.27,0.32,2.42,0.7099999999999999,2.48,8.07,0.37,0.31,0.18,2329.0,206.3,97.8,,273.0,,1.73,,1.14,32.5,151.5,101.0,140.8,65.0,1394,21.5,1481,824,15036,4586,695,206,329,5.9
1978-12-31,14.5,14.5,14.5,,30.2,,0.96,2.3,3.04,24.7,3.95,2.89,2.91,1.33,0.7,1.62,1.65,886,,,1022,604,,278,627,237,,,56.8,98.5,96.1,273.4,,,,,136.3,,0.2899999999999999,0.34,2.57,0.72,2.41,8.07,0.37,0.31,0.18,2346.0,208.3,101.8,,279.0,,1.71,,1.08,32.5,141.5,97.5,141.0,65.0,1409,21.5,1533,859,14154,4586,687,208,340,5.9
1979-01-31,17.5,19.0,15.9,,30.2,,1.02,3.26,3.69,30.4,3.66,2.83,2.94,1.31,0.7099999999999999,1.59,1.63,966,,381.0,976,636,,284,616,235,,,58.5,105.4,97.1,278.5,,,,140.4,137.8,,0.27,0.33,2.8,0.72,2.34,11.97,0.38,0.32,0.17,2381.0,212.2,116.2,,299.6,270.0,1.68,,1.07,32.5,153,109.5,143.0,65.0,1265,23.5,1659,992,13854,4586,720,227,358,6.2
1979-02-28,20.8,22.0,19.5,,30.2,,1.05,3.26,3.69,30.7,3.5,2.71,2.92,1.28,0.7,1.53,1.62,981,,382.0,969,694,,298,653,238,,,59.4,107.0,97.8,279.5,,,,144.8,140.4,,0.31,0.28,2.93,0.72,2.17,11.97,0.38,0.34,0.18,2364.0,191.8,127.8,,315.4,238.0,1.67,,1.13,32.5,157.5,116.5,143.0,64.5,1442,23.5,1944,1055,14526,4546,793,246,410,7.3
1979-03-31,22.0,23.3,20.8,,30.2,,1.1,3.26,3.69,31.4,3.4,2.87,2.98,1.26,0.67,1.5,1.62,986,,381.0,972,688,,310,669,241,,,59.9,109.5,99.2,293.0,,,,144.0,140.0,,0.32,0.31,3.01,0.73,2.18,11.97,0.38,0.34,0.19,2399.0,199.4,131.7,,320.6,206.6,1.69,,1.16,32.5,162.5,132.0,131.9,65.5,1542,23.5,2050,1177,15022,4819,795,242,398,7.4
1979-04-30,22.4,23.6,21.2,,30.2,,1.11,3.26,3.69,31.5,3.25,3.06,3.13,2.07,0.62,3.96,1.62,1062,,366.0,970,666,,300,648,238,,,60.4,111.5,98.3,295.5,,,,142.2,140.0,,0.37,0.37,3.15,0.73,2.26,11.97,0.37,0.32,0.17,2351.0,204.6,133.1,,322.4,225.4,1.64,,1.24,32.5,164,134.2,135.0,70.0,1569,23.5,2100,1161,15137,5379,789,239,391,7.4
1979-05-31,33.5,32.8,34.3,,30.2,,1.15,3.26,3.69,32.0,3.36,3.3,3.26,1.44,0.52,2.19,1.6,1056,,368.0,925,665,,300,636,240,,,61.3,112.6,100.5,296.8,,,,141.4,143.3,,0.37,0.41,3.04,0.73,2.35,11.97,0.37,0.32,0.17,2362.0,201.9,148.4,,341.9,256.0,1.68,,1.28,32.5,162,130.5,141.8,70.0,1576,23.5,1926,1239,15362,5968,778,258,430,8.4
1979-06-30,34.7,36.5,32.8,,30.2,,1.17,3.26,3.69,32.2,3.48,4.26,4.16,1.33,0.43,1.96,1.61,1062,,393.0,893,675,,322,673,261,,,67.6,120.4,109.5,303.3,,,,163.9,167.9,,0.38,0.49,2.78,0.74,2.4,11.97,0.37,0.32,0.18,2342.0,203.9,180.5,,380.1,285.0,1.7,,1.38,32.5,175.5,131.5,148.5,71.3,1597,23.5,1878,1382,16136,6519,754,279,430,8.6
1979-07-31,33.5,35.0,32.0,,30.2,,1.2,3.26,3.69,32.6,3.25,4.49,4.32,1.42,0.65,1.97,1.64,1095,,415.0,913,678,,322,690,246,,,70.9,130.5,118.9,304.1,,,,168.3,174.5,,0.34,0.52,2.48,0.74,2.53,11.97,0.47,0.34,0.19,2335.0,209.7,208.0,,410.3,333.0,1.7,,1.33,35.8,187.5,141.5,155.4,77.0,1534,23.5,1814,1272,15781,6614,722,295,412,9.1
1979-08-31,34.0,35.8,32.3,,31.3,,1.24,3.26,3.69,33.1,3.14,4.35,4.01,1.56,0.93,2.12,1.64,1002,,400.0,867,652,,302,682,236,,,67.7,118.9,111.4,328.4,,,,162.8,169.0,,0.3,0.4799999999999999,2.56,0.74,2.42,11.97,0.47,0.35,0.2,2340.0,209.0,222.5,,425.5,281.0,1.71,,1.31,39.0,207.5,151.5,160.0,79.0,1562,23.5,1976,1213,14793,6614,665,301,394,9.3
1979-09-30,35.5,36.5,34.5,,31.3,,1.24,3.26,3.69,33.1,3.22,4.57,4.23,1.56,0.96,2.07,1.65,905,,394.0,872,640,,292,691,238,,,68.6,118.0,112.6,338.2,,,,165.0,174.2,,0.3,0.44,2.88,0.75,2.38,11.97,0.4799999999999999,0.35,0.22,2340.0,212.5,218.5,,421.4,283.0,1.72,,1.3,39.0,215,153.0,163.8,80.09999999999998,1616,23.5,2096,1231,15399,6614,724,355,463,13.8
1979-10-31,37.3,38.5,36.0,,32.4,,1.28,3.26,3.69,33.5,3.06,4.62,4.06,1.57,0.96,2.11,1.64,907,,394.0,812,602,,283,671,238,,,69.7,119.1,116.2,340.4,,,,163.1,178.2,,0.31,0.45,2.86,0.75,2.41,11.97,0.4799999999999999,0.35,0.26,2328.0,226.4,191.4,,392.3,258.0,1.72,,1.3,39.0,247.5,177.5,167.5,83.5,1786,23.5,2076,1319,16012,6614,707,392,520,16.6
1979-11-30,40.8,42.0,39.5,,32.4,,1.29,3.26,3.69,33.7,3.02,4.56,3.91,1.58,0.92,2.2,1.63,907,,415.0,775,620,,281,670,251,,,69.6,118.2,117.7,342.4,,,,166.8,178.2,,0.31,0.36,3.03,0.76,2.42,11.97,0.4799999999999999,0.36,0.3,2295.0,229.5,179.7,,379.2,252.0,1.77,,1.31,39.0,242,187.0,170.0,83.5,1833,23.5,2090,1225,16361,6614,702,392,506,16.7
1979-12-31,39.8,40.5,39.0,,32.4,,1.31,3.26,3.69,33.9,3.19,4.28,3.9,1.67,1.31,2.04,1.66,885,,450.0,720,630,,279,647,254,,,69.5,115.3,118.2,356.9,,,,173.1,180.0,,0.34,0.35,3.1,0.76,2.6,11.97,0.49,0.4,0.33,2295.0,237.4,182.7,,382.6,262.0,1.82,,1.34,39.0,246,190.0,176.3,108.3,1913,23.5,2214,1233,16987,6945,751,455,601,22.5
1980-01-31,39.0,40.0,38.0,,32.4,,1.37,4.22,5.7,40.6,3.17,3.81,3.57,1.69,1.19,2.03,1.84,885,869.0,491.0,744,662,,268,609,244,,,66.6,105.4,111.5,372.8,,,,169.7,175.6,,0.4,0.35,3.01,0.75,2.6,10.14,0.49,0.43,0.38,2286.0,245.2,200.1,396.0,401.8,285.8,1.93,,1.52,39.0,257,197.5,187.5,106.5,2055,28.1,2601,1118,17013,6585,774,675,807,38.9
1980-02-29,37.3,38.5,36.0,,32.4,,1.42,4.22,5.7,41.2,3.24,3.71,3.55,1.68,1.17,2.03,1.83,840,887.0,518.0,778,672,,271,610,238,,,66.6,113.9,118.3,376.5,,,,170.5,172.7,,0.37,0.35,2.97,0.72,2.7,10.14,0.49,0.54,0.5,2300.0,249.0,213.6,396.0,416.2,306.9,2.1,,1.66,39.0,257.5,195.0,187.5,106.5,2131,28.1,2918,1168,17100,6979,870,665,882,35.2
1980-03-31,37.0,38.3,35.8,,32.4,,1.46,4.22,5.7,41.7,3.09,4.12,3.72,1.64,1.14,1.99,1.79,760,895.0,478.0,720,637,,264,580,242,,,69.9,110.4,114.6,392.7,,,,162.4,163.5,,0.42,0.34,2.6,0.7,2.63,10.14,0.46,0.47,0.43,2292.0,243.4,209.3,396.0,411.7,310.1,2.03,,1.46,42.0,260.5,200.0,187.5,106.5,1978,28.1,2306,1121,17470,6734,743,554,747,24.7
1980-04-30,36.6,38.2,35.0,,39.5,,1.51,4.22,5.7,42.3,2.91,4.05,3.65,1.63,1.13,2.0,1.77,660,900.0,470.0,708,611,,252,552,242,,,69.9,108.2,114.5,396.0,,,,155.8,156.5,,0.4,0.38,2.52,0.68,2.92,10.14,0.46,0.5,0.47,2324.0,241.8,206.8,396.0,409.0,285.3,2.0,,1.33,54.0,202.5,182.5,196.3,106.5,1932,28.1,2070,969,17017,6233,708,517,589,14.9
1980-05-31,37.0,38.5,35.6,,40.1,,1.56,4.22,5.7,42.9,2.59,4.23,3.88,1.67,1.15,2.04,1.82,618,918.0,505.0,733,584,,260,562,224,,,68.2,110.0,116.5,410.4,,,,156.2,161.3,,0.44,0.44,2.44,0.68,3.14,10.14,0.4799999999999999,0.7,0.68,2306.0,251.1,216.7,396.0,419.5,291.1,1.96,,1.33,54.0,211,171.0,205.0,106.5,1776,28.1,2037,772,17042,6001,692,514,560,12.7
1980-06-30,37.0,38.0,36.0,,40.7,,1.57,4.22,5.7,43.0,2.5,4.05,3.76,1.68,1.14,2.06,1.84,630,925.0,484.0,713,555,,262,570,218,,,64.9,113.6,119.4,418.9,,,,146.2,157.6,,0.34,0.4799999999999999,2.51,0.69,2.98,10.14,0.49,0.7099999999999999,0.68,2298.0,255.3,218.4,396.0,421.3,264.6,1.89,,1.36,44.0,212.5,170.0,205.0,106.5,1669,28.1,2006,739,17224,6295,678,601,642,15.8
1980-07-31,35.4,37.4,33.3,,40.7,,1.64,4.22,5.7,43.8,2.46,3.52,3.28,1.69,1.14,2.08,1.85,648,880.0,479.0,860,545,,303,635,248,,,86.5,128.9,133.0,418.9,,,,160.5,168.7,,0.35,0.42,2.75,0.76,3.2,10.14,0.52,0.63,0.61,2298.0,259.9,195.1,396.0,396.4,276.5,1.98,,1.35,44.0,215,173.0,205.0,106.5,1758,28.1,2176,811,17091,6622,714,643,670,16.3
1980-08-31,32.9,33.6,32.3,,44.2,,1.64,4.22,5.7,43.8,2.31,3.1,2.95,1.67,1.11,2.07,1.83,620,940.0,490.0,914,518,,309,636,260,,,81.59999999999998,143.5,143.0,418.9,,,,165.3,171.2,,0.34,0.4,2.92,0.8,3.07,10.14,0.51,0.73,0.7,2263.0,253.0,188.5,396.0,389.1,257.5,2.12,,1.4,44.0,215,167.5,205.0,106.5,1784,28.1,2082,853,17018,6585,769,627,644,15.9
1980-09-30,32.8,33.4,32.3,,44.6,,1.69,4.22,5.7,44.4,2.39,2.86,2.76,1.67,1.08,2.09,1.84,590,1200.0,501.0,928,509,,335,615,292,,,78.2,140.8,141.8,418.9,,,,175.6,179.7,,0.35,0.51,2.85,0.84,3.0,10.14,0.51,0.77,0.76,2227.0,252.5,213.1,396.0,415.7,242.5,2.2,,1.46,44.0,205,165.0,207.0,106.5,1655,28.1,2060,883,17308,6655,796,674,696,19.9
1980-10-31,37.4,37.9,36.8,,44.6,,1.71,4.22,5.7,44.7,2.31,2.84,2.72,1.66,1.05,2.09,1.83,580,1700.0,512.0,934,507,,340,592,310,,,88.2,140.4,142.9,418.9,,,,187.0,188.1,,0.35,0.51,2.86,0.85,2.92,10.14,0.5,0.92,0.89,2224.0,258.9,159.1,396.0,355.0,241.0,2.17,,1.42,44.0,202.5,164.5,207.0,106.5,1626,28.1,2040,879,16692,6692,805,661,676,20.2
1980-11-30,40.3,40.8,39.8,,45.0,,1.76,4.22,5.7,45.3,2.17,2.6,2.52,1.63,1.02,2.07,1.79,650,2400.0,568.0,1093,585,,367,639,336,,,103.2,146.6,148.4,439.4,,,,193.3,195.1,,0.38,0.32,2.94,0.82,2.7,10.14,0.4799999999999999,0.87,0.83,2258.0,258.4,162.0,396.0,358.5,259.6,2.16,,1.42,44.0,214,175.5,207.0,106.5,1504,28.1,2010,813,15616,6453,802,625,633,18.6
1980-12-31,39.8,40.2,39.3,,45.0,,1.74,4.22,5.7,45.1,2.11,2.72,2.55,1.61,1.01,2.04,1.77,605,2325.0,557.0,1180,619,,324,571,295,,,94.9,141.5,142.4,446.4,,,,177.1,182.6,,0.37,0.32,2.75,0.81,2.71,10.14,0.47,0.67,0.63,2234.0,251.8,163.4,396.0,360.2,264.5,2.2,,1.38,44.0,214,201.5,207.0,106.5,1431,28.1,1879,743,14707,6391,784,538,604,16.5
1981-01-31,39.8,40.3,39.3,,45.0,,1.77,4.6,6.03,47.4,2.09,2.89,2.63,1.66,1.09,1.97,1.91,613,2000.0,541.0,1110,625,,323,545,287,,,92.5,148.8,146.7,446.4,,,,177.5,189.6,,0.39,0.35,2.68,0.79,2.92,10.16,0.46,0.65,0.62,2271.0,248.0,166.3,,363.7,258.9,2.18,,1.37,44.0,227.5,202.5,207.0,115.0,1431,28.1,1869,705,14333,6404,777,557,536,14.8
1981-02-28,37.9,38.7,37.1,,45.0,,1.81,4.6,6.03,47.9,2.04,2.85,2.49,1.64,1.23,1.91,1.77,603,1500.0,518.0,1100,640,,306,516,270,,,94.2,143.3,142.7,456.3,,,,176.4,181.5,,0.44,0.33,2.57,0.81,2.97,10.16,0.43,0.57,0.53,2289.0,231.5,163.1,,359.8,259.4,2.12,,1.32,44.0,226,204.5,242.5,115.0,1452,28.1,1801,689,13633,6371,731,500,480,13.1
1981-03-31,37.6,38.3,36.8,,45.0,,1.86,4.6,6.03,48.5,2.12,2.86,2.47,1.6,1.22,1.91,1.68,574,1400.0,507.0,1115,620,,305,535,265,,,89.2,142.1,141.0,480.6,,,,167.9,175.3,,0.46,0.39,2.5,0.79,2.73,10.16,0.43,0.52,0.5,2286.0,231.4,160.8,,357.0,244.3,2.04,,1.26,44.0,207.5,187.5,242.5,115.0,1443,28.1,1818,730,13633,6292,751,499,491,12.3
1981-04-30,36.4,37.2,35.5,,56.5,,1.93,4.6,6.03,49.4,2.11,2.89,2.45,1.57,1.09,1.9,1.74,552,1410.0,501.0,1105,588,,316,531,273,,,82.6,145.5,140.6,490.6,,,,172.1,180.4,,0.43,0.4,2.53,0.77,2.97,10.16,0.42,0.44,0.39,2292.0,225.3,156.3,,351.6,259.4,1.98,,1.15,47.5,193,177.5,135.0,70.0,1369,28.1,1821,759,13365,6307,824,496,481,11.5
1981-05-31,34.3,35.2,33.4,,56.5,,1.95,4.6,6.03,49.6,1.93,2.83,2.35,1.52,0.99,1.87,1.69,563,1408.0,504.0,1185,599,,306,511,267,,,82.6,141.3,139.8,494.4,,,,142.9,171.6,,0.45,0.37,2.49,0.74,3.22,10.16,0.4,0.38,0.33,2296.0,209.5,158.6,,354.4,256.5,1.95,,1.16,51.0,195.5,161.0,215.0,115.0,1297,28.1,1742,697,12664,6352,851,480,462,10.9
1981-06-30,32.7,33.3,32.2,,56.5,,1.95,4.6,6.03,49.6,1.66,2.51,1.86,1.46,0.9,1.82,1.66,570,1226.0,485.0,1185,640,,291,512,247,,,70.9,136.1,127.0,510.3,,,,132.8,168.7,,0.39,0.38,2.44,0.76,2.99,10.16,0.38,0.42,0.36,2298.0,203.1,156.4,,351.8,231.9,1.93,,1.14,51.0,190,157.5,215.0,115.0,1232,28.1,1700,712,12604,6169,840,461,443,10.0
1981-07-31,33.5,35.1,32.0,,56.5,,2.01,4.6,6.03,50.4,2.05,2.67,1.94,1.41,0.85,1.77,1.63,585,1175.0,470.0,1160,600,,294,530,247,,,77.5,137.6,123.6,498.5,,,,138.6,167.9,,0.33,0.38,2.41,0.81,2.49,10.16,0.4,0.42,0.36,2283.0,198.3,145.6,,338.4,224.2,1.89,,1.03,51.0,177.5,146.5,180.0,116.5,1175,28.1,1682,784,13358,6150,865,409,407,8.6
1981-08-31,34.0,35.8,32.2,,56.5,,2.02,4.6,6.03,50.5,2.25,2.78,1.98,1.39,0.82,1.74,1.61,565,1094.0,439.0,1160,531,,283,506,243,,,75.9,127.1,116.0,473.9,,,,140.3,170.1,,0.31,0.44,2.41,0.79,2.18,10.16,0.39,0.38,0.33,2314.0,192.3,142.8,,334.9,215.2,1.77,,1.07,51.0,179.5,137.5,160.0,116.5,1231,28.1,1787,824,14485,5999,955,410,418,8.9
1981-09-30,34.0,35.9,32.1,,56.5,,2.08,4.6,6.03,51.2,2.36,2.8,1.97,1.43,1.03,1.72,1.54,535,1046.0,434.0,1005,509,,264,485,235,,,70.9,115.5,109.1,463.1,,,,147.1,171.2,,0.44,0.52,2.49,0.77,2.47,10.16,0.41,0.34,0.26,2309.0,203.8,142.2,,334.1,236.9,1.7,,1.06,51.0,130,139.0,160.0,116.5,1169,28.1,1710,764,14935,5579,939,444,436,10.1
1981-10-31,34.6,36.5,32.7,,56.5,,2.11,4.6,6.03,51.6,2.17,3.02,2.17,1.28,0.74,1.71,1.41,564,978.0,405.0,863,513,,260,486,231,,,73.59999999999998,112.7,105.9,431.7,,,,149.7,168.7,,0.39,0.51,2.43,0.76,2.64,10.16,0.42,0.35,0.27,2378.0,204.5,146.2,,339.2,231.4,1.67,,1.02,51.0,122.5,133.5,160.0,116.5,1140,28.1,1666,717,15113,5217,892,438,420,9.2
1981-11-30,35.7,37.1,34.2,,56.5,,2.15,4.6,6.03,52.1,2.06,3.18,2.31,1.32,0.83,1.72,1.42,570,948.0,407.0,805,500,,257,470,230,,,77.5,111.8,112.1,405.2,,,,156.8,178.6,,0.4,0.46,2.37,0.75,2.65,10.16,0.43,0.36,0.26,2405.0,204.8,156.4,,351.8,250.9,1.65,,0.99,51.0,145,146.5,136.5,116.5,1082,28.1,1651,666,15836,5100,877,413,397,8.5
1981-12-31,35.4,36.7,34.1,,56.5,,2.16,4.6,6.03,52.2,2.11,3.13,2.27,1.34,0.9,1.72,1.42,545,904.0,399.0,720,483,,256,455,236,,,69.3,107.6,111.9,356.9,,,,153.0,176.0,,0.42,0.34,2.36,0.74,2.62,10.16,0.42,0.38,0.2899999999999999,2437.0,201.2,160.0,,356.1,267.3,1.58,,0.9,51.0,137.5,142.5,136.5,94.5,1131,28.1,1655,674,15952,5496,846,410,399,8.4
1982-01-31,35.0,35.8,34.0,35.3,55.6,,2.23,4.45,6.05,52.3,2.19,3.18,2.31,1.53,0.95,1.91,1.73,536,898.0,390.0,685,502,,262,455,242,,,72.59999999999998,115.4,116.0,321.2,,,,148.4,173.1,,0.42,0.32,2.38,0.76,2.96,10.03,0.42,0.4,0.2899999999999999,2471.0,197.4,163.3,,360.0,255.5,1.55,,0.91,51.0,135,155.0,112.5,94.5,1113,32.5,1611,648,16133,5629,819,384,370,8.0
1982-02-28,32.3,31.6,30.4,34.8,55.6,,2.3,4.45,6.05,53.2,2.09,3.4,2.52,1.53,0.99,1.9,1.7,526,868.0,369.0,685,528,,254,454,235,,,75.9,112.6,112.7,302.8,,,,153.7,170.9,,0.38,0.3,2.38,0.77,2.76,11.46,0.4,0.39,0.2899999999999999,2536.0,191.1,154.8,,349.8,235.3,1.54,,0.88,51.0,190,157.5,130.0,94.5,1088,32.5,1598,618,15993,5717,823,374,360,8.3
1982-03-31,30.2,29.3,28.6,32.6,55.6,,2.35,4.45,6.05,53.8,1.95,3.22,2.47,1.53,1.02,1.88,1.68,480,855.0,357.0,644,507,,254,452,226,,,70.9,114.2,112.0,305.3,,,,141.8,168.7,,0.42,0.32,2.38,0.76,2.66,12.79,0.39,0.38,0.25,2566.0,187.2,151.2,,345.4,240.9,1.55,,0.88,51.0,190,140.0,130.0,94.5,1029,32.5,1510,613,12766,5653,790,330,318,7.2
1982-04-30,31.6,33.1,30.9,30.7,55.6,,2.4,4.45,6.05,54.4,1.74,3.12,2.35,1.53,1.05,1.86,1.67,502,838.0,357.0,679,509,,265,482,230,,,70.2,117.8,114.6,291.3,,,,148.6,169.8,,0.4799999999999999,0.35,2.4,0.76,2.55,13.45,0.39,0.39,0.21,2611.0,184.2,148.9,,342.5,235.9,1.58,,0.89,51.0,168.5,135.5,122.5,94.5,996,32.5,1522,575,12618,5394,743,350,338,7.3
1982-05-31,33.0,35.2,33.3,30.6,55.6,,2.45,4.45,6.05,55.0,1.72,3.03,2.28,1.55,1.06,1.88,1.7,493,802.0,362.0,645,511,,269,509,234,,,76.2,118.1,116.7,278.5,,,,128.3,167.6,,0.44,0.37,2.41,0.77,2.54,13.89,0.4,0.43,0.18,2653.0,191.1,152.7,,347.3,233.8,1.69,,0.9,48.4,166,138.5,122.5,90.0,973,32.5,1528,575,12736,5212,750,334,310,6.7
1982-06-30,32.8,34.6,32.7,31.1,55.6,,2.45,4.45,6.05,55.0,1.55,3.1,2.24,1.5,0.99,1.85,1.65,497,770.0,348.0,599,494,,254,475,222,,,71.9,115.0,110.5,270.7,,,,125.7,155.8,,0.4,0.41,2.38,0.78,2.43,13.89,0.38,0.46,0.15,2636.0,174.8,140.4,,331.8,207.5,1.67,,0.84,44.5,167,133.0,122.5,75.0,919,32.5,1300,521,11087,5187,692,315,276,5.6
1982-07-31,32.9,33.7,31.7,33.4,55.6,,2.47,4.45,6.05,55.2,1.56,2.94,2.17,1.52,1.09,1.83,1.63,465,798.0,335.0,570,421,,249,464,212,,,58.6,115.0,102.7,261.8,,,,127.5,151.8,,0.33,0.43,2.23,0.79,2.38,12.68,0.41,0.49,0.17,2597.0,168.0,140.6,,332.1,225.4,1.73,,0.83,37.4,168,133.5,122.5,77.5,958,32.5,1441,552,11317,5069,727,339,288,6.5
1982-08-31,32.4,32.8,31.2,33.2,55.6,,2.53,4.45,6.05,56.0,1.55,2.93,2.25,1.57,1.27,1.83,1.62,412,770.0,320.0,572,396,,234,432,203,,,59.3,102.3,100.3,266.7,,,,123.8,152.5,,0.3,0.53,2.24,0.76,2.27,13.12,0.41,0.49,0.15,2555.0,166.3,140.1,,331.5,230.3,1.66,,0.84,35.0,165.5,135.5,125.0,77.5,959,32.5,1452,523,12196,4953,716,364,297,7.1
1982-09-30,33.5,34.3,33.0,33.1,55.6,,2.56,4.45,6.05,56.3,1.69,3.0,2.41,1.63,1.47,1.81,1.62,411,750.0,319.0,530,380,,217,426,196,,,54.9,100.9,97.1,252.0,,,,120.5,152.9,,0.35,0.47,2.43,0.76,2.18,14.55,0.4,0.46,0.13,2586.0,162.8,140.6,,332.1,239.1,1.6,,0.85,35.0,167,135.0,125.0,77.0,960,32.5,1427,515,12676,4310,750,437,334,8.8
1982-10-31,33.8,35.0,33.4,33.0,55.6,,2.6,4.45,6.05,56.8,1.63,3.1,2.59,1.57,1.3,1.81,1.6,406,851.0,326.0,470,355,,214,416,192,,,50.3,91.7,97.9,235.1,,,,112.9,146.6,,0.2899999999999999,0.43,2.48,0.75,2.1,14.22,0.4,0.45,0.13,2516.0,161.0,136.7,,327.0,217.4,1.55,,0.85,35.0,163.5,134.0,127.5,79.0,952,32.5,1461,497,12414,3917,751,422,335,9.4
1982-11-30,32.8,33.8,31.8,33.0,55.6,,2.62,4.45,6.05,57.1,1.54,3.05,2.69,1.56,1.3,1.79,1.59,416,868.0,353.0,474,362,,231,403,213,,,50.3,102.9,110.2,238.3,,,,131.6,155.1,,0.33,0.39,2.48,0.74,1.88,14.44,0.39,0.46,0.14,2485.0,159.4,140.8,,332.3,221.6,1.52,,0.83,35.0,160.5,131.5,127.5,72.5,965,32.5,1444,462,11982,3434,710,415,346,9.8
1982-12-31,31.5,31.8,30.1,32.6,45.5,,2.62,4.45,6.05,57.1,1.63,2.97,2.82,1.51,1.24,1.8,1.48,429,862.0,399.0,466,376,,232,399,217,,,53.6,105.5,111.6,246.1,,,,127.9,159.8,,0.34,0.2899999999999999,2.48,0.72,1.82,14.88,0.41,0.46,0.14,2556.0,167.7,147.5,,340.8,246.7,1.54,,0.8,41.3,158.5,132.0,120.0,72.5,987,32.5,1473,448,11993,3576,669,445,369,10.6
1983-01-31,30.7,30.9,30.0,31.1,43.0,,2.66,4.05,5.55,55.3,1.78,2.87,2.75,1.76,1.38,1.92,1.99,435,840.0,439.0,461,372,,235,397,216,,,53.6,107.8,114.6,240.0,,,,131.2,165.0,,0.34,0.2899999999999999,2.28,0.73,1.78,14.64,0.41,0.47,0.13,2572.0,169.9,145.5,,338.3,244.7,1.58,,0.82,47.5,150.5,137.5,124.5,75.0,1077,29.0,1572,475,12083,3797,699,481,453,12.3
1983-02-28,29.1,29.1,29.0,29.2,43.0,,2.66,4.05,5.55,55.3,1.94,2.8,2.68,1.82,1.5,1.99,1.97,451,820.0,423.0,452,367,,239,395,211,,,57.9,117.3,121.0,249.6,,,,133.4,164.2,,0.38,0.2899999999999999,2.38,0.74,1.67,14.37,0.4,0.4799999999999999,0.14,2599.0,167.1,127.5,,315.0,234.9,1.64,,0.94,47.5,164,134.5,124.5,75.5,1230,29.0,1647,455,13034,4228,681,491,465,14.0
1983-03-31,28.3,28.2,28.1,28.7,43.0,,2.58,4.05,5.55,54.3,1.87,2.76,2.67,1.88,1.7,1.97,1.97,482,815.0,403.0,445,378,,242,394,211,,,56.9,125.2,124.3,261.8,,,,133.0,166.1,,0.41,0.33,2.49,0.75,1.82,13.78,0.4,0.4799999999999999,0.14,2602.0,164.0,125.5,,312.3,243.3,1.74,,1.06,47.5,179.5,145.0,120.0,75.5,1302,29.0,1598,443,13426,4832,678,420,401,10.6
1983-04-30,29.7,29.8,28.7,30.6,43.0,,2.53,4.05,5.55,53.7,1.88,2.75,2.67,2.05,1.78,2.4,1.96,576,836.0,440.0,495,419,,253,434,219,,,66.9,133.4,132.1,261.8,,,,137.1,167.2,,0.4799999999999999,0.41,2.54,0.72,2.12,13.4,0.39,0.49,0.15,2620.0,157.2,127.1,,314.5,237.7,1.77,,1.13,47.5,180.5,136.0,109.0,75.5,1364,29.0,1675,458,13793,4818,698,433,414,11.6
1983-05-31,29.4,29.6,28.5,30.0,43.0,,2.53,4.05,5.55,53.7,2.07,2.83,2.72,2.13,1.95,2.47,1.96,622,825.0,437.0,548,432,,252,434,217,,,63.6,133.9,133.4,259.9,,,,135.7,160.2,,0.55,0.45,2.54,0.73,2.1,13.45,0.39,0.5,0.2,2613.0,154.8,131.9,,320.8,240.6,1.81,,1.05,43.0,171.5,132.5,101.5,75.5,1453,29.0,1766,433,13523,5032,736,438,449,12.9
1983-06-30,30.0,30.2,28.8,31.0,43.0,,2.59,4.05,5.55,54.5,2.3,2.81,2.65,2.2,2.01,2.64,1.93,694,831.0,430.0,593,394,,243,425,210,,,66.6,135.0,127.4,249.1,,,,132.3,151.8,,0.5,0.39,2.47,0.75,2.04,13.76,0.38,0.5,0.24,2638.0,150.1,129.8,,318.0,231.6,1.9,,1.08,41.1,158.5,127.5,120.0,73.0,1466,29.0,1701,408,13354,4883,718,413,422,11.7
1983-07-31,30.5,30.8,29.0,31.6,34.8,,2.52,4.05,5.55,53.6,2.3,2.83,2.65,2.02,1.65,2.5,1.89,846,832.0,433.0,635,425,,263,477,226,,,64.9,140.6,125.1,241.5,,,,135.3,147.3,,0.5,0.34,2.46,0.78,1.97,13.12,0.39,0.49,0.23,2668.0,147.8,129.2,,317.3,215.4,1.95,,1.13,37.3,157.5,128.0,109.0,73.0,1520,29.0,1704,403,13193,4804,740,403,433,12.0
1983-08-31,30.7,31.1,28.9,32.0,34.8,,2.58,4.05,5.55,54.3,2.3,2.86,2.65,2.11,1.84,2.64,1.86,985,950.0,452.0,969,559,,339,651,279,,,76.59999999999998,152.8,136.3,255.0,,,,145.1,152.5,,0.46,0.35,2.48,0.79,1.93,12.74,0.38,0.5,0.23,2693.0,143.0,134.5,,324.2,214.5,2.0,,1.13,34.0,154.5,122.5,110.5,73.0,1604,29.0,1640,398,12826,4853,809,416,436,12.1
1983-09-30,30.1,30.4,28.6,31.3,34.8,,2.67,4.05,5.55,55.4,2.15,2.92,2.69,2.16,1.91,2.7,1.86,954,1300.0,503.0,1052,645,,350,733,277,,,87.4,147.8,135.5,278.3,,,,141.8,156.5,,0.42,0.44,2.47,0.82,1.95,12.61,0.38,0.49,0.21,2678.0,156.6,138.5,,329.5,218.3,1.98,,1.09,34.0,160,124.5,110.5,73.0,1614,29.0,1561,405,12755,4911,838,412,431,12.0
1983-10-31,29.6,29.9,28.6,30.4,34.8,,2.58,4.05,5.55,54.3,2.1,3.1,2.87,2.23,1.93,2.87,1.88,860,1275.0,510.0,1054,671,,329,687,267,,,88.2,148.2,132.1,269.7,,,,141.5,152.9,,0.41,0.46,2.45,0.78,1.98,12.32,0.38,0.4799999999999999,0.21,2741.0,168.3,152.8,,347.4,227.5,1.94,,1.09,34.0,174,145.0,114.0,73.0,1566,29.0,1435,419,12751,4674,859,394,396,9.9
1983-11-30,29.2,29.2,28.3,30.0,32.0,,2.6,4.05,5.55,54.6,2.22,3.19,2.85,2.4,2.23,3.1,1.86,884,1140.0,479.0,951,661,,324,652,265,,,89.9,147.0,132.3,264.2,,,,139.6,151.8,,0.34,0.41,2.41,0.81,1.94,12.24,0.37,0.4799999999999999,0.18,2746.0,177.4,152.9,,347.5,225.2,1.97,,1.11,32.8,188.5,140.5,115.5,75.5,1517,29.0,1389,405,12773,4585,859,382,388,8.8
1983-12-31,28.8,29.0,28.3,29.2,29.3,,2.61,4.05,5.55,54.7,2.54,3.23,2.93,2.42,2.39,3.03,1.84,969,1120.0,482.0,876,695,,311,644,256,,,78.2,143.3,130.9,251.0,,,,141.7,153.6,,0.34,0.34,2.31,0.86,1.88,12.06,0.36,0.47,0.17,2709.0,173.0,157.2,,352.7,224.0,1.97,,1.13,31.5,190,142.5,115.5,75.5,1549,29.0,1415,402,12346,4657,857,388,393,9.1
1984-01-31,29.0,29.6,27.7,29.8,29.3,29.3,2.67,3.76,5.24,53.8,2.62,3.17,2.93,3.07,2.84,3.47,2.9,1069,1080.0,480.0,983,875,,305,692,237,,,84.9,141.9,129.5,237.8,,,,140.0,152.9,,0.34,0.27,2.26,0.89,1.85,11.93,0.36,0.47,0.15,2676.0,168.7,160.6,,356.8,222.3,1.93,,1.14,31.5,191.5,142.5,116.5,82.5,1549,26.2,1376,398,12118,4671,958,371,376,8.3
1984-02-29,29.2,29.9,27.6,30.1,29.3,29.3,2.71,3.76,5.24,54.3,2.5,3.22,3.0,2.71,2.65,2.54,2.93,1158,960.0,466.0,1024,875,,293,669,221,,,84.9,137.0,125.7,227.9,,,,133.3,150.7,,0.42,0.25,2.34,0.92,1.87,12.08,0.37,0.4799999999999999,0.15,2630.0,174.2,158.6,,354.5,225.7,1.93,,1.14,31.5,204,142.5,118.0,82.5,1491,26.2,1430,405,12298,4640,998,386,391,9.1
1984-03-31,29.5,30.1,27.8,30.7,29.3,29.3,2.67,3.76,5.24,53.8,2.53,3.27,3.04,2.79,2.67,2.63,3.08,1123,975.0,428.0,1086,845,,314,720,229,,,87.6,147.1,130.8,234.1,,,,142.7,154.0,,0.41,0.26,2.38,0.91,1.96,12.48,0.38,0.49,0.14,2633.0,190.6,169.7,,367.7,254.0,1.95,,1.12,31.5,201,132.5,141.0,82.5,1456,26.2,1501,460,12406,4781,1041,394,398,9.6
1984-04-30,29.6,30.1,28.0,30.6,29.3,29.3,2.64,3.76,5.24,53.5,2.54,3.31,3.03,3.01,2.73,3.35,2.94,1150,950.0,402.0,1159,841,,315,772,220,,,92.5,148.0,129.5,235.3,,,,148.1,157.3,,0.41,0.24,2.47,0.9,2.07,12.54,0.37,0.49,0.13,2628.0,190.8,181.8,,381.6,255.6,1.96,,1.07,31.5,198.5,125.0,127.5,81.0,1370,26.2,1533,482,12445,4912,1004,381,392,9.2
1984-05-31,29.5,29.9,28.0,30.5,29.3,29.3,2.67,3.76,5.24,53.8,2.68,3.31,3.23,2.81,2.53,3.06,2.86,1314,910.0,382.0,1171,951,,338,914,219,,,93.2,146.1,131.9,234.3,,,,144.3,154.0,,0.43,0.24,2.4,0.87,2.08,12.02,0.36,0.49,0.12,2687.0,183.4,184.4,,384.5,245.0,1.97,,0.98,31.5,171.5,116.0,147.5,81.0,1289,26.2,1421,453,12583,4811,1001,377,388,9.0
1984-06-30,29.1,29.2,27.9,30.0,31.8,34.3,2.7,3.76,5.24,54.2,2.49,3.25,3.17,2.71,2.2,3.09,2.83,1431,923.0,372.0,1155,783,,308,844,202,,,89.9,147.0,128.3,235.3,,,,136.3,149.9,,0.46,0.32,2.33,0.87,2.05,11.79,0.36,0.49,0.12,2760.0,184.1,175.1,,373.9,232.6,1.85,,0.88,31.5,156,120.0,155.0,81.0,1275,26.2,1367,484,12662,4773,942,378,382,8.8
1984-07-31,28.0,27.9,27.3,28.8,31.8,35.8,2.68,3.76,5.24,54.0,2.21,3.18,3.04,2.7,2.14,3.19,2.76,1273,840.0,341.0,1054,580,,270,697,186,,,72.9,142.6,111.4,248.8,,,,133.7,147.0,,0.37,0.41,2.23,0.89,1.96,11.46,0.36,0.4799999999999999,0.1,2840.0,177.4,157.9,,353.6,218.3,1.74,,0.89,33.8,163.5,132.5,162.5,86.5,1163,26.2,1331,494,12439,4640,854,348,343,7.5
1984-08-31,28.2,28.1,27.2,29.2,31.8,35.8,2.69,3.76,5.24,54.1,2.21,3.21,3.1,2.7,2.26,3.1,2.74,1079,700.0,333.0,984,562,,261,679,180,,,66.6,138.8,107.2,252.0,,,,137.5,152.5,,0.34,0.51,2.25,0.85,1.95,11.0,0.36,0.4799999999999999,0.09,2908.0,174.9,147.5,,340.9,222.9,1.66,,0.91,33.5,170.5,137.5,165.0,86.5,1136,26.2,1338,467,12302,4736,834,348,340,7.6
1984-09-30,28.4,28.4,27.4,29.3,31.8,35.8,2.62,3.76,5.24,53.2,2.31,3.14,3.12,2.65,2.53,2.71,2.72,1170,630.0,318.0,931,611,,245,694,168,,,68.9,130.4,104.8,236.5,,,,140.8,155.1,,0.38,0.56,2.18,0.86,1.86,10.47,0.34,0.4799999999999999,0.09,2954.0,167.0,142.8,,334.9,216.1,1.61,,0.92,33.5,168,137.5,165.0,86.5,1012,26.2,1294,402,12091,4706,873,340,327,7.3
1984-10-31,27.9,27.8,27.1,28.6,31.8,35.8,2.63,3.76,5.24,53.4,2.26,3.02,2.98,2.67,2.51,2.8,2.69,1175,655.0,319.0,836,615,,245,679,170,,,70.6,121.2,101.3,231.6,,,,141.3,152.9,,0.31,0.5,2.11,0.84,1.8,11.13,0.44,0.4799999999999999,0.1,2932.0,164.5,135.9,,326.0,211.9,1.62,,0.85,35.0,166,137.5,172.0,86.5,1028,26.2,1273,412,11745,4750,844,341,324,7.3
1984-11-30,27.7,27.7,27.1,28.2,32.8,35.3,2.61,3.76,5.24,53.1,2.26,3.09,3.0,2.53,2.51,2.41,2.67,993,720.0,323.0,905,616,,250,698,169,,,71.2,117.4,106.7,211.7,,,,143.5,152.5,,0.27,0.36,2.1,0.84,1.84,11.79,0.34,0.47,0.1,2933.0,169.0,136.1,,326.3,211.7,1.6,,0.81,36.0,160.5,127.5,166.0,86.5,1152,26.2,1345,441,11991,4748,855,342,328,7.5
1984-12-31,26.8,27.0,26.8,26.7,33.8,34.9,2.57,3.76,5.24,52.6,2.14,3.1,2.8,2.56,2.45,2.63,2.59,920,696.0,314.0,912,592,,241,630,165,,,61.6,114.0,111.1,204.6,,,,141.4,149.6,,0.3,0.32,2.22,0.82,1.77,12.13,0.32,0.47,0.08,2855.0,163.2,130.6,,319.1,207.7,1.59,,0.79,36.0,156.5,124.0,166.0,86.5,1095,26.2,1321,416,11722,4859,860,320,304,6.6
1985-01-31,26.6,27.0,27.3,25.7,33.8,35.1,2.64,3.65,5.23,53.0,2.22,3.21,2.77,2.1,2.31,2.36,1.63,856,682.0,307.0,890,583,,243,630,166,,,66.6,119.0,114.7,206.8,,,,147.6,149.2,,0.38,0.24,2.27,0.84,1.73,11.07,0.31,0.46,0.08,2797.0,159.8,120.4,307.0,305.5,202.6,1.57,,0.76,36.0,158.5,117.5,168.5,86.5,1075,26.6,1359,421,11073,4947,867,303,274,6.1
1985-02-28,27.6,28.2,27.3,27.4,33.8,35.1,2.71,3.65,5.23,53.8,2.27,3.18,2.7,1.94,2.13,2.09,1.6,756,665.0,292.0,873,595,,239,664,151,,,68.2,119.8,112.6,200.9,,,,140.5,147.3,,0.44,0.28,2.31,0.85,1.69,11.16,0.3,0.45,0.08,2730.0,153.9,116.5,307.0,300.0,196.9,1.51,,0.74,36.0,156,113.5,168.5,87.0,1098,26.6,1389,368,10946,5051,887,299,269,6.1
1985-03-31,27.9,28.1,27.2,28.3,33.8,35.1,2.62,3.65,5.23,52.7,2.23,3.26,2.71,1.72,1.73,1.85,1.58,843,680.0,280.0,944,651,,241,667,154,,,64.9,120.2,117.3,200.0,,,,140.9,145.1,,0.45,0.36,2.25,0.84,1.71,10.69,0.3,0.46,0.08,2690.0,153.3,116.8,307.0,300.5,197.2,1.48,,0.74,36.0,179.5,114.0,105.0,75.5,1095,26.6,1390,352,11211,5212,921,314,261,6.0
1985-04-30,27.8,27.9,26.7,28.9,33.8,35.1,2.64,3.65,5.23,53.0,2.24,3.12,2.7,1.82,1.61,2.23,1.62,769,739.0,271.0,1020,653,,243,693,151,,,68.2,120.1,118.4,202.9,,,,139.1,143.7,,0.4799999999999999,0.43,2.13,0.84,1.86,10.21,0.34,0.46,0.08,2675.0,164.7,121.1,307.0,306.4,202.7,1.46,,0.79,36.0,179.5,116.0,107.5,75.5,1106,26.6,1502,390,11806,5490,931,327,283,6.4
1985-05-31,26.7,26.7,25.7,27.7,33.8,35.1,2.53,3.65,5.23,51.6,2.13,3.15,2.67,1.77,1.4,2.3,1.61,662,768.0,276.0,1026,610,,231,652,144,,,68.2,116.7,115.2,202.9,,,,122.7,136.3,,0.46,0.44,2.09,0.82,1.84,10.21,0.34,0.46,0.06,2635.0,163.7,120.5,307.0,305.5,200.4,1.43,,0.77,36.0,154,116.0,127.5,87.0,1105,26.6,1531,376,11910,5604,881,316,272,6.3
1985-06-30,26.4,26.5,25.5,27.2,33.8,35.1,2.58,3.65,5.23,52.2,2.09,3.13,2.65,1.71,1.16,2.36,1.62,575,760.0,256.0,974,556,,227,630,141,,,64.9,116.0,105.3,202.9,,,,123.2,134.1,,0.38,0.44,2.09,0.84,1.86,10.21,0.35,0.47,0.06,2611.0,166.0,118.0,307.0,302.1,196.8,1.39,,0.81,36.0,151.5,112.0,112.5,87.0,1032,26.6,1432,389,12386,5553,808,317,268,6.2
1985-07-31,26.4,26.6,25.7,26.9,33.8,35.1,2.51,3.65,5.23,51.4,2.21,2.98,2.34,1.81,1.25,2.57,1.6,520,665.0,254.0,880,487,,223,568,144,,,59.9,114.9,99.0,191.1,,,,117.8,128.6,,0.32,0.45,2.05,0.83,1.98,10.12,0.37,0.47,0.07,2583.0,174.6,120.8,307.0,306.0,208.1,1.34,,0.78,36.0,151,114.5,109.5,87.0,1012,26.6,1475,403,12756,5091,767,317,269,6.0
1985-08-31,27.0,27.2,26.3,27.6,33.8,35.1,2.47,3.65,5.23,50.9,2.27,2.94,2.35,1.73,1.27,2.39,1.54,456,615.0,259.0,896,404,,211,518,150,,,48.3,105.5,89.1,191.1,,,,111.8,123.1,,0.42,0.51,2.07,0.83,1.96,10.21,0.37,0.45,0.1,2569.0,181.8,118.3,307.0,302.5,212.9,1.26,,0.76,36.0,155.5,122.5,97.5,87.0,1019,26.6,1420,414,12647,4908,735,330,308,6.2
1985-09-30,27.0,27.2,26.2,27.7,33.8,35.1,2.42,3.65,5.23,50.3,2.35,2.94,2.29,1.64,1.24,2.16,1.51,427,585.0,265.0,810,360,,207,469,160,,,46.6,101.9,81.59999999999998,191.1,,,,111.2,125.3,,0.36,0.51,2.08,0.84,1.81,10.25,0.37,0.43,0.11,2533.0,179.0,115.7,307.0,298.9,210.2,1.18,,0.73,36.0,154,126.0,87.5,81.5,985,26.6,1366,400,12325,4570,690,323,311,6.1
1985-10-31,27.8,27.9,26.7,28.9,33.8,34.5,2.37,3.65,5.23,49.7,2.36,3.1,2.45,1.56,1.15,1.97,1.57,430,622.0,287.0,808,356,,205,448,170,,,48.3,98.6,87.6,191.1,,,,121.0,127.5,,0.28,0.45,2.14,0.82,1.87,10.36,0.38,0.41,0.11,2503.0,192.1,122.2,307.0,307.9,225.9,1.08,,0.75,36.0,151,132.5,80.5,81.5,971,26.6,1385,393,12391,4240,632,326,323,6.2
1985-11-30,28.6,29.1,26.9,29.9,33.8,34.5,2.36,3.65,5.23,49.6,2.3,3.43,2.78,1.57,1.1,2.01,1.59,393,644.0,308.0,911,362,,210,455,177,,,48.3,106.2,95.7,191.1,,,,131.7,132.6,,0.28,0.36,2.14,0.85,1.91,10.54,0.39,0.42,0.12,2466.0,196.3,130.9,307.0,319.5,237.8,1.06,,0.74,36.0,149,135.0,87.5,81.5,950,26.6,1370,394,9903,4035,598,322,334,6.1
1985-12-31,26.5,25.9,26.3,27.4,33.8,34.5,2.28,3.65,5.23,48.6,2.38,4.34,3.37,1.62,1.14,2.13,1.59,395,684.0,306.0,827,390,,213,470,178,,,53.3,107.9,99.6,191.1,,,,136.6,137.1,,0.28,0.32,2.23,0.87,1.92,10.87,0.39,0.44,0.12,2551.0,201.3,139.6,307.0,330.9,239.1,1.06,,0.73,36.0,146.5,137.0,87.5,81.5,1039,26.6,1391,390,9114,4090,685,322,337,5.9
1986-01-31,24.7,25.8,25.4,22.9,33.8,33.8,2.28,3.65,4.1,47.8,2.32,5.24,3.75,1.53,1.1,1.81,1.7,380,702.0,292.0,701,342,,221,457,186,,,53.3,107.8,98.3,220.6,83.3,98.0,,135.4,132.3,,0.33,0.32,2.18,0.84,1.88,11.22,0.4,0.45,0.11,2646.0,206.7,145.0,,337.7,242.4,1.14,,0.74,36.0,145.5,133.0,82.5,81.5,1119,26.3,1418,368,7910,4035,644,347,364,6.0
1986-02-28,15.9,17.6,14.8,15.4,33.8,33.8,2.26,3.65,4.1,47.6,2.23,5.03,3.57,1.52,1.14,1.71,1.72,318,693.0,292.0,580,283,,216,394,185,,,53.3,103.2,95.2,212.0,115.1,97.0,,136.1,129.7,,0.39,0.32,2.16,0.85,1.88,11.9,0.4,0.46,0.12,2681.0,216.4,148.7,,342.3,258.6,1.2,,0.79,36.0,143,134.5,77.0,80.0,1115,26.3,1406,367,7923,3988,609,339,376,5.9
1986-03-31,12.7,13.9,11.5,12.7,30.8,31.6,2.16,3.65,4.1,46.4,2.11,5.28,3.72,1.48,1.14,1.6,1.71,293,700.0,321.0,541,243,,217,369,194,,,54.4,100.9,94.5,197.3,101.4,100.0,,139.5,134.5,,0.5,0.34,2.19,0.85,2.11,12.41,0.41,0.46,0.15,2695.0,192.1,142.1,,334.0,257.6,1.15,,0.78,36.0,148,139.0,77.0,80.0,1168,26.3,1445,367,7314,4123,626,346,414,5.6
1986-04-30,11.9,12.5,10.3,12.9,30.8,31.6,2.1,3.65,4.1,45.6,1.99,4.98,3.47,1.51,1.05,1.79,1.7,266,726.0,333.0,578,242,,213,349,187,,,49.6,101.3,98.7,186.2,91.1,97.0,,139.7,132.6,,0.5799999999999998,0.36,2.06,0.83,2.32,12.85,0.42,0.45,0.18,2656.0,215.4,136.5,,326.8,257.0,1.07,,0.75,36.0,149,140.0,72.5,75.0,1164,26.3,1435,370,5686,3999,660,340,418,5.2
1986-05-31,13.7,14.2,11.5,15.5,30.8,29.5,1.96,3.65,4.1,43.9,1.91,4.66,3.14,1.67,0.98,2.33,1.7,233,898.0,317.0,578,238,,215,345,184,,,50.0,105.6,106.0,181.3,94.8,98.0,,119.2,119.4,,0.39,0.37,2.07,0.85,2.56,13.89,0.42,0.46,0.17,2639.0,217.9,145.2,,337.9,269.7,1.0,,0.77,36.0,148,127.0,72.5,75.0,1164,26.3,1419,377,5474,4043,707,342,414,5.1
1986-06-30,11.9,11.9,10.2,13.5,30.8,29.5,1.85,3.65,4.1,42.6,1.91,3.9,2.76,1.63,0.9,2.3,1.68,254,898.0,317.0,560,243,,213,351,180,,,43.3,103.5,85.8,181.3,86.4,101.0,,99.6,105.8,,0.35,0.4,2.02,0.88,2.57,14.2,0.42,0.46,0.14,2605.0,217.4,136.7,,327.1,267.9,0.9,,0.78,36.0,140.5,118.5,72.5,75.0,1183,26.3,1413,418,5378,4087,804,343,432,5.1
1986-07-31,9.6,9.5,7.9,11.6,30.8,29.5,1.8,3.65,4.1,42.0,2.02,3.8,2.78,1.71,0.91,2.49,1.72,229,898.0,319.0,548,221,,209,336,184,,,40.0,83.0,73.4,181.3,88.3,107.0,,100.1,101.8,,0.33,0.43,1.93,0.98,2.37,13.71,0.43,0.46,0.12,2599.0,223.8,136.0,,326.1,280.6,0.83,,0.81,36.0,135.5,110.5,67.5,72.5,1123,26.3,1344,380,5387,3911,807,348,439,5.0
1986-08-31,13.7,13.7,12.2,15.3,30.8,29.5,1.77,3.65,4.1,41.6,2.07,3.83,2.98,1.72,1.06,2.36,1.73,211,1326.0,326.0,561,197,,202,271,187,,,36.6,72.3,62.5,185.8,99.4,122.0,,100.3,102.2,,0.32,0.5,2.0,1.06,2.12,13.45,0.42,0.46,0.12,2569.0,230.4,132.6,,321.7,280.0,0.82,,0.84,36.0,135.5,108.0,71.0,72.5,1129,26.3,1303,392,5404,3807,816,377,540,5.2
1986-09-30,14.1,14.2,13.1,15.0,30.8,29.5,1.78,3.65,4.1,41.7,2.21,4.4,3.61,1.7,1.03,2.36,1.72,240,1326.0,339.0,534,207,,195,276,189,,,40.0,65.7,64.5,173.5,106.2,113.0,,102.3,103.6,,0.42,0.5,2.09,1.01,2.07,12.99,0.41,0.46,0.1,2607.0,232.0,126.2,,313.2,274.7,0.96,,0.86,36.0,129.5,111.0,65.0,66.5,1206,26.3,1347,407,5397,3724,871,418,604,5.6
1986-10-31,14.0,13.8,13.2,14.9,30.8,29.5,1.73,3.65,4.1,41.1,2.07,3.92,3.28,1.76,1.09,2.48,1.72,341,1625.0,353.0,572,272,,197,319,185,,,48.3,65.3,69.0,174.8,96.5,113.0,,114.8,104.7,,0.37,0.44,2.11,1.0,1.98,12.28,0.4,0.46,0.12,2654.0,236.7,123.9,,310.2,278.1,1.13,,0.88,36.0,134.5,116.0,62.5,66.5,1162,26.3,1317,435,5543,3644,886,424,581,5.6
1986-11-30,14.5,14.6,13.6,15.3,30.8,29.5,1.77,3.65,4.1,41.6,2.02,3.45,3.13,1.84,1.41,2.43,1.69,388,1225.0,328.0,551,303,,204,322,182,,,55.6,72.4,72.4,174.0,146,105.0,,118.1,105.1,,0.2899999999999999,0.38,2.12,0.99,1.97,12.81,0.4,0.47,0.13,2753.0,234.0,134.1,,323.7,285.1,1.16,,0.84,36.0,127,108.0,64.5,65.5,1132,26.3,1303,473,6092,3642,820,398,517,5.6
1986-12-31,15.7,15.9,14.9,16.3,29.3,27.3,1.76,3.65,4.1,41.5,1.98,3.0,2.75,1.84,1.51,2.31,1.71,405,906.0,310.0,529,293,,199,320,174,,,46.6,69.6,68.7,167.0,141,100.0,,115.7,107.3,,0.31,0.36,2.18,0.97,2.01,12.92,0.4,0.47,0.13,2806.0,236.9,156.0,,351.3,332.7,1.3,,0.84,36.0,122,108.5,64.5,65.5,1133,26.3,1336,518,6428,3572,798,391,481,5.4
1987-01-31,18.1,18.4,17.2,18.6,29.3,27.3,1.74,2.59,3.35,35.7,1.97,2.72,2.5,1.67,1.5,2.17,1.34,425,836.0,317.0,520,350,,200,315,182,,,46.5,67.9,68.2,172.0,148,107.0,,117.4,109.1,,0.42,0.37,2.18,0.96,2.11,12.9,0.42,0.47,0.14,2778.0,250.2,170.0,,367.9,373.8,1.45,,0.88,36.0,140,113.5,64.0,63.0,1171,25.3,1346,464,6713,3525,760,408,516,5.5
1987-02-28,17.3,17.3,16.7,17.8,29.3,27.3,1.73,2.59,3.35,35.6,1.96,2.66,2.43,1.59,1.35,2.08,1.33,403,775.0,322.0,500,330,,198,307,183,,,46.3,66.1,67.7,186.0,164,120.0,,115.7,112.1,,0.46,0.36,2.28,0.95,2.09,12.35,0.43,0.4799999999999999,0.16,2769.0,254.8,167.4,,364.9,376.3,1.45,,0.9,36.0,161,126.5,68.0,61.5,1283,25.3,1380,460,6688,3717,740,401,518,5.5
1987-03-31,17.8,17.9,16.9,18.5,29.3,27.3,1.73,2.59,3.35,35.6,2.01,2.29,2.16,1.62,1.43,2.11,1.33,344,711.0,332.0,484,313,,199,305,175,,,46.5,71.6,73.8,198.3,178,131.0,,116.5,115.4,,0.45,0.35,2.33,0.92,2.22,11.9,0.45,0.4799999999999999,0.17,2776.0,253.9,171.3,,369.5,339.8,1.39,,0.9,36.0,165,131.0,70.5,61.5,1367,25.3,1466,487,6632,3772,732,409,533,5.7
1987-04-30,17.9,18.1,17.0,18.7,24.8,26.2,1.69,2.59,3.35,35.1,2.07,2.37,2.23,1.73,1.37,2.48,1.34,389,690.0,341.0,507,339,,207,333,185,,,58.9,74.9,72.09999999999998,199.4,176,133.0,,113.1,113.2,,0.35,0.4,2.4,0.91,2.17,11.75,0.46,0.4799999999999999,0.15,2797.0,257.0,174.3,,372.9,323.5,1.46,,0.93,34.5,157.5,132.5,77.5,61.5,1401,25.3,1484,556,6700,3898,762,438,586,7.3
1987-05-31,18.4,18.8,17.1,19.4,24.8,26.2,1.65,2.59,3.35,34.6,2.07,2.59,2.33,1.67,1.15,2.53,1.34,405,690.0,355.0,525,341,,221,351,201,,,63.9,81.8,77.7,197.5,175,136.0,,115.8,119.1,,0.45,0.5,2.4,0.91,2.22,12.08,0.47,0.49,0.15,2737.0,259.7,159.6,,355.6,329.1,1.69,,0.95,34.5,151.5,132.5,87.5,61.5,1412,25.3,1520,693,6747,4436,839,460,607,8.5
1987-06-30,18.7,18.9,17.3,20.1,24.8,26.2,1.65,2.59,3.35,34.6,2.0,2.32,2.16,1.65,1.19,2.45,1.32,451,670.0,393.0,513,342,,228,351,214,,,56.6,80.7,76.4,192.8,174,142.0,,102.2,108.8,,0.38,0.57,2.32,0.89,2.16,11.75,0.46,0.49,0.14,2767.0,255.1,160.4,,356.6,352.3,1.75,,0.98,34.5,149,139.5,87.5,61.5,1472,25.3,1572,629,6610,4436,878,450,569,7.4
1987-07-31,19.6,19.8,17.8,21.3,27.0,26.2,1.66,2.59,3.35,34.7,2.12,2.2,2.04,1.72,1.32,2.53,1.3,443,642.0,403.0,499,300,,222,318,204,,,54.9,76.4,72.2,190.8,170,148.0,,100.6,104.7,,0.44,0.51,2.33,0.88,2.1,10.98,0.47,0.49,0.13,2744.0,252.8,166.8,,364.2,384.5,1.84,,1.02,34.5,159.5,146.5,87.5,70.0,1653,25.3,1695,664,6405,4753,830,451,572,7.6
1987-08-31,18.8,19.0,17.3,20.2,27.0,26.2,1.63,2.59,3.35,34.4,2.02,2.25,2.08,1.7,1.44,2.34,1.3,479,630.0,413.0,467,308,,215,322,194,,,50.6,71.7,67.2,204.0,186,168.0,,101.7,106.9,,0.34,0.52,2.31,0.91,2.06,10.76,0.47,0.4799999999999999,0.12,2765.0,251.5,199.6,,401.3,454.1,1.91,,1.03,34.5,167,152.5,85.0,70.0,1810,25.3,1756,659,6556,5307,804,461,610,7.8
1987-09-30,18.3,18.4,17.0,19.5,27.0,26.2,1.56,2.59,3.35,33.5,1.99,2.44,2.19,1.64,1.36,2.27,1.3,480,645.0,400.0,469,335,,214,330,207,,,57.6,73.59999999999998,68.7,258.0,231,195.0,,110.1,112.1,,0.35,0.51,2.51,0.92,2.1,10.69,0.4799999999999999,0.4799999999999999,0.13,2744.0,257.8,254.5,,457.5,479.0,1.84,,1.06,33.3,167.5,149.5,85.0,70.0,1746,25.3,1811,647,6406,5333,757,460,590,7.6
1987-10-31,18.6,18.8,17.1,19.9,27.0,26.2,1.57,2.59,3.35,33.6,1.91,2.63,2.28,1.64,1.39,2.27,1.27,482,845.0,406.0,502,353,,217,348,214,,,60.6,78.9,74.09999999999998,266.8,232,210.0,,113.5,113.9,,0.27,0.47,2.51,0.91,2.09,10.56,0.49,0.4799999999999999,0.15,2727.0,259.1,259.8,,462.6,472.9,1.68,,1.05,32.0,163,145.5,92.5,73.0,1963,25.3,1967,601,6764,5692,770,465,568,7.6
1987-11-30,17.8,17.8,16.6,18.9,29.0,26.3,1.64,2.59,3.35,34.5,1.93,2.79,2.31,1.62,1.34,2.24,1.27,477,925.0,445.0,481,368,,228,338,239,,,59.4,81.7,78.09999999999998,254.3,231,189.0,,113.7,115.0,,0.41,0.46,2.56,0.88,2.23,10.58,0.52,0.4799999999999999,0.16,2712.0,273.4,275.7,,477.7,470.2,1.67,,1.04,32.0,165,144.0,92.5,73.0,1681,25.3,2524,642,6927,5937,848,468,500,6.8
1987-12-31,16.6,17.1,15.5,17.3,31.0,26.5,1.7,2.59,3.35,35.2,1.9,2.8,2.27,1.57,1.35,2.06,1.29,529,1043.0,474.0,530,432,,240,393,241,,,58.2,83.2,77.0,255.6,227,168.0,,124.9,124.6,,0.39,0.44,2.51,0.86,2.4,10.98,0.54,0.4799999999999999,0.18,2631.0,281.8,262.0,,464.8,437.4,1.66,,1.09,32.0,174,142.5,92.5,81.0,1824,25.3,2869,659,6829,7661,866,486,500,6.8
1988-01-31,16.5,16.9,15.4,17.2,31.0,26.5,1.96,2.36,3.34,37.3,1.97,2.82,2.25,1.59,1.49,1.85,1.43,566,1006.0,473.0,540,486,,254,433,225,,,56.9,85.9,80.5,291.5,265,207.0,,126.2,128.6,,0.45,0.39,2.49,0.87,2.47,11.42,0.53,0.4799999999999999,0.21,2609.0,279.8,238.7,,442.0,414.5,1.59,,1.1,32.0,189,154.5,92.5,82.0,2002,24.3,2663,667,6808,8073,879,477,494,6.7
1988-02-29,15.9,15.8,15.1,16.8,31.0,26.0,1.84,2.36,3.34,35.8,1.8,3.05,2.27,1.6,1.57,1.82,1.4,530,1044.0,473.0,503,403,,254,406,216,,,56.9,88.0,84.1,306.3,278,214.0,,125.3,131.5,,0.49,0.39,2.61,0.88,2.45,11.86,0.52,0.49,0.19,2536.0,271.9,196.8,,398.2,353.8,1.49,,1.09,32.0,194.5,153.5,97.5,83.0,2138,24.3,2330,656,6690,8667,876,442,459,6.3
1988-03-31,14.8,14.8,13.4,16.2,33.0,26.5,1.7,2.36,3.34,34.1,1.69,3.01,2.18,1.55,1.5,1.75,1.41,516,1058.0,487.0,501,381,,257,396,227,,,62.3,90.2,84.8,294.0,270,213.0,,118.2,124.9,,0.53,0.41,2.59,0.88,2.54,12.83,0.54,0.49,0.19,2453.0,274.0,199.5,,401.1,373.2,1.46,,1.12,32.0,189,154.0,105.0,83.0,2526,24.3,2359,649,6773,15497,982,444,496,6.4
1988-04-30,16.5,16.6,15.0,17.9,33.0,27.0,1.59,2.36,3.34,32.8,1.65,3.01,2.12,1.56,1.48,1.78,1.41,509,1070.0,520.0,515,403,,270,409,237,,,67.9,89.5,81.7,288.0,267,220.0,,122.9,126.8,,0.4799999999999999,0.47,2.49,0.89,2.58,13.56,0.55,0.49,0.19,2360.0,274.6,212.6,,415.2,376.2,1.45,,1.19,32.0,194.5,154.0,97.5,83.0,2508,24.3,2286,649,6753,18012,1069,452,527,6.5
1988-05-31,16.2,16.4,14.9,17.4,33.0,27.5,1.52,2.36,3.34,31.9,1.71,3.06,2.07,1.68,1.34,2.28,1.4,533,1094.0,541.0,541,422,,285,437,255,,,65.3,89.3,81.4,257.0,241,211.0,,124.4,129.0,,0.56,0.45,2.43,0.94,2.55,13.34,0.55,0.49,0.2,2380.0,272.1,210.7,,413.1,372.7,1.45,,1.3,32.0,175.5,154.0,110.0,84.5,2988,24.3,2448,668,6778,17025,1177,451,549,6.5
1988-06-30,15.3,15.6,13.8,16.7,36.0,27.5,1.53,2.36,3.34,32.1,1.62,3.17,2.06,1.67,1.34,2.29,1.37,614,1150.0,606.0,637,496,,353,544,317,,,79.9,120.3,114.6,271.5,253,226.0,,139.6,149.9,,0.6,0.44,2.42,1.01,2.42,13.37,0.53,0.5,0.23,2340.0,263.4,198.4,,400.0,350.0,1.52,,1.46,32.0,166.5,157.5,110.0,84.5,3578,24.3,2540,678,7036,15590,1365,451,580,7.0
1988-07-31,14.5,14.9,13.1,15.5,36.0,27.5,1.56,2.36,3.34,32.4,1.61,3.13,1.88,1.65,1.24,2.37,1.33,666,799.0,609.0,769,517,,351,600,293,,,78.2,125.5,116.9,271.8,260,232.0,,138.9,149.6,,0.42,0.4,2.44,1.1,2.3,12.51,0.5,0.52,0.31,2374.0,264.9,188.3,,388.8,312.8,1.4,,1.32,32.0,177,157.5,110.0,84.5,2582,24.3,2214,619,7149,14591,1237,438,549,7.0
1988-08-31,14.6,15.0,13.2,15.6,36.0,28.5,1.62,2.36,3.34,33.2,1.45,2.92,1.8,1.56,1.23,2.15,1.31,576,802.0,577.0,696,450,,342,534,283,,,66.6,119.9,109.8,271.6,#VALUE!,217.0,,145.9,149.9,,0.36,0.4,2.51,1.12,2.27,11.82,0.5,0.4799999999999999,0.25,2410.0,262.1,175.3,,374.1,310.6,1.27,,1.29,31.2,176.5,161.5,130.0,93.0,2701,24.3,2201,602,7323,14187,1309,431,533,6.7
1988-09-30,13.1,13.3,11.6,14.5,37.0,29.3,1.53,2.36,3.34,32.1,1.24,3.04,1.98,1.5,1.21,1.99,1.31,567,803.0,582.0,649,428,,337,478,297,,,88.4,121.4,109.8,273.3,251,221.0,,153.3,159.5,,0.53,0.53,2.51,1.14,2.26,11.64,0.5,0.4799999999999999,0.22,2438.0,263.8,178.1,,377.3,319.9,1.25,,1.19,31.0,173.5,162.0,130.0,90.0,2387,24.3,2436,610,7409,11878,1330,413,513,6.4
1988-10-31,12.2,12.5,10.3,13.8,37.0,30.0,1.68,2.36,3.34,33.9,1.3,2.95,2.07,1.54,1.29,2.01,1.31,564,803.0,575.0,606,431,,313,449,290,,,76.59999999999998,121.4,108.7,273.0,257,226.0,,162.9,162.0,,0.42,0.59,2.57,1.09,2.31,11.88,0.51,0.4799999999999999,0.23,2510.0,269.4,199.3,,400.9,336.4,1.27,,1.06,31.0,174.5,164.0,130.0,91.5,2309,24.3,2940,655,7253,11558,1520,407,526,6.3
1988-11-30,12.5,13.0,10.6,14.0,37.5,30.0,1.76,2.36,3.34,34.9,1.47,2.98,2.04,1.53,1.34,1.94,1.32,570,800.0,556.0,564,418,,313,431,283,,,74.9,114.4,101.0,271.8,255,227.0,,162.3,163.9,,0.41,0.53,2.57,1.06,2.39,12.35,0.53,0.4799999999999999,0.24,2563.0,280.6,208.7,,411.0,393.7,1.29,,1.03,31.0,173,164.0,130.0,91.5,2382,24.3,3305,691,7312,13342,1559,420,576,6.3
1988-12-31,14.7,15.2,12.5,16.3,38.0,31.0,1.89,2.36,3.34,36.4,1.5,3.25,2.22,1.52,1.32,1.93,1.31,567,800.0,534.0,563,411,,313,444,287,,,70.2,116.9,108.3,260.0,242,223.0,,168.9,166.8,,0.5,0.44,2.57,1.05,2.39,12.7,0.54,0.4799999999999999,0.25,2642.0,279.3,204.0,,406.1,392.3,1.35,,1.07,31.0,178.5,164.0,120.0,91.5,2503,24.3,3499,731,7337,16920,1594,419,564,6.1
1989-01-31,16.5,17.0,14.5,18.0,38.0,31.0,1.78,2.09,3.28,33.8,1.43,3.36,2.23,1.62,1.26,1.92,1.66,537,826.0,481.0,592,383,,318,423,288,,,73.2,118.2,110.1,264.8,248,231.0,,172.6,173.8,,0.43,0.42,2.44,1.07,2.3,12.64,0.54,0.4799999999999999,0.21,2724.0,270.4,199.4,,401.0,363.5,1.39,,1.12,31.0,181,164.0,120.0,91.5,2398,27.8,3394,676,7410,17725,1734,404,527,6.0
1989-02-28,16.4,16.7,14.6,17.8,38.0,31.0,1.71,2.09,3.28,32.9,1.48,3.09,2.12,1.65,1.35,1.96,1.65,538,826.0,464.0,630,401,,307,412,270,,,75.59999999999998,117.4,110.1,269.3,256,235.0,,164.2,172.0,,0.49,0.37,2.49,1.07,2.3,12.68,0.53,0.49,0.23,2871.0,277.5,196.0,,404.5,352.2,1.39,,1.12,31.0,178.5,164.0,120.0,101.5,2183,27.8,3097,622,7874,18524,1932,388,532,5.9
1989-03-31,18.0,18.7,16.0,19.5,38.0,31.0,1.49,2.09,3.28,30.3,1.41,3.1,2.08,1.68,1.45,1.98,1.62,545,820.0,437.0,746,399,,313,437,277,,,82.9,118.4,110.1,278.5,259,233.0,,168.6,178.2,,0.7,0.42,2.44,1.09,2.26,12.76,0.52,0.49,0.25,3033.0,276.7,187.5,,402.4,345.2,1.46,,1.09,31.0,176.5,158.0,120.0,100.5,2074,27.8,3264,589,8761,17157,1962,390,538,6.0
1989-04-30,19.2,19.8,16.9,21.0,38.0,31.0,1.53,2.09,3.28,30.7,1.29,3.17,2.01,1.78,1.47,2.25,1.6,549,823.0,400.0,753,391,,297,440,264,,,84.2,115.7,108.2,293.0,274,239.0,,161.4,174.5,,0.72,0.45,2.45,1.11,2.39,12.71,0.52,0.49,0.27,3162.0,276.7,184.8,,393.6,342.6,1.63,,1.1,31.0,167.5,156.5,113.5,98.5,2126,27.8,3118,608,10196,15261,1656,384,538,5.8
1989-05-31,18.0,18.4,15.7,20.1,38.0,31.0,1.66,2.09,3.28,32.3,1.21,3.1,2.01,1.86,1.53,2.52,1.54,589,842.0,399.0,792,406,,297,460,256,,,83.2,117.6,111.6,310.3,288,246.0,,162.6,176.4,,0.66,0.45,2.43,1.15,2.34,11.68,0.49,0.49,0.26,3182.0,264.5,180.2,,414.8,346.2,1.71,,1.02,31.0,152.5,149.0,113.5,98.5,2259,27.8,2739,643,10144,13454,1628,371,517,5.5
1989-06-30,17.6,17.5,15.4,20.0,38.0,31.0,1.7,2.09,3.28,32.8,1.25,2.76,1.85,1.72,1.41,2.27,1.48,559,870.0,371.0,802,373,,291,464,256,,,67.9,113.0,104.6,327.2,#VALUE!,244.0,,151.9,168.7,,0.53,0.45,2.44,1.16,2.23,11.13,0.47,0.51,0.28,3238.0,260.4,198.1,,526.4,342.5,1.74,,0.95,31.0,142.5,140.5,113.5,98.5,1914,27.8,2546,666,9936,12143,1539,368,497,5.3
1989-07-31,17.7,17.8,15.5,19.8,38.0,31.0,1.64,2.09,3.28,32.1,1.35,1.94,1.44,1.77,1.34,2.49,1.49,540,810.0,380.0,806,331,,272,447,256,,,74.9,108.7,103.0,350.5,297,246.0,,152.4,166.8,,0.45,0.43,2.49,1.14,2.35,10.89,0.5,0.52,0.31,3257.0,272.4,204.6,,532.0,371.7,1.83,,0.95,31.0,137.5,140.5,113.5,98.5,1756,27.8,2505,692,9605,12275,1617,375,502,5.2
1989-08-31,16.9,17.1,15.0,18.6,38.0,31.0,1.58,2.09,3.28,31.3,1.29,1.73,1.31,1.78,1.4,2.46,1.47,481,763.0,359.0,820,309,,236,404,214,,,73.2,100.9,100.1,332.2,298,221.0,,153.4,164.2,,0.51,0.49,2.55,1.13,2.31,10.41,0.49,0.52,0.31,3229.0,269.2,197.8,,537.2,370.3,1.83,,0.9,31.0,144,136.5,82.5,98.5,1798,27.8,2762,702,8716,12910,1730,365,485,5.2
1989-09-30,17.7,17.8,15.6,19.6,38.0,31.0,1.53,2.09,3.28,30.7,1.14,1.73,1.32,2.15,1.79,3.24,1.43,503,754.0,360.0,798,323,,237,410,216,,,71.6,103.4,102.9,319.8,268,205.0,,157.3,163.5,,0.52,0.5,2.65,1.12,2.3,9.81,0.4799999999999999,0.52,0.31,3305.0,265.4,188.7,,538.9,353.3,1.8,,0.87,31.0,156,136.5,82.5,98.5,1718,27.8,2884,728,8270,11222,1629,362,478,5.1
1989-10-31,18.4,19.0,16.2,20.1,38.0,31.0,1.6,2.09,3.28,31.6,1.06,1.51,1.18,2.07,1.83,2.97,1.42,480,790.0,393.0,813,321,,238,419,222,,,71.9,107.3,102.7,304.0,244,183.0,,160.5,164.6,,0.55,0.47,2.74,1.08,2.35,9.78,0.49,0.51,0.32,3340.0,276.3,187.2,,555.1,353.0,1.81,,0.85,31.0,148,130.5,72.5,98.5,1820,27.8,2861,752,7922,10425,1585,367,486,5.1
1989-11-30,18.4,19.2,16.2,19.8,38.0,31.0,1.9,2.09,3.28,35.2,1.01,1.56,1.17,1.91,1.73,2.59,1.42,456,826.0,419.0,868,301,,246,433,226,,,69.9,108.5,103.8,268.5,216,166.0,,163.9,163.5,,0.51,0.44,2.84,1.05,2.34,9.85,0.49,0.51,0.33,3334.0,281.4,184.3,,545.8,336.2,1.81,,0.84,31.0,142,126.0,86.0,98.5,1736,27.8,2591,693,6837,9793,1438,394,510,5.5
1989-12-31,19.4,19.9,17.1,21.1,38.0,31.0,2.24,2.09,3.28,39.4,0.97,1.6,1.13,1.9,1.78,2.49,1.43,425,860.0,438.0,877,267,,248,429,226,,,73.2,109.2,104.2,272.0,227,174.0,,166.5,164.6,,0.5,0.44,2.88,1.05,2.39,9.52,0.49,0.5,0.3,3338.0,294.3,178.7,,571.5,327.2,1.71,,0.84,31.0,137.5,126.0,98.0,98.5,1633,27.8,2419,711,6744,8809,1455,409,507,5.6
1990-01-31,20.4,21.0,17.5,22.7,38.0,31.0,2.39,2.82,3.64,44.9,0.99,1.68,1.09,2.09,1.89,2.64,1.74,433,923.0,430.0,903,279,,242,417,221,,,75.59999999999998,105.6,101.9,276.2,248,170.0,,163.0,167.9,,0.59,0.46,2.78,1.05,2.46,9.76,0.51,0.51,0.31,3343.0,303.8,176.2,533.0,571.4,317.0,1.66,,0.83,31.0,138.5,109.5,104.5,98.5,1528,32.5,2367,708,6592,7056,1297,410,498,5.2
1990-02-28,19.6,19.9,16.8,22.1,38.0,31.0,1.9,2.82,3.64,38.9,1.03,1.85,1.1,2.13,2.01,2.77,1.62,393,900.0,426.0,933,271,,240,428,209,,,73.9,106.1,100.8,300.0,256,176.0,,155.5,160.9,,0.64,0.41,2.46,1.07,2.56,9.98,0.52,0.5,0.32,3385.0,325.0,174.8,533.0,584.7,314.4,1.68,,0.85,31.0,139.80000000000001,112.0,106.3,98.5,1454,32.5,2360,780,6156,6977,1397,417,516,5.3
1990-03-31,18.2,18.5,15.8,20.4,38.0,31.0,1.55,2.82,3.64,34.7,1.13,2.09,1.23,2.42,3.02,2.61,1.65,372,880.0,385.0,971,286,,242,442,197,,,70.0,109.7,103.4,289.3,259,169.0,,153.3,156.5,,0.54,0.44,2.48,1.11,2.51,10.67,0.5,0.52,0.34,3361.0,321.5,160.3,533.0,581.7,314.4,1.74,,0.83,31.0,146,112.0,111.0,97.4,1567,32.5,2626,1062,6271,9267,1607,393,497,5.1
1990-04-30,16.6,16.8,14.3,18.6,38.0,31.0,1.49,2.82,3.64,34.0,1.33,2.09,1.23,2.11,1.89,2.87,1.59,343,875.0,381.0,938,267,,247,440,198,,,68.8,118.8,109.9,275.8,274,164.0,,150.7,159.5,,0.5799999999999998,0.5,2.47,1.08,2.63,10.8,0.51,0.52,0.34,3354.0,326.3,161.2,533.0,565.3,312.4,1.83,,0.84,31.0,155.19999999999999,127.5,111.0,93.2,1526,32.5,2686,836,6391,8940,1686,374,478,5.1
1990-05-31,16.6,16.7,14.6,18.5,40.5,32.5,1.47,2.82,3.64,33.7,1.44,2.05,1.18,2.15,1.79,3.3,1.36,353,883.0,374.0,919,281,,259,449,198,,,71.0,121.0,111.0,260.0,288,151.0,,133.5,149.2,,0.49,0.5799999999999998,2.48,1.08,2.71,11.02,0.52,0.52,0.32,3407.0,337.6,172.9,533.0,507.4,350.1,1.89,,0.85,31.0,149.1,127.5,107.0,93.5,1527,32.5,2742,826,6325,8698,1775,369,489,5.1
1990-06-30,15.3,15.7,13.3,16.9,40.5,34.0,1.47,2.82,3.64,33.7,1.32,1.97,1.12,1.94,1.6,3.09,1.12,317,905.0,354.0,931,272,,249,435,184,,,80.2,120.9,111.0,255.0,#VALUE!,140.0,,130.5,135.6,,0.53,0.6,2.5,1.11,2.72,11.35,0.53,0.51,0.2899999999999999,3420.0,335.4,181.7,533.0,510.9,373.9,1.99,,0.85,31.5,152.80000000000001,130.0,107.0,93.5,1566,32.5,2585,838,6096,8422,1715,352,481,4.9
1990-07-31,17.2,17.6,15.3,18.7,40.5,34.0,1.41,2.82,3.64,33.0,1.35,1.91,1.1,1.99,1.59,3.07,1.32,297,860.0,383.0,925,279,,252,437,186,,,78.0,114.9,109.2,256.4,297,142.0,,119.6,124.9,,0.63,0.57,2.56,1.1,2.77,10.95,0.62,0.52,0.26,3446.0,345.4,188.0,533.0,501.4,378.5,2.01,,0.86,31.5,160.69999999999999,131.0,107.0,93.5,1571,32.5,2769,875,5924,9318,1637,363,479,4.9
1990-08-31,26.4,27.1,25.0,27.2,40.5,34.0,1.36,2.82,3.64,32.4,1.29,2.08,1.19,1.96,1.74,2.88,1.26,294,1400.0,407.0,963,291,,250,460,189,,,83.8,110.1,104.8,259.5,298,149.0,,115.1,116.8,,0.55,0.59,2.65,1.1,2.66,10.01,0.65,0.51,0.24,3484.0,360.3,186.1,533.0,503.1,364.6,1.79,,0.88,31.5,160.5,135.6,114.9,93.5,1782,32.5,2957,876,5905,10957,1615,395,493,5.0
1990-09-30,32.7,34.1,30.3,33.7,40.5,34.0,1.44,2.82,3.64,33.4,1.37,2.1,1.23,2.03,1.79,2.8,1.48,284,2050.0,417.0,991,284,,250,461,197,,,88.4,101.5,98.3,260.8,268,150.0,,108.5,114.3,,0.52,0.63,2.7,1.09,2.7,10.28,0.64,0.51,0.24,3430.0,361.4,185.3,533.0,503.3,384.9,1.79,,0.9,31.5,165.9,144.3,90.6,93.5,2067,32.5,3031,839,5707,10844,1538,389,462,4.8
1990-10-31,34.5,36.1,31.6,35.9,40.5,34.0,1.69,2.82,3.64,36.4,1.31,2.02,1.24,2.08,1.82,2.81,1.6,284,2120.0,435.0,1012,290,,247,468,211,,,88.2,100.3,97.8,281.4,244,163.0,,104.8,114.6,,0.49,0.64,2.59,1.07,2.77,11.19,0.67,0.51,0.22,3287.0,369.7,189.8,533.0,520.8,409.3,1.79,,0.9,31.5,165.7,149.5,136.5,93.5,1946,32.5,2744,761,6061,9145,1353,381,425,4.4
1990-11-30,31.1,33.0,28.0,32.3,40.5,34.0,2.1,2.82,3.64,41.4,1.35,1.87,1.22,1.84,1.7,2.25,1.58,343,2110.0,473.0,1040,331,,239,455,204,,,91.5,100.4,98.2,272.3,216,153.0,,106.4,112.8,,0.43,0.52,2.53,1.07,2.74,11.75,0.67,0.51,0.22,3400.0,370.0,179.0,533.0,529.4,375.7,1.82,,0.9,31.5,163.4,152.5,144.5,93.5,1618,32.5,2586,701,5981,8587,1278,382,422,4.2
1990-12-31,26.1,28.0,23.3,27.2,40.5,34.0,2.11,2.82,3.64,41.5,1.3,1.97,1.24,1.94,1.68,2.61,1.52,325,2000.0,481.0,1038,346,,244,476,208,,,89.8,102.0,101.0,263.8,227,147.0,,108.4,113.2,,0.5,0.43,2.55,1.05,2.65,11.75,0.66,0.5,0.21,3388.0,365.2,171.1,533.0,517.5,363.2,1.85,,0.88,31.5,158.6,150.5,147.5,93.5,1522,32.5,2485,625,5615,8158,1265,377,420,4.1
1991-01-31,22.6,23.7,19.4,24.7,40.5,34.0,1.67,3.44,3.99,39.3,1.24,1.89,1.16,1.92,1.68,2.52,1.55,340,1850.0,480.0,1013,349,,239,455,198,,,93.9,105.7,105.1,303.4,239,165.0,,107.1,111.3,,0.6,0.51,2.59,1.05,2.63,12.02,0.66,0.4799999999999999,0.19,3430.0,360.6,169.2,,515.1,362.3,1.85,,0.87,31.5,157.4,152.5,151.0,93.5,1515,34.8,2449,600,5623,8569,1206,384,408,4.1
1991-02-28,18.1,19.4,14.5,20.6,40.5,34.0,1.36,3.41,3.99,35.4,1.21,1.97,1.14,1.77,1.64,2.18,1.48,330,1788.0,476.0,1027,338,,241,445,192,,,92.0,106.1,106.4,327.3,265,187.0,,106.4,113.9,,0.69,0.5,2.73,1.08,2.66,12.65,0.67,0.47,0.19,3375.0,367.1,176.9,,513.3,371.7,1.87,,0.85,31.5,160.6,152.5,151.0,95.6,1505,34.8,2449,594,5584,8672,1188,364,387,3.7
1991-03-31,18.1,19.5,14.9,19.9,39.5,31.0,1.34,3.33,3.99,34.8,1.21,2.06,1.13,1.76,1.74,2.06,1.48,343,1700.0,455.0,1022,348,,244,453,187,,,88.1,109.5,109.9,311.5,248,175.0,,116.2,119.4,,0.84,0.52,2.59,1.07,2.45,13.14,0.63,0.47,0.2,3400.0,338.8,162.6,,523.0,364.4,1.86,,0.83,31.5,163.6,147.5,145.0,95.6,1496,34.8,2410,603,5517,8701,1199,363,400,3.9
1991-04-30,18.5,19.3,15.4,20.8,39.5,31.0,1.33,3.47,3.99,35.4,1.15,2.03,1.12,1.76,1.63,2.17,1.47,323,1500.0,459.0,986,319,,245,460,188,,,85.2,110.3,109.0,285.8,234,176.0,,117.1,120.9,,0.78,0.5,2.61,1.06,2.3,13.34,0.6,0.47,0.19,3397.0,303.9,175.6,,551.3,368.3,1.83,,0.82,31.5,166,143.3,143.5,108.0,1392,34.8,2472,601,5560,9021,1253,358,397,4.0
1991-05-31,18.8,19.3,15.9,21.3,39.5,31.0,1.31,3.37,3.99,34.6,1.06,1.94,1.04,1.9,1.59,2.65,1.48,335,1256.0,471.0,937,318,,241,444,200,,,85.3,105.7,102.0,288.3,234,173.0,,115.6,122.0,,0.63,0.49,2.63,1.06,2.31,13.2,0.59,0.47,0.17,3439.0,300.8,174.0,,540.2,365.8,1.82,,0.82,31.5,165.3,130.6,138.5,112.0,1296,34.8,2306,555,5702,8452,1091,357,390,4.0
1991-06-30,17.9,18.2,15.4,20.2,39.5,31.0,1.2,3.29,3.99,32.9,1.04,1.89,1.0,1.79,1.52,2.48,1.38,369,1103.0,482.0,919,311,,241,440,201,,,71.3,104.2,98.0,293.3,230,163.0,,118.2,120.2,,0.63,0.4,2.7,1.05,2.2,13.12,0.56,0.47,0.2,3466.0,288.9,200.2,,558.3,361.3,1.78,,0.84,31.5,159.30000000000001,129.5,135.5,112.0,1275,34.8,2219,549,5711,8280,1062,367,376,4.4
1991-07-31,19.1,19.5,16.3,21.5,39.5,31.0,1.19,3.0,3.99,31.4,1.03,1.84,1.0,1.6,1.23,2.21,1.36,465,1180.0,471.0,930,341,,229,431,187,,,72.3,105.1,99.4,303.4,240,174.0,,116.2,118.3,,0.4,0.52,2.69,1.07,2.15,10.62,0.5799999999999998,0.47,0.23,3490.0,288.2,207.8,,557.0,365.9,1.7,,0.82,31.5,163.5,131.0,132.5,110.4,1297,34.8,2236,548,5670,8541,1063,368,376,4.3
1991-08-31,19.4,19.8,16.7,21.7,39.5,31.0,1.31,2.98,3.99,32.8,1.14,1.8,0.99,1.53,1.23,2.01,1.35,459,928.0,452.0,929,338,,241,457,195,,,67.1,110.4,105.5,298.3,245,184.0,,127.1,125.3,,0.4799999999999999,0.57,2.64,1.05,2.18,9.94,0.59,0.4799999999999999,0.21,3531.0,295.1,210.6,,568.6,363.6,1.62,,0.82,31.5,161.9,127.0,132.5,110.0,1256,34.8,2233,540,5639,8145,1046,356,346,4.0
1991-09-30,20.1,20.5,17.8,21.9,39.5,31.0,1.63,2.97,3.99,36.6,1.27,1.92,1.03,1.55,1.24,2.03,1.38,455,930.0,478.0,844,323,,246,468,209,,,67.4,108.9,106.2,291.5,241,193.0,,137.6,135.2,,0.37,0.56,2.74,1.05,2.23,10.31,0.6,0.49,0.2,3541.0,302.8,210.7,,589.1,375.2,1.55,,0.81,31.5,159.5,122.5,132.5,110.0,1212,34.8,2325,540,5570,7681,1023,349,349,4.0
1991-10-31,21.5,22.2,19.0,23.3,39.5,31.0,1.77,2.71,3.99,37.1,1.3,1.76,1.01,1.53,1.25,1.92,1.41,546,965.0,498.0,799,345,,237,485,207,,,68.2,109.7,107.0,276.6,236,191.0,,147.2,147.0,,0.45,0.49,2.72,1.06,2.22,10.17,0.6,0.4799999999999999,0.2,3681.0,303.7,214.4,,573.1,386.3,1.5,,0.83,31.5,155,121.1,132.5,110.0,1150,34.8,2364,522,5550,7443,992,359,362,4.1
1991-11-30,20.8,21.3,18.5,22.6,39.5,31.0,1.81,2.7,3.99,37.5,1.31,1.72,1.11,1.5,1.21,1.91,1.38,595,854.0,512.0,718,362,,237,466,202,,,73.3,106.5,105.5,271.8,232,185.0,,147.0,149.6,,0.44,0.6,2.71,1.04,2.28,10.12,0.62,0.4799999999999999,0.19,3585.0,316.1,195.5,,573.9,389.4,1.4,,0.81,31.5,143.5,120.0,134.4,110.0,1135,34.8,2380,506,5506,7245,1093,360,365,4.1
1991-12-31,17.8,18.4,15.3,19.6,39.5,31.0,1.92,2.7,3.99,38.9,1.37,1.66,1.12,1.48,1.2,1.8,1.42,636,800.0,500.0,614,376,,234,442,199,,,75.4,106.9,107.4,268.4,230,184.0,,157.8,160.9,,0.4,0.59,2.61,1.04,2.37,9.92,0.64,0.47,0.2,3665.0,326.7,200.3,,567.4,394.2,1.36,,0.79,31.5,143.5,120.0,131.9,110.0,1098,34.8,2223,532,5510,7118,1188,362,353,3.9
1992-01-31,17.4,18.2,15.2,18.8,39.5,31.0,1.28,2.57,3.6,30.2,1.28,1.62,1.08,1.41,1.27,1.52,1.45,738,812.0,500.0,619,383,,236,429,210,,,73.4,109.3,111.6,277.3,238,188.0,,167.3,170.1,,0.57,0.5,2.57,1.05,2.44,10.03,0.63,0.47,0.18,3633.0,325.3,202.9,,577.8,403.7,1.31,,0.8,31.5,145.30000000000001,120.0,122.5,110.0,1177,33.1,2139,515,5477,7517,1154,354,341,4.1
1992-02-29,17.6,18.1,15.8,19.0,39.5,31.0,1.21,2.5,3.51,29.0,1.19,1.51,0.94,1.34,1.23,1.42,1.39,702,779.0,494.0,605,382,,237,414,204,,,71.3,113.6,116.7,278.3,238,189.0,,170.1,177.1,,0.61,0.44,2.52,1.03,2.52,10.17,0.62,0.4799999999999999,0.17,3635.0,317.5,214.0,,599.2,396.0,1.24,,0.81,31.5,147.9,120.0,120.6,110.0,1267,33.1,2206,505,5616,7862,1131,354,362,4.1
1992-03-31,17.5,17.6,15.8,19.0,39.5,31.0,1.28,2.58,3.59,30.2,1.13,1.55,0.94,1.38,1.34,1.4,1.39,644,766.0,488.0,595,396,,240,434,200,,,72.59999999999998,117.0,120.2,277.2,236,186.0,,161.4,169.4,,0.61,0.43,2.45,1.04,2.48,10.47,0.6,0.47,0.18,3612.0,310.3,202.0,,602.2,380.6,1.22,,0.83,31.5,144.80000000000001,120.0,120.0,110.0,1280,33.1,2227,521,5632,7418,1215,344,357,4.1
1992-04-30,18.6,19.0,16.7,20.3,39.5,31.0,1.47,2.47,3.53,32.0,1.04,1.45,0.91,1.52,1.54,1.48,1.53,647,788.0,489.0,616,402,,235,425,192,,,75.2,108.5,109.4,278.0,238,186.0,,153.1,159.8,,0.42,0.51,2.38,1.04,2.55,10.64,0.61,0.47,0.21,3631.0,314.0,199.7,,616.4,361.7,1.28,,0.86,31.5,142.80000000000001,120.2,120.0,110.0,1317,33.1,2215,533,5839,7421,1304,339,347,4.1
1992-05-31,19.5,19.9,17.6,21.0,39.5,31.0,1.59,2.49,3.47,33.5,0.99,1.34,0.83,1.73,1.57,1.98,1.63,638,788.0,495.0,651,390,,247,439,196,,,84.8,109.6,108.0,274.0,228,178.0,,139.7,149.6,,0.43,0.49,2.38,1.04,2.78,10.71,0.63,0.46,0.21,3598.0,321.1,200.8,,628.7,338.5,1.34,,0.87,31.5,140.5,120.5,120.0,110.0,1307,33.1,2217,520,6121,7327,1373,337,359,4.1
1992-06-30,20.8,21.2,19.0,22.4,39.5,29.0,1.56,2.5,3.49,33.2,0.97,1.3,0.82,1.69,1.4,1.97,1.68,589,828.0,491.0,665,404,,253,456,204,,,84.9,110.9,104.7,268.8,225,171.0,,140.4,148.8,,0.4,0.47,2.33,1.05,2.73,10.78,0.65,0.46,0.23,3566.0,330.3,205.1,,610.8,347.0,1.41,,0.88,31.5,143.5,120.5,120.0,110.0,1276,33.1,2299,548,6619,7193,1385,341,369,4.1
1992-07-31,20.2,20.3,18.5,21.8,39.5,27.0,1.75,2.55,3.61,35.8,1.1,1.28,0.86,1.7,1.31,2.03,1.76,528,830.0,485.0,644,382,,237,429,205,,,77.4,102.8,95.9,278.5,236,173.0,,129.9,136.3,,0.43,0.55,2.35,1.06,2.83,11.0,0.67,0.46,0.23,3513.0,347.8,201.1,,609.6,350.2,1.44,,0.88,31.5,146,120.5,120.0,110.0,1313,33.1,2520,626,6989,7498,1320,353,383,4.0
1992-08-31,19.6,19.8,17.8,21.3,39.5,27.0,1.97,2.56,3.65,38.6,1.18,1.17,0.86,1.73,1.59,1.8,1.8,494,796.0,493.0,600,382,,229,409,205,,,77.0,97.0,93.7,270.8,231,182.0,,118.8,128.2,,0.62,0.57,2.45,1.08,2.91,11.74,0.68,0.47,0.22,3427.0,355.3,197.3,,607.4,348.4,1.32,,0.88,31.5,131.4,120.8,120.0,113.6,1305,33.1,2522,655,6780,7268,1360,343,360,3.8
1992-09-30,20.2,20.3,18.3,21.9,39.5,27.0,2.33,2.57,3.63,43.0,1.13,1.17,0.9,1.7,1.54,1.65,1.92,501,759.0,481.0,562,391,,227,421,209,,,83.6,98.1,93.8,257.0,222,176.0,,131.5,138.9,,0.51,0.56,2.44,1.08,2.8,12.21,0.65,0.4799999999999999,0.21,3368.0,355.4,205.5,,606.2,358.5,1.25,,0.87,31.5,131.30000000000001,121.5,120.0,114.5,1270,33.1,2414,621,6643,6918,1367,345,362,3.8
1992-10-31,20.1,20.3,18.3,21.7,37.3,27.0,2.42,2.63,3.7,44.4,1.07,1.36,0.97,1.72,1.6,1.66,1.89,493,799.0,469.0,565,396,,221,418,207,,,82.2,95.1,91.0,250.0,214,172.0,,137.4,140.7,,0.39,0.5,2.5,1.06,2.52,11.73,0.6,0.4799999999999999,0.19,3245.0,347.9,220.2,,600.3,421.4,1.17,,0.89,31.5,130.1,121.5,116.9,114.5,1174,33.1,2249,537,6017,6305,1164,344,358,3.8
1992-11-30,18.9,19.2,17.1,20.4,35.0,27.0,2.24,2.64,3.65,42.2,1.08,1.48,1.05,1.66,1.54,1.63,1.82,496,816.0,455.0,575,413,,229,437,206,,,82.1,94.5,92.4,252.6,216,172.0,,145.8,147.7,,0.38,0.42,2.54,1.09,2.55,11.05,0.57,0.47,0.19,3098.0,325.9,220.1,,623.7,419.8,1.16,,0.88,31.5,126.4,121.5,107.5,114.5,1159,33.1,2158,460,5723,5565,1047,335,356,3.8
1992-12-31,17.9,18.2,16.3,19.4,35.0,27.0,2.16,2.64,3.71,41.3,1.03,1.7,1.12,1.66,1.4,1.73,1.86,461,828.0,438.0,622,401,,235,436,215,,,79.59999999999998,94.6,95.8,256.3,218,162.0,,146.3,147.7,,0.31,0.42,2.54,1.09,2.72,10.91,0.61,0.46,0.18,2951.0,324.5,245.6,,604.4,443.4,1.2,,0.88,31.5,124.6,121.9,103.8,114.0,1207,33.1,2207,455,5756,5724,1058,335,362,3.7
1993-01-31,17.2,17.4,15.2,19.1,35.0,27.0,1.88,2.76,3.64,38.4,1.04,1.53,1.03,1.76,1.5,1.87,1.91,444,846.0,418.0,621,410,,239,444,216,,,75.09999999999998,94.2,95.2,259.8,219,166.0,,156.9,155.8,,0.52,0.43,2.35,1.11,2.69,11.24,0.63,0.46,0.18,2861.0,319.3,250.0,,605.4,512.0,1.26,,0.91,31.5,123.8,121.9,102.5,113.0,1207,29.1,2257,437,5901,5931,1061,329,359,3.7
1993-02-28,18.2,18.5,16.0,20.1,31.0,27.0,1.69,2.74,3.61,36.0,1.0,1.49,1.04,1.85,1.59,2.17,1.78,439,853.0,391.0,611,425,,236,433,201,,,74.8,94.4,94.5,254.3,216,172.0,,149.4,148.8,,0.59,0.41,2.39,1.13,2.59,11.55,0.61,0.46,0.19,2847.0,314.5,286.7,,618.1,611.8,1.33,,0.89,31.5,120.3,121.5,102.5,112.5,1202,29.1,2213,414,5791,6039,1072,329,359,3.7
1993-03-31,18.5,18.8,16.3,20.4,31.0,27.0,2.18,2.75,3.59,42.0,0.98,1.4,1.01,1.61,1.55,1.7,1.58,427,860.0,377.0,602,408,,238,438,193,,,75.2,97.1,95.4,230.2,197,161.0,,145.5,148.1,,0.66,0.36,2.53,1.15,2.7,11.66,0.63,0.4799999999999999,0.23,2805.0,312.8,345.3,,616.8,700.4,1.36,,0.85,31.5,115.1,111.0,86.2,112.5,1151,29.1,2153,406,5659,5971,996,330,350,3.6
1993-04-30,18.4,18.7,16.4,20.3,31.0,27.0,2.35,2.68,3.62,43.7,1.01,1.28,0.99,1.57,1.49,1.77,1.46,402,870.0,361.0,623,392,,244,448,194,,,77.5,100.6,95.1,206.3,182,153.0,,156.3,141.8,,0.56,0.38,2.59,1.18,2.91,11.64,0.66,0.4799999999999999,0.25,2775.0,324.2,463.4,,645.4,738.1,1.35,,0.82,31.5,112.8,109.6,81.0,112.5,1109,29.1,1950,421,5591,5972,1005,342,368,4.0
1993-05-31,18.2,18.5,16.0,20.0,31.0,27.0,2.17,2.68,3.57,41.5,1.0,1.37,1.02,1.53,1.32,1.85,1.42,418,1051.0,348.0,685,371,,246,448,195,,,77.5,98.6,93.2,184.8,165,145.0,,140.1,136.7,,0.46,0.39,2.68,1.24,3.03,11.6,0.66,0.47,0.26,2695.0,323.3,520.8,,776.6,751.8,1.33,,0.81,31.5,115.1,107.5,81.0,112.5,1124,29.1,1795,407,5504,5763,980,367,385,4.5
1993-06-30,17.5,17.7,15.6,19.2,31.0,27.0,1.97,2.68,3.54,39.1,0.99,1.38,1.03,1.6,1.35,1.98,1.48,436,1026.0,348.0,712,356,,245,461,197,,,75.3,92.8,88.5,189.0,169,147.0,,112.3,122.0,,0.39,0.38,2.74,1.23,3.02,11.24,0.64,0.47,0.23,2665.0,314.5,493.8,,803.6,745.3,1.3,,0.81,31.5,113.9,105.5,81.0,112.5,1165,29.1,1853,394,5113,5532,926,372,383,4.4
1993-07-31,16.3,16.8,14.3,17.9,31.0,27.0,2.06,2.66,3.54,40.1,1.06,1.58,1.09,1.62,1.33,1.95,1.59,460,1000.0,356.0,773,362,,287,505,227,,,74.0,101.3,96.2,200.8,177,149.0,,116.8,127.5,,0.35,0.4,2.82,1.25,3.03,10.96,0.61,0.4799999999999999,0.21,2648.0,300.0,467.0,,829.8,696.2,1.27,,0.81,31.5,112.9,105.1,81.0,112.5,1202,29.1,1927,388,4973,5036,928,392,404,5.0
1993-08-31,16.5,16.7,14.8,18.0,31.0,27.0,2.26,2.65,3.49,42.4,1.1,1.7,1.29,1.58,1.39,1.84,1.51,455,1061.0,361.0,858,356,,274,483,223,,,69.7,100.3,98.5,209.0,187,156.0,,119.6,129.7,,0.32,0.44,2.8,1.28,2.88,10.8,0.6,0.4799999999999999,0.21,2626.0,295.2,450.5,,835.6,703.9,1.22,,0.82,31.5,113.1,107.5,81.0,112.5,1172,29.1,1947,388,4809,4722,884,379,392,4.8
1993-09-30,15.9,16.0,14.2,17.5,31.0,27.0,2.27,2.62,3.48,42.4,1.27,1.78,1.38,1.56,1.52,1.72,1.45,424,1501.0,353.0,845,352,,260,489,214,,,64.4,100.9,97.2,206.0,185,158.0,,115.7,131.2,,0.35,0.6,2.73,1.27,3.11,11.19,0.61,0.4799999999999999,0.21,2606.0,308.4,384.0,,851.1,664.9,1.22,,0.82,31.5,116.9,107.5,81.0,112.5,1115,29.1,1862,376,4494,4353,874,355,362,4.2
1993-10-31,16.5,16.6,14.8,18.2,31.0,27.0,2.02,2.62,3.39,39.3,1.29,1.69,1.3,1.57,1.49,1.69,1.54,419,1424.0,339.0,807,333,,249,491,207,,,61.0,106.5,100.9,256.8,217,162.0,,127.9,136.0,,0.33,0.62,2.67,1.23,2.98,11.68,0.6,0.4799999999999999,0.23,2592.0,304.4,378.1,,851.3,617.3,1.21,,0.8,31.5,129.5,111.3,81.0,112.5,1087,29.1,1646,384,4681,4449,915,364,368,4.3
1993-11-30,15.2,15.2,13.7,16.8,31.0,27.0,2.26,2.62,3.36,42.2,1.32,1.73,1.36,1.54,1.41,1.76,1.46,464,1304.0,358.0,808,357,,267,536,216,,,63.9,116.7,113.8,307.8,263,167.0,,136.4,146.6,,0.37,0.44,2.64,1.21,2.97,11.52,0.59,0.4799999999999999,0.22,2629.0,299.5,333.4,,835.2,603.0,1.21,,0.81,31.5,140.4,112.5,82.8,112.5,1040,29.1,1630,400,4641,4634,928,374,374,4.5
1993-12-31,13.8,13.6,12.2,15.6,31.0,26.5,2.34,2.6,3.25,43.0,1.36,1.79,1.36,1.57,1.38,1.83,1.51,615,1310.0,367.0,924,411,,276,589,215,,,68.3,121.8,119.9,320.5,252,155.0,,140.5,158.7,,0.41,0.32,2.46,1.18,2.98,11.6,0.59,0.4799999999999999,0.23,2595.0,307.8,304.7,,830.1,592.5,1.31,,0.82,31.5,150.4,122.5,85.5,112.5,1094,29.1,1724,461,4778,5119,974,383,383,5.0
1994-01-31,14.1,14.3,13.2,15.0,31.0,27.0,2.34,2.47,3.12,42.3,1.26,1.74,1.31,1.54,1.38,1.74,1.5,595,1196.0,366.0,993,404,,282,602,215,,,74.59999999999998,127.2,121.9,356.0,263,151.0,,152.7,153.2,,0.53,0.3,2.42,1.16,3.02,11.71,0.6,0.49,0.23,2634.0,304.0,294.8,,773.5,565.0,1.53,,0.81,31.5,150,125.0,85.5,112.5,1175,26.5,1805,490,4943,5578,997,387,388,5.1
1994-02-28,13.8,13.8,12.8,14.8,31.0,27.0,2.71,2.36,3.19,46.3,1.23,1.85,1.34,1.48,1.41,1.43,1.61,573,1170.0,364.0,1011,387,,273,577,207,,,72.3,123.2,119.2,343.8,259,155.0,,144.2,147.0,,0.67,0.34,2.49,1.18,2.96,11.71,0.59,0.4799999999999999,0.24,2554.0,304.7,303.4,,759.0,600.3,1.78,,0.85,31.5,151.80000000000001,125.6,85.5,112.5,1270,26.5,1866,485,5443,5825,969,382,394,5.2
1994-03-31,13.6,14.0,12.3,14.7,29.5,27.0,2.21,2.36,3.15,40.2,1.31,1.92,1.43,1.47,1.4,1.36,1.66,539,1180.0,352.0,1013,395,,274,586,200,,,68.3,119.4,114.3,269.8,222,155.3,,133.5,141.1,,0.51,0.46,2.69,1.22,2.96,12.29,0.6,0.4799999999999999,0.26,2595.0,311.6,310.5,,772.0,617.1,1.8,,0.91,31.5,155.9,127.5,98.6,112.5,1289,26.5,1915,452,5405,5588,936,384,400,5.4
1994-04-30,15.1,15.2,13.8,16.3,29.5,27.0,2.04,2.36,3.07,38.1,1.24,2.0,1.58,1.35,1.28,1.18,1.58,560,988.0,351.0,1030,434,,261,584,193,,,66.9,113.2,107.8,269.3,221,156.8,,130.0,140.4,,0.5,0.36,2.63,1.23,2.93,12.73,0.59,0.49,0.24,2652.0,309.6,326.2,,819.9,647.1,1.85,,0.95,31.5,162.30000000000001,130.0,103.5,112.5,1279,26.5,1882,440,5386,5408,924,377,398,5.4
1994-05-31,16.3,16.2,14.8,17.9,31.4,27.0,1.92,2.36,3.06,36.6,1.38,2.69,2.09,1.52,1.18,1.85,1.54,599,908.0,362.0,1020,488,,256,594,196,,,68.6,109.6,106.2,233.0,201,160.2,,125.3,140.0,,0.38,0.42,2.39,1.3,2.98,12.79,0.6,0.49,0.26,2674.0,318.1,343.5,,851.6,637.2,1.9,,0.98,31.5,159.19999999999999,132.5,103.5,112.5,1323,26.5,2151,474,5504,6087,956,381,398,5.4
1994-06-30,17.2,16.8,15.7,19.1,33.6,28.5,1.9,2.36,3.1,36.4,1.46,3.16,2.48,1.48,1.22,1.63,1.57,608,919.0,365.0,1014,508,,265,571,203,,,67.8,112.2,105.7,213.8,193,166.3,,120.2,139.3,,0.25,0.44,2.23,1.31,2.96,13.28,0.61,0.5,0.27,2641.0,331.2,344.6,,876.9,629.6,1.89,,1.05,31.5,157.6,132.5,103.5,112.5,1401,26.5,2364,525,5509,6282,966,386,401,5.4
1994-07-31,17.9,17.6,16.4,19.7,33.1,28.5,1.96,2.42,3.14,37.4,1.55,4.83,3.62,1.59,1.22,1.85,1.71,579,920.0,376.0,1017,494,,237,560,193,,,64.3,97.8,93.8,226.3,204,177.8,,119.5,137.4,,0.45,0.54,2.19,1.28,2.96,13.87,0.63,0.5,0.26,2632.0,343.8,332.0,,875.8,649.7,1.8,,1.25,31.5,158.6,132.5,106.5,112.5,1492,26.5,2458,580,5311,6227,964,385,412,5.3
1994-08-31,17.0,16.8,15.9,18.4,33.1,28.5,1.66,2.46,3.24,34.0,1.55,4.42,3.59,1.58,1.35,1.73,1.66,596,903.0,378.0,1018,575,,232,600,189,,,66.2,96.0,95.0,252.6,228,199.6,,128.2,145.9,,0.41,0.54,2.2,1.23,2.97,14.14,0.63,0.4799999999999999,0.27,2608.0,344.8,316.7,,885.1,631.0,1.69,,1.26,31.5,161.1,132.5,88.0,112.5,1455,26.5,2406,571,5162,5860,945,380,412,5.2
1994-09-30,16.2,15.9,15.3,17.5,33.1,29.0,1.49,2.48,3.28,32.1,1.49,4.89,4.03,1.54,1.42,1.62,1.57,622,825.0,392.0,1018,614,,233,672,184,,,72.3,97.5,91.8,259.8,239,210.0,,142.1,158.7,,0.44,0.54,2.21,1.24,2.97,13.63,0.65,0.4799999999999999,0.28,2635.0,347.8,299.9,,862.0,566.5,1.66,,1.27,31.5,164,132.5,88.0,112.5,1569,26.5,2506,614,5321,6365,992,392,417,5.5
1994-10-31,16.5,16.4,15.4,17.7,33.1,30.8,1.51,2.56,3.26,32.7,1.45,4.45,3.74,1.5,1.43,1.48,1.6,621,800.0,398.0,1029,616,,227,642,177,,,80.09999999999998,96.5,92.4,262.0,243,215.8,,157.4,167.2,,0.32,0.43,2.12,1.2,3.04,13.92,0.66,0.47,0.28,2700.0,354.5,291.6,,806.0,567.9,1.63,,1.37,31.5,167.1,136.6,88.0,112.5,1698,26.5,2548,642,5474,6748,1059,390,419,5.5
1994-11-30,17.1,17.2,16.0,18.1,33.1,30.5,1.58,2.57,3.26,33.6,1.44,4.03,3.38,1.43,1.35,1.47,1.46,706,815.0,394.0,1048,707,,239,706,174,,,84.0,95.5,97.7,264.5,242,216.5,,152.4,162.0,,0.3,0.33,2.19,1.14,3.03,13.61,0.66,0.4799999999999999,0.31,2694.0,351.4,279.4,,792.7,562.7,1.71,,1.34,33.5,165.9,139.0,88.0,112.5,1893,26.5,2802,667,6161,7556,1152,384,412,5.2
1994-12-31,15.9,16.0,14.7,17.2,36.1,32.0,1.72,2.56,3.29,35.3,1.4,3.72,2.86,1.42,1.33,1.55,1.39,692,833.0,418.0,1062,719,,243,693,178,,,86.5,102.5,100.6,260.5,244,223.5,,157.3,164.6,,0.54,0.23,2.23,1.13,2.94,13.23,0.65,0.49,0.32,2681.0,341.7,248.0,,778.0,540.0,1.92,,1.47,33.5,171.7,139.0,88.0,112.5,1878,26.5,2985,634,5947,8556,1114,379,411,4.8
1995-01-31,16.9,16.6,16.1,18.0,37.1,34.0,1.51,2.66,3.36,33.3,1.47,3.81,2.9,1.46,1.36,1.64,1.38,622,878.0,435.0,1054,655,,243,674,183,,,85.5,107.0,101.7,276.8,258,232.2,,153.0,156.2,,0.36,0.35,2.13,1.13,2.75,13.45,0.65,0.5,0.33,2595.0,341.0,248.4,632.8,793.8,551.0,2.11,,1.64,33.5,188.2,142.4,159.6,112.5,2061,28.4,3009,667,6199,9593,1157,379,414,4.8
1995-02-28,17.4,17.1,16.6,18.5,37.6,34.5,1.58,2.66,3.4,34.1,1.51,3.74,2.97,1.41,1.38,1.5,1.36,636,885.0,437.0,1025,661,,238,663,185,,,85.8,106.7,102.1,280.5,262,221.0,,149.7,154.3,,0.5799999999999998,0.42,2.16,1.13,2.71,13.7,0.65,0.5,0.32,2673.0,334.1,251.8,621.5,753.2,599.1,2.23,,1.77,31.5,198.6,147.5,177.5,112.5,1916,28.4,2878,580,5478,8505,1032,377,414,4.7
1995-03-31,17.3,17.0,16.5,18.5,38.4,34.8,1.54,2.65,3.46,33.6,1.49,3.96,3.22,1.35,1.36,1.34,1.34,632,855.0,447.0,990,687,,246,652,175,,,90.8,109.7,102.7,286.3,259,223.5,,143.1,150.3,,0.4,0.45,2.04,1.14,2.73,14.04,0.68,0.5,0.32,2587.0,346.8,283.1,642.1,713.6,656.5,2.44,,1.8,31.5,205.6,147.5,191.3,112.5,1805,28.4,2924,586,5532,7532,1022,382,417,4.6
1995-04-30,18.6,18.7,17.4,19.9,37.1,35.0,1.62,2.71,3.45,34.9,1.46,3.84,3.19,1.37,1.36,1.39,1.35,619,823.0,447.0,981,625,,249,610,181,,,93.4,109.3,103.3,281.5,260,226.3,,140.7,148.8,,0.39,0.56,1.92,1.13,2.63,14.41,0.7,0.5,0.3,2501.0,350.6,300.9,639.7,730.8,665.1,2.51,,1.84,31.5,204.5,147.5,205.0,112.5,1849,28.4,2904,609,5872,7398,1061,391,448,5.5
1995-05-31,18.4,18.4,17.3,19.6,38.8,35.0,1.64,2.71,3.53,35.2,1.45,3.77,3.11,1.49,1.31,1.87,1.3,616,822.0,436.0,973,611,,250,595,181,,,100.8,112.0,108.1,291.0,268,238.6,,143.3,158.7,,0.39,0.56,1.75,1.15,2.53,14.88,0.7099999999999999,0.51,0.3,2519.0,341.0,285.4,635.2,750.8,635.4,2.53,,1.72,31.5,197.8,147.5,159.0,112.5,1763,28.4,2773,597,5927,7232,1036,385,437,5.6
1995-06-30,17.4,17.4,16.2,18.5,40.8,34.9,1.62,2.73,3.56,35.1,1.44,3.41,2.84,1.49,1.2,1.98,1.29,668,841.0,467.0,965,631,,252,611,180,,,105.8,119.9,112.8,326.0,303,275.8,,153.5,170.1,,0.37,0.65,1.66,1.19,2.53,14.88,0.7,0.52,0.31,2587.0,345.8,274.2,625.5,759.1,627.0,2.0,,1.54,31.5,185.6,147.5,90.0,112.5,1780,28.4,2995,612,6671,7872,1010,388,439,5.4
1995-07-31,16.1,15.9,15.0,17.4,41.1,36.2,1.44,2.8,3.48,33.2,1.36,3.21,2.64,1.57,1.22,2.2,1.28,693,876.0,502.0,969,655,,261,626,193,,,113.0,127.0,119.1,345.6,327,296.0,,173.4,190.7,,0.54,0.69,1.63,1.24,2.54,14.55,0.7,0.54,0.3,2643.0,351.8,259.6,615.6,752.3,584.7,1.93,,1.33,33.5,180.8,147.5,90.0,112.5,1860,28.4,3076,622,6669,8597,1027,386,434,5.2
1995-08-31,16.5,16.1,15.4,18.0,40.9,35.7,1.56,2.8,3.46,34.6,1.41,3.38,2.87,1.5,1.4,1.88,1.24,686,885.0,493.0,980,616,,257,616,190,,,104.9,126.4,118.7,339.5,318,286.0,,168.5,184.5,,0.52,0.61,1.69,1.31,2.52,13.45,0.69,0.52,0.2899999999999999,2692.0,342.0,235.7,583.3,741.7,560.6,1.88,,1.3,33.5,185.3,147.5,90.0,112.5,1888,28.4,3037,624,6992,8945,1014,384,425,5.4
1995-09-30,16.8,16.8,15.7,18.0,40.9,35.9,1.64,2.78,3.46,35.5,1.4,2.96,2.54,1.55,1.57,1.78,1.31,677,970.0,505.0,981,586,,266,614,206,,,104.8,130.5,127.3,359.8,332,284.8,,185.6,193.6,,0.52,0.54,1.76,1.34,2.56,12.21,0.69,0.51,0.26,2689.0,337.1,221.7,565.7,728.7,527.4,2.01,,1.35,33.5,192,147.5,90.0,112.5,1761,28.4,2916,593,6328,8405,986,383,430,5.4
1995-10-31,16.1,16.1,14.9,17.3,41.0,35.8,1.77,2.75,3.45,36.9,1.39,2.81,2.49,1.56,1.62,1.79,1.27,718,1055.0,522.0,990,615,,271,638,214,,,112.7,140.9,137.1,382.6,351,294.4,,194.0,203.7,,0.43,0.55,1.82,1.29,2.67,12.24,0.7,0.51,0.26,2689.0,344.1,233.9,546.4,723.5,526.6,2.01,,1.41,33.5,204.8,150.0,90.0,112.5,1674,28.4,2814,639,6221,8062,979,383,413,5.4
1995-11-30,16.7,16.9,15.6,17.8,39.6,36.1,2.04,2.75,3.41,40.2,1.44,2.76,2.44,1.63,1.8,1.84,1.24,750,1016.0,602.0,995,607,,282,623,225,,,125.8,144.0,141.8,340.5,322,298.3,,198.3,203.9,,0.44,0.56,1.94,1.32,2.65,12.43,0.7,0.5,0.26,2745.0,337.7,231.0,521.8,716.1,539.7,1.97,,1.61,33.5,224.9,160.7,90.0,112.5,1654,28.4,2977,714,6387,8506,1031,385,413,5.3
1995-12-31,17.9,18.0,16.8,18.8,39.4,35.0,2.71,2.73,3.37,48.2,1.38,2.34,2.05,1.48,1.48,1.69,1.27,718,1013.0,647.0,988,590,,296,579,250,,,125.0,148.7,153.0,341.5,312,277.8,,205.3,208.9,,0.41,0.44,1.91,1.29,2.62,12.21,0.68,0.5,0.27,2801.0,302.2,241.8,523.8,715.8,540.2,1.94,,1.64,33.5,229.2,162.5,90.0,112.5,1657,28.4,2926,732,6290,8091,1018,387,409,5.2
1996-01-31,17.8,17.9,16.6,18.9,39.4,34.8,2.93,2.75,3.43,51.0,1.35,2.44,1.98,1.52,1.72,1.48,1.37,711,986.0,649.0,959,535,686.0,305,554,260,,,124.9,156.1,154.3,369.2,331,271.6,,197.0,206.9,,0.41,0.42,1.86,1.29,2.61,11.98,0.69,0.49,0.28,2870.0,279.7,234.3,519.4,719.3,529.1,1.9,,1.55,33.5,226.3,162.5,90.0,112.5,1589,30.0,2616,710,6272,7862,1019,399,415,5.5
1996-02-29,17.7,18.0,16.1,19.1,39.3,34.3,4.4,2.77,3.48,69.0,1.37,2.74,2.14,1.52,1.78,1.42,1.34,738,980.0,641.0,925,518,716.0,299,548,253,,,123.3,164.8,159.8,368.0,320,256.3,,204.0,218.9,,0.59,0.43,1.81,1.25,2.63,12.1,0.69,0.5,0.28,2891.0,272.8,246.4,505.9,713.7,548.6,1.87,,1.56,33.5,225.9,169.1,90.0,112.5,1592,30.0,2538,770,6196,8216,1036,405,420,5.7
1996-03-31,19.4,20.0,17.1,21.2,39.0,32.9,2.95,2.67,3.47,50.9,1.34,2.66,2.0,1.57,1.92,1.41,1.37,723,988.0,616.0,911,519,715.0,295,538,246,,,124.5,184.9,165.8,359.5,313,259.5,,205.5,215.3,,0.5,0.47,1.72,1.22,2.64,12.02,0.69,0.5,0.28,2965.0,271.8,253.0,504.0,728.7,529.2,1.83,,1.48,33.5,221,173.5,90.0,112.5,1612,30.0,2561,818,6196,8022,1064,396,411,5.5
1996-04-30,20.7,21.0,17.8,23.2,39.3,33.7,2.23,3.1,3.56,44.2,1.46,2.72,2.0,1.7,1.93,1.75,1.42,756,1015.0,583.0,895,562,755.0,316,582,270,,,132.7,190.4,188.7,327.2,281,244.8,,247.5,257.6,,0.61,0.53,1.72,1.24,3.09,12.9,0.68,0.5,0.26,2981.0,270.3,252.5,489.6,751.4,521.1,1.83,,1.46,33.5,210.8,173.5,160.4,112.5,1587,30.0,2596,815,6481,8043,1045,393,404,5.4
1996-05-31,19.1,19.1,17.0,21.1,38.2,33.3,2.24,2.81,3.6,43.0,1.52,2.85,2.01,1.73,1.84,1.92,1.43,778,1015.0,564.0,897,552,775.0,322,591,271,,,137.8,204.0,185.8,332.3,279,244.5,,213.4,262.1,,0.54,0.52,1.7,1.33,3.34,13.93,0.68,0.5,0.25,2988.0,279.3,261.7,481.6,753.1,535.5,1.83,,1.48,33.5,186.1,173.5,169.5,112.5,1589,30.0,2658,840,6412,8027,1036,392,401,5.4
1996-06-30,18.5,18.3,17.0,20.3,38.2,32.4,2.49,2.81,3.6,46.0,1.54,2.77,1.9,1.66,1.74,1.85,1.4,816,950.0,563.0,904,508,762.0,308,563,266,,,138.1,197.6,174.9,341.5,285,240.3,,180.6,227.3,,0.4799999999999999,0.56,1.65,1.43,3.53,14.15,0.68,0.5,0.27,2996.0,280.1,255.9,502.2,747.9,523.6,1.83,,1.47,33.5,182.1,174.6,172.1,112.5,1482,30.0,2173,797,6192,7709,1009,385,392,5.2
1996-07-31,19.6,19.6,17.8,21.4,38.4,32.1,2.48,2.78,3.61,45.8,1.5,2.7,1.71,1.79,1.86,2.14,1.37,775,993.0,547.0,902,476,734.0,312,549,265,,,133.1,197.8,163.6,358.0,293,229.2,,181.1,202.6,,0.43,0.53,1.68,1.46,3.55,13.56,0.7,0.4799999999999999,0.28,3050.0,284.7,259.7,520.3,744.0,521.4,1.76,,1.35,32.9,188,175.6,184.5,112.5,1459,30.0,1986,784,6250,7204,1000,383,394,5.1
1996-08-31,20.4,20.6,18.8,22.0,38.4,32.0,2.03,2.79,3.68,40.4,1.5,2.78,1.75,1.74,1.95,1.82,1.44,742,970.0,539.0,885,513,725.0,317,565,270,,,115.0,185.5,152.5,335.5,276,213.0,,175.0,191.6,,0.41,0.53,1.76,1.47,3.51,13.12,0.68,0.49,0.27,3141.0,286.6,263.5,513.8,743.4,538.3,1.68,,1.3,32.5,189.9,178.6,187.0,112.5,1463,30.0,2009,816,6110,7054,1007,387,400,5.1
1996-09-30,22.3,22.6,20.3,23.9,38.1,33.4,1.84,2.79,3.68,38.1,1.48,2.62,1.64,1.74,2.1,1.68,1.45,721,929.0,566.0,879,545,707.0,319,569,286,,,103.4,145.4,130.4,328.4,274,214.4,,169.7,178.7,,0.4,0.53,1.75,1.47,3.47,13.09,0.68,0.49,0.26,3150.0,282.7,258.7,507.0,755.3,537.6,1.66,,1.3,32.5,186.7,181.5,181.4,112.5,1407,30.0,1941,796,6102,7318,1000,383,390,5.0
1996-10-31,23.6,24.2,21.7,24.9,37.6,34.3,2.37,2.94,3.79,45.3,1.48,2.74,1.61,1.73,2.14,1.55,1.49,722,917.0,581.0,874,532,693.0,290,528,270,,,102.4,127.9,113.3,312.8,260,208.0,,158.4,178.0,,0.38,0.47,1.79,1.45,3.59,13.12,0.69,0.49,0.25,3158.0,300.0,252.7,503.2,758.9,525.1,1.66,,1.24,32.5,183.8,182.5,172.3,112.5,1336,30.0,1961,742,5942,7031,1003,381,384,4.9
1996-11-30,22.4,22.6,20.9,23.7,35.7,34.1,3.03,2.96,4.03,53.6,1.47,2.74,1.55,1.61,1.86,1.46,1.5,760,904.0,600.0,868,550,721.0,286,517,274,,,100.0,117.7,105.6,315.0,258,205.8,,158.2,176.4,,0.43,0.47,1.77,1.45,3.77,13.65,0.7,0.49,0.24,3213.0,303.5,253.2,558.1,753.7,526.2,1.68,,1.27,32.5,188.3,182.5,172.6,112.5,1450,30.0,2231,717,5992,6943,1047,378,382,4.8
1996-12-31,23.6,23.9,21.7,25.3,35.4,35.0,3.82,2.96,4.08,63.2,1.47,2.58,1.39,1.63,1.82,1.56,1.51,777,897.0,583.0,868,561,747.0,289,514,279,,,100.8,117.7,105.8,319.2,263,205.2,,158.6,175.7,,0.4799999999999999,0.43,1.79,1.44,3.79,13.83,0.65,0.49,0.24,3262.0,300.4,233.8,543.7,726.9,518.6,1.75,,1.26,32.5,188.5,182.5,174.5,112.5,1500,30.0,2268,689,5836,6581,1036,369,371,4.8
1997-01-31,23.2,23.5,21.3,24.9,35.2,34.6,3.31,2.89,4.13,56.7,1.43,2.93,1.48,1.65,1.77,1.62,1.57,768,893.0,576.0,874,567,754.0,301,534,280,,,99.0,118.4,105.7,356.0,291,217.5,,154.0,175.7,0.94,0.67,0.42,1.77,1.42,3.79,13.89,0.69,0.4799999999999999,0.24,3334.0,286.1,240.6,516.9,743.8,499.9,1.76,,1.23,32.5,188,181.9,173.5,112.5,1576,30.2,2435,692,5878,7072,1087,355,360,4.8
1997-02-28,20.4,20.8,18.6,21.8,34.6,33.8,2.22,2.89,4.22,43.6,1.37,3.71,1.66,1.68,1.82,1.6,1.61,768,870.0,558.0,886,580,757.0,308,527,282,,,97.7,121.7,111.2,347.0,283,225.8,,143.6,172.4,0.97,0.79,0.41,1.84,1.38,3.67,13.89,0.65,0.4799999999999999,0.24,3353.0,283.0,235.2,530.5,753.3,487.8,1.77,,1.22,32.5,187.4,181.0,160.4,112.5,1580,30.2,2406,660,5883,7735,1179,347,365,5.1
1997-03-31,19.3,19.2,18.1,20.7,34.5,33.4,1.89,2.83,4.25,39.3,1.52,4.29,1.77,1.74,1.78,1.64,1.79,737,908.0,554.0,896,559,730.0,332,541,300,,,99.8,127.6,119.7,323.4,273,231.6,,153.8,176.6,1.11,0.76,0.42,2.04,1.36,3.5,14.0,0.65,0.4799999999999999,0.24,3402.0,279.7,242.0,542.0,756.6,497.4,1.78,,1.23,32.5,187.4,181.0,148.0,112.5,1632,30.2,2421,695,5909,7896,1255,352,379,5.2
1997-04-30,17.9,17.5,16.8,19.4,35.4,33.0,2.03,2.77,4.07,40.6,1.57,4.56,1.71,1.88,1.92,1.75,1.98,710,920.0,547.0,938,562,705.0,338,541,301,,,97.9,124.4,118.0,304.5,262,217.3,,158.6,183.5,1.02,0.59,0.45,2.0,1.35,3.31,14.41,0.63,0.4799999999999999,0.25,3452.0,277.7,240.2,555.3,749.8,486.0,1.74,,1.15,32.5,188.5,177.6,135.0,112.5,1561,30.2,2391,643,5713,7316,1240,344,371,4.8
1997-05-31,19.4,19.1,18.5,20.5,35.7,32.5,2.24,2.74,4.03,43.0,1.57,5.89,2.06,2.06,1.98,2.21,1.99,654,953.0,548.0,981,553,668.0,298,541,300,,,100.1,118.8,114.2,324.5,267,215.5,,152.7,172.6,0.97,0.39,0.47,1.9,1.34,3.34,14.64,0.63,0.4799999999999999,0.24,3557.0,278.6,252.2,600.7,747.6,512.7,1.75,,1.11,32.5,188.5,170.0,113.1,112.5,1625,30.2,2514,619,5711,7483,1311,344,388,4.7
1997-06-30,17.9,17.6,17.3,18.9,34.5,32.3,2.2,2.76,4.03,42.6,1.69,4.89,1.96,2.08,2.02,2.3,1.93,637,969.0,558.0,1047,533,635.0,278,550,274,,,94.9,112.1,104.3,323.2,266,220.6,,131.6,148.4,0.8,0.47,0.44,1.76,1.34,3.33,14.88,0.64,0.4799999999999999,0.25,3605.0,283.1,264.3,591.9,744.9,525.4,1.78,,1.11,32.5,187,170.0,108.5,112.5,1568,30.2,2613,615,5566,7062,1354,341,431,4.8
1997-07-31,18.3,18.4,17.3,19.3,35.0,31.3,2.19,2.67,3.89,41.9,1.68,4.2,1.76,2.19,1.95,2.6,2.01,597,987.0,581.0,1096,498,594.0,306,535,248,,,91.7,106.1,96.2,320.0,267,215.8,,127.8,136.2,0.92,0.44,0.52,1.8,1.35,3.35,14.92,0.63,0.49,0.25,3582.0,283.8,254.3,570.9,705.7,512.3,1.79,,0.94,32.5,186.9,168.2,112.5,112.5,1592,30.2,2450,634,5443,6836,1518,324,416,4.4
1997-08-31,18.7,18.7,17.8,19.6,36.9,31.0,2.47,2.67,3.69,45.2,1.65,4.21,1.64,2.24,2.1,2.43,2.21,567,924.0,621.0,1093,504,556.0,265,544,258,,,91.3,112.9,104.1,285.0,246,209.3,,140.9,150.6,0.92,0.42,0.57,1.84,1.38,3.22,15.45,0.6,0.49,0.26,3576.0,285.7,244.2,556.0,649.0,500.4,1.79,,0.92,32.5,186.6,163.5,102.5,112.5,1711,30.2,2251,608,5428,6761,1654,324,425,4.5
1997-09-30,18.7,18.5,18.0,19.6,37.2,29.9,2.84,2.7,3.69,49.8,1.77,4.19,1.66,2.21,2.18,2.37,2.08,615,964.0,637.0,1083,525,603.0,269,555,266,,,92.5,112.2,106.8,270.6,239,202.8,,143.2,151.7,1.08,0.45,0.55,1.79,1.39,3.21,15.58,0.5799999999999998,0.49,0.25,3635.0,283.8,232.7,581.9,595.3,479.1,1.76,,0.87,32.5,186.6,163.5,88.3,112.5,1611,30.2,2107,634,5496,6504,1641,323,425,4.7
1997-10-31,20.0,19.9,19.1,21.2,37.2,29.0,3.04,2.63,3.62,51.9,1.74,3.7,1.64,2.28,2.24,2.38,2.23,627,1054.0,658.0,1083,547,619.0,278,611,260,,,102.7,120.4,112.8,265.8,233,192.3,,143.7,151.6,1.05,0.38,0.49,1.76,1.31,3.27,15.26,0.59,0.49,0.25,3622.0,296.0,227.4,585.5,533.3,454.3,1.71,,0.87,32.5,186,164.3,87.5,112.5,1608,30.2,2052,600,5561,6380,1280,325,423,5.0
1997-11-30,19.1,19.0,18.4,19.9,33.6,27.7,3.02,2.66,3.68,51.8,1.7,3.53,1.68,2.33,2.23,2.39,2.38,616,1199.0,716.0,1090,556,611.0,288,676,276,,,102.3,117.2,112.3,252.5,221,180.7,,138.2,149.9,0.97,0.43,0.41,1.83,1.27,3.39,15.14,0.61,0.4799999999999999,0.26,3629.0,293.5,214.8,576.8,519.4,439.0,1.7,,0.84,32.5,185.5,169.4,90.6,112.5,1599,30.2,1917,563,5658,6140,1173,306,392,5.1
1997-12-31,17.1,17.0,16.2,18.1,31.4,27.8,2.33,2.65,3.6,43.3,1.74,3.91,1.82,2.37,2.26,2.47,2.4,586,1220.0,721.0,1058,566,590.0,284,622,264,,,97.1,113.5,110.2,269.7,237,195.7,,135.7,144.6,0.86,0.42,0.35,1.85,1.23,3.33,15.1,0.61,0.4799999999999999,0.27,3632.0,286.1,211.1,554.6,475.5,425.1,1.64,,0.73,32.5,185.5,172.5,90.0,112.5,1531,30.2,1762,527,5514,5945,1102,289,365,5.8
1998-01-31,15.0,15.1,13.4,16.5,31.4,27.5,2.1,2.65,3.54,40.5,1.67,3.92,1.84,2.48,2.38,2.5,2.55,558,1146.0,703.0,1055,621,590.0,273,625,231,,,95.8,114.7,111.4,288.0,247,184.8,,130.2,137.1,1.02,0.46,0.36,1.82,1.22,3.23,15.32,0.6,0.4799999999999999,0.25,3583.0,287.7,197.1,534.2,413.4,409.4,1.59,,0.68,32.5,184,172.5,86.3,112.5,1486,31.0,1688,532,5206,5492,1097,289,374,5.9
1998-02-28,14.1,14.1,12.4,15.8,33.4,26.8,2.22,2.63,3.43,41.8,1.64,3.93,1.84,2.51,2.36,2.37,2.81,559,1079.0,699.0,1029,659,620.0,273,634,214,,,91.5,113.4,111.7,297.3,246,186.8,,127.3,140.1,0.97,0.44,0.39,1.79,1.23,3.1,15.4,0.6,0.4799999999999999,0.24,3498.0,287.8,202.5,526.3,504.1,412.7,1.52,,0.82,32.5,183.5,172.5,77.5,112.5,1466,31.0,1665,516,5243,5387,1044,297,386,6.8
1998-03-31,13.1,13.1,11.5,14.8,31.9,26.7,2.23,2.61,3.44,41.8,1.72,3.48,1.81,2.23,2.34,2.08,2.29,578,993.0,682.0,949,671,605.0,265,652,184,,,93.0,114.2,110.5,296.0,245,193.2,,129.9,138.9,1.03,0.45,0.41,1.79,1.25,3.04,15.46,0.61,0.4799999999999999,0.22,3452.0,287.6,190.9,530.9,506.1,388.5,1.51,,0.74,32.5,183.5,172.5,84.5,112.5,1438,31.0,1748,560,5477,5396,1048,296,399,6.2
1998-04-30,13.5,13.4,11.8,15.3,31.2,27.4,2.42,2.54,3.19,43.6,1.72,3.31,1.96,2.2,2.2,2.44,1.95,618,940.0,684.0,928,688,643.0,259,662,165,,,91.9,107.1,103.9,311.5,259,196.8,,118.3,130.2,1.04,0.77,0.44,1.79,1.27,2.97,15.79,0.61,0.49,0.21,3493.0,287.7,166.5,534.2,506.0,372.1,1.45,,0.77,32.5,185,173.7,100.0,112.5,1418,31.0,1801,573,5715,5394,1097,308,414,6.3
1998-05-31,14.0,14.4,12.8,14.9,30.3,27.6,2.14,2.51,3.0,40.0,1.78,3.04,2.0,2.03,2.21,2.31,1.56,723,930.0,685.0,900,705,776.0,247,671,162,,,93.0,106.1,100.8,318.3,258.8,197.0,,112.3,128.9,1.1,0.66,0.45,1.78,1.3,2.63,15.92,0.59,0.49,0.2,3391.0,285.9,146.7,520.8,472.7,362.7,1.42,,0.78,32.5,186.5,176.3,95.0,112.5,1365,31.0,1733,544,5875,5020,1061,299,389,5.6
1998-06-30,12.5,12.1,11.7,13.7,30.0,27.3,2.17,2.5,3.0,40.3,1.72,2.75,1.82,1.91,2.04,2.13,1.56,652,989.0,675.0,891,633,700.0,242,629,159,,,91.6,104.2,96.5,325.5,268.3,205.5,,107.2,120.6,1.1,0.66,0.46,1.7,1.38,2.57,15.28,0.59,0.49,0.18,3330.0,274.5,137.4,515.7,451.4,348.6,1.52,,0.7,32.5,189.2,177.5,88.4,112.5,1307,31.0,1661,528,5970,4476,1010,292,355,5.3
1998-07-31,12.7,12.0,12.0,14.1,30.0,26.6,2.17,2.4,2.84,39.7,1.72,2.59,1.7,1.98,1.98,2.28,1.68,667,1034.0,660.0,874,661,694.0,238,612,157,,,85.2,100.5,95.4,324.3,266.3,211.0,,96.8,118.9,1.02,0.46,0.54,1.67,1.48,2.43,14.26,0.5799999999999998,0.5,0.19,3283.0,273.8,135.0,510.3,437.5,348.5,1.54,,0.7,32.5,190.5,177.5,86.0,112.5,1309,31.0,1651,546,5654,4325,1040,293,378,5.5
1998-08-31,12.5,11.9,12.2,13.4,26.2,26.3,1.85,2.37,2.79,35.6,1.68,2.72,1.75,1.95,2.03,2.13,1.7,667,1088.0,670.0,862,674,692.0,219,592,145,,,73.2,87.9,91.0,321.4,274.8,228.8,,92.9,108.0,0.97,0.35,0.51,1.66,1.56,2.45,13.78,0.5799999999999998,0.49,0.19,3238.0,275.2,136.9,512.9,455.6,335.3,1.5,,0.65,32.5,190.5,175.0,85.5,112.5,1311,31.0,1621,537,5692,4081,1030,284,369,5.2
1998-09-30,13.8,13.4,13.1,15.0,27.1,26.4,2.01,2.33,2.74,37.3,1.69,2.47,1.76,1.9,1.91,2.03,1.75,652,965.0,681.0,852,703,697.0,216,615,145,,,73.09999999999998,86.3,85.0,321.3,280,237.0,,96.3,107.9,1.08,0.35,0.5,1.64,1.57,2.66,13.12,0.6,0.4799999999999999,0.16,3209.0,289.1,150.2,534.5,503.5,349.2,1.46,,0.68,32.5,190.5,172.5,83.6,112.5,1342,31.0,1648,520,5486,4102,1000,289,361,5.0
1998-10-31,13.3,12.6,12.8,14.4,27.1,26.1,1.89,2.17,2.76,35.1,1.65,2.42,1.77,1.86,1.84,2.0,1.74,695,955.0,662.0,850,694,714.0,223,614,151,,,74.7,95.5,87.7,298.8,271,251.8,,107.6,126.5,0.91,0.33,0.43,1.64,1.52,2.75,12.41,0.61,0.4799999999999999,0.16,3269.0,300.3,163.0,555.1,510.5,379.2,1.36,,0.73,32.5,189.6,171.6,75.59999999999998,112.5,1304,31.0,1586,493,5432,3872,941,296,343,5.0
1998-11-30,11.9,10.9,11.8,13.0,26.1,26.7,2.1,2.15,2.78,37.6,1.6,2.57,1.77,1.8,1.88,1.93,1.59,752,890.0,601.0,862,681,746.0,234,614,163,,,79.3,98.1,92.2,270.0,250.7,231.0,,115.3,130.2,0.96,0.56,0.43,1.66,1.48,2.63,12.02,0.61,0.4799999999999999,0.18,3183.0,292.7,159.5,523.2,514.0,389.8,1.24,,0.72,32.5,186.7,167.5,70.7,112.5,1295,31.0,1574,494,5478,4132,967,294,347,5.0
1998-12-31,10.4,9.8,10.1,11.3,26.1,26.7,1.74,2.13,2.72,33.1,1.52,2.59,1.85,1.7,1.73,1.77,1.61,774,857.0,541.0,861,663,763.0,230,591,168,,,78.4,95.8,90.2,277.8,251.5,232.8,,104.1,126.2,0.86,0.38,0.38,1.66,1.43,2.54,12.13,0.61,0.49,0.18,3104.0,294.6,163.5,517.8,535.0,416.6,1.23,,0.67,32.5,182.8,167.5,65.5,112.5,1249,31.0,1474,501,5258,3878,959,292,352,4.9
1999-01-31,11.4,11.1,10.8,12.5,26.1,26.5,1.86,2.02,2.77,34.1,1.46,2.49,1.81,1.76,1.8,1.73,1.75,763,880.0,444.0,953,632,744.0,221,542,166,,,77.7,97.4,91.1,299.8,258.8,233.5,,103.2,125.3,1.11,0.49,0.42,1.71,1.39,2.5,12.13,0.6,0.49,0.18,3111.0,291.2,176.2,508.9,538.5,441.8,1.23,0.6,0.7099999999999999,32.5,181.8,166.4,64.5,112.5,1218,27.6,1431,492,5110,4269,933,287,355,5.1
1999-02-28,10.8,10.2,10.1,12.0,26.1,26.4,1.77,2.01,2.78,32.9,1.41,2.33,1.75,1.66,1.54,1.66,1.77,745,858.0,427.0,890,561,709.0,205,482,159,,,75.3,94.2,90.1,280.0,239.5,212.0,,95.0,117.0,1.07,0.45,0.4,1.79,1.35,2.46,12.02,0.6,0.49,0.15,3173.0,281.8,177.1,444.1,538.5,420.0,1.24,0.56,0.69,41.1,181.6,163.0,64.0,112.5,1187,27.6,1411,514,5269,4626,1017,287,364,5.5
1999-03-31,13.2,12.5,12.4,14.7,26.1,25.1,1.79,1.95,2.78,32.9,1.31,2.32,1.62,1.61,1.47,1.47,1.89,700,838.0,407.0,752,497,661.0,205,444,163,,,75.2,96.2,91.4,256.2,220.6,197.2,,100.2,117.3,1.1,0.45,0.44,1.76,1.3,2.46,12.24,0.59,0.5,0.13,3059.0,273.7,172.5,431.3,555.9,417.4,1.25,0.52,0.64,44.0,181.8,163.0,75.5,112.5,1182,27.6,1378,508,5360,5011,1030,286,370,5.2
1999-04-30,15.9,15.3,15.0,17.3,26.1,25.1,2.15,1.87,2.76,36.9,1.18,2.25,1.53,1.72,1.47,1.81,1.87,827,855.0,391.0,664,509,776.0,207,443,165,,,79.7,94.1,89.5,235.5,204.5,184.0,,99.7,113.9,0.86,0.42,0.45,1.72,1.27,2.54,12.24,0.59,0.5,0.12,3006.0,269.3,175.2,424.3,559.4,434.0,1.27,0.52,0.59,44.0,180.5,163.0,64.5,112.5,1278,27.6,1466,519,5393,5103,1019,283,357,5.1
1999-05-31,16.1,15.1,15.3,17.8,26.1,25.1,2.25,1.89,2.88,38.3,1.07,2.45,1.5,1.92,1.46,2.6,1.71,874,858.0,375.0,762,475,755.0,199,422,147,,,81.5,92.5,87.2,244.3,207,184.3,,96.6,113.0,0.89,0.33,0.44,1.73,1.31,2.67,12.24,0.59,0.5,0.13,3042.0,251.3,176.5,429.7,580.4,425.7,1.32,0.55,0.6,44.0,180.5,163.0,64.9,112.5,1323,27.6,1511,542,5649,5399,1040,276,356,5.3
1999-06-30,16.4,15.8,15.5,17.9,26.1,25.3,2.3,1.91,2.93,39.0,1.16,2.36,1.45,1.8,1.44,2.29,1.68,796,868.0,424.0,836,392,656.0,194,406,146,,,80.5,93.7,86.0,253.8,223.2,200.2,,92.9,111.4,0.72,0.2899999999999999,0.4799999999999999,1.72,1.34,2.68,12.35,0.5799999999999998,0.5,0.13,3042.0,245.2,183.6,419.2,608.4,430.1,1.29,0.55,0.6,44.0,180.5,161.8,63.8,112.5,1315,27.6,1422,496,5266,5195,1001,261,357,5.0
1999-07-31,19.0,19.0,17.9,20.1,26.1,23.8,2.31,2.0,2.99,39.6,1.11,2.09,1.36,1.89,1.6,2.41,1.67,656,876.0,430.0,860,319,571.0,183,391,144,,,76.9,84.0,76.9,259.0,231,216.0,,85.3,103.0,0.72,0.35,0.46,1.78,1.35,2.64,12.35,0.5799999999999998,0.5,0.12,3044.0,243.8,186.5,424.7,625.9,423.6,1.2,0.51,0.57,44.0,177,153.9,62.8,112.5,1404,27.6,1640,496,5230,5700,1072,256,349,5.2
1999-08-31,20.3,20.2,19.3,21.3,26.1,23.1,2.79,2.08,3.17,45.9,1.0,2.01,1.39,1.82,1.68,2.12,1.66,684,820.0,407.0,850,354,689.0,199,412,160,,,75.2,85.7,81.59999999999998,244.5,220.3,202.8,,92.8,111.3,0.76,0.35,0.49,1.92,1.33,2.69,12.35,0.59,0.47,0.13,3008.0,250.5,198.4,444.4,629.4,441.8,1.12,0.54,0.56,44.0,172.4,151.3,65.7,112.5,1431,27.6,1648,503,5230,6449,1131,257,350,5.3
1999-09-30,22.7,22.4,21.8,23.9,26.1,22.5,2.54,2.2,3.35,43.6,1.06,1.86,1.31,2.01,1.84,2.21,1.98,704,827.0,395.0,849,388,710.0,207,414,177,,,71.4,86.5,80.0,229.3,202.5,184.5,,102.1,113.2,0.76,0.35,0.47,1.87,1.34,2.68,11.9,0.59,0.44,0.15,3034.0,247.2,202.8,456.2,643.4,455.5,1.09,0.6,0.54,44.0,164.4,147.5,67.5,112.5,1492,27.6,1750,507,5343,7028,1194,265,371,5.2
1999-10-31,22.0,22.0,21.3,22.6,25.6,22.5,2.72,2.47,3.57,47.2,1.02,2.08,1.29,2.06,1.87,2.31,2.0,690,855.0,379.0,888,381,684.0,203,400,188,,,72.3,85.8,78.4,217.0,190.3,169.8,,98.7,108.1,0.77,0.33,0.52,1.85,1.29,2.72,12.13,0.61,0.43,0.15,2930.0,269.3,198.4,481.4,643.4,462.4,1.05,0.68,0.65,44.0,157,145.1,65.4,112.5,1474,27.6,1724,497,5431,7321,1149,311,421,5.4
1999-11-30,24.2,24.6,23.1,24.9,25.1,23.5,2.36,2.51,3.73,43.1,0.92,2.5,1.39,1.95,1.84,2.21,1.81,703,916.0,376.0,925,370,693.0,198,387,183,,,73.09999999999998,85.4,79.4,228.0,199.2,172.0,,96.9,108.8,0.73,0.33,0.34,1.93,1.29,2.67,12.68,0.59,0.38,0.14,2962.0,307.5,198.6,504.6,643.4,466.9,1.02,0.76,0.74,44.0,148.30000000000001,138.0,66.0,112.5,1473,27.6,1728,478,5842,7950,1147,293,434,5.2
1999-12-31,25.1,25.6,23.6,26.1,25.1,22.6,2.36,2.66,3.94,44.0,0.92,2.74,1.47,1.86,1.78,1.98,1.83,703,913.0,438.0,766,354,681.0,199,375,184,,,72.4,87.2,81.0,233.8,198.8,155.3,,92.1,102.2,0.73,0.35,0.34,1.94,1.29,2.61,13.56,0.59,0.39,0.13,3084.0,300.5,199.5,493.2,643.4,467.5,0.97,0.7,0.65,44.0,147.5,138.0,66.8,112.5,1554,27.6,1765,479,5721,8083,1184,283,439,5.2
2000-01-31,25.3,25.4,23.3,27.3,25.1,22.8,2.42,3.36,4.15,48.2,0.92,2.45,1.17,1.85,1.83,1.86,1.88,654,875.0,444.0,676,348,628.0,208,370,195,,,73.09999999999998,93.3,89.3,241.4,201.6,158.2,,98.6,105.8,0.89,0.4799999999999999,0.35,1.95,1.28,2.73,14.0,0.6,0.39,0.12,3039.0,301.3,193.1,509.9,643.4,456.4,1.05,0.7099999999999999,0.64,44.0,147.19999999999999,138.0,77.4,112.5,1680,28.8,1844,472,5928,8310,1179,284,441,5.2
2000-02-29,27.2,27.7,24.7,29.3,25.1,23.6,2.65,3.46,4.21,51.5,0.86,2.28,1.08,1.81,1.81,1.52,2.11,591,880.0,427.0,688,332,580.0,214,358,203,,,73.4,95.2,89.9,241.0,199,156.7,,100.1,107.9,0.92,0.5799999999999998,0.32,1.96,1.27,2.7,14.11,0.59,0.38,0.12,2985.0,292.3,184.1,494.7,643.4,439.1,1.18,0.73,0.74,44.0,144.5,138.0,90.1,112.5,1670,28.8,1801,452,5642,9653,1095,300,520,5.2
2000-03-31,27.5,27.5,25.1,29.9,25.1,24.4,2.79,3.51,4.46,53.6,0.93,2.22,1.02,1.75,1.82,1.37,2.06,552,880.0,407.0,733,349,556.0,221,363,205,,,74.4,95.1,91.7,225.8,187.5,151.5,,97.2,105.7,0.86,0.4799999999999999,0.3,1.98,1.26,2.7,14.44,0.5799999999999998,0.41,0.11,3030.0,286.7,190.9,500.0,636.4,448.8,1.26,0.66,0.68,44.0,143,138.0,88.8,112.5,1577,28.8,1739,441,5458,10280,1116,286,479,5.1
2000-04-30,23.5,22.5,22.0,25.8,25.1,24.9,3.03,3.68,4.64,57.4,0.91,2.09,0.98,1.79,1.81,1.53,2.03,550,867.0,391.0,790,372,557.0,229,366,199,,,77.0,95.2,90.6,214.8,179.8,148.0,,95.2,105.1,0.84,0.4799999999999999,0.34,1.98,1.26,2.7,14.66,0.5799999999999998,0.43,0.13,3048.0,281.4,194.2,490.7,636.4,455.1,1.29,0.64,0.7,44.0,143,138.0,83.3,112.5,1457,28.8,1679,421,5384,9728,1128,280,498,5.1
2000-05-31,27.2,27.3,25.4,28.8,25.6,26.1,3.58,3.55,4.53,63.4,0.92,2.08,0.98,1.98,1.71,2.2,2.01,481,853.0,375.0,794,324,483.0,229,338,202,,,78.3,96.4,95.0,198.6,168.8,143.6,,104.3,112.1,0.7,0.42,0.41,1.99,1.27,2.56,14.88,0.55,0.42,0.15,2985.0,269.2,189.5,469.4,629.4,444.0,1.33,0.62,0.69,44.0,143,138.0,91.0,112.5,1467,28.8,1786,412,5451,10130,1157,275,526,5.0
2000-06-30,29.6,29.7,27.3,31.9,25.6,27.0,4.28,3.6,4.74,72.3,0.95,1.91,0.94,1.86,1.57,1.97,2.05,437,837.0,424.0,783,315,436.0,211,330,199,,,78.5,84.3,79.8,196.0,166.8,139.5,,99.3,113.5,0.62,0.39,0.43,1.93,1.3,2.57,14.66,0.55,0.42,0.18,2970.0,282.1,194.2,506.4,629.4,450.0,1.31,0.6,0.67,44.0,142,138.0,105.1,112.5,1506,28.8,1753,420,5457,8411,1118,286,560,5.0
2000-07-31,28.2,28.5,26.0,30.0,25.6,27.0,3.96,3.96,4.86,70.2,0.97,1.93,0.9,2.05,1.67,2.36,2.11,400,860.0,430.0,772,312,401.0,197,339,190,,,78.7,75.3,73.7,189.0,165.6,142.8,,91.2,109.0,0.64,0.31,0.4,1.9,1.32,2.58,14.77,0.55,0.42,0.21,2935.0,279.3,191.1,501.3,604.9,443.8,1.29,0.5799999999999998,0.65,44.0,140.30000000000001,140.3,121.7,112.5,1564,28.8,1799,452,5344,8164,1136,282,560,5.0
2000-08-31,29.3,29.4,27.1,31.3,25.6,27.0,4.41,4.01,4.84,75.9,0.89,1.7,0.84,1.95,1.76,2.0,2.1,371,865.0,407.0,754,306,366.0,198,329,190,,,75.09999999999998,75.59999999999998,76.8,186.5,164.3,143.8,,90.9,108.4,0.62,0.33,0.39,1.89,1.33,2.58,14.11,0.55,0.42,0.23,2970.0,278.2,191.1,506.5,604.9,443.9,1.34,0.61,0.66,44.0,148.6,142.5,133.4,112.5,1528,28.8,1856,473,5305,8007,1170,274,578,4.9
2000-09-30,32.1,32.6,29.7,33.9,27.2,27.0,5.06,4.03,4.9,83.9,0.88,1.67,0.86,1.96,1.88,1.9,2.11,332,880.0,395.0,761,288,326.0,209,312,207,,,73.2,80.4,82.7,179.0,161,143.7,,97.9,117.5,0.5799999999999998,0.42,0.36,1.81,1.36,2.48,13.56,0.52,0.43,0.22,2938.0,259.2,193.6,471.9,542.0,459.0,1.36,0.6,0.66,44.0,157.5,142.5,113.9,112.5,1601,28.8,1960,487,5474,8638,1224,274,592,4.9
2000-10-31,31.4,30.9,30.2,33.0,27.2,28.2,5.02,4.31,5.04,84.9,0.88,1.69,0.8,1.89,1.91,1.8,1.97,340,872.0,379.0,755,255,318.0,203,314,205,,,76.2,85.0,89.9,187.5,163.30000000000001,136.8,,104.3,128.2,0.56,0.38,0.38,1.82,1.36,2.54,13.01,0.53,0.4799999999999999,0.24,2971.0,254.1,189.4,462.6,538.5,452.0,1.34,0.61,0.66,44.0,155.9,141.3,111.1,112.5,1500,28.8,1899,486,5282,7678,1096,270,580,4.8
2000-11-30,32.3,32.5,30.1,34.4,27.2,26.2,5.55,4.39,5.13,91.7,0.88,1.58,0.72,1.82,1.87,1.58,2.01,367,900.0,376.0,770,257,354.0,206,317,215,,,82.5,89.2,96.1,185.0,158,127.8,,103.2,127.7,0.61,0.37,0.36,1.97,1.36,2.59,13.01,0.52,0.4799999999999999,0.22,2949.0,254.6,188.1,469.9,517.5,450.0,1.41,0.6,0.63,44.0,153.5,129.0,99.4,112.5,1474,28.8,1795,468,5270,7340,1059,266,593,4.7
2000-12-31,25.2,25.1,22.1,28.4,30.8,34.7,8.949999999999998,4.44,5.05,133.2,0.89,1.46,0.67,1.8,1.87,1.59,1.92,329,880.0,438.0,807,265,317.0,217,321,235,,,86.6,97.6,100.5,184.3,158.30000000000001,129.5,,105.0,128.1,0.7099999999999999,0.45,0.31,1.93,1.36,2.69,13.01,0.53,0.47,0.22,2894.0,266.6,180.2,485.4,510.5,436.7,1.45,0.6,0.62,44.0,153.5,129.0,96.0,112.5,1565,28.8,1851,462,5234,7314,1060,271,610,4.6
2001-01-31,26.0,25.6,22.7,29.6,32.1,35.0,8.17,4.65,4.88,124.6,1.0,1.45,0.7099999999999999,1.85,1.85,1.81,1.87,319,907.0,486.0,816,254,304.0,210,305,223,,,85.8,95.2,101.1,184.4,158.19999999999999,134.2,,110.4,132.8,0.81,0.53,0.35,1.93,1.36,2.78,13.78,0.53,0.47,0.23,2910.0,278.9,171.9,507.7,496.5,427.0,1.41,0.6,0.61,44.0,154.5,129.0,121.0,112.5,1616,30.0,1788,478,5171,6995,1033,265,620,4.7
2001-02-28,27.2,27.4,24.7,29.6,32.1,34.4,5.63,4.59,4.8,93.4,0.89,1.48,0.7,1.7,1.79,1.61,1.72,285,983.0,460.0,811,240,269.0,200,304,202,,,82.3,92.0,97.7,184.5,156.30000000000001,134.3,,106.7,128.1,0.92,0.69,0.41,1.92,1.36,2.86,14.0,0.53,0.47,0.22,2975.0,274.0,173.4,492.1,500.0,439.5,1.33,0.57,0.6,44.0,159,129.0,105.3,112.5,1604,30.0,1766,502,5122,6524,1021,262,601,4.6
2001-03-31,25.0,24.4,23.4,27.2,32.6,35.5,5.16,4.57,4.87,87.7,1.12,1.47,0.67,1.58,1.76,1.3,1.67,289,955.0,431.0,781,254,278.0,195,328,205,,,83.1,90.3,95.6,175.0,146.30000000000001,125.5,,103.5,130.2,1.01,0.54,0.55,1.98,1.37,2.94,13.89,0.53,0.4799999999999999,0.2,3033.0,268.5,166.2,481.9,500.0,421.1,1.2,0.52,0.57,44.0,159.1,129.0,98.9,112.5,1509,30.0,1739,498,5046,6134,1005,263,584,4.4
2001-04-30,25.7,25.6,24.1,27.4,33.5,35.5,5.17,4.48,4.73,87.3,1.08,1.46,0.63,1.6,1.65,1.7,1.44,293,950.0,420.0,745,251,281.0,186,326,198,,,84.7,88.0,94.3,163.8,139,120.8,,101.1,129.7,0.91,0.55,0.63,1.98,1.37,3.0,14.77,0.56,0.47,0.19,3033.0,265.1,162.5,469.1,500.0,411.9,1.13,0.51,0.5799999999999998,44.0,151.30000000000001,129.0,95.3,112.5,1497,30.0,1664,478,4949,6330,969,260,595,4.4
2001-05-31,27.5,28.5,25.6,28.6,33.8,34.8,4.21,4.36,4.66,75.0,1.08,1.53,0.65,1.59,1.49,1.83,1.46,295,949.0,407.0,728,234,292.0,184,295,197,,,89.7,84.1,94.8,164.3,141.69999999999999,123.0,,102.6,134.9,0.75,0.64,0.73,2.01,1.39,2.92,15.21,0.52,0.47,0.21,3061.0,259.8,165.1,453.0,482.5,410.1,1.1,0.51,0.61,44.0,142,125.5,85.0,112.5,1539,30.0,1682,467,4945,7061,938,272,611,4.4
2001-06-30,27.0,27.7,25.6,27.6,33.9,34.8,3.71,4.33,4.69,68.8,0.97,1.41,0.64,1.61,1.44,1.96,1.43,317,930.0,416.0,728,255,312.0,188,287,207,,,95.1,83.3,89.5,168.0,148.5,129.8,,97.4,127.2,0.84,0.61,0.83,2.05,1.4,2.81,14.22,0.51,0.46,0.2,3050.0,253.6,164.8,455.2,475.5,409.3,1.05,0.51,0.62,44.0,133.1,122.5,87.5,112.5,1466,30.0,1608,444,4828,6641,895,270,580,4.4
2001-07-31,24.8,24.5,23.4,26.4,34.0,34.4,3.1,3.75,4.66,58.6,0.97,1.29,0.6,1.68,1.44,2.08,1.54,358,930.0,443.0,723,330,352.0,208,421,209,,,102.0,91.7,94.5,169.4,152.4,137.2,,108.0,123.8,0.63,0.7,0.96,2.12,1.42,2.76,15.98,0.52,0.46,0.19,3065.0,255.8,159.3,459.1,465.0,393.1,1.0,0.5,0.6,44.0,135,123.8,87.5,112.5,1416,30.0,1525,462,4351,5937,852,268,531,4.3
2001-08-31,25.8,25.7,24.3,27.4,33.8,34.2,2.95,3.79,4.54,56.9,1.03,1.32,0.57,1.58,1.52,1.75,1.48,363,848.0,492.0,738,362,350.0,212,427,203,,,99.4,93.1,95.1,168.3,153,140.8,,105.9,121.9,0.7,0.68,0.78,2.21,1.45,2.77,14.22,0.53,0.47,0.18,3048.0,267.6,159.0,480.3,475.5,402.9,0.96,0.53,0.59,44.0,135,125.0,88.8,112.5,1377,30.0,1464,483,3896,5521,828,272,452,4.2
2001-09-30,25.2,25.5,24.0,26.1,32.8,33.1,2.15,3.79,4.54,47.2,1.02,1.28,0.54,1.53,1.58,1.61,1.39,322,807.0,499.0,750,310,316.0,202,385,204,,,99.6,90.1,94.6,173.0,161,148.3,,107.6,122.0,0.73,0.57,0.5799999999999998,2.36,1.47,2.99,13.01,0.53,0.47,0.17,3050.0,270.8,156.3,486.0,489.5,411.9,0.91,0.49,0.5799999999999998,44.0,135,124.4,94.5,112.5,1345,30.0,1426,465,3695,5027,799,283,458,4.4
2001-10-31,20.7,20.5,19.5,22.2,32.4,33.0,2.45,3.52,4.59,49.6,1.08,1.24,0.51,1.45,1.61,1.37,1.38,307,714.0,492.0,762,277,282.0,187,373,204,,,101.8,86.6,95.0,170.6,158.19999999999999,146.2,,115.0,123.3,0.69,0.4799999999999999,0.42,2.27,1.45,3.01,11.9,0.53,0.47,0.15,2992.0,269.3,149.6,469.5,461.5,404.0,0.82,0.4799999999999999,0.54,44.0,135.9,124.4,96.1,112.5,1283,30.0,1377,468,3751,4825,762,283,431,4.4
2001-11-30,18.7,18.9,17.5,19.6,29.4,31.5,2.36,3.46,4.38,48.1,1.23,1.3,0.52,1.49,1.67,1.41,1.4,330,714.0,504.0,760,323,319.0,189,391,208,,,101.0,89.5,94.7,173.5,159.30000000000001,135.0,,116.4,125.3,0.65,0.5,0.47,2.28,1.42,3.03,11.68,0.53,0.47,0.17,2965.0,264.1,142.5,453.6,461.5,400.6,0.84,0.47,0.51,44.0,140.5,130.0,96.5,112.5,1327,30.0,1428,487,4042,5078,773,276,430,4.1
2001-12-31,18.5,18.6,17.6,19.3,27.4,30.5,2.41,3.4,4.27,48.3,1.34,1.25,0.54,1.51,1.61,1.49,1.43,339,710.0,533.0,772,360,309.0,189,397,195,,,102.9,91.9,95.9,179.3,163,134.3,,118.2,122.4,0.7,0.51,0.43,2.16,1.39,3.08,11.46,0.53,0.47,0.17,2873.0,265.2,138.1,455.6,468.5,386.3,0.95,0.4799999999999999,0.49,44.0,141.69999999999999,131.0,101.2,112.5,1345,30.0,1472,483,4019,5264,755,276,462,4.4
2002-01-31,19.2,19.5,18.3,19.7,27.4,29.7,2.25,3.06,4.21,44.7,1.39,1.28,0.5,1.47,1.66,1.29,1.46,362,686.0,588.0,684,374,329.0,188,389,206,,,99.3,92.0,95.4,191.8,173.5,142.5,,121.7,125.3,0.75,0.43,0.44,2.21,1.39,3.12,11.79,0.52,0.47,0.17,2841.0,262.5,133.3,450.4,468.5,369.4,0.96,0.54,0.57,44.0,146,131.0,104.1,112.5,1369,29.3,1504,513,3862,6043,793,282,472,4.5
2002-02-28,20.0,20.3,18.9,20.7,28.1,29.0,2.31,3.03,4.12,45.2,1.49,1.3,0.54,1.45,1.7,1.16,1.51,376,651.0,622.0,617,353,356.0,187,365,197,423.0,578.0,99.0,90.8,92.9,195.3,172.3,143.8,,113.4,123.3,0.87,0.52,0.45,2.23,1.39,3.11,11.9,0.52,0.46,0.14,2786.0,220.5,134.6,443.7,486.0,367.0,0.94,0.5799999999999998,0.62,44.0,150.30000000000001,138.0,99.6,112.5,1369,29.3,1562,480,3731,6029,771,296,471,4.4
2002-03-31,23.6,23.7,22.9,24.4,27.8,28.4,3.03,2.97,3.99,53.6,1.59,1.42,0.64,1.42,1.7,1.03,1.54,366,640.0,623.0,599,359,353.0,191,359,190,416.0,557.0,99.0,89.6,91.7,189.0,171.5,151.3,,116.6,122.5,0.91,0.57,0.59,2.35,1.38,3.1,11.9,0.52,0.45,0.15,2756.0,221.1,143.8,446.6,486.0,373.5,0.93,0.68,0.67,44.0,149.80000000000001,138.0,90.3,112.5,1405,29.3,1605,480,3843,6538,819,294,512,4.5
2002-04-30,25.4,25.7,24.4,26.2,27.1,26.8,3.42,2.81,3.96,57.6,1.57,1.44,0.65,1.48,1.6,1.35,1.49,411,631.0,642.0,590,360,405.0,195,371,186,411.0,552.0,95.8,87.1,88.9,190.2,171.6,148.4,,113.0,123.7,0.86,0.54,0.5799999999999998,2.25,1.38,3.15,11.24,0.53,0.43,0.15,2734.0,223.6,143.9,451.7,503.5,373.8,0.91,0.64,0.67,44.0,147.80000000000001,132.0,84.7,112.5,1370,29.3,1590,472,4024,6958,808,303,539,4.6
2002-05-31,25.7,25.4,24.6,27.0,26.9,25.8,3.49,2.83,4.01,58.6,1.6,1.35,0.62,1.46,1.48,1.52,1.39,420,618.0,676.0,600,385,418.0,197,400,187,415.0,574.0,97.6,90.3,89.8,197.5,177,148.0,,110.9,121.5,0.84,0.63,0.64,2.12,1.4,3.18,11.02,0.53,0.44,0.13,2766.0,225.7,153.4,472.2,503.5,391.4,0.88,0.68,0.7,44.0,143.9,136.1,85.5,112.5,1343,29.3,1596,452,4150,6761,770,314,534,4.7
2002-06-30,24.5,24.1,23.8,25.5,24.9,24.4,3.22,2.9,4.06,55.6,1.66,1.29,0.63,1.54,1.43,1.74,1.45,446,701.0,674.0,646,426,439.0,200,457,187,451.0,595.0,104.1,94.1,88.7,202.7,182.3,149.0,,115.4,132.0,0.66,0.65,0.64,2.06,1.41,3.24,10.14,0.54,0.44,0.13,2775.0,237.0,163.6,496.6,524.5,404.5,0.96,0.83,0.84,44.0,149.5,128.9,92.8,112.5,1354,29.3,1648,440,4286,7120,767,321,555,4.9
2002-07-31,25.8,25.8,24.6,26.9,23.2,22.7,2.98,2.95,4.56,53.3,1.87,1.25,0.63,1.58,1.39,1.86,1.48,445,729.0,658.0,705,422,433.0,218,490,191,477.0,,114.2,98.7,100.8,199.6,181,152.4,,123.5,149.3,0.65,0.54,0.65,2.13,1.42,3.39,10.03,0.57,0.46,0.14,2771.0,242.6,178.8,515.9,542.0,432.0,1.03,0.81,0.83,44.0,160.5,127.4,94.2,112.5,1338,29.3,1589,446,4331,7143,795,313,526,4.9
2002-08-31,26.8,26.6,25.3,28.4,22.3,21.3,3.09,3.01,4.35,54.8,1.96,1.2,0.61,1.52,1.5,1.56,1.5,443,731.0,649.0,759,446,433.0,227,503,190,521.0,610.0,121.0,108.9,113.8,190.3,175,148.3,,130.1,161.3,0.79,0.42,0.64,2.1,1.41,3.37,9.26,0.56,0.46,0.14,2722.0,236.8,181.9,508.4,559.4,432.8,1.09,0.83,0.86,44.0,162.5,133.3,105.0,112.5,1292,29.3,1480,423,3834,6717,748,310,545,4.5
2002-09-30,28.3,28.3,26.8,29.7,22.7,23.1,3.57,3.08,4.46,61.0,2.16,1.34,0.7099999999999999,1.58,1.61,1.56,1.56,410,743.0,646.0,795,425,415.0,236,506,202,525.0,,119.8,114.1,117.0,186.6,172.2,148.8,,151.8,187.8,0.68,0.49,0.63,2.04,1.41,3.44,9.15,0.57,0.47,0.15,2671.0,235.7,182.0,509.9,566.4,427.5,1.08,0.9,0.89,44.0,160.9,135.5,93.0,112.5,1301,29.3,1479,421,3957,6640,756,319,556,4.6
2002-10-31,27.5,27.5,26.2,28.9,24.5,27.4,4.12,3.28,4.54,68.7,2.2,1.45,0.73,1.58,1.61,1.57,1.55,434,778.0,638.0,816,427,423.0,229,529,202,539.0,,120.6,109.7,113.6,186.3,174,157.3,,156.8,190.3,0.68,0.54,0.61,1.9,1.39,3.47,9.48,0.57,0.4799999999999999,0.17,2688.0,237.3,179.9,505.1,566.4,415.8,1.09,0.83,0.83,44.0,156.30000000000001,133.1,92.3,112.5,1311,29.3,1484,418,4242,6804,755,317,580,4.4
2002-11-30,24.5,24.2,23.2,26.3,24.5,27.0,4.04,3.34,4.56,68.0,1.81,1.54,0.84,1.52,1.54,1.52,1.52,457,827.0,627.0,871,465,456.0,243,582,206,593.0,,120.1,108.9,115.1,186.8,175.3,158.3,,160.0,177.4,0.65,0.4,0.4799999999999999,1.91,1.36,3.51,9.48,0.5799999999999998,0.49,0.17,2706.0,243.7,183.5,515.9,552.4,424.1,1.15,0.84,0.84,44.0,151.5,132.0,92.3,112.5,1372,29.3,1582,442,4230,7314,765,319,588,4.5
2002-12-31,27.9,28.5,25.7,29.4,24.5,26.9,4.74,3.36,4.56,76.59999999999998,2.03,1.41,0.84,1.48,1.53,1.43,1.47,482,946.0,623.0,952,489,490.0,241,591,204,616.0,,117.2,107.0,113.3,186.5,174,154.3,,146.2,162.5,0.75,0.63,0.43,2.01,1.36,3.57,9.26,0.5799999999999998,0.49,0.18,2718.0,245.9,182.2,519.6,563.0,421.2,1.22,0.85,0.85,44.0,147.5,131.5,99.4,112.5,1375,29.3,1596,444,4237,7193,798,332,595,4.6
2003-01-31,30.8,31.2,28.1,32.9,24.9,27.5,5.41,3.61,4.69,86.0,2.18,1.45,0.91,1.52,1.59,1.45,1.51,494,960.0,640.0,970,486,492.0,244,541,206,624.0,612.0,113.7,106.1,110.8,200.8,185.3,152.0,,137.5,149.6,0.89,0.56,0.55,2.04,1.37,3.6,9.59,0.59,0.49,0.18,2656.0,260.2,187.8,536.3,552.4,421.4,1.25,0.9,0.91,44.0,149.80000000000001,128.6,112.0,112.5,1378,32.0,1648,445,4436,8026,781,357,628,4.8
2003-02-28,32.9,32.6,30.2,35.8,25.2,27.0,7.77,3.67,4.8,115.1,2.28,1.46,0.9,1.47,1.49,1.5,1.43,477,977.0,629.0,1016,477,473.0,243,522,214,586.0,595.0,114.2,105.9,109.2,198.8,182,150.3,,140.8,150.8,0.99,0.46,0.51,1.99,1.39,3.58,10.14,0.59,0.49,0.2,2651.0,263.9,186.8,544.0,549.0,419.2,1.29,0.94,0.99,44.0,155.30000000000001,136.0,132.1,112.5,1422,32.0,1684,476,4571,8623,785,359,682,4.7
2003-03-31,30.4,30.3,27.4,33.3,24.4,25.8,5.95,3.74,4.78,93.2,1.95,1.36,0.82,1.39,1.47,1.21,1.51,441,1022.0,620.0,1039,454,429.0,241,523,213,552.0,565.0,113.7,105.6,106.8,197.0,180.3,147.0,,129.4,141.8,1.01,0.49,0.63,2.02,1.41,3.52,10.14,0.5799999999999998,0.49,0.18,2661.0,264.7,184.2,545.6,559.4,421.8,1.35,0.95,1.06,44.0,177.2,143.8,138.9,112.5,1389,32.0,1659,457,4605,8379,791,341,674,4.5
2003-04-30,25.6,25.0,23.4,28.2,23.5,23.8,5.29,4.03,4.78,86.6,1.92,1.43,0.82,1.44,1.43,1.39,1.5,421,1050.0,602.0,1064,443,395.0,251,541,218,557.0,578.0,114.6,105.5,106.8,195.0,178.6,141.4,,125.8,138.6,0.89,0.38,0.67,1.97,1.4,3.5,11.46,0.5799999999999998,0.4799999999999999,0.17,2618.0,265.7,180.0,542.3,559.4,417.4,1.34,0.88,1.0,44.0,181.5,145.0,118.6,112.5,1332,32.0,1587,437,4566,7910,755,328,625,4.5
2003-05-31,26.1,25.8,24.3,28.1,23.3,23.7,5.84,4.04,4.74,93.3,1.74,1.46,0.83,1.46,1.44,1.42,1.52,440,1050.0,630.0,1147,454,409.0,250,549,222,607.0,595.0,115.5,107.5,105.0,198.0,180.8,142.5,,129.2,142.0,0.89,0.3,0.68,1.88,1.42,3.74,11.9,0.59,0.4799999999999999,0.16,2590.0,283.4,183.9,578.4,552.4,426.4,1.28,0.84,1.0,44.0,178.4,146.0,128.1,112.5,1398,32.0,1648,464,4737,8331,776,356,650,4.7
2003-06-30,27.9,27.5,25.5,30.7,24.1,26.8,5.77,4.05,4.77,92.6,1.57,1.35,0.75,1.49,1.43,1.54,1.5,459,1038.0,657.0,1235,466,435.0,239,546,219,612.0,609.0,111.5,107.3,97.6,203.4,186.2,151.2,,126.3,131.4,0.69,0.31,0.72,1.87,1.45,4.03,12.02,0.61,0.4799999999999999,0.15,2590.0,285.7,182.3,572.1,552.4,422.8,1.29,0.84,1.03,44.0,171.3,148.3,133.9,112.5,1410,32.0,1687,468,4695,8875,791,356,662,4.5
2003-07-31,28.6,28.4,26.6,30.7,24.4,29.5,5.01,4.04,4.75,83.2,1.56,1.39,0.78,1.63,1.49,1.84,1.55,439,1023.0,644.0,1261,458,415.0,230,531,211,583.0,575.0,96.6,96.8,89.8,198.5,182.3,150.3,,129.0,131.6,0.63,0.3,0.75,1.91,1.49,3.94,12.02,0.59,0.47,0.15,2625.0,278.6,181.7,556.9,552.4,421.3,1.33,0.88,1.0,44.0,176.4,150.9,142.8,112.5,1436,32.0,1710,515,4739,8797,828,351,682,4.8
2003-08-31,29.7,29.8,27.6,31.6,25.3,30.2,4.97,3.98,4.67,82.4,1.55,1.41,0.8,1.53,1.55,1.49,1.55,421,1020.0,623.0,1300,439,401.0,237,516,213,553.0,543.0,88.1,100.7,104.1,195.0,178.5,150.0,,144.2,148.7,0.49,0.2899999999999999,0.79,2.11,1.51,3.92,11.49,0.5799999999999998,0.47,0.15,2675.0,272.8,181.5,534.5,559.4,420.8,1.33,0.95,1.05,44.0,175.6,150.0,141.5,112.5,1456,32.0,1760,497,4823,9351,818,360,692,5.0
2003-09-30,26.9,27.1,25.3,28.3,26.7,34.1,4.61,3.97,4.7,78.09999999999998,1.64,1.46,0.82,1.53,1.61,1.4,1.58,431,1015.0,627.0,1330,441,429.0,264,558,230,564.0,545.0,90.6,104.1,109.1,197.6,180,154.6,,138.4,145.6,0.72,0.31,0.78,2.27,1.53,3.98,10.62,0.59,0.47,0.13,2687.0,274.8,187.2,532.8,545.5,434.1,1.41,1.09,1.11,44.0,171.3,153.6,146.8,112.5,1416,32.0,1790,521,4912,9965,818,379,705,5.2
2003-10-31,29.0,29.6,27.1,30.3,27.5,36.7,4.64,3.88,4.62,77.9,1.48,1.42,0.79,1.6,1.68,1.45,1.67,487,920.0,651.0,1359,515,501.0,310,608,277,616.0,615.0,95.7,105.4,108.3,195.8,181.5,157.0,,142.8,147.5,0.69,0.33,0.84,2.33,1.51,4.16,10.21,0.61,0.46,0.13,2686.0,292.3,196.8,549.5,545.5,456.3,1.6,1.29,1.3,44.0,166.4,164.0,150.6,112.5,1474,32.0,1921,587,5237,11047,898,379,732,5.0
2003-11-30,29.1,28.8,27.5,31.1,29.9,39.2,4.53,3.9,4.72,76.7,1.51,1.37,0.75,1.56,1.67,1.4,1.62,515,932.0,676.0,1389,548,522.0,327,631,293,620.0,628.0,101.6,108.5,114.2,193.4,179.8,158.4,,160.9,160.5,0.75,0.41,0.66,2.59,1.51,4.22,10.0,0.61,0.46,0.13,2642.0,298.3,197.5,549.9,545.5,457.9,1.7,1.26,1.28,44.0,169.4,163.0,153.5,112.5,1508,32.0,2055,622,5363,12087,915,390,760,5.2
2003-12-31,30.0,29.9,27.9,32.1,34.0,38.7,6.13,3.97,4.75,96.5,1.63,1.43,0.79,1.57,1.63,1.48,1.59,583,960.0,684.0,1402,540,583.0,332,637,276,649.0,660.0,101.2,111.2,116.8,198.3,185.5,163.0,197.0,158.8,165.6,0.84,0.37,0.5799999999999998,2.55,1.52,4.42,9.74,0.64,0.45,0.14,2674.0,313.4,196.4,577.3,538.5,463.2,1.62,1.24,1.26,44.0,187.5,162.9,159.4,112.5,1555,32.0,2201,692,6058,14163,978,407,808,5.6
2004-01-31,31.4,31.2,28.7,34.2,37.8,41.3,6.09,3.87,4.75,95.6,1.63,1.6,0.88,1.54,1.64,1.35,1.63,584,992.0,682.0,1433,527,569.0,350,657,293,675.0,689.0,98.5,115.5,121.7,212.8,198,171.0,198.8175,155.9,166.3,0.94,0.43,0.72,2.54,1.53,4.39,10.2,0.67,0.45,0.13,2768.0,315.3,199.1,592.8,538.5,469.4,1.67,1.21,1.24,44.0,204.3,171.6,160.3,112.5,1606,37.9,2424,758,6485,15327,1017,414,850,6.3
2004-02-29,31.3,30.9,28.4,34.7,41.8,42.3,5.38,3.89,4.81,87.1,1.57,1.68,0.82,1.56,1.66,1.38,1.65,642,1000.0,685.0,1433,564,614.0,368,682,299,705.0,731.0,95.6,123.5,126.2,213.3,200,181.8,204.07,157.5,161.4,0.97,0.5,0.83,2.39,1.58,4.73,10.31,0.68,0.46,0.13,2780.0,325.6,199.0,594.3,552.4,469.3,1.63,1.25,1.28,44.0,211.5,177.1,134.5,112.5,1686,37.9,2760,888,6673,15145,1088,405,846,6.4
2004-03-31,33.7,33.8,30.5,36.7,48.9,42.5,5.4,3.86,4.88,87.2,1.5,1.72,0.81,1.51,1.72,1.23,1.59,685,980.0,663.0,1356,584,679.0,413,689,329,688.0,712.0,103.0,127.8,130.2,237.8,225.6,207.4,225.802,156.5,166.3,1.06,0.51,0.93,2.34,1.61,4.63,10.52,0.67,0.47,0.14,2774.0,315.7,195.2,539.5,552.4,460.3,1.59,1.27,1.33,44.0,205.3,177.5,130.5,112.5,1656,37.9,3009,886,7620,13715,1106,407,900,7.2
2004-04-30,33.7,33.4,31.1,36.7,53.3,47.3,5.72,3.92,4.91,91.4,1.44,1.66,0.8,1.67,1.72,1.76,1.54,736,970.0,652.0,1323,575,737.0,358,672,332,645.0,696.0,112.5,133.5,128.6,240.8,229.3,215.0,240.71,157.2,166.6,0.88,0.53,0.86,2.43,1.65,4.57,10.69,0.66,0.46,0.15,2765.0,308.7,198.0,527.4,552.4,466.8,1.53,1.27,1.37,44.0,199.4,177.5,128.4,112.5,1730,37.9,2949,754,8956,12848,1033,403,881,7.1
2004-05-31,37.6,37.9,34.5,40.3,56.4,52.6,6.34,3.95,4.91,99.0,1.42,1.7,0.81,1.67,1.72,1.77,1.52,716,982.0,643.0,1323,537,724.0,316,628,294,701.0,684.0,111.6,128.2,118.6,232.0,222,212.8,236.1425,148.3,163.7,0.92,0.56,0.87,2.68,1.69,4.49,10.6,0.65,0.46,0.14,2770.0,319.4,188.4,563.9,587.4,444.4,1.54,1.24,1.35,44.0,191.1,177.5,135.9,112.5,1623,37.9,2734,809,9459,11118,1028,384,810,5.9
2004-06-30,35.5,35.2,33.4,38.0,59.6,62.6,6.27,4.01,5.04,98.6,1.4,1.81,0.88,1.67,1.53,1.98,1.51,658,1017.0,645.0,1265,471,639.0,295,582,254,700.0,632.0,114.0,123.3,115.9,229.0,219.8,212.5,230.742,137.2,154.7,0.85,0.6,0.92,2.76,1.76,4.55,10.4,0.67,0.44,0.15,2769.0,323.2,198.6,570.5,590.9,456.8,1.42,1.2,1.37,44.0,190.6,177.5,158.3,112.5,1678,37.9,2687,870,9205,13534,1021,392,808,5.9
2004-07-31,37.9,38.4,34.5,40.8,61.4,68.5,5.93,4.28,5.07,95.8,1.56,1.65,0.79,1.71,1.63,1.98,1.53,669,1039.0,638.0,1247,455,638.0,279,605,228,651.0,624.0,104.0,104.8,96.7,230.8,221,210.0,228.9625,131.6,150.6,0.72,0.6,0.99,2.81,1.78,4.59,10.5,0.67,0.45,0.17,2732.0,326.5,200.4,588.7,594.4,457.2,1.26,1.15,1.28,44.0,201.5,191.5,185.0,112.5,1709,37.9,2808,940,9044,15023,988,398,810,6.3
2004-08-31,42.1,43.0,38.3,44.9,59.3,63.6,5.4,4.34,5.16,89.6,1.73,1.62,0.75,1.77,1.82,1.93,1.57,627,1001.0,624.0,1235,458,641.0,265,605,217,668.0,632.0,87.8,104.1,103.1,239.0,228.2,212.4,232.715,129.1,141.3,0.6,0.55,0.94,2.92,1.77,4.53,9.79,0.67,0.44,0.17,2724.0,331.8,198.6,584.4,594.4,453.1,1.19,1.14,1.23,44.0,208.1,195.0,196.2,125.9,1692,37.9,2846,922,9022,13680,976,401,849,6.7
2004-09-30,41.6,43.4,35.5,45.9,55.4,61.0,5.14,4.41,5.43,87.0,1.55,1.77,0.75,1.8,1.89,1.89,1.64,657,1000.0,625.0,1214,468,669.0,260,602,221,658.0,657.0,85.4,97.9,99.7,235.3,224.5,206.3,224.172,138.2,151.0,0.8,0.54,0.9,2.93,1.72,4.51,9.41,0.66,0.45,0.17,2675.0,339.3,199.3,610.9,594.4,454.5,1.24,1.15,1.24,44.0,208.5,195.0,218.1,143.5,1724,37.9,2895,935,9020,13271,975,405,848,6.4
2004-10-31,46.9,49.8,37.6,53.2,56.6,59.7,6.41,4.83,5.55,104.6,1.48,1.78,0.7,1.79,2.0,1.87,1.51,642,960.0,629.0,1213,451,657.0,249,583,215,669.0,701.0,87.9,93.8,93.8,244.0,230.3,201.3,222.145,141.4,150.1,0.77,0.5,0.92,2.79,1.68,4.58,9.41,0.66,0.47,0.19,2706.0,347.0,198.0,624.4,601.4,459.0,1.16,1.21,1.27,44.0,211.8,195.0,242.1,146.0,1820,37.9,3012,933,9045,14404,1065,420,841,7.1
2004-11-30,42.1,43.1,34.9,48.4,52.8,60.8,6.09,4.96,5.45,101.2,1.66,1.99,0.72,1.78,2.04,1.86,1.45,659,956.0,643.0,1226,455,665.0,260,561,214,685.0,727.0,95.5,93.7,92.3,259.2,244.8,211.6,233.07,140.8,156.6,1.09,0.49,0.72,2.77,1.65,4.71,9.79,0.68,0.45,0.18,2712.0,360.9,202.1,610.5,608.4,476.7,1.08,1.22,1.23,44.0,213.8,198.5,224.5,151.2,1814,37.9,3123,968,9070,14045,1096,439,854,7.5
2004-12-31,39.0,39.6,34.3,43.2,52.3,54.3,6.58,5.01,5.57,107.5,1.66,2.3,0.81,1.73,2.01,1.67,1.51,654,959.0,654.0,1234,446,657.0,265,552,222,710.0,724.0,92.0,95.4,90.7,278.3,261.8,219.8,238.512,139.5,153.9,1.1,0.5,0.69,2.71,1.62,4.89,9.81,0.7099999999999999,0.45,0.18,2708.0,362.2,190.4,629.6,608.4,510.4,1.07,1.19,1.18,44.0,211.1,202.0,185.3,152.5,1849,37.9,3145,975,8554,13769,1180,442,848,7.1
2005-01-31,43.0,44.3,37.8,46.8,53.0,51.4,6.15,5.46,5.42,104.4,1.55,2.36,0.81,1.62,1.95,1.39,1.51,646,946.0,711.0,1235,419,641.0,262,520,232,684.0,699.0,90.7,96.3,90.0,287.0,268.60000000000001999,226.2,255.3225,142.5,153.6,1.15,0.59,0.64,2.69,1.62,4.76,9.8,0.69,0.45,0.19,2696.0,354.0,191.4,603.4,636.4,513.3,1.13,1.19,1.18,44.0,208.6,202.0,184.6,152.5,1834,65.0,3170,953,7736,14505,1246,424,859,6.6
2005-02-28,44.8,45.6,40.9,48.0,49.9,46.6,6.14,5.49,5.58,104.5,1.63,2.66,0.91,1.59,1.91,1.38,1.48,646,912.0,715.0,1235,423,649.0,261,496,237,647.0,695.0,87.4,94.1,92.3,290.0,270.5,231.8,265.6425,141.6,151.2,1.31,0.89,0.74,2.7,1.63,4.79,9.7,0.69,0.45,0.2,2734.0,351.4,191.0,598.6,636.4,514.9,1.16,1.22,1.26,44.0,207.1,202.0,185.8,152.5,1883,65.0,3254,978,8089,15350,1326,423,864,7.0
2005-03-31,50.9,53.1,45.6,54.2,50.9,45.3,6.97,5.52,5.59,114.6,1.76,2.98,1.09,1.59,1.94,1.34,1.49,710,907.0,692.0,1235,458,723.0,290,544,255,664.0,714.0,94.2,99.9,96.4,292.8,272.5,230.0,262.916,152.2,151.0,1.39,0.79,1.11,2.75,1.63,4.8,9.7,0.7,0.45,0.2,2769.0,355.9,193.7,593.5,646.9,517.5,1.24,1.22,1.32,44.0,210.6,202.0,217.1,152.5,1980,65.0,3379,1004,8407,16191,1372,434,867,7.2
2005-04-30,50.6,51.9,47.1,53.0,51.3,46.3,7.15,5.86,5.67,118.6,1.59,2.86,1.12,1.73,1.89,1.83,1.47,679,900.0,680.0,1223,458,684.0,283,546,243,652.0,695.0,93.3,96.3,93.0,297.3,276.3,225.5,259.925,132.1,140.9,1.33,0.59,1.17,2.74,1.63,4.72,9.62,0.69,0.47,0.19,2787.0,323.5,194.1,569.2,643.4,507.6,1.26,1.21,1.31,44.0,214.8,202.0,242.1,152.5,1894,65.0,3394,986,8144,16142,1300,429,865,7.1
2005-05-31,47.8,48.7,45.0,49.8,51.3,45.9,6.47,5.89,5.74,110.4,1.51,2.83,1.24,1.61,1.76,1.65,1.41,647,889.0,671.0,1213,450,648.0,283,538,234,653.0,700.0,88.9,95.4,96.2,293.8,272.60000000000001999,220.4,256.145,133.1,143.3,1.47,0.62,1.1,2.77,1.64,4.54,9.48,0.68,0.4799999999999999,0.19,2796.0,342.5,202.5,571.1,657.3,519.1,1.23,1.21,1.36,44.0,217.2,201.6,256.0,152.5,1744,65.0,3249,988,8125,16932,1244,422,866,7.0
2005-06-30,53.9,54.3,51.0,56.4,51.0,49.1,7.19,5.91,5.68,119.2,1.54,2.67,1.32,1.64,1.65,1.89,1.39,639,870.0,673.0,1199,452,644.0,306,560,241,642.0,706.0,93.4,97.1,97.1,285.0,262.5,210.8,241.488,131.1,141.9,1.23,0.49,0.93,2.78,1.64,4.39,9.59,0.67,0.4799999999999999,0.2,2818.0,328.3,203.1,547.4,657.3,510.9,1.19,1.27,1.46,44.0,224.3,201.5,217.5,152.5,1731,65.0,3524,986,7619,16160,1276,431,880,7.3
2005-07-31,56.4,57.6,52.9,58.7,50.9,51.3,7.63,6.42,6.03,127.2,1.49,2.42,1.28,1.69,1.64,1.98,1.45,606,849.0,666.0,1179,455,615.0,298,561,245,645.0,708.0,96.8,107.5,105.6,276.8,256.5,207.3,237.285,130.9,143.9,0.91,0.4,0.75,2.81,1.65,4.23,9.91,0.64,0.4799999999999999,0.21,2792.0,328.3,205.5,541.3,657.3,496.0,1.21,1.45,1.69,44.0,228.3,201.3,221.9,152.5,1779,65.0,3614,854,7169,14581,1194,424,874,7.0
2005-08-31,61.9,64.1,56.6,65.0,49.1,49.5,9.63,6.56,6.2,152.3,1.48,2.39,1.15,1.65,1.76,1.71,1.5,550,816.0,651.0,1165,448,555.0,274,550,238,654.0,682.0,98.0,101.7,100.1,282.8,261.39999999999998001,212.8,255.654,131.8,149.4,1.0,0.4,0.76,2.76,1.65,4.33,9.63,0.66,0.45,0.22,2747.0,335.0,211.9,553.1,664.3,510.3,1.19,1.44,1.6,44.0,231.5,201.4,208.5,152.5,1868,65.0,3798,887,7189,14893,1298,438,898,7.0
2005-09-30,61.7,63.0,56.5,65.5,45.3,46.6,12.88,6.58,6.39,192.0,1.5,2.19,1.03,1.66,1.89,1.57,1.52,559,806.0,652.0,1168,454,576.0,263,545,234,688.0,683.0,97.9,96.4,97.4,285.3,264.3,215.5,256.9975,128.2,159.7,1.1,0.59,0.75,2.75,1.66,4.32,9.64,0.66,0.47,0.23,2761.0,330.9,216.8,545.3,671.3,513.2,1.21,1.59,1.7,44.0,240.8,201.0,210.4,152.5,1840,65.0,3858,933,6784,14228,1398,456,915,7.2
2005-10-31,58.2,58.5,53.7,62.4,42.5,43.3,13.52,7.28,6.48,203.2,1.46,2.32,1.05,1.69,1.96,1.57,1.54,587,862.0,656.0,1129,468,623.0,257,579,225,734.0,646.0,98.5,101.9,97.4,286.4,265.2,217.4,269.3575,135.3,167.8,1.06,0.63,0.82,2.7,1.64,4.2,9.85,0.64,0.4799999999999999,0.25,2771.0,324.4,211.3,534.6,671.3,496.4,1.28,1.63,1.7,44.0,246.4,201.0,215.5,152.5,1929,65.0,4060,1005,6423,12403,1488,470,931,7.7
2005-11-30,55.0,55.5,51.3,58.3,38.1,38.1,10.43,7.46,6.61,166.6,1.44,2.38,1.13,1.65,1.88,1.6,1.47,582,850.0,671.0,1036,467,620.0,256,559,222,727.0,598.0,98.8,95.4,92.6,277.8,257.3,209.5,272.0,132.3,161.1,1.09,0.59,0.88,2.7,1.6,4.1,9.75,0.63,0.4799999999999999,0.25,2860.0,318.2,205.5,524.4,685.3,498.3,1.25,1.58,1.6,44.0,246.1,201.0,235.0,167.5,2051,65.0,4269,1018,6160,12116,1611,477,963,7.9
2005-12-31,56.4,56.7,53.1,59.4,38.2,41.0,12.83,7.49,6.49,195.8,1.51,2.33,1.24,1.65,1.89,1.54,1.51,553,884.0,682.0,1036,457,591.0,264,538,236,712.0,602.0,103.0,102.1,96.6,280.5,257,206.8,,137.6,164.4,1.02,0.65,0.85,2.65,1.57,4.1,9.81,0.64,0.4799999999999999,0.2899999999999999,2946.0,320.1,210.5,527.6,685.3,505.7,1.25,1.63,1.68,44.0,245.9,201.0,213.9,167.5,2247,65.0,4577,1124,6714,13429,1822,510,977,8.6
2006-01-31,62.5,63.6,58.3,65.5,43.2,44.7,8.66,7.96,6.53,147.4,1.57,2.74,1.4,1.7,1.89,1.51,1.68,569,853.0,655.0,1029,459,606.0,257,536,231,729.0,591.0,103.6,102.7,100.6,291.3,266.3,211.0,263.85666666667,144.2,167.2,0.95,0.69,0.85,2.62,1.54,4.02,9.76,0.65,0.52,0.35,2917.0,323.8,221.0,587.0,713.3,519.7,1.29,1.76,1.88,44.0,244.3,201.0,202.3,167.5,2378,67.2,4734,1256,7051,14555,2090,550,1026,9.1
2006-02-28,59.7,59.9,57.6,61.6,47.7,49.4,7.49,7.95,7.04,133.5,1.55,2.63,1.39,1.92,1.95,1.46,2.35,591,848.0,668.0,993,474,621.0,257,533,230,716.0,595.0,101.1,107.1,106.1,301.5,274.8,216.8,264.2875,149.2,179.8,1.0,0.85,0.82,2.65,1.53,3.98,9.81,0.64,0.53,0.4,2895.0,316.4,222.5,579.0,713.3,530.2,1.32,1.93,2.06,44.0,238.1,201.0,213.9,167.5,2455,65.2,4982,1277,7826,14979,2219,555,1042,9.5
2006-03-31,60.9,62.3,57.6,62.9,49.8,54.5,6.9,7.99,6.88,126.4,1.55,2.51,1.31,1.75,1.94,1.34,1.96,575,808.0,681.0,962,473,590.0,257,541,218,739.0,606.0,100.4,105.3,103.7,303.5,274.5,216.5,244.856,142.7,174.4,1.0,0.83,0.81,2.62,1.51,3.88,9.81,0.64,0.51,0.38,2828.0,306.5,225.2,582.9,713.3,537.0,1.27,1.91,2.07,44.0,233.6,200.6,243.1,167.5,2429,66.7,5103,1192,7940,14897,2417,557,1041,10.4
2006-04-30,68.0,70.4,64.1,69.4,52.9,54.9,7.09,8.24,6.93,130.0,1.55,2.54,1.33,1.9,1.89,1.85,1.96,578,753.0,683.0,937,476,574.0,258,540,210,774.0,659.0,102.1,107.7,109.4,302.3,271.5,218.5,244.25,140.8,180.3,0.97,0.73,0.8,2.6,1.49,3.93,9.91,0.65,0.52,0.39,2825.0,312.9,229.4,588.5,720.3,545.6,1.24,1.94,2.14,44.0,231.8,200.5,247.5,167.5,2621,67.3,6388,1170,8853,17942,3085,611,1099,12.6
2006-05-31,68.7,70.2,64.9,70.9,52.6,50.4,6.2,8.279999999999998,6.92,119.3,1.6,2.41,1.32,1.89,1.75,1.85,2.07,583,780.0,723.0,937,484,558.0,266,588,213,828.0,679.0,107.5,110.6,113.8,308.0,276,219.4,256.228,150.9,193.2,1.05,0.93,0.8,2.62,1.5,4.2,10.34,0.68,0.52,0.37,2831.0,325.6,244.2,643.2,759.9,576.6,1.2,2.15,2.45,44.0,232.9,200.5,229.5,167.5,2861,67.3,8046,1167,8837,21077,3566,675,1261,13.4
2006-06-30,68.3,68.9,65.1,70.9,52.4,52.4,6.19,8.29,7.1,119.4,1.61,2.27,1.33,1.98,1.74,2.07,2.13,575,796.0,733.0,957,478,535.0,267,601,216,830.0,666.0,106.9,109.4,111.9,312.5,280.5,216.5,259.4275,140.1,195.2,0.95,0.65,0.67,2.57,1.52,4.19,10.49,0.67,0.51,0.34,2855.0,309.9,238.5,621.6,749.3,611.2,1.22,2.35,2.7,44.0,232.4,200.5,210.0,167.5,2477,69.3,7198,964,7896,20755,3226,596,1189,10.8
2006-07-31,72.5,73.9,69.0,74.4,52.8,51.7,6.25,8.58,6.86,121.3,1.68,2.31,1.42,2.0,1.83,2.03,2.15,583,851.0,759.0,991,499,556.0,272,630,215,821.0,647.0,112.1,114.0,120.0,315.4,286.60000000000001999,218.6,257.43,143.9,202.4,0.75,0.56,0.73,2.62,1.54,4.14,10.45,0.63,0.49,0.35,2955.0,312.3,236.1,621.9,749.6,635.4,1.22,2.31,2.48,44.0,230.3,202.0,205.5,172.5,2513,70.5,7712,1052,8419,26586,3340,634,1229,11.2
2006-08-31,71.8,73.59999999999998,68.8,73.0,50.9,53.6,7.0,8.71,7.23,131.2,1.62,2.46,1.62,1.95,1.9,1.88,2.09,606,880.0,777.0,1042,534,567.0,262,632,223,809.0,666.0,114.5,116.6,114.4,312.7,284.3,220.0,263.628,148.4,189.9,0.76,0.54,0.83,2.66,1.55,4.12,9.65,0.64,0.47,0.3,3038.0,317.1,240.0,637.4,769.3,638.6,1.32,2.14,2.18,44.0,228.3,202.0,210.5,192.5,2460,69.8,7696,1174,8502,30744,3347,633,1234,12.2
2006-09-30,62.1,62.8,59.8,63.8,47.1,48.8,4.86,8.77,7.65,105.9,1.57,2.42,1.7,1.91,2.0,1.86,1.87,609,913.0,802.0,1079,511,544.0,258,602,232,786.0,669.0,115.4,121.7,119.5,309.2,282.8,224.4,267.71,166.9,196.0,0.8,0.54,0.88,2.68,1.56,4.0,9.12,0.63,0.47,0.27,3120.0,315.0,246.5,639.5,766.7,641.0,1.3,1.81,1.81,44.0,225.1,202.0,215.1,192.5,2473,70.0,7602,1342,9039,30131,3403,598,1184,11.7
2006-10-31,57.9,58.4,56.5,58.9,44.1,49.2,5.96,8.97,7.2,119.9,1.53,2.44,1.66,1.85,1.98,1.84,1.74,626,937.0,860.0,1102,514,558.0,273,615,244,784.0,666.0,136.6,142.2,138.2,301.0,274.8,223.5,283.2125,197.8,212.1,0.79,0.55,1.04,2.69,1.54,3.98,8.68,0.63,0.45,0.26,3153.0,316.9,245.3,642.0,762.1,632.1,1.26,1.79,1.82,44.0,218.5,202.0,209.2,192.5,2655,71.7,7500,1531,9768,32703,3823,586,1082,11.6
2006-11-30,58.1,58.5,56.8,59.1,46.0,48.2,7.45,8.99,7.21,138.1,1.58,2.7,1.69,1.79,1.93,1.71,1.72,656,1045.0,849.0,1102,572,594.0,300,676,248,822.0,722.0,148.1,164.5,167.1,296.3,273.3,220.8,,192.9,209.7,0.86,0.6,0.93,2.77,1.52,3.95,8.6,0.64,0.44,0.26,3149.0,328.5,256.0,656.8,777.0,639.1,1.27,1.62,1.62,44.0,219.4,202.0,227.4,192.5,2703,73.5,7029,1625,10079,32114,4382,628,1183,12.9
2006-12-31,61.0,62.3,58.7,62.0,49.8,50.7,6.58,8.92,7.35,127.3,1.71,2.83,1.69,1.83,2.12,1.65,1.71,732,1038.0,873.0,1102,626,641.0,297,698,249,854.0,730.0,151.0,160.4,170.6,305.0,280.3,228.3,,189.8,204.3,0.89,0.66,0.79,2.7,1.53,4.06,8.64,0.66,0.43,0.26,3064.0,336.9,268.5,674.7,798.2,640.3,1.31,1.65,1.73,44.0,223.8,205.5,251.7,192.5,2814,73.5,6675,1726,11159,34570,4405,630,1121,13.3
2007-01-31,53.5,54.3,52.0,54.2,51.3,50.1,6.58,8.59,7.11,125.6,1.7,2.75,1.74,1.79,2.09,1.57,1.7,731,1050.0,908.0,1072,638,649.0,306,697,264,823.0,719.0,152.1,164.8,175.1,313.0,286.60000000000001999,243.8,,176.0,196.1,0.99,0.64,0.8,2.69,1.57,3.98,8.76,0.65,0.44,0.24,3096.0,358.7,262.3,721.8,796.4,622.0,1.3,1.94,2.08,44.0,249.2,207.5,265.0,192.5,2809,78.2,5670,1666,11362,36811,3787,631,1147,12.8
2007-02-28,57.6,57.8,55.7,59.3,52.9,51.6,7.97,8.56,6.89,142.2,1.82,2.69,1.74,1.78,2.28,1.41,1.65,763,1050.0,917.0,1016,645,677.0,325,715,283,790.0,709.0,151.0,177.3,180.6,315.0,291.8,257.5,303.0,176.5,200.0,1.07,0.65,0.84,2.71,1.63,3.94,8.82,0.65,0.46,0.23,3183.0,375.2,262.6,720.9,795.4,622.7,1.28,2.12,2.28,44.0,317.60000000000001999,215.0,299.4,192.5,2832,82.7,5676,1780,12933,41184,3310,665,1205,13.9
2007-03-31,60.6,62.1,59.1,60.6,55.4,53.5,7.12,8.37,6.86,130.9,1.92,2.58,1.7,1.77,2.42,1.27,1.63,769,1050.0,937.0,1055,661,701.0,322,719,279,772.0,713.0,157.1,170.5,170.0,318.7,299.3,262.3,304.93,168.5,199.1,1.06,0.65,0.81,2.69,1.68,3.9,9.03,0.66,0.46,0.23,3298.0,380.0,269.7,717.4,791.5,643.8,1.29,2.05,2.23,44.0,387,254.5,318.1,192.5,2762,88.6,6452,1914,13893,46325,3271,655,1219,13.2
2007-04-30,65.1,67.4,63.8,63.9,56.1,51.4,7.59,8.0,7.09,135.0,1.98,2.53,1.75,1.98,2.34,2.01,1.59,828,1050.0,978.0,1078,743,797.0,320,754,265,808.0,755.0,157.1,152.7,149.5,316.5,296,258.5,302.25,175.3,198.3,1.12,0.65,0.86,2.69,1.72,4.0,9.42,0.67,0.46,0.21,3361.0,387.9,266.0,733.1,808.8,635.1,1.26,2.17,2.32,44.0,404.6,300.0,291.0,192.5,2815,91.3,7766,2001,14053,50267,3557,679,1276,13.7
2007-05-31,65.2,67.5,64.5,63.5,56.0,50.3,7.61,7.98,7.22,135.3,2.0,2.5,1.85,1.94,2.28,2.0,1.55,894,1081.0,1200.0,1169,816,867.0,334,789,268,845.0,831.0,161.7,160.2,150.0,317.6,295.8,255.4,300.355,180.8,195.7,1.04,0.69,0.89,2.7,1.75,3.99,9.68,0.67,0.46,0.21,3397.0,373.6,261.9,724.0,806.2,641.1,1.22,2.22,2.37,44.0,392,338.1,293.1,192.5,2793,102.0,7681,2101,14140,52179,3831,667,1301,13.1
2007-06-30,68.2,71.3,65.8,67.5,61.6,56.8,7.3,8.029999999999998,7.11,131.7,2.02,2.63,2.04,2.07,2.31,2.25,1.66,979,1107.0,1354.0,1268,833,968.0,361,836,278,868.0,916.0,184.4,165.2,154.8,323.3,300.5,257.0,302.486,205.0,223.0,0.98,0.78,0.94,2.68,1.78,3.99,9.93,0.67,0.47,0.2,3409.0,356.9,257.9,718.1,807.1,642.6,1.34,2.11,2.23,44.0,387.9,355.0,291.9,192.5,2677,103.2,7474,2425,14100,41719,3603,656,1286,13.1
2007-07-31,73.59999999999998,77.2,69.5,74.09999999999998,67.3,58.1,6.22,8.13,7.26,119.1,2.16,2.59,2.04,2.13,2.49,2.27,1.64,929,1186.0,1383.0,1405,855,920.0,376,887,301,926.0,999.0,177.9,146.8,138.5,328.8,306.8,260.4,302.7125,225.6,238.4,0.95,0.73,1.14,2.67,1.79,4.09,10.19,0.68,0.47,0.22,3364.0,364.8,263.1,744.5,826.4,645.6,1.5,2.04,2.08,44.0,398.5,355.0,269.5,192.5,2732,106.1,7973,3083,14738,33426,3546,665,1303,12.9
2007-08-31,70.1,70.8,67.2,72.4,69.4,60.2,6.2,8.34,7.7,120.1,1.91,2.72,1.93,2.07,2.55,2.05,1.61,910,1303.0,1360.0,1472,831,904.0,385,922,317,958.0,1114.0,158.9,151.2,150.3,327.5,306.5,264.5,310.0,253.9,259.7,0.94,0.7,1.23,2.69,1.79,4.11,10.07,0.68,0.4799999999999999,0.22,3308.0,371.2,270.9,744.9,816.7,646.8,1.47,2.07,2.11,44.0,401.6,377.5,260.6,192.5,2516,121.9,7514,3119,15174,27652,3253,665,1264,12.3
2007-09-30,76.8,77.09999999999998,73.3,79.9,68.4,62.8,6.1,8.54,8.09,120.1,1.93,2.82,2.05,2.13,2.61,2.02,1.77,930,1417.0,1221.0,1523,852,927.0,426,977,364,1045.0,1279.0,184.7,159.4,163.3,325.0,306.3,272.3,315.25,323.0,326.5,1.11,0.66,1.03,2.69,1.8,4.3,9.92,0.69,0.46,0.22,3303.0,378.7,275.0,779.4,819.6,647.7,1.5,2.11,2.16,57.8,399.6,392.5,305.0,197.5,2391,148.7,7649,3227,15023,29538,2881,713,1308,12.8
2007-10-31,82.0,82.9,77.09999999999998,85.9,74.8,73.09999999999998,6.8,9.16,8.55,131.9,1.91,2.96,2.01,2.25,2.9,2.1,1.75,1010,1395.0,1215.0,1633,926,1000.0,450,1008,402,1147.0,1358.0,197.1,164.2,163.2,329.2,313.39999999999998001,293.2,323.0,325.5,335.1,1.1,0.66,0.97,2.67,1.76,4.39,9.92,0.7099999999999999,0.45,0.22,3280.0,387.7,271.7,801.2,813.0,648.0,1.52,2.26,2.33,71.5,406,402.9,323.8,202.5,2442,168.1,8008,3720,16071,31055,2975,755,1411,13.7
2007-11-30,91.3,92.5,86.7,94.8,84.6,89.8,7.14,9.47,9.14,137.9,1.97,2.89,2.04,2.21,2.91,2.0,1.71,1131,1605.0,1241.0,1830,999,1115.0,489,1142,409,1252.0,1401.0,187.6,171.3,170.1,342.0,327.8,311.3,320.0,307.7,321.8,1.05,0.65,1.05,2.72,1.71,4.43,10.12,0.73,0.44,0.22,3348.0,422.1,279.4,866.0,806.3,647.2,1.54,2.37,2.48,71.5,447,423.8,366.3,202.5,2507,195.1,6967,3328,16692,30610,2541,806,1449,14.7
2007-12-31,89.5,91.5,85.8,91.4,91.0,94.3,7.15,9.49,9.18,138.2,2.11,3.03,2.01,2.31,3.09,2.12,1.73,1153,1676.0,1283.0,1979,1002,1137.0,504,1188,433,1337.0,1469.0,198.9,180.3,187.0,360.7,347.3,331.7,,345.3,368.6,1.05,0.65,0.93,2.73,1.69,4.31,10.3,0.72,0.45,0.24,3433.0,418.9,275.3,846.7,788.3,645.9,1.53,2.41,2.48,71.5,512.5,446.9,401.7,202.5,2382,190.1,6588,2596,16263,25992,2353,803,1493,14.3
2008-01-31,90.7,91.9,87.2,93.0,91.8,100.6,8.0,10.7,9.94,154.7,2.2,3.08,2.19,2.38,3.05,1.94,2.14,1285,1750.0,1230.0,1984,1122,1278.0,529,1280,448,1390.0,1709.0,205.5,206.7,212.7,375.6,364.4,358.0,,343.8,370.7,1.17,0.69,1.03,2.77,1.7,4.29,10.47,0.73,0.45,0.26,3439.0,483.9,287.1,954.9,812.6,640.9,1.61,2.53,2.62,71.5,593.9,539.2,376.6,230.6,2446,193.4,7061,2608,16337,27690,2340,890,1583,15.9
2008-02-29,93.4,94.8,90.0,95.4,132.0,115.0,8.55,10.84,10.46,162.4,2.5,3.47,2.55,2.4,3.04,1.73,2.42,1382,1721.0,1255.0,1984,1269,1392.0,574,1414,458,1430.0,1839.0,216.4,220.1,218.5,464.8,#VALUE!,432.8,,388.7,425.0,1.45,0.79,1.05,2.89,1.74,4.52,10.47,0.73,0.44,0.3,3388.0,545.7,288.4,1083.0,855.8,639.2,1.65,2.72,2.79,71.5,692.5,729.4,328.1,240.0,2777,186.1,7888,3080,17210,27955,2438,922,2000,17.6
2008-03-31,101.8,103.3,96.8,105.5,118.3,111.0,9.4,11.04,10.96,174.1,2.73,3.3,2.69,2.26,3.06,1.63,2.1,1471,1700.0,1271.0,2075,1377,1456.0,559,1489,466,1510.0,1863.0,228.6,234.4,224.9,594.0,0,537.6,,419.6,439.7,1.64,1.03,1.23,3.01,1.79,4.79,10.47,0.77,0.46,0.2899999999999999,3348.0,562.8,304.9,1068.7,912.5,640.9,1.77,2.7,2.79,71.5,862.2,875.6,371.0,240.0,3005,197.1,8439,3009,19804,31225,2511,968,2025,19.3
2008-04-30,108.8,110.2,103.5,112.6,123.0,108.8,10.13,12.19,11.42,188.7,2.61,3.1,2.45,2.49,2.92,2.35,2.2,1443,1700.0,1289.0,2126,1320,1426.0,549,1422,516,1471.0,1838.0,237.8,246.4,240.3,907.0,0,762.7,,323.4,362.2,1.44,0.97,1.23,3.16,1.81,4.89,10.47,0.78,0.45,0.28,3411.0,558.9,291.8,1020.9,941.0,646.6,1.66,2.7,2.84,160.4,953.5,1029.0,462.5,393.0,2959,196.0,8685,2823,21659,28763,2264,910,1988,17.5
2008-05-31,122.6,123.9,118.9,125.0,133.2,120.7,11.23,12.38,11.63,203.1,2.68,3.13,2.4,2.48,2.94,2.37,2.14,1502,1700.0,1266.0,2253,1326,1433.0,566,1438,504,1525.0,1962.0,238.4,243.5,238.2,901.8,0,727.4,,255.1,328.8,1.25,0.92,1.32,3.51,1.84,4.95,10.47,0.77,0.46,0.27,3486.0,552.3,283.0,1048.4,933.6,648.2,1.63,2.96,3.05,190.0,997.5,1037.0,633.8,546.0,2903,193.0,8383,2235,24062,25735,2182,889,2052,17.1
2008-06-30,131.5,133.0,127.6,133.9,159.8,142.4,12.68,12.63,12.07,222.2,3.0,3.22,2.45,2.67,3.1,2.6,2.31,1551,1700.0,1233.0,2333,1293,1397.0,635,1535,534,1592.0,2045.0,241.0,287.1,262.2,757.0,0,591.0,780.0,254.7,348.6,1.1,0.87,1.41,3.66,1.89,4.95,10.73,0.77,0.4799999999999999,0.27,3565.0,552.1,272.3,1087.5,932.9,647.3,1.7,3.17,3.22,190.0,1004.1,1043.1,642.0,546.0,2958,183.9,8261,1863,22229,22549,1894,889,2039,17.0
2008-07-31,132.8,133.9,131.2,133.4,180.0,167.8,11.15,14.37,12.35,212.1,2.97,3.25,2.54,2.76,3.12,2.74,2.41,1436,1700.0,1149.0,2425,1213,1253.0,637,1507,522,1549.0,1692.0,248.1,265.3,218.8,731.8,700,546.5,698.0,245.4,328.2,1.1,0.72,1.43,3.93,1.95,5.01,11.19,0.78,0.52,0.31,3655.0,559.6,275.8,1056.6,932.8,647.9,1.7,3.2,3.2,240.0,1075.8,1112.5,733.8,546.0,3071,180.5,8414,1945,23139,20160,1852,940,1904,18.0
2008-08-31,114.6,113.8,113.2,116.6,158.4,156.9,8.25,14.64,13.25,178.8,2.82,3.23,2.48,2.74,3.0,2.63,2.6,1193,1620.0,1104.0,2427,964,1064.0,557,1330,442,1353.0,1319.0,212.3,235.0,209.3,693.5,657.5,468.8,607.5,255.4,329.3,1.16,0.8,1.13,3.84,1.95,4.76,11.23,0.74,0.51,0.32,3704.0,554.1,272.9,957.0,879.4,649.3,1.72,2.91,2.93,290.0,1065,1131.5,785.0,546.0,2764,178.7,7635,1924,20026,18928,1723,839,1486,14.6
2008-09-30,99.7,99.1,96.0,103.9,150.0,147.8,7.69,14.85,14.39,173.8,2.7,3.16,2.32,2.67,2.98,2.45,2.57,1110,1616.0,1123.0,2314,826,994.0,525,1201,413,1238.0,1176.0,189.5,233.8,216.0,683.8,651,420.4,561.8,223.8,295.6,1.11,0.8,0.92,3.56,1.95,4.54,10.6,0.7099999999999999,0.51,0.3,3749.0,531.7,284.5,909.8,888.8,648.8,1.62,2.81,2.83,278.0,980,1079.3,744.5,546.0,2526,139.6,6991,1868,18369,17795,1735,830,1223,12.4
2008-10-31,72.7,72.8,68.6,76.59999999999998,108.0,109.7,6.73,15.93,15.01,167.7,2.27,2.72,1.96,2.3,2.37,2.32,2.23,856,1489.0,1154.0,2119,636,751.0,400,943,351,1041.0,950.0,143.4,183.1,163.6,609.3,487.5,348.3,478.6,185.9,237.4,0.94,0.81,0.91,3.11,1.93,4.31,10.36,0.53,0.47,0.26,3804.0,492.9,304.4,822.2,861.7,643.9,1.37,1.86,1.92,450.0,910,965.0,575.0,546.0,2121,88.7,4926,1480,14402,12140,1302,807,913,10.4
2008-11-30,54.0,53.2,51.4,57.3,92.3,89.4,6.67,15.81,15.06,166.4,2.05,2.69,2.0,1.97,1.98,2.19,1.73,719,1265.0,1188.0,1933,581,515.0,372,826,334,975.0,835.0,130.1,163.8,150.8,552.0,440.3,307.0,431.1,183.0,226.8,0.88,0.9,0.85,2.73,1.92,4.05,9.96,0.5,0.43,0.27,3741.0,452.0,316.0,756.7,872.3,646.5,1.21,1.62,1.65,450.0,710,606.0,287.5,546.0,1852,65.0,3717,1291,13644,10702,1153,761,840,9.9
2008-12-31,41.3,41.6,41.0,41.4,78.7,77.3,5.79,15.5,13.78,153.4,2.39,2.62,1.82,1.93,1.92,2.09,1.77,740,1250.0,1181.0,1762,587,540.0,359,746,318,838.0,759.0,115.2,158.3,138.6,531.8,422,287.0,413.0,179.3,220.1,1.01,0.83,0.76,2.66,1.92,3.93,9.71,0.53,0.44,0.26,3775.0,476.6,326.6,733.7,845.8,646.1,1.22,1.18,1.2,450.0,495,405.0,240.0,546.0,1490,70.0,3072,963,11240,9686,1101,816,840,10.3
2009-01-31,43.9,44.9,45.0,41.7,79.4,76.4,5.24,13.89,12.71,138.3,2.63,2.83,1.82,2.19,2.46,1.91,2.19,734,1195.0,1192.0,1620,659,556.0,401,790,383,832.0,817.0,121.4,172.8,153.3,580.0,464,318.6,386.8,195.1,239.1,1.03,0.82,0.78,2.64,1.92,3.81,9.74,0.52,0.44,0.28,3829.0,470.2,329.7,697.6,818.4,574.7,1.27,1.41,1.49,450.0,308.89999999999998001,350.0,273.8,546.0,1413,72.5,3221,1133,11373,11307,1187,859,947,11.3
2009-02-28,41.8,43.2,43.1,39.2,75.4,69.1,4.52,11.04,10.52,114.5,2.65,2.85,1.77,2.14,2.54,1.75,2.12,673,1110.0,1192.0,1543,656,565.0,374,748,396,802.0,805.0,112.5,163.4,144.1,590.8,472.8,319.5,418.1,183.4,224.7,1.07,0.94,0.77,2.54,1.91,3.8,9.92,0.5,0.43,0.2899999999999999,4098.0,421.9,322.5,690.2,806.7,573.0,1.22,1.3,1.46,450.0,313.8,320.0,281.3,580.1,1330,75.59999999999998,3315,1101,11039,10409,1112,943,1033,13.4
2009-03-31,46.6,46.8,45.6,47.5,61.0,58.6,3.95,10.9,9.48,106.2,2.51,2.83,1.68,2.22,2.85,1.67,2.14,625,1100.0,1254.0,1535,660,586.0,373,731,367,777.0,757.0,114.8,164.6,138.6,588.3,471.5,332.0,,183.7,231.0,1.33,0.91,0.85,2.61,1.89,3.75,10.03,0.52,0.44,0.3,4204.0,388.2,288.6,679.9,815.9,570.8,1.14,1.28,1.43,450.0,317.8,295.0,268.5,682.5,1336,64.1,3750,1239,10676,9696,1217,924,1082,13.1
2009-04-30,50.3,50.8,50.2,49.8,63.6,62.9,3.5,8.51,8.12,88.5,2.56,2.97,1.67,2.51,2.87,2.44,2.21,747,1100.0,1274.0,1433,800,714.0,388,809,396,830.0,843.0,111.3,168.5,154.1,549.7,446,335.7,430.0,182.6,233.5,1.29,0.89,0.9,2.64,1.88,4.04,10.03,0.52,0.47,0.3,4191.0,382.5,283.1,684.3,815.7,567.7,1.25,1.48,1.62,315.0,300.60000000000001999,278.0,245.6,682.5,1421,59.8,4407,1383,11744,11166,1379,890,1165,12.5
2009-05-31,58.2,57.9,57.4,59.1,64.5,58.0,3.81,8.09,7.5,89.8,2.48,3.33,1.67,2.69,2.96,2.89,2.22,843,1100.0,1259.0,1407,873,827.0,426,890,447,947.0,941.0,128.7,179.9,160.1,533.0,454,322.4,405.2,202.5,261.5,1.29,0.83,0.89,2.72,1.92,4.28,9.88,0.54,0.4799999999999999,0.35,4227.0,395.4,291.1,717.6,855.4,565.9,1.37,1.56,1.69,270.0,267.89999999999998001,245.0,236.3,682.5,1460,62.7,4569,1440,13793,12635,1484,929,1129,14.0
2009-06-30,69.1,68.6,69.2,69.6,71.4,60.2,3.8,7.95,7.18,88.9,2.7,3.3,1.63,2.78,3.14,2.8,2.41,747,1100.0,1264.0,1339,789,733.0,442,893,460,917.0,907.0,148.6,179.5,153.0,574.5,476,320.8,404.3,201.7,256.6,1.28,0.85,0.82,2.74,1.94,4.54,9.55,0.55,0.49,0.36,4245.0,406.5,279.3,761.6,817.9,563.6,1.35,1.53,1.67,198.0,256.10000000000001999,220.0,239.7,682.5,1574,71.7,5014,1674,14986,14960,1557,946,1218,14.7
2009-07-31,64.7,64.9,65.0,64.1,73.8,61.1,3.39,6.67,7.55,78.0,2.79,3.11,1.58,2.96,3.46,2.74,2.67,685,1100.0,1279.0,1323,698,664.0,431,846,440,852.0,804.0,140.3,151.6,133.8,572.0,463.5,320.3,410.2,175.6,224.9,1.15,0.83,0.72,2.79,1.95,4.54,9.05,0.56,0.51,0.41,4239.0,408.6,281.4,776.0,760.3,561.9,1.43,1.6,1.75,90.0,263.3,224.0,243.8,615.6,1668,84.0,5216,1679,14039,15985,1579,934,1162,13.4
2009-08-31,71.6,72.5,71.3,71.1,72.5,64.3,3.15,6.92,7.76,76.4,2.96,3.3,1.6,2.99,3.46,2.71,2.81,747,1119.0,1217.0,1310,746,726.0,498,903,453,884.0,820.0,122.2,152.0,142.4,526.3,432.8,305.5,395.7,161.7,210.4,1.08,0.83,0.84,2.8,1.91,4.56,8.34,0.56,0.57,0.49,4273.0,413.8,276.6,785.6,769.7,562.0,1.42,1.84,2.06,90.0,276.39999999999998001,225.0,251.5,530.0,1934,97.7,6165,1900,14870,19642,1822,949,1245,14.4
2009-09-30,68.3,67.7,67.9,69.4,67.6,61.1,2.96,7.13,8.42,75.59999999999998,3.14,3.27,1.63,3.16,3.76,2.74,2.97,701,1150.0,1162.0,1233,704,701.0,425,858,441,855.0,809.0,103.5,150.4,141.8,518.8,428,303.3,392.9,158.4,191.1,1.13,0.82,1.03,2.81,1.87,4.5,7.81,0.54,0.64,0.51,4300.0,422.3,280.8,775.5,784.3,560.7,1.41,2.07,2.17,90.0,280.60000000000001999,225.0,232.3,425.0,1834,80.7,6196,2205,14869,17473,1884,997,1289,16.4
2009-10-31,74.09999999999998,73.2,73.3,75.8,71.1,64.4,4.02,7.6,9.1,91.2,3.37,3.41,1.62,3.03,3.52,2.94,2.61,706,1150.0,1079.0,1155,725,727.0,430,897,430,894.0,846.0,130.7,167.3,159.0,493.0,412.8,298.4,414.1,175.6,198.8,1.08,0.81,1.15,2.75,1.83,4.46,7.62,0.49,0.68,0.5,4329.0,444.5,276.6,790.0,805.1,559.3,1.47,2.26,2.35,90.0,271.60000000000001999,246.5,234.9,425.0,1879,86.8,6288,2241,15009,18525,2072,1043,1333,17.2
2009-11-30,77.59999999999998,77.0,77.59999999999998,78.0,78.8,66.4,3.69,7.81,9.13,88.1,3.38,3.36,1.53,3.06,3.35,2.91,2.91,729,1150.0,1029.0,1152,763,755.0,447,932,440,934.0,921.0,155.3,171.6,166.0,542.8,460.3,337.0,491.6,204.7,211.0,1.03,0.83,1.15,2.83,1.81,4.57,7.5,0.5,0.7,0.49,4427.0,451.1,272.0,821.0,821.1,558.6,1.58,2.49,2.54,90.0,273.2,228.5,243.5,425.0,1949,99.3,6676,2309,14942,16991,2193,1127,1401,17.8
2009-12-31,74.9,74.7,75.5,74.5,83.1,73.8,5.37,8.01,9.76,109.8,3.5,3.49,1.54,2.97,3.27,2.68,2.98,768,1186.0,1093.0,1182,822,835.0,449,940,431,938.0,986.0,150.6,164.6,166.3,591.0,515.29999999999995,403.0,529.9,206.5,206.3,0.99,0.8,1.01,2.88,1.81,4.48,7.55,0.49,0.73,0.52,4461.0,452.7,264.8,807.7,796.0,557.2,1.68,2.79,2.8,90.0,331.5,232.0,262.0,425.0,2180,105.1,6982,2329,15547,17066,2376,1135,1437,17.6
2010-01-31,77.09999999999998,76.4,76.59999999999998,78.4,97.0,86.9,5.81,8.8,10.02,119.1,3.53,3.5,1.54,2.9,3.41,2.44,2.85,784,1203.0,1076.0,1276,831,880.0,436,921,423,914.0,968.0,146.5,167.3,161.8,568.8,510.6,420.2,485.3,198.8,201.2,0.94,0.79,1.09,3.02,1.83,4.49,7.72,0.4799999999999999,0.87,0.5799999999999998,4466.0,442.4,258.2,804.1,792.4,557.2,1.71,3.04,3.09,90.0,383,296.3,266.5,389.4,2235,125.7,7386,2368,17715,18439,2434,1118,1558,17.7
2010-02-28,74.8,74.3,73.59999999999998,76.4,94.2,83.4,5.34,8.8,10.52,113.8,3.28,3.48,1.5,2.85,3.32,2.29,2.94,798,1200.0,1034.0,1288,830,894.0,412,909,405,901.0,948.0,137.4,161.8,154.1,535.0,474.7,405.0,421.8,191.8,194.0,0.98,0.72,0.98,3.21,1.84,4.51,7.98,0.46,0.89,0.56,4389.0,424.3,252.8,804.9,781.0,557.2,1.76,3.08,3.13,90.0,413.6,300.0,297.5,374.4,2049,127.5,6848,2124,16362,18976,2157,1095,1520,15.9
2010-03-31,79.3,79.3,77.4,81.3,94.4,83.0,4.29,8.93,10.42,101.6,3.09,3.63,1.48,2.62,3.32,1.74,2.8,921,1200.0,1061.0,1317,863,997.0,409,911,371,910.0,949.0,147.0,159.0,154.7,502.2,445.6,377.0,392.6,190.0,191.1,1.12,0.84,0.95,3.4,1.85,4.43,8.22,0.45,0.77,0.41,4207.0,427.6,249.8,803.3,790.1,557.2,1.89,3.18,3.34,90.0,424.5,354.4,278.7,340.0,2206,139.7,7463,2172,17549,22461,2275,1113,1599,17.1
2010-04-30,84.2,85.0,83.1,84.5,100.2,88.7,4.01,7.52,10.98,91.8,3.22,3.73,1.58,2.77,3.27,2.45,2.6,940,1200.0,1072.0,1362,863,1021.0,403,903,377,909.0,924.0,151.7,157.1,149.4,466.0,408.7,343.0,371.2,187.8,192.9,1.05,0.83,0.99,3.66,1.88,4.56,8.49,0.45,0.68,0.36,4180.0,429.6,246.0,818.1,820.2,564.7,1.94,3.28,3.95,90.0,417.5,372.5,253.8,340.0,2317,172.5,7745,2265,18684,26031,2367,1149,1711,18.1
2010-05-31,75.59999999999998,76.3,76.9,73.7,100.1,90.9,4.16,7.27,11.39,92.7,3.18,3.82,1.56,2.8,3.22,2.85,2.33,932,1200.0,1108.0,1367,855,1031.0,403,859,371,862.0,910.0,143.0,163.4,147.3,451.3,396.7,329.0,368.8,190.3,181.6,1.0,0.8,1.05,3.58,1.91,4.84,10.03,0.42,0.68,0.34,4245.0,403.5,253.7,772.9,836.5,566.8,1.99,2.89,3.67,90.0,410,352.8,234.0,334.5,2041,161.4,6838,1883,17566,22008,1968,1205,1625,18.4
2010-06-30,74.7,74.8,74.0,75.4,98.2,92.8,4.79,7.74,10.48,102.1,3.23,4.21,1.7,2.72,3.0,2.92,2.24,993,1200.0,1137.0,1367,826,1050.0,401,860,351,876.0,889.0,145.9,152.7,131.0,440.0,392,329.5,358.2,182.6,157.7,1.04,0.96,1.2,3.33,1.92,5.2,12.39,0.41,0.72,0.35,4338.0,390.8,260.8,770.4,841.1,567.5,2.05,2.9,3.57,90.0,392.5,346.8,226.3,312.5,1931,143.6,6499,1704,17320,19389,1743,1233,1553,18.5
2010-07-31,74.59999999999998,74.7,72.7,76.4,96.0,90.6,4.63,8.04,11.32,102.1,3.23,4.48,1.88,2.86,3.04,3.23,2.32,1031,1200.0,1140.0,1367,844,1064.0,428,911,369,947.0,937.0,156.4,163.8,132.4,441.8,395.6,349.8,357.9,222.3,195.8,0.96,0.99,1.3,3.27,1.94,5.39,12.69,0.43,0.73,0.38,4382.0,421.4,274.9,794.5,871.2,569.7,1.86,2.93,3.27,98.8,418.1,360.0,259.4,312.5,1988,126.4,6735,1837,18191,19518,1844,1193,1526,18.0
2010-08-31,75.8,76.7,74.2,76.59999999999998,89.8,87.9,4.31,8.449999999999998,11.3,100.1,3.07,4.66,1.82,2.99,3.27,3.2,2.51,1170,1232.0,1156.0,1384,944,1171.0,450,998,399,1013.0,1074.0,161.2,175.6,143.4,452.8,412,369.0,422.9,261.6,246.2,0.86,0.9,1.14,3.41,1.94,6.85,11.97,0.43,0.77,0.41,4350.0,425.6,294.7,813.7,892.2,571.8,1.99,3.14,3.32,125.0,459.9,380.8,263.5,312.5,2118,145.3,7284,2075,20755,21413,2045,1216,1541,18.4
2010-09-30,76.09999999999998,77.8,75.3,75.3,94.9,85.8,3.9,8.279999999999998,11.03,94.2,2.88,4.91,1.79,3.0,3.35,3.18,2.46,1275,1250.0,1182.0,1427,949,1260.0,468,1035,410,1033.0,1114.0,168.1,205.9,184.9,476.5,448,412.0,457.7,276.3,271.7,0.97,0.88,1.05,3.39,1.93,7.24,11.73,0.44,0.84,0.5,4358.0,432.0,310.9,827.1,876.0,575.4,2.31,3.36,3.53,125.0,506,428.0,308.8,312.5,2162,140.6,7709,2184,22701,22643,2151,1271,1592,20.5
2010-10-31,81.7,82.9,80.3,81.9,97.5,91.0,3.43,8.29,11.13,88.6,2.93,4.8,1.88,3.03,3.37,3.25,2.49,1412,1281.0,1198.0,1471,1026,1421.0,496,1147,418,1150.0,1284.0,174.6,235.8,201.0,486.0,457,428.3,477.7,267.5,270.2,1.0,0.92,1.09,3.37,1.91,7.65,11.76,0.45,0.84,0.54,4357.0,458.9,316.4,867.4,880.2,578.2,2.79,3.85,3.92,125.0,557.29999999999995,455.0,332.5,312.5,2347,148.5,8292,2380,26343,23807,2372,1342,1689,23.4
2010-11-30,84.5,85.7,83.7,84.2,107.2,103.2,3.73,8.59,10.84,93.4,2.91,5.15,2.03,3.03,3.4,3.17,2.52,1512,1350.0,1203.0,1543,1131,1631.0,514,1232,437,1242.0,1441.0,179.1,238.2,203.2,514.5,477.5,427.8,508.0,278.5,274.1,1.03,0.91,0.82,3.5,1.88,8.06,12.2,0.45,0.86,0.5799999999999998,4372.0,450.2,313.3,843.8,901.5,581.0,3.41,4.24,4.31,125.0,554.1,463.8,365.4,322.5,2333,156.1,8470,2377,25519,22909,2292,1370,1693,26.5
2010-12-31,90.0,91.8,89.1,89.1,118.3,115.2,4.24,8.74,10.75,100.3,3.06,5.47,2.07,3.04,3.5,2.94,2.69,1715,1373.0,1301.0,1644,1235,1830.0,546,1325,449,1383.0,1454.0,189.6,250.4,221.6,532.0,479.8,413.4,528.3,308.6,306.5,1.06,0.9,0.72,3.88,1.88,8.23,12.46,0.43,0.85,0.62,4355.0,436.5,306.5,832.1,897.0,582.4,3.7,4.69,4.75,125.0,540.6,472.5,380.6,322.5,2351,163.1,9147,2413,26163,24111,2281,1391,1711,29.3
2011-01-31,92.7,96.3,92.4,89.4,132.5,122.6,4.49,9.61,11.45,108.0,3.16,5.82,2.23,3.02,3.56,2.61,2.89,2038,1427.0,1325.0,1653,1304,2139.0,568,1366,462,1441.0,1492.0,195.2,264.9,246.3,516.8,467.6,405.0,493.9,320.4,326.6,1.2,0.89,0.73,4.19,1.87,8.27,12.52,0.44,0.85,0.65,4371.0,441.3,315.3,827.8,907.8,584.5,3.94,5.33,5.52,125.0,547.4,475.0,378.5,322.5,2440,179.2,9556,2602,27465,25646,2372,1360,1785,28.5
2011-02-28,97.9,104.0,100.3,89.5,128.4,117.7,4.07,9.36,12.02,102.1,3.47,6.35,2.41,2.88,3.56,2.3,2.79,2256,1427.0,1282.0,1653,1327,2308.0,566,1360,469,1403.0,1705.0,196.5,292.9,253.2,524.0,473,420.5,478.6,338.8,348.1,1.31,1.0,0.88,4.08,1.88,8.4,12.57,0.45,0.87,0.65,4317.0,450.8,328.6,831.5,927.8,588.7,4.7,5.58,6.26,140.0,413.6,490.0,297.5,374.4,2508,187.2,9868,2587,31526,28252,2465,1375,1826,30.8
2011-03-31,108.6,114.4,108.6,102.9,126.1,121.0,3.97,9.37,12.5,101.2,3.39,6.44,2.6,2.76,3.57,1.96,2.74,1925,1486.0,1318.0,1637,1242,1975.0,553,1307,438,1412.0,1637.0,202.6,290.5,266.1,492.8,455.5,408.3,464.0,303.1,316.7,1.25,1.0,0.85,4.19,1.9,8.97,12.65,0.46,0.88,0.5799999999999998,4538.0,462.6,334.8,840.1,929.2,592.2,5.06,4.84,5.42,145.0,424.5,494.0,278.7,340.0,2556,169.4,9503,2624,30591,26710,2341,1423,1770,35.8
2011-04-30,116.2,123.1,115.7,110.0,122.5,124.0,4.24,10.36,12.99,109.6,3.13,6.62,2.59,3.02,3.37,3.03,2.67,2089,1598.0,1477.0,1631,1220,1906.0,557,1310,412,1447.0,1634.0,208.9,319.3,289.6,484.3,448.3,409.0,484.3,314.9,336.1,1.29,1.03,0.88,4.33,1.9,10.17,12.79,0.47,0.84,0.54,4607.0,477.5,343.5,883.4,946.2,596.3,4.78,4.97,5.85,145.0,417.5,535.6,253.8,340.0,2678,179.3,9493,2701,32363,26408,2362,1481,1798,42.7
2011-05-31,108.1,114.5,108.5,101.3,119.1,120.5,4.31,10.3,13.61,110.5,3.07,6.42,2.69,2.95,3.1,3.14,2.62,2097,1710.0,1435.0,1632,1230,1985.0,557,1296,404,1407.0,1644.0,209.4,307.9,261.3,481.4,448.4,421.2,479.6,308.6,355.3,1.27,1.01,0.84,4.16,1.91,10.28,12.64,0.47,0.78,0.4799999999999999,4431.0,487.2,385.2,862.5,958.1,605.6,3.65,4.52,5.12,147.0,410,547.5,234.0,334.5,2596,177.1,8960,2428,28676,24237,2167,1513,1787,37.3
2011-06-30,105.8,113.8,107.5,96.3,120.1,119.0,4.55,10.26,14.52,113.9,3.02,6.06,2.6,3.02,3.12,3.23,2.71,1803,1736.0,1377.0,1701,1192,1762.0,556,1319,402,1402.0,1699.0,210.1,310.6,260.4,513.8,473.8,427.5,475.3,282.2,326.4,1.19,0.98,0.92,3.94,1.92,10.09,12.7,0.47,0.78,0.56,4390.0,504.0,417.6,870.6,973.2,607.7,3.18,4.52,4.93,155.0,575.9,549.5,478.8,355.0,2558,170.9,9067,2525,25520,22421,2234,1529,1769,35.8
2011-07-31,107.9,116.5,110.0,97.3,120.8,116.3,4.41,10.99,16.22,116.8,3.17,5.91,2.49,3.1,3.1,3.41,2.8,1662,1867.0,1352.0,1946,1183,1373.0,557,1337,410,1393.0,1672.0,215.5,300.8,271.2,538.3,506.8,449.3,519.5,266.4,303.9,1.08,0.96,0.97,3.94,1.93,9.84,12.77,0.47,0.84,0.62,4459.0,521.6,430.5,832.6,969.4,612.7,2.69,4.56,4.73,161.9,597.6,555.0,483.8,442.5,2525,173.0,9650,2681,27398,23848,2398,1573,1760,37.9
2011-08-31,100.5,110.1,105.1,86.3,120.1,118.3,4.05,10.81,16.55,111.8,3.06,5.96,2.47,3.02,3.16,3.11,2.8,1454,2054.0,1284.0,2076,1205,1378.0,553,1328,409,1351.0,1671.0,206.1,310.2,302.5,566.0,533.79999999999995,465.3,553.4,277.6,327.1,1.02,0.95,0.95,3.93,1.94,9.56,11.79,0.47,0.88,0.61,4569.0,523.3,450.0,839.5,973.6,619.2,2.52,4.62,4.68,182.5,597.4,560.0,475.5,442.5,2379,177.5,9001,2397,24042,21845,2200,1759,1805,40.3
2011-09-30,100.8,110.9,106.0,85.6,123.1,115.6,3.9,10.85,16.27,110.0,2.87,6.06,2.34,2.89,3.14,2.86,2.67,1305,2131.0,1658.0,2113,1137,1264.0,532,1308,404,1310.0,1592.0,209.6,295.3,288.8,598.8,555.5,514.0,561.4,267.5,315.9,0.99,0.95,1.19,3.83,1.96,9.59,11.24,0.45,0.89,0.59,4595.0,500.4,453.6,797.2,952.7,631.1,2.58,4.52,4.55,182.5,587.9,560.0,508.8,442.5,2293,177.2,8300,2288,22527,20378,2075,1772,1748,38.2
2011-10-31,99.8,109.5,103.7,86.4,119.4,110.9,3.57,11.42,16.48,108.8,2.68,5.46,2.16,2.9,3.23,2.78,2.69,1208,2167.0,1685.0,2116,1045,1083.0,491,1223,381,1271.0,1484.0,208.8,274.8,263.7,599.4,560.20000000000005,489.0,580.5,253.5,289.0,0.99,0.95,1.03,3.92,1.96,9.59,11.13,0.45,0.83,0.56,4583.0,501.0,435.9,798.5,954.2,619.9,2.44,4.08,4.06,188.8,571.4,592.5,493.5,435.0,2181,150.4,7394,1960,21869,19039,1871,1666,1535,32.0
2011-11-30,105.4,110.5,108.6,97.1,113.8,105.5,3.24,11.32,16.78,104.6,2.53,5.4,2.14,2.79,3.16,2.55,2.66,1479,2472.0,1597.0,2116,1113,1294.0,478,1214,360,1274.0,1503.0,211.5,274.4,265.4,615.3,584.29999999999995,549.8,568.7,253.2,281.0,0.97,0.96,0.68,4.2,1.97,9.68,11.17,0.44,0.84,0.53,4523.0,481.1,403.3,771.4,892.8,617.5,2.31,3.33,3.37,195.0,563.5,570.0,481.3,435.0,2080,135.5,7581,1994,21292,17873,1935,1739,1597,33.1
2011-12-31,104.2,107.9,106.2,98.6,111.6,104.2,3.16,11.53,16.48,104.4,2.2,5.22,2.17,2.7,3.11,2.36,2.61,1445,2528.0,1516.0,2116,1122,1377.0,483,1203,352,1245.0,1440.0,212.3,258.6,256.4,585.8,565.5,544.0,504.4,244.7,269.0,0.94,0.94,0.76,4.22,1.98,9.97,11.35,0.43,0.8,0.51,4439.0,466.7,387.9,753.9,888.4,615.0,2.1,3.35,3.38,195.0,488.8,530.0,423.1,450.0,2022,136.4,7565,2022,19375,18267,1905,1640,1455,30.3
2012-01-31,107.1,111.2,109.8,100.3,116.5,106.3,2.68,11.45,16.71,98.3,2.31,5.23,2.13,2.66,3.06,2.28,2.63,1451,2528.0,1616.0,2116,1124,1362.0,503,1216,386,1253.0,1452.0,210.6,272.8,265.7,542.0,534,516.3,451.4,253.9,274.9,0.96,0.95,0.73,4.26,1.99,9.91,11.35,0.42,0.76,0.52,4415.0,458.3,387.7,750.8,877.0,615.0,2.23,3.5,3.63,195.0,451.4,435.0,368.0,495.0,2144,140.3,8040,2096,21439,19855,1982,1654,1499,30.7
2012-02-29,112.7,119.7,116.1,102.2,117.0,105.3,2.52,11.12,16.03,94.3,2.36,4.94,2.25,2.57,2.97,2.09,2.64,1411,2528.0,1761.0,2116,1146,1365.0,523,1249,406,1288.0,1485.0,213.4,279.5,269.2,537.5,529,518.3,430.4,263.1,277.8,1.24,1.07,0.78,4.31,2.01,9.54,11.42,0.43,0.74,0.53,4418.0,466.6,375.0,757.3,885.1,612.3,2.22,3.78,4.0,190.0,435.5,445.0,375.0,495.0,2208,140.4,8441,2121,24293,20394,2058,1745,1658,34.1
2012-03-31,117.8,124.9,122.3,106.2,107.5,103.4,2.17,11.97,16.34,94.3,2.36,4.44,2.28,2.42,2.75,1.79,2.73,1338,2528.0,1767.0,2138,1195,1366.0,547,1285,441,1289.0,1501.0,222.8,280.7,274.0,548.0,544.4,526.8,428.7,259.8,283.9,1.22,1.14,0.8,4.35,2.05,9.54,11.56,0.43,0.76,0.53,4379.0,465.8,357.1,758.5,886.5,611.0,2.19,3.78,3.93,160.0,442.9,441.3,393.1,495.0,2184,144.7,8471,2057,22985,18661,2036,1676,1655,33.0
2012-04-30,113.7,120.5,117.3,103.3,103.6,101.3,1.95,11.42,16.85,89.3,2.27,4.22,2.24,2.79,3.2,2.39,2.78,1348,2528.0,1734.0,2275,1234,1395.0,584,1309,482,1304.0,1552.0,237.2,274.0,254.9,547.8,550.70000000000005,533.3,440.7,254.6,266.3,1.26,1.03,0.82,4.29,2.06,9.54,11.77,0.43,0.7,0.5,4354.0,464.0,353.7,767.0,896.4,611.6,2.2,3.66,3.84,185.0,478,441.3,494.4,477.5,2050,147.6,8289,2071,22201,17940,2002,1649,1586,31.5
2012-05-31,104.1,110.5,107.1,94.7,95.8,93.8,2.44,11.64,17.12,96.5,2.31,4.07,2.36,3.0,3.02,3.18,2.8,1155,2400.0,1607.0,2408,1125,1237.0,577,1221,503,1235.0,1522.0,239.5,269.3,259.4,600.5,553.29999999999995,561.8,433.3,251.3,264.4,1.21,0.95,0.76,4.22,2.07,9.52,11.79,0.42,0.67,0.46,4355.0,451.5,367.0,763.4,892.2,611.6,1.95,3.38,3.73,195.0,490.5,485.0,513.1,477.5,2008,136.6,7956,2013,20405,17068,1936,1589,1471,28.7
2012-06-30,90.7,95.6,94.2,82.4,87.2,85.3,2.46,11.49,17.2,96.1,2.26,3.72,2.33,2.97,2.91,3.12,2.88,1058,2400.0,1558.0,2425,1028,1089.0,578,1182,515,1183.0,1430.0,236.8,267.3,263.9,600.0,578,541.2,412.0,249.5,276.2,1.05,0.95,0.95,4.12,2.08,9.2,11.79,0.41,0.63,0.45,4283.0,442.3,362.3,751.7,862.8,606.7,1.81,2.86,3.2,193.1,501.6,485.0,456.9,477.5,1890,134.7,7423,1854,19271,16549,1859,1599,1444,28.0
2012-07-31,96.8,103.1,99.2,87.9,88.2,87.3,2.95,11.13,18.11,100.9,2.35,4.2,2.36,3.03,2.99,3.11,2.99,1070,2400.0,1503.0,2450,1053,1063.0,670,1239,609,1215.0,1472.0,253.4,333.1,268.6,573.8,555,518.8,409.3,323.0,345.7,0.85,0.96,1.02,4.03,2.09,8.75,11.79,0.4,0.63,0.5,4191.0,430.3,357.2,747.4,857.9,606.7,1.85,2.89,3.08,188.5,436.9,485.0,307.5,279.5,1876,127.9,7584,1881,18546,16128,1848,1594,1426,27.4
2012-08-31,105.3,113.3,108.4,94.1,91.0,89.1,2.84,11.18,17.74,99.6,2.51,3.85,2.35,3.12,3.07,3.2,3.08,1001,2400.0,1431.0,2469,1022,1008.0,684,1250,651,1231.0,1525.0,265.7,332.0,273.3,567.8,545,509.0,436.4,333.7,349.4,0.98,0.95,0.97,4.1,2.09,7.95,11.76,0.41,0.63,0.46,4208.0,431.0,354.7,749.6,856.7,606.7,1.86,2.6,2.79,182.5,504.5,485.0,382.5,477.5,1845,107.5,7516,1901,18773,15735,1818,1630,1453,28.8
2012-09-30,106.3,113.4,111.0,94.5,89.0,85.8,2.84,11.08,16.83,98.6,2.62,3.95,2.31,3.1,3.19,3.09,3.04,967,2400.0,1354.0,2469,1001,980.0,677,1281,647,1269.0,1572.0,256.2,320.8,278.2,563.3,543.79999999999995,512.0,455.2,343.6,353.4,1.11,0.96,1.0,4.06,2.11,7.14,11.37,0.42,0.5799999999999998,0.44,4191.0,447.4,353.3,768.5,878.2,608.1,1.86,2.76,3.04,182.5,527.4,485.0,384.4,477.5,2064,99.5,8088,2178,20771,17288,2010,1745,1624,33.6
2012-10-31,103.4,112.0,108.7,89.5,81.9,82.8,3.32,11.58,15.3,105.7,2.46,3.82,2.3,3.01,3.16,2.99,2.88,898,2400.0,1360.0,2469,886,863.0,626,1178,595,1214.0,1303.0,252.9,321.2,283.1,558.3,532.5,520.3,453.7,340.2,358.2,1.12,0.96,0.98,4.07,2.11,7.11,10.93,0.42,0.53,0.45,4224.0,450.7,350.2,766.5,873.4,610.2,1.81,2.95,3.2,182.5,533.5,474.0,349.0,477.5,1974,114.0,8062,2142,21234,17169,1904,1747,1636,33.2
2012-11-30,101.2,109.7,107.1,86.7,85.9,85.7,3.54,11.83,15.0,109.4,2.48,3.53,2.15,3.02,3.12,2.89,3.04,848,2400.0,1339.0,2469,863,807.0,585,1138,568,1185.0,1285.0,252.1,321.6,289.0,559.3,530,523.0,448.3,346.5,360.8,1.07,0.93,0.85,4.29,2.13,7.16,10.96,0.42,0.5,0.43,4269.0,449.3,353.0,761.3,870.0,611.5,1.78,2.8,2.97,182.5,487.9,447.5,383.5,477.5,1949,120.4,7711,2182,20713,16335,1912,1722,1576,32.8
2012-12-31,101.2,109.7,105.7,88.2,92.9,88.8,3.34,11.79,15.41,107.0,2.41,3.37,2.13,3.08,3.31,2.86,3.08,785,2400.0,1303.0,2502,844,754.0,591,1159,577,1188.0,1272.0,242.9,308.6,284.0,557.8,530,520.4,413.8,325.2,348.0,1.12,0.94,0.76,4.37,2.15,7.22,11.07,0.43,0.49,0.43,4341.0,459.4,354.8,770.0,879.9,612.9,1.84,2.9,3.11,182.5,472.8,435.0,375.8,477.5,2087,128.5,7966,2280,22881,17449,2040,1685,1582,31.9
2013-01-31,105.1,113.0,107.6,94.7,92.8,86.1,3.33,11.87,15.89,107.6,2.28,3.47,2.2,3.0,3.34,2.62,3.05,829,2400.0,1926.0,2271,885,801.0,595,1192,526,1211.0,1298.0,233.3,303.1,291.0,564.2,540,530.0,401.2,309.0,335.5,1.1,0.93,0.75,4.36,2.22,7.02,11.24,0.43,0.4799999999999999,0.42,4417.0,465.6,334.1,761.8,870.6,612.9,1.89,3.04,3.3,182.5,462.3,428.0,380.0,395.0,2038,150.5,8047,2334,24546,17473,2032,1672,1639,31.1
2013-02-28,107.6,116.5,111.1,95.3,94.9,85.1,3.33,11.77,16.47,107.5,2.2,3.3,2.29,2.93,3.33,2.53,2.91,853,1635.0,1901.0,1822,920,836.0,611,1173,519,1217.0,1286.0,237.0,302.7,288.1,563.0,538.79999999999995,535.0,401.6,298.0,318.9,1.11,0.92,0.82,4.35,2.19,7.0,11.57,0.44,0.46,0.4,4391.0,466.9,319.7,737.6,842.9,586.4,1.98,3.04,3.19,182.5,464.5,419.0,415.6,395.0,2054,154.6,8061,2366,24212,17690,2129,1628,1675,30.3
2013-03-31,102.5,109.2,105.4,92.9,91.0,82.8,3.81,11.87,16.27,113.7,2.15,3.3,2.34,2.9,3.48,2.55,2.66,819,1500.0,1801.0,1764,892,833.0,585,1117,514,1162.0,1250.0,239.8,309.0,296.7,559.0,535,532.5,401.6,285.9,309.7,1.08,0.94,0.91,4.29,2.31,7.0,11.9,0.42,0.46,0.41,4377.0,436.2,313.8,722.7,822.0,575.6,2.08,2.8,2.98,160.0,467.6,415.0,395.6,395.0,1910,139.9,7646,2169,23297,16725,1926,1593,1583,28.8
2013-04-30,98.9,102.9,101.7,92.0,87.8,82.0,4.17,12.88,16.2,122.8,2.29,3.3,2.24,2.89,3.39,2.91,2.37,791,1500.0,1851.0,1764,874,831.0,564,1095,496,1132.0,1221.0,229.6,279.9,269.2,557.0,535.6,530.6,390.8,278.1,308.3,1.1,0.9,0.98,4.27,2.29,7.0,12.37,0.43,0.45,0.39,4367.0,455.9,304.5,733.6,834.4,558.6,2.03,2.5,2.87,111.5,461.1,409.0,365.6,395.0,1862,137.4,7234,2027,21662,15673,1856,1488,1493,25.4
2013-05-31,99.4,103.0,100.3,94.8,87.7,81.8,4.04,12.29,16.22,118.5,2.34,3.24,2.19,2.95,3.29,3.18,2.39,823,1500.0,1823.0,1781,879,828.0,498,1073,515,1117.0,1228.0,231.5,295.5,273.6,543.5,508.8,510.8,386.8,279.3,319.7,1.05,0.91,1.06,4.1,2.38,6.99,12.8,0.42,0.43,0.39,4343.0,454.2,294.8,732.5,833.2,540.7,2.04,2.51,3.04,157.5,421.3,410.0,358.1,395.0,1832,124.0,7249,2033,20776,14948,1832,1414,1475,23.0
2013-06-30,99.7,103.1,100.3,95.8,82.8,77.3,3.83,11.92,16.61,114.4,2.28,3.05,2.0,2.84,3.17,3.03,2.31,891,1500.0,1786.0,1808,877,854.0,525,1038,545,1147.0,1245.0,229.6,298.4,236.8,524.3,483.8,492.0,385.9,268.2,313.4,1.06,0.91,1.16,3.93,2.4,6.83,13.71,0.43,0.42,0.38,4493.0,462.0,306.0,742.6,844.6,561.3,2.05,2.33,2.81,125.6,424.1,410.0,329.4,395.0,1815,114.8,7000,2100,20267,14280,1839,1343,1430,21.1
2013-07-31,105.3,107.7,103.4,104.7,77.3,72.59999999999998,3.62,11.6,16.17,110.1,2.31,3.05,2.1,2.83,3.17,3.04,2.28,860,1433.0,1720.0,1816,827,836.0,511,990,569,1009.0,1211.0,214.0,279.5,220.0,509.0,454,461.8,387.7,260.9,304.6,1.0,0.92,1.12,3.94,2.22,6.5,14.61,0.43,0.42,0.37,4635.0,458.3,298.8,727.7,827.7,548.0,2.04,2.24,2.56,115.0,409.6,410.0,312.5,395.0,1770,127.2,6907,2048,19564,13750,1838,1286,1401,19.7
2013-08-31,108.2,111.0,107.0,106.5,77.0,72.9,3.43,11.64,15.6,107.5,2.48,2.98,2.07,2.78,3.36,2.71,2.28,893,1343.0,1714.0,1808,819,869.0,512,995,539,994.0,1112.0,185.1,238.7,220.6,478.8,425,428.3,399.4,252.4,305.3,0.98,0.94,1.19,3.95,2.04,6.5,15.65,0.43,0.45,0.38,4676.0,466.2,304.4,742.9,845.0,558.3,2.04,2.38,2.57,115.0,400.4,360.0,310.6,395.0,1818,137.1,7193,2174,21644,14315,1899,1352,1496,21.9
2013-09-30,108.8,111.6,108.4,106.2,77.59999999999998,73.09999999999998,3.62,11.25,14.96,107.5,2.62,2.92,1.94,2.75,3.59,2.55,2.12,985,1325.0,1669.0,1798,826,910.0,560,1020,577,984.0,1006.0,159.8,207.4,216.9,444.0,428,431.5,362.0,259.8,307.5,0.97,0.94,1.12,3.99,1.98,6.37,16.08,0.44,0.46,0.38,4710.0,467.7,300.1,760.6,865.1,550.5,1.99,2.42,2.64,97.5,374.8,344.0,301.0,395.0,1761,134.2,7159,2085,22735,13801,1847,1349,1457,22.6
2013-10-31,105.4,109.5,106.3,100.5,79.4,80.59999999999998,3.67,11.37,15.3,109.0,2.73,2.84,1.85,2.8,3.77,2.62,2.0,986,1336.0,1651.0,1765,860,912.0,541,991,585,1011.0,1008.0,155.7,201.7,205.2,439.0,423,420.4,376.3,287.7,325.7,0.96,0.93,1.0,4.04,1.96,6.81,16.46,0.45,0.4799999999999999,0.41,4770.0,477.4,304.3,771.0,877.0,558.2,1.97,2.32,2.53,84.4,370,324.0,296.9,395.0,1815,132.6,7203,2115,23102,14118,1885,1317,1413,21.9
2013-11-30,102.6,108.1,105.9,93.9,82.3,83.8,3.62,11.42,15.4,108.7,2.76,2.69,1.76,2.78,3.72,2.52,2.09,1275,1357.0,1615.0,1755,904,1108.0,551,990,567,1022.0,1004.0,158.9,199.1,195.2,438.0,405,414.3,395.9,274.4,306.8,0.88,0.92,0.77,4.14,2.03,7.32,16.82,0.44,0.46,0.39,5052.0,472.4,297.4,772.1,878.2,545.4,1.87,2.3,2.49,87.5,334.4,320.0,305.0,395.0,1748,136.3,7071,2090,22827,13684,1866,1276,1420,20.8
2013-12-31,105.5,110.7,107.9,97.9,84.3,84.6,4.24,11.55,16.38,117.5,2.82,2.78,1.94,2.9,3.81,2.55,2.33,1270,1342.0,1552.0,1698,886,1147.0,564,991,569,1007.0,996.0,161.7,197.4,205.9,451.0,398.7,400.8,419.4,267.0,291.6,0.97,0.92,0.74,4.18,2.07,7.77,16.87,0.45,0.44,0.36,4835.0,479.6,287.3,785.0,892.8,527.1,1.93,2.31,2.56,96.9,341.6,320.0,305.0,395.0,1740,135.8,7215,2137,22762,13925,1975,1222,1356,19.7
2014-01-31,102.1,107.4,104.0,94.9,81.59999999999998,82.9,4.7,11.59,16.67,123.5,2.82,2.93,1.93,2.87,3.9,2.16,2.56,1269,1299.0,1536.0,1561,863,1159.0,566,942,540,948.0,952.0,167.6,198.1,210.2,450.0,377,405.0,402.0,246.5,275.6,0.99,0.93,0.75,4.18,2.11,8.19,16.93,0.44,0.45,0.34,4924.0,476.8,286.6,789.3,897.8,525.7,2.01,2.14,2.34,97.5,403.4,333.0,330.0,395.0,1727,128.1,7291,2143,22064,14101,2037,1244,1421,19.9
2014-02-28,104.8,108.8,104.9,100.7,76.3,77.59999999999998,5.97,11.3,16.76,137.6,2.99,3.83,2.11,2.58,3.65,1.85,2.22,1364,1250.0,1557.0,1410,904,1292.0,491,971,571,972.0,953.0,169.9,209.3,221.1,459.0,382,449.9,393.2,258.7,292.1,1.05,0.95,0.77,4.28,2.02,8.199999999999998,16.98,0.45,0.4799999999999999,0.37,5052.0,478.1,291.8,793.2,902.2,535.3,2.07,1.9,2.17,97.5,450.1,367.0,353.1,307.6,1695,121.4,7149,2108,22821,14204,2035,1300,1410,20.8
2014-03-31,104.0,107.4,104.2,100.6,73.3,74.59999999999998,4.88,10.88,16.55,122.2,3.04,4.72,2.32,2.5,3.59,1.8,2.09,1389,1236.0,1651.0,1367,954,1377.0,531,997,602,1010.0,985.0,177.7,222.3,234.4,422.0,366,425.1,378.6,286.9,323.7,1.12,0.96,0.81,4.47,2.26,8.05,17.09,0.45,0.49,0.39,5084.0,483.8,290.9,796.3,905.7,533.6,2.14,1.93,2.29,106.6,486.5,384.0,327.5,278.5,1705,111.8,6650,2053,23024,15678,2008,1336,1452,20.7
2014-04-30,104.9,107.8,104.7,102.1,72.8,75.09999999999998,4.63,10.73,16.79,118.7,3.05,4.93,2.33,2.67,3.55,2.38,2.09,1356,1197.0,1629.0,1367,927,1292.0,516,1002,584,1011.0,952.0,181.4,222.4,232.4,395.0,352,399.3,370.9,277.1,324.8,1.23,0.93,0.85,4.35,2.38,8.279999999999998,17.66,0.45,0.54,0.39,5089.0,483.5,290.3,802.2,912.5,532.5,2.08,1.78,2.15,111.5,409,383.0,260.0,299.0,1811,114.6,6674,2087,23405,17374,2027,1298,1430,19.7
2014-05-31,105.7,109.7,105.6,101.9,73.7,75.8,4.56,10.2,16.32,115.0,3.03,4.72,2.27,2.87,3.67,2.98,1.96,1413,1180.0,1633.0,1367,898,1255.0,519,962,568,955.0,952.0,181.9,217.3,220.7,388.0,346,391.6,390.5,277.2,334.7,1.12,0.91,0.84,4.38,2.56,8.24,17.97,0.45,0.54,0.4,5118.0,480.9,292.5,807.1,918.1,536.5,2.04,1.69,2.02,112.6,413.6,385.0,265.0,300.9,1751,100.6,6891,2097,23271,19401,2059,1289,1456,19.3
2014-06-30,108.4,111.9,108.0,105.2,71.5,74.09999999999998,4.57,9.77,16.13,112.9,3.17,4.36,2.18,2.85,3.58,3.06,1.91,1393,1180.0,1721.0,1367,862,1234.0,511,926,544,948.0,942.0,160.3,202.4,204.7,397.0,356,402.6,404.5,236.6,306.4,1.07,0.93,0.83,4.54,2.55,7.9,18.15,0.44,0.57,0.4,4996.0,475.7,291.7,810.0,921.3,535.1,2.0,1.71,2.04,111.4,421.4,389.0,288.8,301.5,1839,92.7,6821,2107,22762,18629,2128,1279,1453,19.9
2014-07-31,105.2,107.0,105.8,102.9,68.8,71.4,4.01,9.27,15.21,103.1,3.2,4.34,2.24,2.96,3.51,3.29,2.1,1255,1182.0,1734.0,1373,854,1106.0,472,897,503,892.0,908.0,138.7,182.7,193.0,422.0,375,435.4,420.9,218.3,280.4,1.02,0.93,0.79,5.17,2.45,7.75,18.98,0.44,0.55,0.4,4991.0,474.0,292.7,818.2,930.6,536.9,1.85,1.7,2.0,111.0,440.6,390.0,305.0,279.5,1948,96.1,7113,2193,22424,19118,2311,1311,1492,20.9
2014-08-31,100.1,101.9,101.9,96.4,68.9,71.2,3.88,9.14,15.74,101.3,3.27,4.7,2.21,2.79,3.49,2.86,2.03,1188,1200.0,1729.0,1389,779,939.0,459,862,502,852.0,854.0,118.5,176.4,191.4,445.0,414,460.6,442.6,220.4,263.5,0.99,0.96,0.77,5.79,2.27,7.72,19.25,0.43,0.57,0.38,4920.0,466.1,289.2,800.3,910.3,530.4,1.63,1.67,1.86,111.0,446.5,391.0,311.3,279.5,2030,92.6,7002,2237,22231,18600,2327,1295,1446,19.7
2014-09-30,95.9,97.3,97.0,93.2,65.9,67.9,3.92,9.24,15.16,101.8,3.21,4.64,2.22,2.64,3.37,2.65,1.89,1193,1214.0,1679.0,1389,761,905.0,430,840,460,836.0,834.0,105.6,163.1,180.6,432.0,411,449.9,442.1,202.8,243.6,0.97,0.92,0.77,6.17,2.36,7.72,18.35,0.42,0.56,0.35,4924.0,451.8,277.6,781.6,889.0,509.1,1.62,1.53,1.67,111.4,438.1,398.0,317.5,279.5,1990,82.4,6872,2117,21091,18035,2295,1237,1359,18.4
2014-10-31,86.1,87.3,86.6,84.4,63.7,65.7,3.77,9.77,15.89,103.0,3.1,4.97,2.31,2.65,3.42,2.61,1.91,1149,1339.0,1696.0,1389,764,936.0,426,833,453,859.0,888.0,112.1,163.1,195.2,428.0,409,437.6,437.0,220.1,245.4,1.01,0.9,0.73,5.95,2.36,7.74,17.5,0.41,0.5799999999999998,0.37,4943.0,443.5,275.6,770.0,875.8,505.6,1.55,1.51,1.63,116.0,418.8,398.0,317.5,279.5,1946,81.09999999999998,6737,2034,19830,15812,2277,1222,1260,17.2
2014-11-30,77.0,78.4,76.7,75.8,62.6,65.7,4.1,8.9,15.59,102.7,2.91,4.62,2.27,2.65,3.33,2.71,1.9,1192,1397.0,1806.0,1389,765,970.0,450,826,474,841.0,923.0,113.9,178.7,213.8,418.0,400,423.8,422.0,236.0,258.7,1.0,0.9,0.72,5.84,2.31,7.87,17.31,0.41,0.53,0.36,4922.0,436.6,256.1,756.0,859.9,469.8,1.49,1.54,1.64,119.5,408.8,385.0,317.5,279.5,2056,73.7,6713,2030,20033,15807,2253,1175,1208,16.0
2014-12-31,60.7,62.3,60.5,59.3,62.4,66.1,3.43,9.83,15.62,99.0,2.95,4.34,2.2,2.62,3.37,2.62,1.88,1212,1427.0,1795.0,1373,720,972.0,448,815,470,815.0,901.0,123.1,178.7,227.3,418.0,398,421.2,382.4,261.8,269.7,0.95,0.91,0.77,5.46,2.22,8.21,17.38,0.4,0.55,0.34,4926.0,431.2,249.4,749.2,852.2,457.4,1.51,1.47,1.61,119.5,418.4,381.0,308.1,279.5,1909,68.4,6446,1938,19830,15962,2176,1201,1215,16.3
2015-01-31,47.1,48.1,46.0,47.3,61.4,59.3,2.97,9.25,16.19,91.1,2.92,4.19,2.16,2.61,3.24,2.28,2.32,1146,1393.0,1713.0,1350,720,1010.0,433,797,443,778.0,871.0,128.1,174.7,215.1,420.0,400,418.6,374.4,231.5,248.4,0.89,0.91,0.76,5.3,2.22,7.93,17.42,0.38,0.56,0.34,4923.0,407.6,251.5,726.8,826.7,461.3,1.48,1.42,1.66,119.5,440.3,381.5,305.0,279.5,1815,68.2,5831,1843,19454,14849,2113,1251,1242,17.2
2015-02-28,54.8,57.9,55.8,50.6,69.1,63.5,2.85,8.27,14.2,83.5,2.96,3.94,2.17,2.45,3.11,1.84,2.42,1161,1350.0,1677.0,1345,723,1052.0,424,763,418,763.0,825.0,125.4,173.7,217.7,420.0,400,417.0,353.5,219.8,237.0,0.94,1.0,0.7,4.88,2.03,7.71,17.48,0.37,0.54,0.32,4911.0,397.5,250.9,734.3,835.2,460.2,1.54,1.43,1.82,121.3,444.1,382.5,305.0,279.5,1818,62.8,5729,1796,18234,14574,2098,1227,1197,16.8
2015-03-31,52.8,55.8,54.9,47.8,64.8,59.9,2.8,8.27,13.04,82.2,2.88,3.54,2.03,2.41,3.08,1.42,2.72,1091,1350.0,1571.0,1345,699,1021.0,410,750,412,751.0,805.0,126.3,174.2,227.7,410.0,392,411.0,360.7,218.8,230.8,0.93,1.04,0.63,4.72,2.15,7.58,17.45,0.35,0.53,0.2899999999999999,4962.0,379.2,247.3,717.9,816.6,453.6,1.53,1.43,1.74,123.0,428.8,383.0,295.5,283.4,1774,58.1,5940,1792,17422,13756,2029,1179,1139,16.2
2015-04-30,57.5,59.4,58.8,54.4,56.2,59.0,2.58,6.77,10.94,70.9,2.87,3.62,2.03,2.63,3.01,2.13,2.77,1078,1340.0,1570.0,1345,683,980.0,395,748,398,748.0,834.0,129.1,172.1,224.2,399.0,384,400.3,354.0,209.7,223.4,0.91,1.03,0.61,4.82,2.31,7.77,16.93,0.35,0.54,0.2899999999999999,4987.0,377.8,249.1,715.9,814.2,456.8,1.58,1.41,1.7,114.1,409,380.0,260.0,299.0,1819,52.3,6042,2005,15901,12831,2213,1199,1151,16.3
2015-05-31,62.5,64.6,63.7,59.3,61.2,61.6,2.84,6.68,9.34,72.59999999999998,3.1,3.49,1.93,2.89,2.97,2.6,3.09,1132,1270.0,1620.0,1345,697,962.0,388,785,386,770.0,916.0,126.8,166.3,217.4,381.0,368,386.5,351.0,200.8,215.3,0.94,0.94,0.61,4.5,2.35,7.48,15.86,0.36,0.54,0.2899999999999999,5018.0,390.8,246.5,740.7,842.5,452.1,1.61,1.55,1.84,110.5,413.6,380.0,265.0,300.9,1804,60.3,6295,1992,15804,13511,2282,1199,1140,16.8
2015-06-30,61.3,62.3,61.8,59.8,59.0,60.7,2.77,6.67,9.19,71.5,3.24,3.52,1.99,3.0,3.01,2.71,3.27,1124,1250.0,1547.0,1366,706,914.0,391,788,387,842.0,928.0,119.0,166.7,221.1,376.0,365,376.0,349.0,205.0,209.8,0.9,0.92,0.63,4.44,2.28,7.28,13.79,0.37,0.55,0.27,4947.0,392.5,240.6,745.3,847.7,441.3,1.6,1.58,1.82,118.9,421.4,380.0,288.8,301.5,1688,62.6,5833,1830,15065,12825,2082,1182,1089,16.1
2015-07-31,54.3,55.9,56.3,50.9,59.9,57.9,2.83,6.69,9.5,72.59999999999998,3.33,3.41,1.92,3.1,3.04,2.86,3.39,1103,1269.0,1440.0,1389,680,869.0,406,752,407,810.0,917.0,124.0,179.6,222.9,392.0,376,389.9,345.8,207.4,197.3,0.89,0.94,0.64,4.65,2.07,7.28,12.26,0.36,0.54,0.28,4878.0,385.1,241.3,745.6,848.1,442.5,1.6,1.45,1.64,121.0,431.5,380.0,283.8,301.5,1640,52.4,5457,1763,15072,11413,2001,1128,1009,15.1
2015-08-31,45.7,47.0,47.2,42.9,59.1,55.0,2.76,6.35,9.82,70.4,3.15,3.46,1.89,2.96,2.91,2.8,3.17,1032,1234.0,1466.0,1392,601,735.0,379,728,386,754.0,895.0,110.7,162.6,183.5,373.0,362,377.5,340.1,187.9,179.7,0.9,0.96,0.68,4.77,1.82,7.28,10.39,0.36,0.54,0.25,4926.0,389.8,241.7,747.3,850.0,443.3,1.58,1.31,1.45,121.0,434.6,378.8,274.6,301.5,1548,56.2,5127,1704,15164,10386,1808,1118,984,14.9
2015-09-30,46.3,47.2,46.2,45.5,57.7,51.4,2.65,6.28,10.31,69.0,3.28,3.22,1.8,2.78,2.65,2.59,3.1,1052,1280.0,1472.0,1400,600,800.0,367,720,374,772.0,897.0,109.8,165.6,173.6,357.0,347,360.0,326.4,194.0,172.7,0.91,0.95,0.63,4.58,1.69,7.28,8.77,0.37,0.53,0.26,4887.0,393.0,247.8,735.6,836.7,454.5,1.52,1.24,1.35,124.0,428,379.0,279.4,301.5,1590,57.0,5217,1684,15453,9938,1720,1125,964,14.8
2015-10-31,47.0,48.1,46.6,46.2,54.3,50.1,2.32,6.03,10.11,63.6,3.2,3.38,1.82,2.86,2.81,2.54,3.24,1104,1280.0,1520.0,1400,637,858.0,376,743,373,809.0,962.0,118.0,171.4,177.5,373.0,362,369.3,342.4,206.3,172.7,0.93,0.93,0.66,4.24,1.61,7.28,8.71,0.37,0.55,0.31,4858.0,393.3,248.1,734.8,835.8,455.0,1.52,1.24,1.33,123.5,423.8,380.0,250.6,301.5,1516,53.1,5216,1720,15795,10317,1724,1159,977,15.8
2015-11-30,43.1,44.4,42.2,42.7,52.5,53.3,2.08,5.5,9.52,57.8,3.36,3.26,1.8,2.82,2.92,2.49,3.06,1071,1308.0,1518.0,1413,608,789.0,368,727,351,800.0,915.0,119.4,166.2,169.1,368.0,359,366.2,353.6,203.4,177.1,0.85,0.93,0.77,4.03,1.62,7.52,9.63,0.35,0.57,0.32,4813.0,375.9,242.9,728.5,828.6,445.5,1.53,1.16,1.24,123.5,383.9,366.4,263.6,301.5,1468,46.9,4800,1618,14745,9244,1583,1086,885,14.5
2015-12-31,36.6,37.7,34.8,37.2,52.2,48.8,1.92,5.09,9.08,53.7,3.35,3.28,1.75,2.81,2.95,2.45,3.03,1150,1336.0,1537.0,1446,607,850.0,368,766,338,821.0,898.0,119.4,163.9,169.8,363.0,356,360.2,371.0,192.0,189.2,0.86,0.93,0.77,3.8,1.74,7.61,9.89,0.36,0.57,0.32,4790.0,380.6,244.6,718.2,816.8,448.7,1.55,1.16,1.27,123.5,340.6,360.0,264.0,301.5,1497,40.5,4639,1707,14692,8708,1528,1076,860,14.1
2016-01-31,29.8,30.8,27.0,31.5,49.0,49.1,2.27,4.4,8.4,54.2,2.95,3.2,1.65,2.55,2.85,2.08,2.72,1152,1308.0,1499.0,1360,612,896.0,373,736,336,781.0,885.0,118.5,161.0,164.9,369.0,361,366.2,364.9,191.7,193.3,0.86,1.04,0.69,3.63,1.85,7.61,10.47,0.35,0.57,0.31,4731.0,380.2,251.8,690.7,785.6,461.8,1.52,1.08,1.23,122.6,327.10000000000001999,334.0,233.9,301.5,1481,41.9,4472,1646,13808,8507,1520,1098,855,14.1
2016-02-29,31.0,33.2,29.5,30.4,50.3,50.3,1.96,3.97,8.56,48.4,2.92,3.26,1.63,2.35,2.83,1.75,2.48,1219,1280.0,1512.0,1317,679,987.0,374,767,323,780.0,898.0,114.8,159.7,164.9,384.0,374,377.4,360.1,188.4,187.0,0.93,1.05,0.69,3.86,1.77,7.59,10.8,0.36,0.56,0.2899999999999999,4670.0,388.4,259.3,685.9,780.1,475.7,1.47,1.1,1.27,114.5,326,286.3,191.9,301.5,1531,46.8,4599,1766,15610,8299,1710,1200,919,15.2
2016-03-31,37.3,39.1,35.2,37.8,52.2,52.6,1.7,3.91,7.74,44.5,3.07,3.47,1.67,2.31,2.87,1.77,2.3,1440,1280.0,1444.0,1301,716,1211.0,381,766,319,766.0,859.0,113.0,159.1,160.5,384.0,375,374.9,360.2,189.7,191.1,0.94,1.01,0.68,4.03,1.85,7.39,10.67,0.36,0.5799999999999998,0.34,4570.0,388.9,263.6,681.4,775.0,483.5,1.44,1.28,1.46,114.5,338.1,291.3,201.8,301.5,1531,56.2,4954,1802,16898,8717,1802,1245,968,15.5
2016-04-30,40.8,42.3,39.0,41.0,50.7,52.4,1.9,3.97,6.82,46.6,3.08,3.4,1.77,2.54,2.99,2.51,2.11,1581,1294.0,1474.0,1314,775,1299.0,395,794,346,809.0,876.0,112.5,164.4,162.3,395.0,386,383.5,371.0,192.8,187.4,0.94,0.99,0.7099999999999999,3.96,1.93,7.39,10.53,0.37,0.62,0.34,4625.0,396.7,271.7,685.8,780.0,498.4,1.53,1.49,1.71,114.1,330.5,295.0,196.3,301.5,1571,60.9,4873,1732,17033,8879,1855,1242,994,16.4
2016-05-31,45.9,47.1,44.0,46.7,51.3,54.2,1.92,4.33,6.27,48.2,3.1,3.42,1.85,2.57,3.08,2.43,2.21,1440,1200.0,1501.0,1323,753,1218.0,423,796,422,806.0,881.0,112.1,169.0,158.5,433.0,415,414.4,377.3,189.9,172.0,0.93,0.99,0.76,4.04,2.06,7.39,10.47,0.37,0.6,0.38,4680.0,395.8,273.3,696.4,792.0,501.2,1.55,1.36,1.63,110.5,313.5,295.0,198.4,301.5,1551,55.1,4695,1708,16707,8660,1869,1261,1036,16.9
2016-06-30,47.7,48.5,45.8,48.8,52.9,58.6,2.57,4.76,6.4,58.1,3.12,3.65,1.89,2.65,2.96,2.58,2.41,1548,1195.0,1517.0,1366,718,1337.0,457,800,468,793.0,860.0,108.4,179.9,166.7,441.0,422,426.8,372.5,187.0,173.1,0.94,0.99,0.88,4.11,2.15,7.34,10.47,0.37,0.61,0.43,4810.0,393.2,282.3,681.1,774.7,517.7,1.63,1.26,1.49,110.5,306.60000000000001999,285.0,142.6,301.5,1594,52.0,4642,1713,16967,8928,2026,1276,984,17.3
2016-07-31,44.1,45.1,42.6,44.7,61.2,62.4,2.79,4.67,6.76,60.7,3.05,3.79,2.0,2.77,3.18,2.7,2.43,1515,1328.0,1493.0,1415,678,1290.0,431,797,440,768.0,833.0,107.0,161.8,145.2,442.0,424,417.9,361.6,166.5,151.8,0.93,1.01,0.97,4.26,1.96,7.15,10.47,0.36,0.62,0.43,4857.0,387.3,286.0,630.4,717.1,524.5,1.79,1.28,1.59,110.5,305.2,281.0,181.0,282.5,1629,57.3,4865,1835,17826,10263,2183,1337,1088,20.0
2016-08-31,44.9,46.1,43.7,44.8,67.4,66.3,2.79,4.05,7.14,58.0,3.03,3.69,2.02,2.78,3.46,2.56,2.31,1575,1566.0,1540.0,1433,771,1424.0,412,824,399,818.0,830.0,95.5,150.2,152.7,415.0,403,393.8,347.5,159.3,149.2,0.9,1.04,0.96,4.24,1.74,6.83,10.84,0.37,0.63,0.44,4890.0,392.3,294.0,628.5,714.8,539.3,1.77,1.3,1.55,109.8,318.10000000000001999,281.3,186.3,206.5,1639,60.9,4752,1836,18427,10336,2279,1340,1122,19.6
2016-09-30,45.0,46.2,43.7,45.2,72.7,68.3,2.97,4.25,7.54,61.4,2.88,3.89,2.14,2.79,3.6,2.44,2.33,1557,1550.0,1537.0,1433,798,1444.0,404,837,368,850.0,866.0,89.6,148.4,145.4,384.0,378,365.3,342.7,157.6,150.6,0.91,1.0,1.05,4.12,1.7,6.91,11.88,0.37,0.62,0.47,4957.0,392.4,292.2,630.0,716.6,535.9,1.72,1.36,1.57,109.0,320,287.0,187.3,206.5,1592,57.8,4722,1948,19500,10192,2292,1327,1047,19.4
2016-10-31,49.3,49.7,48.3,49.9,94.2,83.8,2.95,5.34,7.65,66.4,2.71,3.95,2.29,2.89,3.88,2.39,2.39,1474,1550.0,1488.0,1433,750,1331.0,402,861,362,914.0,873.0,91.9,152.3,148.7,369.0,365,349.9,336.4,164.4,151.8,0.9,0.97,1.06,4.04,1.59,7.28,12.29,0.36,0.63,0.49,4906.0,386.0,286.9,591.6,672.9,526.2,1.73,1.48,1.66,109.0,310,285.0,187.5,206.5,1666,59.1,4731,2024,20100,10260,2312,1267,959,17.7
2016-11-30,45.3,46.4,43.8,45.6,103.4,89.2,2.5,5.69,7.59,62.6,2.48,4.06,2.29,3.03,4.01,2.41,2.68,1553,1564.0,1460.0,1433,767,1513.0,398,885,357,918.0,873.0,91.9,151.8,144.3,365.0,357,339.6,338.0,167.3,150.6,0.86,0.96,1.14,4.3,1.76,7.36,12.49,0.35,0.63,0.45,4878.0,378.3,275.1,595.5,677.3,504.7,1.74,1.66,1.87,103.0,298,285.0,205.0,206.5,1737,73.09999999999998,5451,2181,21126,11129,2566,1238,955,17.4
2016-12-31,52.6,54.1,51.8,52.0,88.2,80.2,3.58,5.42,7.59,74.4,2.3,3.57,2.25,2.98,3.91,2.36,2.67,1727,1600.0,1423.0,1439,811,1666.0,416,917,356,930.0,873.0,91.9,152.4,153.1,373.0,364,354.4,341.0,161.2,141.8,0.83,0.96,1.08,4.14,1.86,7.5,13.2,0.34,0.64,0.41,4912.0,369.3,256.4,598.1,680.3,470.3,1.75,1.93,2.23,97.5,296.60000000000001999,277.5,217.8,206.5,1728,80.0,5660,2210,21204,10972,2665,1157,918,16.4
2017-01-31,53.6,54.9,53.4,52.5,83.7,86.5,3.26,6.14,8.04,74.3,2.19,3.72,2.39,3.04,3.95,2.14,3.05,1819,1644.0,1398.0,1428,825,1737.0,412,877,371,891.0,873.0,91.9,160.0,156.2,377.0,369,355.9,336.6,173.6,153.2,0.83,1.0,0.94,4.07,1.94,7.52,13.41,0.35,0.65,0.45,4905.0,371.6,258.6,590.7,671.8,474.3,1.82,2.16,2.56,96.9,308,270.0,233.8,206.5,1791,80.4,5755,2243,20692,9971,2715,1192,971,16.9
2017-02-28,54.4,55.5,54.2,53.4,80.0,83.6,2.82,6.05,8.41,68.8,2.03,3.67,2.35,2.96,3.97,1.85,3.06,1688,1654.0,1351.0,1360,809,1567.0,395,840,374,874.0,873.0,91.9,162.9,157.1,367.0,361,348.8,335.3,181.0,155.1,0.83,1.05,0.9,4.23,1.94,7.37,13.64,0.35,0.67,0.45,4870.0,372.4,263.5,598.3,680.5,483.2,1.88,2.23,2.71,95.0,326,278.8,191.9,301.5,1861,89.4,5941,2312,19446,10643,2846,1234,1008,17.9
2017-03-31,50.9,52.0,51.2,49.6,80.9,79.09999999999998,2.89,5.0,8.25,64.4,2.06,3.53,2.35,2.87,4.01,1.69,2.92,1542,1641.0,1306.0,1399,779,1230.0,384,815,361,847.0,835.0,93.7,159.0,151.1,370.0,364,358.4,343.6,176.5,154.3,0.85,1.07,0.92,4.35,2.13,7.4,13.78,0.35,0.66,0.4,4865.0,374.0,263.5,591.2,672.5,483.3,1.91,1.97,2.35,97.5,325.60000000000001999,288.0,223.5,206.5,1901,87.7,5825,2281,19875,10205,2777,1231,963,17.6
2017-04-30,52.2,53.0,52.5,51.1,83.7,78.9,3.08,5.01,8.76,67.2,1.96,3.43,2.28,3.03,4.05,2.18,2.87,1590,1600.0,1298.0,1421,752,1086.0,387,794,346,839.0,798.0,94.2,156.4,149.8,380.0,369,358.5,344.7,172.2,166.1,0.87,1.06,0.85,4.41,2.16,8.44,13.78,0.35,0.63,0.36,4709.0,375.0,270.3,605.3,688.4,495.9,1.92,1.65,2.21,95.6,313.10000000000001999,285.0,207.9,206.5,1921,70.2,5684,2221,19910,9609,2615,1267,961,18.0
2017-05-31,49.9,50.9,50.3,48.5,74.4,74.4,3.12,5.06,9.1,68.2,1.98,3.31,2.17,3.2,4.02,2.63,2.94,1719,1593.0,1330.0,1453,763,1099.0,390,825,344,842.0,795.0,94.2,158.6,159.9,421.0,399,395.0,345.0,175.0,180.4,0.91,1.09,0.76,4.6,2.33,8.57,14.29,0.36,0.63,0.35,4582.0,386.8,265.3,619.4,704.5,486.6,1.95,1.53,2.1,92.5,309.3,275.0,178.8,206.5,1913,62.4,5600,2125,20200,9155,2590,1246,930,16.7
2017-06-30,46.2,46.9,46.4,45.2,81.09999999999998,79.2,2.94,4.89,8.88,65.0,2.0,3.16,2.25,3.24,3.95,2.63,3.14,1870,1592.0,1333.0,1463,735,1031.0,379,833,330,847.0,794.0,94.2,157.9,165.0,458.0,430,440.9,357.2,183.4,189.6,0.93,1.1,0.72,4.68,2.43,9.19,14.86,0.37,0.61,0.31,4517.0,392.9,268.4,613.2,697.4,492.3,1.87,1.44,1.72,92.5,310.3,275.0,191.0,206.5,1885,57.5,5720,2133,19659,8932,2573,1260,931,16.9
2017-07-31,47.7,48.7,47.6,46.7,87.5,81.7,2.96,5.0,8.86,65.8,1.99,3.3,2.31,3.23,3.86,2.83,2.99,1644,1486.0,1355.0,1497,720,1034.0,410,836,341,906.0,793.0,94.2,157.5,163.7,417.0,399,397.4,385.9,201.8,202.5,0.94,1.1,0.7,4.67,2.35,9.37,14.73,0.38,0.59,0.32,4515.0,402.7,264.6,622.3,707.8,485.4,1.85,1.52,1.75,92.5,313.8,275.8,181.0,207.3,1903,67.7,5985,2270,20223,9491,2787,1237,919,16.2
2017-08-31,49.9,51.4,50.4,48.0,98.6,87.8,2.88,5.48,8.92,67.0,1.99,3.3,2.3,3.26,4.13,2.77,2.9,1845,1433.0,1386.0,1510,718,1174.0,393,862,330,875.0,816.0,96.5,148.5,169.9,393.0,381,376.1,390.4,172.7,171.2,0.94,1.1,0.72,4.47,2.19,8.89,12.84,0.39,0.55,0.32,4432.0,413.2,271.0,621.2,706.6,497.0,1.75,1.55,1.84,88.8,320.8,280.5,192.6,215.5,2030,76.09999999999998,6486,2348,20521,10890,2981,1283,973,17.0
2017-09-30,53.0,55.2,53.9,49.8,97.8,92.3,2.96,5.96,8.64,70.2,2.0,3.23,2.19,3.28,4.27,2.62,2.96,1601,1382.0,1406.0,1505,754,1336.0,394,889,342,873.0,822.0,96.5,147.3,169.8,402.0,388,384.8,382.0,176.9,178.6,0.93,1.1,0.79,4.3,2.11,8.55,12.13,0.39,0.59,0.32,4395.0,417.2,268.9,637.7,725.3,493.3,1.78,1.61,1.86,85.0,325.89999999999998001,283.2,219.0,215.5,2096,71.5,6577,2374,20797,11216,3117,1314,964,17.4
2017-10-31,54.9,57.6,55.6,51.6,97.1,91.4,2.86,6.18,8.31,69.8,2.1,3.1,2.17,3.29,4.19,2.64,3.06,1485,1325.0,1379.0,1481,747,1419.0,397,881,353,897.0,805.0,96.5,148.6,171.0,394.0,379,375.7,376.2,177.0,175.6,0.92,1.08,0.82,4.25,1.98,8.24,11.95,0.38,0.6,0.32,4513.0,411.6,263.6,632.5,719.5,483.5,1.73,1.46,1.64,80.0,322.39999999999998001,283.5,252.5,215.5,2131,61.7,6808,2498,20376,11336,3265,1280,921,16.9
2017-11-30,59.9,62.6,60.6,56.7,96.6,91.4,2.99,6.69,8.449999999999998,73.9,2.13,3.11,2.01,3.23,4.11,2.61,2.98,1554,1260.0,1386.0,1502,729,1445.0,394,887,351,963.0,810.0,108.4,148.7,167.7,402.0,386,378.8,379.0,175.7,179.7,0.93,1.08,0.86,4.33,1.96,7.55,12.17,0.38,0.6,0.33,4594.0,410.9,263.8,633.4,720.5,484.0,1.77,1.43,1.57,80.0,344,295.0,280.0,215.5,2097,64.2,6827,2461,19558,11972,3229,1282,934,17.0
2017-12-31,61.2,64.2,61.4,57.9,100.8,95.5,2.76,7.14,8.65,73.3,1.92,3.03,1.93,3.13,4.11,2.5,2.79,1451,1231.0,1477.0,1510,679,1306.0,387,867,360,902.0,801.0,119.9,149.0,175.2,406.0,391,388.5,383.2,172.5,184.1,0.91,1.1,0.77,4.28,1.97,7.94,12.24,0.39,0.59,0.32,4630.0,414.3,263.6,642.2,730.5,483.5,1.88,1.46,1.65,80.0,357.3,308.8,214.6,215.5,2080,72.3,6834,2510,19476,11495,3196,1264,907,16.2
2018-01-31,66.2,69.0,66.0,63.7,106.5,97.5,3.86,6.66,9.34,84.8,1.95,3.06,1.95,3.1,4.16,2.19,2.96,1394,1180.0,1597.0,1433,703,1265.0,390,871,376,848.0,799.0,121.7,155.8,178.5,442.0,422,410.8,380.9,178.3,192.2,0.98,1.13,0.76,4.3,2.07,7.72,12.36,0.4,0.59,0.31,4649.0,426.7,268.3,661.1,751.9,492.1,2.01,1.5,1.72,80.0,360.4,320.0,219.6,215.5,2210,76.3,7066,2584,20697,12865,3442,1331,990,17.1
2018-02-28,63.5,65.4,62.8,62.2,106.0,92.7,2.67,6.72,9.83,71.0,2.12,3.0,1.97,3.0,4.1,1.91,2.99,1244,1160.0,1606.0,1433,709,1145.0,416,844,421,827.0,806.0,129.1,163.4,187.4,425.0,411,407.8,395.4,190.6,192.2,1.07,1.27,0.78,4.35,1.98,7.87,12.73,0.4,0.57,0.3,4628.0,432.5,275.8,670.1,762.2,505.9,1.95,1.46,1.72,82.5,370,320.0,232.5,215.5,2182,77.5,7007,2581,21652,13596,3533,1331,987,16.6
2018-03-31,64.2,66.5,63.3,62.8,96.7,89.5,2.7,6.7,10.11,71.5,2.5,2.98,1.94,2.84,3.95,1.75,2.81,1119,1227.0,1604.0,1436,706,1016.0,430,837,445,800.0,801.0,130.9,172.0,181.2,430.0,418,403.5,409.9,198.9,192.2,1.11,1.16,0.74,4.44,2.2,8.05,12.79,0.4,0.55,0.28,4741.0,431.7,280.7,669.4,761.4,514.9,2.03,1.44,1.76,84.7,378,324.0,232.5,215.5,2069,70.4,6799,2390,21212,13393,3269,1325,955,16.5
2018-04-30,68.8,71.6,68.4,66.3,93.7,92.3,2.78,6.93,10.09,73.5,2.62,2.96,1.95,2.95,3.88,2.28,2.69,1131,1380.0,1578.0,1444,701,1007.0,439,832,462,793.0,799.0,130.9,175.6,178.6,451.0,436,430.2,413.4,198.8,213.8,1.11,1.16,0.76,4.38,2.36,8.38,12.83,0.4,0.55,0.27,4842.0,429.7,276.7,674.4,767.0,507.5,2.03,1.39,1.73,88.0,384.8,325.0,230.6,215.5,2255,65.8,6852,2352,21291,13938,3188,1335,924,16.6
2018-05-31,73.4,76.7,73.7,70.0,105.3,101.9,2.8,7.49,10.25,76.5,2.66,2.99,1.96,3.02,3.76,2.69,2.62,1028,1450.0,1513.0,1444,687,935.0,430,793,459,811.0,801.0,130.9,179.1,178.6,451.0,436,431.8,419.0,209.9,213.8,0.96,1.15,0.88,4.32,2.65,8.19,12.9,0.39,0.54,0.27,4907.0,413.9,271.4,645.8,734.6,497.8,2.08,1.44,1.7,88.0,384.4,326.0,221.9,215.5,2300,66.1,6825,2361,20859,14366,3060,1303,905,16.5
2018-06-30,72.0,75.2,73.2,67.5,114.3,103.9,2.95,7.45,10.44,78.3,2.41,2.95,1.9,2.87,3.39,2.69,2.52,931,1503.0,1494.0,1462,657,866.0,394,789,421,838.0,775.0,130.9,165.1,161.9,427.0,415,408.6,443.1,206.0,219.4,0.92,1.16,0.84,4.24,2.72,7.83,12.54,0.38,0.57,0.28,4933.0,408.8,270.6,636.8,724.3,496.3,2.15,1.38,1.56,86.8,391.6,335.2,224.0,215.5,2238,65.0,6966,2436,20661,15106,3089,1282,885,16.5
2018-07-31,72.7,74.4,72.7,70.8,119.6,106.0,2.83,7.6,10.44,77.5,2.36,2.88,1.86,2.89,3.41,2.76,2.49,916,1451.0,1496.0,1477,616,877.0,377,780,407,849.0,780.0,130.9,156.5,147.5,398.0,390,382.7,440.7,206.9,218.3,0.88,1.14,0.89,4.19,2.53,7.83,12.24,0.38,0.56,0.26,4928.0,408.8,267.0,631.0,717.8,489.8,2.12,1.31,1.47,86.9,400.8,344.3,252.5,215.5,2082,64.6,6251,2207,19730,13794,2656,1238,832,15.7
2018-08-31,71.1,73.09999999999998,72.09999999999998,68.0,117.3,98.5,2.96,8.08,10.88,81.7,2.17,2.76,1.78,2.77,3.34,2.59,2.4,915,1405.0,1475.0,1477,615,900.0,377,762,388,854.0,763.0,127.7,162.4,165.6,405.0,393,393.5,401.6,217.4,236.6,0.84,1.11,0.84,4.11,2.22,7.83,12.02,0.38,0.56,0.24,4984.0,404.1,268.1,617.0,701.8,491.8,2.08,1.34,1.47,87.5,409,357.6,260.0,215.5,2052,67.2,6051,2054,19229,13411,2512,1202,805,15.0
2018-09-30,75.4,78.9,77.0,70.2,114.2,102.1,2.98,9.52,11.3,89.2,2.19,2.67,1.69,2.67,3.25,2.35,2.41,897,1380.0,1493.0,1442,605,866.0,357,754,377,821.0,734.0,119.4,154.8,163.6,405.0,393,395.4,384.7,202.0,212.4,0.89,1.11,0.8,4.01,2.03,7.83,11.53,0.38,0.56,0.25,4974.0,408.1,265.9,625.5,711.4,487.6,1.99,1.33,1.44,87.5,421.6,376.3,267.5,215.5,2026,68.4,6051,2023,18967,12510,2435,1198,805,14.3
2018-10-31,76.7,80.5,79.0,70.8,108.7,100.3,3.28,8.79,11.66,89.6,2.13,3.03,1.88,2.74,3.48,2.31,2.42,830,1265.0,1485.0,1432,590,794.0,368,752,379,850.0,718.0,119.4,160.3,159.0,409.0,397,390.4,389.8,209.1,213.5,0.91,1.12,0.75,3.86,2.03,7.83,11.46,0.38,0.56,0.2899999999999999,4940.0,402.0,263.8,623.5,709.2,484.0,1.91,1.32,1.43,91.3,420.8,385.0,270.0,215.5,2030,73.4,6220,1988,19121,12315,2674,1215,830,14.6
2018-11-30,62.3,65.2,65.1,56.7,100.7,91.6,4.13,8.27,11.7,97.4,2.19,3.02,1.84,2.7,3.36,2.39,2.36,759,1224.0,1479.0,1438,539,708.0,374,729,366,840.0,706.0,119.4,160.7,157.5,401.0,391,378.8,395.7,210.8,203.6,0.86,1.12,0.73,3.95,2.03,7.46,11.66,0.37,0.55,0.28,4941.0,397.7,262.7,617.9,702.8,481.9,1.91,1.23,1.35,92.5,410.2,379.2,305.6,215.5,1939,73.3,6196,1937,19065,11240,2596,1221,846,14.4
2018-12-31,54.0,56.5,56.5,49.0,101.4,95.4,3.98,7.98,12.0,94.4,2.21,2.8,1.71,2.62,3.18,2.39,2.3,796,1213.0,1480.0,1435,535,738.0,381,728,361,827.0,703.0,119.4,167.4,163.8,404.0,395,379.3,399.5,217.8,211.3,0.84,1.13,0.72,4.19,2.09,7.44,11.79,0.37,0.56,0.28,4924.0,398.5,265.4,607.5,691.0,486.9,1.9,1.26,1.44,99.2,389.7,368.3,276.7,215.5,1920,69.2,6075,1972,19260,10835,2616,1250,791,14.8
2019-01-31,56.6,59.3,59.0,51.5,98.6,91.3,3.08,7.26,12.01,80.09999999999998,2.26,2.83,1.72,2.54,3.23,2.12,2.26,773,1235.0,1486.0,1380,585,765.0,382,748,362,860.0,688.0,119.4,166.7,162.9,410.0,402,387.4,396.3,220.2,209.8,0.85,1.14,0.64,4.24,2.15,7.99,11.79,0.37,0.56,0.28,4806.0,399.7,273.2,617.2,702.1,501.2,1.82,1.36,1.59,102.5,382.1,355.0,260.0,215.5,1854,76.2,5939,1997,20458,11523,2570,1292,807,15.6
2019-02-28,61.1,64.1,64.3,55.0,95.4,84.2,2.72,6.01,11.81,69.5,2.26,2.83,1.73,2.38,3.27,1.72,2.16,710,1368.0,1472.0,1370,603,695.0,380,773,353,830.0,700.0,119.4,169.5,170.4,408.0,401,386.3,368.0,217.2,219.0,0.87,1.16,0.63,4.28,2.09,8.02,11.79,0.37,0.57,0.2899999999999999,4783.0,397.3,269.7,623.1,708.8,494.7,1.79,1.4,1.65,102.5,357.4,343.8,250.6,215.5,1863,88.2,6300,2063,21264,12685,2707,1320,818,15.8
2019-03-31,63.8,66.4,66.8,58.2,93.1,78.8,2.94,5.18,11.29,67.9,2.2,2.73,1.7,2.38,3.38,1.63,2.13,679,1383.0,1476.0,1370,573,655.0,370,750,345,809.0,712.0,119.4,166.2,169.3,406.0,399,382.4,342.6,200.4,205.8,0.94,1.18,0.65,4.48,2.07,8.01,11.79,0.37,0.5799999999999998,0.28,4733.0,395.7,267.7,631.4,718.1,491.1,1.85,1.47,1.72,98.5,335,321.0,247.5,245.5,1871,86.5,6439,2046,21393,13026,2851,1301,843,15.3
2019-04-30,68.6,71.2,70.7,63.9,86.8,72.5,2.65,4.92,10.27,62.5,2.33,2.67,1.62,2.65,3.34,2.35,2.26,669,1319.0,1505.0,1378,588,636.0,360,734,342,806.0,713.0,136.4,161.5,165.5,413.0,404,391.3,341.1,197.3,199.5,0.93,1.16,0.57,4.7,2.09,8.05,11.79,0.37,0.59,0.28,4673.0,393.4,266.7,624.8,710.6,489.1,1.92,1.5,1.72,97.5,323.8,310.0,247.5,265.5,1845,93.7,6438,1939,20604,12773,2933,1286,887,15.1
2019-05-31,66.8,70.5,69.1,60.8,82.3,68.9,2.63,4.34,10.15,59.4,2.32,2.66,1.57,2.73,3.09,2.71,2.39,661,1313.0,1512.0,1393,564,573.0,340,743,339,816.0,722.0,149.3,171.1,165.5,409.0,401,386.8,350.9,200.3,199.5,0.92,1.12,0.52,4.6,2.09,8.05,11.79,0.37,0.5799999999999998,0.27,4651.0,391.5,270.6,615.5,700.1,496.3,1.77,1.5,1.77,97.5,313.39999999999998001,305.0,247.5,265.5,1781,100.2,6018,1815,19524,12016,2743,1284,834,14.7
2019-06-30,59.8,63.3,61.3,54.7,72.5,62.9,2.4,3.59,10.04,53.0,2.41,2.86,1.63,2.56,2.78,2.75,2.16,636,1315.0,1522.0,1392,552,542.0,359,743,363,840.0,725.0,149.3,195.1,157.7,420.0,411,394.2,358.8,222.4,206.1,0.89,1.13,0.54,4.63,2.07,8.05,11.97,0.37,0.5799999999999998,0.28,4607.0,395.2,275.4,607.5,691.0,505.1,1.71,1.5,1.93,97.5,314.89999999999998001,293.8,247.5,265.5,1756,108.9,5882,1900,19193,11944,2601,1359,808,15.0
2019-07-31,61.5,64.0,62.9,57.5,72.09999999999998,65.8,2.36,3.62,10.13,52.7,2.42,2.99,1.63,2.58,2.84,2.9,2.0,657,1260.0,1496.0,1438,544,555.0,370,748,349,845.0,754.0,149.3,189.4,159.5,416.0,409,391.7,360.2,204.0,196.2,0.86,1.13,0.54,4.63,1.99,8.05,12.95,0.37,0.57,0.28,4543.0,392.7,275.1,597.7,679.9,504.6,1.67,1.41,1.67,80.0,307.5,283.8,263.5,265.5,1797,120.2,5941,1976,17978,13546,2447,1413,844,15.8
2019-08-31,57.7,59.3,58.9,54.8,65.6,60.4,2.22,3.68,10.86,51.8,2.19,2.78,1.56,2.63,3.06,2.71,2.11,719,1252.0,1437.0,1458,586,619.0,361,793,337,877.0,776.0,135.0,163.6,147.9,430.0,421,407.5,362.4,197.5,181.1,0.83,1.12,0.53,4.6,1.9,8.05,13.06,0.36,0.57,0.27,4523.0,389.4,280.2,582.0,662.0,513.9,1.56,1.31,1.5,78.0,292.89999999999998001,275.0,262.5,265.5,1741,93.1,5709,2045,16609,15749,2273,1500,859,17.2
2019-09-30,60.0,62.3,60.8,57.0,66.0,61.4,2.58,4.21,10.14,58.2,2.31,2.84,1.56,2.54,2.88,2.53,2.22,724,1321.0,1385.0,1458,580,613.0,366,779,333,903.0,776.0,114.8,157.3,149.7,427.0,421,401.7,350.9,201.9,189.6,0.85,1.15,0.53,4.65,1.85,8.1,13.23,0.36,0.57,0.26,4545.0,385.3,277.1,591.6,672.9,508.2,1.57,1.34,1.5,77.5,285.8,270.0,237.8,265.5,1754,93.1,5759,2072,16831,17657,2332,1511,945,18.2
2019-10-31,57.3,59.4,58.5,54.0,69.2,67.4,2.33,5.06,9.98,59.1,2.44,2.8,1.51,2.58,2.94,2.46,2.34,720,1359.0,1360.0,1459,591,594.0,382,771,342,909.0,776.0,114.8,167.1,163.8,424.0,418,397.0,325.8,212.8,199.5,0.86,1.13,0.52,4.86,1.85,8.27,13.4,0.36,0.57,0.28,4447.0,386.9,275.3,605.4,688.6,505.0,1.63,1.3,1.43,77.5,277.39999999999998001,270.0,237.0,265.5,1726,88.5,5757,2184,16603,17046,2452,1495,897,17.6
2019-11-30,60.4,62.7,61.4,57.1,67.0,73.59999999999998,2.65,5.15,10.04,63.5,2.52,3.11,1.62,2.61,3.19,2.36,2.3,849,1400.0,1361.0,1388,685,767.0,376,770,347,891.0,776.0,114.8,166.3,161.9,421.0,415,394.8,328.2,223.5,203.2,0.85,1.13,0.53,5.94,1.85,8.27,13.68,0.36,0.6,0.28,4321.0,386.9,273.4,617.5,702.4,501.5,1.65,1.39,1.54,74.0,248,264.0,224.5,265.5,1775,85.0,5860,2021,16335,15172,2425,1471,902,17.2
2019-12-31,63.4,65.9,64.4,59.8,66.2,76.0,2.24,4.62,10.06,56.0,2.44,3.46,1.61,2.57,3.21,2.28,2.21,1031,1529.0,1363.0,1405,764,970.0,383,834,353,901.0,776.0,114.8,167.0,163.9,432.0,423,400.9,337.4,237.7,210.9,0.86,1.14,0.52,5.56,1.98,8.35,13.95,0.36,0.57,0.3,4321.0,388.9,272.8,627.9,714.2,500.4,1.67,1.46,1.66,72.5,238.2,243.3,217.5,265.5,1771,92.7,6077,1901,17141,13829,2273,1479,924,17.1
2020-01-31,61.6,63.6,63.8,57.5,69.7,82.1,2.03,3.63,9.89,48.6,2.6,3.13,1.56,2.51,3.27,1.97,2.29,1004,1672.0,1374.0,1371,810,971.0,387,876,356,945.0,807.0,114.8,171.8,166.2,451.0,440,426.0,348.7,248.0,224.5,0.87,1.17,0.51,5.04,2.07,6.62,14.0,0.36,0.57,0.31,4424.0,388.7,272.4,626.5,712.6,499.6,1.74,1.47,1.68,72.5,264.89999999999998001,239.0,215.4,268.7,1773,95.8,6031,1924,17029,13507,2354,1561,987,18.0
2020-02-29,53.3,55.0,54.5,50.5,67.6,80.0,1.92,2.91,9.89,43.8,2.72,2.99,1.5,2.36,3.35,1.6,2.13,844,1719.0,1365.0,1393,729,802.0,376,800,354,902.0,823.0,114.8,168.7,164.1,450.0,442,426.5,357.4,239.0,215.3,0.9,1.18,0.52,4.72,1.88,6.13,14.0,0.36,0.59,0.33,4443.0,381.8,270.6,621.1,706.4,496.3,1.69,1.34,1.61,72.5,279.39999999999998001,245.0,214.4,243.4,1688,87.7,5688,1873,16480,12716,2113,1597,961,17.9
2020-03-31,32.2,33.0,33.8,29.9,66.7,67.9,1.79,2.72,10.21,41.6,2.34,3.27,1.49,2.13,3.08,1.33,1.99,838,1868.0,1400.0,1413,636,691.0,373,748,377,797.0,730.0,114.8,162.4,164.4,494.0,477,469.6,372.6,228.1,209.1,0.91,1.2,0.55,4.47,1.78,6.32,14.0,0.36,0.6,0.26,4402.0,387.2,276.9,593.7,675.3,508.0,1.49,1.21,1.5,71.9,276.2,245.0,231.1,235.0,1611,89.0,5183,1734,15291,11846,1904,1592,759,14.9
2020-04-30,21.0,23.3,23.3,16.5,58.6,56.6,1.74,2.12,10.01,38.0,2.27,3.41,1.41,2.36,3.66,1.3,2.11,835,2050.0,1391.0,1527,609,721.0,361,680,364,759.0,732.0,114.8,146.9,166.7,564.0,536,543.7,407.1,221.7,219.0,0.9,1.28,0.5799999999999998,4.45,1.27,6.28,13.89,0.35,0.57,0.23,4345.0,380.4,276.2,595.0,676.7,506.7,1.4,1.11,1.33,70.8,282,245.0,235.0,220.4,1460,84.7,5058,1658,14953,11804,1903,1683,754,15.1
2020-05-31,30.4,31.0,31.6,28.6,52.5,57.4,1.75,1.58,10.08,35.6,2.32,3.3,1.42,2.51,3.76,1.79,1.97,832,2050.0,1395.0,1588,577,685.0,359,685,339,800.0,738.0,80.4,143.9,175.9,510.0,494,492.9,438.4,209.9,205.8,0.91,1.3,0.65,5.08,1.52,6.04,12.55,0.36,0.57,0.24,4393.0,381.6,277.7,589.5,670.5,509.4,1.45,1.12,1.35,72.9,263,243.0,201.9,222.2,1466,93.7,5240,1626,15402,12180,1975,1716,790,16.3
2020-06-30,39.5,39.9,40.1,38.3,52.2,56.8,1.61,1.75,8.97,34.0,2.23,3.12,1.42,2.84,3.3,3.35,1.86,916,2050.0,1451.0,1713,656,725.0,370,756,345,851.0,788.0,80.4,148.0,170.9,520.0,501,493.6,449.5,200.5,198.4,0.9,1.3,0.65,5.1,1.57,5.77,12.13,0.37,0.57,0.27,4402.0,393.9,276.7,599.9,682.4,507.5,1.49,1.17,1.4,75.0,273,240.0,202.0,226.3,1569,103.3,5755,1745,16838,12727,2026,1732,821,17.7
2020-07-31,42.1,42.8,42.6,40.8,51.6,56.6,1.74,1.8,7.79,34.9,2.1,3.24,1.49,3.04,3.32,3.99,1.81,888,1985.0,1487.0,1877,694,684.0,381,821,355,890.0,833.0,80.4,152.6,174.9,480.0,467,459.7,444.2,212.7,222.1,0.86,1.27,0.66,4.7,1.52,5.61,12.52,0.37,0.59,0.27,4384.0,401.1,278.9,606.8,690.2,511.5,1.51,1.2,1.48,75.0,305.10000000000001999,262.2,214.4,237.5,1644,108.5,6372,1818,17470,13402,2177,1847,865,20.6
2020-08-31,43.4,44.3,43.7,42.4,50.1,57.4,2.3,2.86,6.34,45.9,2.35,3.6,1.6,3.15,3.37,4.07,2.0,981,1930.0,1480.0,1877,760,739.0,385,867,375,922.0,877.0,80.4,149.3,189.5,505.0,486,480.9,448.9,208.9,223.0,0.9,1.25,0.62,4.63,1.5,6.15,12.57,0.39,0.6,0.2899999999999999,4353.0,414.0,280.8,629.1,715.6,515.0,1.54,1.32,1.7,76.9,341.9,276.3,249.5,240.4,1737,121.1,6499,1936,17650,14538,2410,1969,940,27.0
2020-09-30,40.6,41.1,41.1,39.6,54.6,57.5,1.92,3.95,5.88,46.1,2.46,3.67,1.6,3.08,3.35,3.86,2.03,1034,1664.0,1471.0,1881,796,768.0,423,906,408,938.0,982.0,80.4,166.1,189.6,507.0,488,483.0,462.7,219.7,247.7,0.91,1.24,0.61,4.6,1.47,6.31,11.86,0.39,0.59,0.28,4220.0,412.8,282.0,621.9,707.4,517.3,1.56,1.37,1.86,79.4,358.4,282.5,250.5,247.8,1744,123.8,6705,1873,17951,14857,2442,1922,908,25.7
2020-10-31,39.9,40.5,39.7,39.5,58.4,61.0,2.25,4.89,6.18,54.7,2.29,3.35,1.51,3.0,3.51,3.5,1.98,1118,1533.0,1438.0,1878,819,806.0,454,915,466,928.0,981.0,80.5,186.7,189.6,471.0,463,454.5,459.2,245.2,272.4,0.9,1.13,0.61,4.42,1.5,6.7,11.35,0.38,0.61,0.3,4245.0,412.0,283.0,621.7,707.1,519.1,1.65,1.53,2.19,80.0,357.1,290.0,245.0,255.0,1806,119.8,6714,1776,18177,15239,2441,1900,876,24.2
2020-11-30,42.3,43.2,42.6,41.1,64.4,69.4,2.59,4.84,6.86,59.1,2.36,3.32,1.6,2.78,3.47,2.88,1.99,1369,1607.0,1443.0,1879,918,1073.0,500,974,496,1048.0,1109.0,82.9,190.4,190.2,489.0,480,468.5,469.5,247.9,273.0,0.89,1.13,0.65,4.4,1.7,7.29,11.53,0.39,0.65,0.31,4222.0,414.3,285.2,633.0,719.9,523.1,1.71,1.56,2.3,82.5,359.6,292.5,245.0,250.0,1935,124.4,7069,1916,18522,15808,2672,1866,912,24.1
2020-12-31,48.7,49.9,49.3,47.1,83.0,85.2,2.54,5.86,7.66,63.9,2.41,3.48,1.59,2.65,3.41,2.6,1.94,1465,1938.0,1498.0,1977,1016,1225.0,511,1026,495,1098.0,1170.0,85.6,198.8,191.2,520.0,508,496.6,477.4,251.2,268.6,0.92,1.15,0.64,4.4,1.81,7.09,11.68,0.4,0.63,0.31,4200.0,425.8,286.9,643.9,732.4,526.2,1.79,1.57,2.33,83.3,388.5,320.0,245.0,246.3,2015,155.4,7772,2020,19732,16823,2780,1858,1028,25.0
2021-01-31,53.6,54.6,54.2,52.1,86.8,86.9,2.67,7.27,9.0,73.0,2.39,3.54,1.56,2.68,3.39,2.62,2.03,1463,1893.0,1496.0,1989,990,1368.0,576,1099,562,1141.0,1276.0,90.3,234.5,195.8,545.0,528,517.8,491.0,276.4,289.3,0.94,1.24,0.63,4.46,1.81,7.28,11.75,0.4,0.63,0.34,4157.0,426.1,287.0,653.8,743.6,526.4,1.92,1.59,2.3,85.0,421.3,337.6,265.0,255.5,2004,169.6,7972,2015,21920,17863,2705,1867,1091,25.9
2021-02-28,60.5,62.0,60.4,59.1,86.7,82.8,5.07,6.16,9.88,97.5,2.41,3.67,1.62,2.56,3.32,2.33,2.02,1445,1875.0,1479.0,1993,1020,1360.0,578,1124,548,1272.0,1363.0,94.8,245.2,200.2,557.0,542,531.0,500.5,276.6,289.4,0.95,1.22,0.5799999999999998,4.66,1.81,7.45,11.93,0.4,0.66,0.36,4185.0,423.4,282.5,664.0,755.3,518.2,2.05,1.68,2.35,88.1,528.9,453.8,335.0,290.6,2079,163.8,8471,2080,26316,18584,2745,1808,1207,27.3
2021-03-31,63.8,65.2,64.0,62.4,94.9,90.7,2.56,6.13,7.9,65.6,2.46,3.68,1.63,2.43,3.27,2.02,2.0,1541,1623.0,1476.0,2006,1030,1479.0,586,1285,484,1322.0,1611.0,98.6,245.2,203.3,525.0,515,504.1,498.4,272.6,273.1,0.95,1.23,0.6,4.72,1.89,7.99,12.28,0.39,0.67,0.34,4202.0,416.6,273.8,664.2,755.5,502.3,2.02,1.74,2.37,96.3,534.1,458.0,352.9,320.9,2190,168.2,8988,1948,27061,16407,2792,1718,1181,25.6
2021-04-30,63.0,64.8,62.4,61.7,92.2,89.1,2.61,7.15,8.279999999999998,71.3,2.37,3.72,1.64,2.67,3.21,2.88,1.92,1660,1427.0,1487.0,2021,1078,1487.0,597,1386,464,1312.0,1573.0,103.5,268.2,208.5,495.0,484,477.4,488.2,281.4,281.0,0.96,1.23,0.59,5.17,2.26,8.37,12.49,0.39,0.69,0.36,4219.0,418.5,272.9,663.2,754.4,500.6,2.0,1.64,2.15,95.0,543.4,478.0,328.1,345.5,2319,179.8,9325,2012,28328,16521,2829,1760,1209,25.7
2021-05-31,66.4,68.0,66.0,65.2,107.0,99.3,2.89,8.91,8.92,83.5,2.41,4.11,1.76,2.71,3.08,3.14,1.92,1715,1450.0,1514.0,2072,1136,1531.0,647,1575,482,1531.0,1585.0,110.4,305.3,217.2,493.0,483,462.8,477.7,271.0,297.3,0.97,1.23,0.61,5.48,2.37,8.8,12.65,0.4,0.7099999999999999,0.38,4168.0,425.2,272.7,674.6,767.3,500.3,2.0,1.69,2.29,102.5,574.6,527.5,331.6,378.1,2434,207.7,10162,2182,32246,17577,2966,1850,1214,27.5
2021-06-30,71.8,73.09999999999998,71.0,71.4,130.0,112.9,3.23,10.3,9.62,94.7,2.37,4.24,1.87,2.7,2.93,3.34,1.82,1671,1450.0,1502.0,2079,1004,1400.0,615,1518,467,1528.0,1297.0,115.0,292.6,222.0,466.0,455,438.6,474.0,263.5,285.6,0.95,1.23,0.64,5.68,2.38,8.86,13.4,0.39,0.73,0.38,4139.0,421.8,270.4,672.3,764.7,496.0,2.08,1.64,2.12,125.0,604.79999999999995,550.0,393.3,462.5,2447,214.4,9632,2191,32503,17980,2952,1835,1124,27.0
2021-07-31,73.3,74.4,73.0,72.5,152.0,122.3,3.8,12.51,10.36,112.7,2.33,4.5,2.08,2.65,2.99,3.2,1.76,1584,1457.0,1504.0,2092,1063,1274.0,600,1468,470,1410.0,1282.0,118.2,278.4,224.1,414.0,407,397.0,436.2,254.7,294.3,0.85,1.23,0.69,5.59,2.38,8.99,15.86,0.39,0.8,0.39,4078.0,413.8,270.0,661.5,752.4,495.2,2.15,1.63,1.87,125.0,613,555.0,441.5,633.0,2498,214.1,9451,2338,34020,18819,2948,1808,1086,25.7
2021-08-31,68.9,70.0,68.9,67.7,169.6,137.9,4.05,15.43,10.8,129.8,2.48,4.77,2.1,2.72,2.99,3.0,2.16,1494,1443.0,1504.0,2102,1142,1341.0,586,1434,470,1519.0,1356.0,120.1,256.6,223.8,403.0,392,381.0,384.5,276.2,324.5,0.89,1.23,0.72,5.61,2.38,9.05,15.76,0.38,0.76,0.43,3973.0,412.0,271.0,661.2,752.1,497.1,2.23,1.71,1.9,136.9,603.1,555.0,446.9,695.0,2603,162.2,9370,2414,35024,19141,2988,1785,1009,24.0
2021-09-30,72.8,74.59999999999998,72.2,71.6,185.7,146.1,5.11,22.84,11.44,178.4,2.56,4.97,2.31,2.73,2.98,2.98,2.22,1485,1476.0,1483.0,2109,1181,1427.0,558,1399,468,1629.0,1310.0,157.1,235.6,279.2,400.0,391,381.3,387.3,263.6,337.6,0.91,1.18,0.74,5.77,1.83,9.08,14.67,0.38,0.79,0.43,4089.0,412.0,270.2,658.2,748.7,495.7,2.29,1.63,1.79,147.5,643.79999999999995,573.8,418.8,736.3,2835,124.5,9325,2248,34887,19377,3036,1775,973,23.2
2021-10-31,82.1,83.7,81.2,81.3,224.5,199.7,5.48,31.05,12.38,222.5,2.57,5.31,2.32,2.78,3.05,2.88,2.42,1923,1539.0,1462.0,2134,1310,1818.0,552,1484,451,1795.0,1421.0,157.9,239.6,277.0,401.0,395,382.7,404.5,262.2,354.7,0.93,1.15,0.66,5.53,1.76,9.3,14.47,0.38,0.82,0.42,4242.0,406.0,263.2,656.2,746.4,482.7,2.59,1.73,1.87,147.5,672.9,618.0,695.0,782.0,2934,122.9,9829,2345,37723,19362,3360,1777,1017,23.4
2021-11-30,79.9,80.8,79.8,79.2,157.5,128.0,5.02,27.62,15.25,202.6,2.39,5.71,2.41,2.83,3.11,2.91,2.48,1961,1552.0,1440.0,2150,1341,2050.0,551,1443,443,1825.0,1416.0,159.1,248.7,275.3,400.0,394,378.6,411.4,334.5,379.5,0.9,1.14,0.66,5.69,1.55,9.37,14.49,0.37,0.82,0.43,4222.0,399.6,261.2,644.9,733.5,479.0,2.79,1.74,1.93,153.1,726.7,665.0,900.5,806.9,2636,96.2,9729,2330,39159,19933,3311,1822,1038,24.2
2021-12-31,72.9,74.3,72.8,71.5,169.7,142.5,3.73,38.03,15.32,236.5,2.38,5.91,2.48,2.82,3.19,2.67,2.62,1696,1475.0,1423.0,2154,1270,1861.0,554,1411,462,1743.0,1362.0,160.8,264.5,274.9,400.0,393,381.0,402.7,327.8,376.8,0.89,1.16,0.7099999999999999,5.75,1.47,9.44,14.62,0.37,0.81,0.42,4182.0,395.6,261.2,637.9,725.6,479.2,2.65,1.72,1.92,176.7,745,686.7,890.0,807.5,2696,117.0,9551,2302,39423,20016,3399,1790,945,22.5
2022-01-31,83.9,85.5,83.1,83.1,197.0,168.5,4.33,28.26,14.69,196.9,2.47,5.98,2.43,2.86,3.51,2.4,2.68,2016,1480.0,1429.0,2490,1345,2196.0,606,1470,526,1865.0,1412.0,162.8,276.6,275.3,427.0,419,403.2,395.9,325.2,374.2,0.91,1.16,0.79,5.81,1.36,9.11,14.78,0.37,0.78,0.4,4185.0,396.2,259.1,649.7,739.0,475.2,2.91,1.78,1.97,173.1,699.4,674.4,846.4,785.6,3006,132.5,9782,2332,41792,22355,3599,1816,994,23.2
2022-02-28,93.5,95.8,93.1,91.7,219.8,196.4,4.66,27.23,17.0,197.5,2.55,6.17,2.41,2.79,3.61,2.07,2.73,2148,1496.0,1445.0,2473,1522,2443.0,662,1596,569,1744.0,1499.0,165.4,292.6,276.8,427.0,422,406.0,384.2,339.3,390.5,0.96,1.24,0.73,5.99,1.45,8.949999999999998,14.88,0.37,0.78,0.39,4220.0,397.0,258.5,648.8,738.0,474.1,3.05,1.79,2.11,172.5,747.1,680.0,744.2,791.9,3246,142.8,9943,2297,43983,24016,3620,1856,1049,23.5
2022-03-31,112.4,115.6,113.1,108.5,314.0,294.4,4.88,42.39,15.11,271.1,2.46,5.7,2.29,2.61,3.35,1.96,2.54,2230,1491.0,1515.0,2153,1777,2441.0,721,1957,601,2162.0,2361.0,170.1,335.5,282.5,422.0,419,407.1,391.7,446.7,486.3,0.97,1.39,0.77,6.07,1.76,9.13,14.96,0.36,0.8,0.42,4258.0,385.7,250.9,631.2,718.0,460.3,3.11,1.75,2.12,178.8,938.1,792.5,872.5,977.5,3498,152.1,10231,2345,43950,33924,3962,1948,1043,25.3
2022-04-30,103.4,105.8,102.7,101.8,310.9,302.0,6.53,32.2,16.29,243.4,2.46,5.85,2.29,3.24,4.09,3.11,2.53,2095,1444.0,1643.0,2145,1683,2064.0,721,1948,579,2266.0,2276.0,236.9,348.2,317.5,431.0,429,409.1,402.4,427.3,495.3,0.96,1.46,0.91,5.97,1.87,9.0,14.99,0.35,0.81,0.43,4263.0,378.8,235.7,620.5,705.8,432.3,3.42,1.7,2.09,249.5,954,856.0,925.0,1202.0,3244,151.3,10161,2380,42991,33133,4360,1937,965,24.5
2022-05-31,110.1,112.4,108.3,109.6,371.9,280.0,8.14,29.17,16.68,248.8,2.37,5.74,2.27,2.99,3.71,2.87,2.38,1813,1483.0,1634.0,2146,1717,1811.0,724,1963,530,2218.0,2079.0,240.2,344.8,320.7,464.0,458,442.9,406.5,438.4,522.3,0.96,1.46,0.92,5.94,1.9,8.71,15.13,0.35,0.8,0.43,4277.0,370.3,231.1,596.8,678.8,424.0,3.61,1.62,2.06,255.0,842.5,827.5,707.5,1170.0,2830,131.2,9377,2142,35769,28063,3751,1849,958,21.9
2022-06-30,116.8,120.1,115.7,114.6,374.1,291.4,7.67,33.56,15.53,263.2,2.32,6.03,2.29,2.96,3.51,3.27,2.11,1701,1607.0,1608.0,2146,1501,1555.0,737,1752,528,2001.0,1885.0,206.5,335.7,321.7,444.0,441,427.6,411.9,379.9,459.6,0.95,1.44,0.94,5.81,1.85,8.46,14.86,0.35,0.79,0.42,4206.0,370.1,222.3,590.7,671.8,407.7,3.4,1.64,2.03,287.5,783.8,730.1,690.0,1101.9,2563,130.7,9024,2066,31559,25659,3630,1837,957,21.6
2022-07-31,105.1,108.9,106.5,99.9,402.2,269.1,7.26,51.33,18.88,344.9,2.24,5.64,2.21,3.31,4.01,3.55,2.37,1541,1621.0,1581.0,2146,1057,1301.0,678,1533,536,1737.0,1557.0,207.2,323.0,320.7,418.0,412,405.7,411.1,316.7,382.5,0.89,1.53,0.84,5.73,1.72,8.46,14.04,0.33,0.77,0.4,4268.0,356.5,217.8,574.6,653.6,399.4,2.89,1.56,1.78,320.0,784,736.0,601.0,1013.0,2408,108.6,7545,1985,25396,21482,3105,1733,869,19.1
2022-08-31,96.0,98.6,97.8,91.6,407.0,274.6,8.79,70.04,21.21,454.0,2.32,5.92,2.42,3.37,4.21,3.54,2.36,1385,1625.0,1623.0,2146,1026,1173.0,671,1599,535,1639.0,1496.0,206.7,289.8,316.1,431.0,421,412.6,395.8,311.5,382.9,0.88,1.67,0.93,5.57,1.84,8.529999999999998,12.63,0.33,0.78,0.39,4357.0,354.5,220.2,574.5,653.4,403.9,2.74,1.46,1.61,320.0,749.4,703.8,591.3,888.8,2431,108.9,7982,2073,24647,22057,3588,1765,909,19.7
2022-09-30,88.2,90.2,90.6,83.9,430.8,235.0,7.76,59.1,23.73,391.3,2.3,5.9,2.46,3.33,4.49,3.15,2.36,1248,1642.0,1623.0,2146,909,1249.0,664,1548,537,1402.0,1305.0,212.7,312.7,321.5,439.0,428,423.4,392.2,388.8,419.1,0.9,1.62,0.93,5.44,1.75,8.49,11.51,0.32,0.77,0.39,4147.0,346.9,208.2,543.0,617.6,381.9,2.59,1.32,1.48,320.0,752,708.0,678.0,731.0,2225,99.8,7746,1870,21124,22774,3125,1681,881,18.9
2022-10-31,90.3,93.1,90.6,87.3,389.8,191.2,5.62,39.02,21.84,268.5,2.31,5.29,2.27,3.15,4.15,2.83,2.46,1108,1619.0,1622.0,2146,889,1039.0,626,1576,542,1408.0,1359.0,215.1,343.6,323.6,431.0,420,411.6,409.1,423.3,438.0,0.95,1.57,1.07,5.33,1.63,7.7,11.46,0.32,0.76,0.39,4325.0,344.0,202.1,540.6,614.9,370.8,2.2,1.29,1.5,317.5,725,675.0,636.3,622.5,2256,92.6,7651,2000,19391,22033,2967,1664,915,19.4
2022-11-30,87.4,91.1,86.3,84.8,342.2,169.1,5.28,35.72,19.59,247.2,2.41,4.72,2.04,3.05,3.8,2.85,2.49,1173,1639.0,1677.0,2146,946,1062.0,649,1652,519,1378.0,1347.0,215.9,320.9,322.4,440.0,430,417.5,421.2,420.6,422.7,0.97,1.65,1.09,5.07,1.54,6.54,11.46,0.33,0.79,0.41,4333.0,356.9,209.2,562.4,639.7,383.8,2.23,1.27,1.43,300.0,665.6,625.0,588.8,563.1,2351,93.3,8050,2100,21250,25563,2939,1725,989,21.0
2022-12-31,78.09999999999998,80.9,76.8,76.5,379.2,215.0,5.5,36.04,20.58,252.1,2.51,4.63,2.05,2.95,4.04,2.42,2.39,1158,1670.0,1746.0,2146,940,1067.0,646,1409,571,1260.0,1234.0,215.8,302.2,319.2,467.0,457,446.4,432.4,415.1,386.3,1.01,1.68,1.1,4.71,1.55,6.1,11.46,0.35,0.81,0.42,4399.0,370.5,220.7,583.4,663.6,404.9,2.22,1.35,1.54,300.0,625,584.4,519.4,513.8,2402,111.8,8375,2216,24172,28947,3129,1798,1011,23.3
2023-01-31,80.4,83.1,80.0,78.09999999999998,318.0,172.0,3.27,20.18,20.19,149.4,2.62,4.56,2.12,2.77,4.04,1.94,2.33,1079,1681.0,1780.0,1971,942,1060.0,627,1352,605,1224.0,1218.0,215.7,302.8,316.6,517.0,507,484.6,440.7,410.0,380.4,1.07,1.68,1.09,4.65,1.54,6.11,11.46,0.35,0.8,0.42,4476.0,377.1,228.2,585.2,665.7,418.6,2.21,1.41,1.63,300.0,631,569.4,443.8,508.8,2502,122.2,9038,2201,28154,28195,3310,1898,1053,23.7
2023-02-28,80.3,82.7,81.2,76.8,207.5,144.7,2.38,16.54,18.42,120.0,2.65,5.06,2.29,2.7,3.96,1.86,2.29,1087,1750.0,1762.0,2043,950,1037.0,651,1243,605,1189.0,1159.0,215.5,298.2,314.1,492.0,482,469.0,448.3,311.9,394.8,1.1,1.66,1.3,4.65,1.53,6.62,11.06,0.35,0.81,0.45,4492.0,375.1,224.0,579.5,659.2,410.9,2.19,1.4,1.62,322.5,612.5,547.5,357.5,496.9,2416,127.6,8937,2093,26863,26728,3134,1855,959,21.9
2023-03-31,76.5,78.5,77.5,73.4,187.2,136.8,2.3,13.81,16.03,104.5,2.75,4.9,2.35,2.69,3.82,1.85,2.4,1115,1750.0,1720.0,2100,972,1052.0,628,1113,581,1054.0,1075.0,214.7,282.5,310.1,476.0,468,460.9,444.6,284.7,369.9,1.11,1.6,1.29,4.84,1.52,6.99,11.0,0.35,0.84,0.45,4526.0,374.7,222.6,581.5,661.4,408.3,2.1,1.36,1.58,345.0,606,537.5,313.5,453.0,2296,128.4,8856,2115,24000,23289,2967,1913,971,22.0
2023-04-30,82.5,84.1,83.8,79.4,194.3,133.7,2.16,13.52,14.37,100.3,2.88,5.06,2.55,2.96,3.9,2.63,2.35,1074,1738.0,1755.0,2088,1005,1017.0,615,1030,547,1026.0,1035.0,214.3,291.1,307.6,501.0,490,482.9,455.1,277.2,378.2,1.14,1.65,1.46,5.3,1.57,7.22,10.91,0.36,0.91,0.53,4587.0,383.8,223.1,596.4,678.4,409.2,2.1,1.36,1.54,345.0,637,550.0,313.4,407.5,2343,117.4,8809,2149,25794,23895,2768,2000,1051,25.0
2023-05-31,74.09999999999998,75.7,75.09999999999998,71.6,160.5,103.0,2.15,10.11,13.43,83.2,2.96,4.85,2.7,2.71,3.43,2.47,2.23,1048,1773.0,1787.0,2017,934,993.0,595,988,519,967.0,962.0,213.0,268.1,303.0,510.0,495,492.7,470.5,260.5,367.7,1.11,1.61,1.41,5.31,1.54,7.06,10.91,0.36,0.94,0.56,4787.0,380.5,217.2,598.2,680.4,398.4,2.07,1.35,1.56,345.0,510,485.6,329.3,372.5,2269,105.2,8217,2084,25534,21970,2476,1992,1063,24.3
2023-06-30,73.3,74.9,74.7,70.2,139.4,98.6,2.18,10.35,12.68,84.3,3.17,4.57,2.91,2.69,3.23,2.76,2.09,1013,1850.0,1810.0,1971,817,928.0,592,1007,492,991.0,911.0,211.8,266.9,299.0,514.0,496,495.8,508.2,257.0,345.5,1.1,1.59,1.4,5.01,1.47,6.27,10.36,0.35,0.91,0.54,5065.0,379.4,210.7,604.9,688.0,386.5,2.04,1.32,1.53,344.5,454.6,390.0,287.5,328.0,2185,113.5,8397,2123,27217,21233,2375,1943,971,23.4
2023-07-31,79.0,80.09999999999998,80.5,76.4,140.6,96.8,2.55,9.55,12.99,85.2,3.39,4.27,2.81,2.47,2.48,2.86,2.06,1047,1960.0,1879.0,2159,879,998.0,634,1136,517,1108.0,1039.0,209.7,242.4,292.9,547.0,524,533.5,502.8,249.9,345.5,1.12,1.55,1.51,4.78,1.37,5.43,9.8,0.36,0.85,0.52,5098.0,387.1,211.0,617.3,702.1,387.1,2.05,1.3,1.49,342.5,458.8,392.3,334.6,341.3,2160,114.4,8477,2109,28743,21091,2405,1951,950,24.3
2023-08-31,84.7,86.2,86.6,81.4,152.6,97.6,2.58,11.19,12.54,93.1,3.46,4.12,2.75,2.83,3.58,2.68,2.25,1099,2000.0,1883.0,2174,861,998.0,584,1127,515,1067.0,989.0,206.2,207.6,284.1,635.0,600,626.0,541.2,230.8,315.8,1.07,1.56,1.66,4.73,1.42,5.67,9.05,0.36,0.89,0.53,5296.0,381.9,205.6,608.7,692.4,377.1,2.11,1.29,1.47,346.3,528.79999999999995,450.6,385.6,353.1,2137,110.2,8349,2154,26075,20439,2407,1919,925,23.4
2023-09-30,92.2,94.0,93.1,89.6,162.5,99.9,2.64,11.55,12.21,95.2,3.61,4.05,2.73,2.85,3.64,2.65,2.25,1072,2050.0,1852.0,2106,830,958.0,619,1112,509,1047.0,895.0,204.0,223.8,278.8,620.0,587,609.9,594.4,230.6,314.7,1.04,1.56,1.77,4.9,1.54,5.98,8.71,0.35,0.94,0.5799999999999998,5437.0,374.0,201.5,594.2,675.9,369.7,2.16,1.42,1.55,347.5,527.9,461.5,380.0,352.0,2185,121.0,8277,2252,25574,19645,2496,1916,921,23.1
2023-10-31,89.1,91.1,90.6,85.6,142.1,128.4,2.99,14.57,12.62,114.1,3.63,4.05,2.62,2.76,3.49,2.62,2.16,1046,2050.0,1833.0,1954,804,912.0,530,1134,512,1060.0,910.0,202.3,230.7,274.9,590.0,563,574.7,616.2,236.6,298.1,1.05,1.57,2.03,4.98,1.58,5.56,8.6,0.34,0.98,0.57,5488.0,369.7,199.0,582.8,662.9,365.0,2.11,1.45,1.61,347.5,534.79999999999995,468.1,411.4,341.9,2192,119.0,7937,2134,24536,18281,2449,1916,892,22.4
2023-11-30,81.4,83.2,83.5,77.4,126.8,109.0,2.71,14.49,12.72,110.4,4.03,4.35,2.7,2.74,3.43,2.62,2.18,1115,2050.0,1870.0,1892,830,968.0,553,1118,572,1039.0,944.0,200.0,211.3,269.4,598.0,573,574.6,629.4,241.0,283.6,1.08,1.55,2.06,4.88,1.67,5.25,,0.35,0.99,0.57,5475.0,378.1,198.7,594.8,676.6,364.5,1.99,1.48,1.67,347.5,535.6,462.6,385.5,331.9,2202,131.1,8190,2188,24168,17027,2544,1984,906,23.5
2023-12-31,75.7,77.9,77.2,72.09999999999998,141.8,108.8,2.53,11.51,14.44,95.2,4.21,4.65,2.99,2.71,3.67,2.28,2.19,1109,2050.0,1847.0,1940,814,966.0,547,1062,524,1010.0,944.0,197.4,206.5,263.8,644.0,610,629.6,632.9,255.0,291.1,1.08,1.57,1.9,4.79,1.63,5.31,,0.36,0.88,0.4799999999999999,5462.0,382.0,206.7,606.6,690.0,379.2,2.0,1.46,1.66,152.5,563.79999999999995,447.5,354.0,311.9,2182,137.1,8400,2027,24600,16461,2502,2026,935,23.9
2024-01-31,77.7,80.2,78.9,73.9,124.9,106.8,3.18,9.56,14.34,93.8,4.4,4.47,3.26,2.66,4.01,1.76,2.2,1131,2056.0,1787.0,1896,845,978.0,547,971,494,972.0,943.0,195.0,198.6,258.5,660.0,620,648.9,625.5,247.9,283.9,1.09,1.61,1.67,5.0,1.57,5.29,,0.36,0.88,0.4799999999999999,5534.0,381.7,203.7,608.6,692.3,373.6,2.03,1.53,1.8,152.5,596.29999999999995,450.6,335.4,296.3,2193,135.8,8339,2086,25100,16104,2515,2034,926,22.9
2024-02-29,80.5,83.8,81.2,76.7,124.2,105.2,1.72,8.15,13.64,68.9,5.56,4.6,3.38,2.71,4.27,1.62,2.23,1172,2025.0,1731.0,1809,857,1034.0,520,912,457,963.0,925.0,192.4,189.1,253.0,624.0,594,619.9,614.3,246.2,278.5,1.07,1.57,1.95,5.38,1.52,5.2,,0.35,0.92,0.5,5535.0,377.7,199.1,605.2,688.4,365.3,2.2,1.56,2.02,152.5,583.79999999999995,454.4,351.3,289.4,2179,124.4,8305,2080,26104,16338,2360,2023,894,22.7
2024-03-31,83.5,85.4,84.7,80.5,131.5,104.8,1.5,8.55,13.19,67.8,7.09,4.61,3.66,2.69,4.33,1.57,2.15,1288,1950.0,1725.0,1822,943,1177.0,487,965,441,1029.0,951.0,190.1,190.6,248.4,613.0,584,607.7,585.4,228.5,274.8,1.08,1.64,1.92,5.73,1.53,5.19,,0.35,0.88,0.4799999999999999,5608.0,380.4,198.8,609.0,692.7,364.6,2.2,1.65,2.39,152.5,617.5,449.0,330.0,300.5,2226,109.8,8689,2056,27450,17439,2461,2158,909,24.5
2024-04-30,88.0,90.1,89.4,84.6,135.0,104.9,1.6,9.09,11.88,70.6,9.74,5.27,4.23,3.03,4.12,2.66,2.31,1425,1850.0,1702.0,1820,936,1290.0,477,959,429,1059.0,971.0,188.1,191.7,244.4,592.0,564,578.0,571.5,227.8,272.3,1.07,1.63,1.95,6.05,1.44,5.18,,0.35,0.87,0.45,5674.0,375.6,193.7,600.2,682.7,355.3,1.99,1.63,2.28,152.5,545,442.5,320.0,305.0,2506,112.8,9464,2129,31775,18164,2733,2331,940,27.5
2024-05-31,81.4,82.0,83.5,78.8,142.0,105.6,2.13,10.12,12.16,82.2,7.54,5.08,4.04,3.2,4.28,3.13,2.17,1402,1800.0,1719.0,1838,859,1196.0,490,988,479,1104.0,1006.0,186.5,197.8,241.4,628.0,593,606.5,568.0,253.2,289.4,1.08,1.42,2.24,5.88,1.51,5.17,,0.35,0.83,0.42,5630.0,378.2,190.9,605.2,688.4,350.1,1.91,1.69,2.15,152.5,522,434.9,284.8,307.0,2565,118.9,10139,2221,32978,19587,2959,2351,1015,29.4
2024-06-30,81.2,82.6,82.2,78.9,135.1,105.3,2.51,10.87,12.13,90.4,8.27,5.48,4.5,3.22,4.16,3.36,2.14,1398,1813.0,1730.0,1810,874,1156.0,480,1011,481,1099.0,1043.0,184.7,192.5,238.0,632.0,595,613.3,561.6,230.6,265.6,1.06,1.09,2.26,5.85,1.4,5.02,,0.35,0.83,0.43,5755.0,376.6,188.7,609.1,692.8,346.0,1.83,1.75,2.26,152.5,543,473.8,336.3,310.0,2498,107.5,9648,2147,32033,17498,2809,2326,985,29.6
2024-07-31,83.3,85.3,83.9,80.5,137.6,105.3,2.08,10.35,12.49,82.8,7.09,5.67,4.73,3.3,4.1,3.59,2.2,1474,1840.0,1739.0,1851,896,1365.0,470,1079,472,1118.0,1069.0,182.4,177.4,233.6,590.0,557,570.9,552.4,218.8,260.3,1.08,1.03,2.3,6.19,1.33,5.11,,0.35,0.83,0.43,6016.0,379.6,188.6,616.1,700.8,345.9,1.79,1.65,2.06,152.5,539.4,505.8,342.5,300.6,2349,106.9,9385,2107,31860,16335,2777,2398,979,29.8
2024-08-31,78.09999999999998,80.9,78.0,75.59999999999998,145.8,106.2,1.99,12.37,13.32,92.0,6.88,5.76,4.73,3.22,4.02,3.46,2.2,1619,1688.0,1733.0,1758,933,1480.0,400,1031,436,1080.0,1049.0,180.0,170.3,229.0,589.0,560,566.7,535.3,205.8,250.9,1.07,1.01,2.41,6.34,1.38,5.24,,0.36,0.79,0.41,5999.0,385.4,203.5,619.6,704.8,373.3,1.76,1.74,2.39,152.5,546,507.2,342.5,294.0,2344,99.9,8972,1995,31492,16292,2714,2470,945,28.5
2024-09-30,72.4,74.3,73.4,69.6,139.2,106.1,2.25,11.78,12.97,92.1,6.52,6.12,5.33,3.27,4.09,3.61,2.1,1736,1525.0,1685.0,1771,983,1515.0,391,1044,436,1083.0,1068.0,178.4,185.0,226.3,580.0,556,564.3,540.5,219.2,269.7,1.07,1.03,2.55,6.3,1.45,5.49,,0.36,0.8,0.45,6079.0,388.7,207.9,633.2,720.2,381.3,1.82,1.91,2.65,152.5,554.79999999999995,504.4,337.5,286.9,2450,92.8,9237,2000,31472,16077,2837,2571,967,30.1
2024-10-31,74.0,75.7,74.7,71.6,146.6,106.8,2.21,12.92,12.54,96.7,6.66,6.1,4.89,3.15,4.06,3.31,2.07,1728,1575.0,1639.0,1750,1077,1636.0,442,1095,422,1142.0,1206.0,177.1,190.3,224.3,515.0,499,504.8,529.8,233.3,272.9,1.05,1.03,2.6,6.06,1.48,5.6,,0.36,0.84,0.46,6166.0,381.7,199.0,625.7,711.7,365.0,1.84,2.01,2.63,152.5,573.4,503.8,374.8,278.1,2596,101.4,9534,2034,32012,16766,3106,2690,999,32.4
2024-11-30,72.3,74.4,72.8,69.7,142.1,106.8,2.1,13.93,12.82,100.4,7.89,6.72,4.98,3.09,3.96,3.07,2.24,1879,1700.0,1601.0,1734,1169,2015.0,436,1145,385,1243.0,1267.0,176.3,201.3,223.1,511.0,487,489.6,509.7,229.0,253.8,1.04,0.91,2.57,6.18,1.52,5.83,,0.35,0.84,0.45,6339.0,372.0,193.8,610.6,694.5,355.5,1.8,1.93,2.29,152.5,574.5,491.0,352.3,281.0,2582,100.5,9076,1988,29655,15723,3004,2651,966,31.1
2024-12-31,72.3,73.8,73.3,69.8,129.8,105.5,3.02,13.86,12.64,111.1,10.32,7.57,5.22,2.96,4.11,2.56,2.19,1973,1700.0,1598.0,1688,1190,2099.0,409,1064,376,1181.0,1223.0,175.6,202.6,222.0,527.0,500,501.9,495.7,230.3,252.2,1.04,0.83,2.7,6.23,1.42,5.84,,0.34,0.81,0.44,6458.0,366.5,193.3,605.9,689.2,354.6,1.76,1.99,2.38,152.5,568.29999999999995,477.5,352.0,292.5,2541,102.2,8916,1990,28865,15445,3034,2648,938,30.8
2025-01-31,78.2,79.2,80.09999999999998,75.09999999999998,118.6,103.3,4.1,14.66,13.19,128.4,10.75,7.81,5.41,2.78,4.08,2.0,2.24,1978,1688.0,1581.0,1661,1070,1962.0,411,1048,368,1149.0,1207.0,175.2,214.4,221.7,478.0,459,464.2,447.3,230.6,254.1,1.02,1.11,2.57,6.46,1.54,5.83,,0.34,0.8,0.4,6519.0,362.4,190.2,591.8,673.2,348.9,1.72,1.93,2.37,152.5,582.70000000000005,478.0,380.5,302.0,2573,99.6,8991,1921,29612,15394,2819,2710,949,30.4
2025-02-28,73.8,75.2,75.0,71.3,106.9,100.4,4.22,15.34,12.78,132.9,9.86,9.05,5.81,2.69,4.0,1.8,2.25,1990,1650.0,1592.0,1664,1067,1947.0,412,1069,358,1159.0,1220.0,175.1,220.9,221.7,437.0,424,419.1,401.7,243.5,264.6,1.03,1.25,1.91,6.62,1.63,5.65,,0.34,0.82,0.42,6736.0,364.5,196.1,600.6,683.1,359.7,1.72,2.01,2.41,152.5,603.79999999999995,480.6,436.5,318.8,2658,105.1,9331,1957,31833,15288,2800,2895,978,32.2
2025-03-31,70.7,72.59999999999998,71.7,67.8,104.0,98.0,4.13,13.24,12.55,121.5,8.08,8.92,5.69,2.69,4.07,1.77,2.22,2356,1550.0,1645.0,1676,1068,2064.0,401,1011,369,1193.0,1233.0,174.2,207.4,220.4,425.0,410,404.1,378.4,227.5,255.4,1.08,1.18,1.44,6.77,1.63,5.61,,0.35,0.82,0.42,6813.0,378.3,199.7,618.6,703.6,366.2,1.71,1.98,2.36,152.5,615.1,478.5,394.5,336.3,2658,100.1,9740,2033,34048,16066,2889,2983,980,33.2
2025-04-30,65.9,67.7,66.9,63.1,98.6,95.6,3.4,11.59,12.68,105.0,8.15,8.64,5.43,2.91,3.96,2.65,2.11,2483,1375.0,1681.0,1679,994,2090.0,408,1120,369,1256.0,1225.0,173.7,215.0,219.8,415.0,401,396.9,377.8,219.6,249.6,1.12,1.1,1.41,6.71,1.74,5.89,,0.37,0.83,0.4,6871.0,393.1,206.6,630.2,716.8,379.0,1.73,1.71,2.13,152.5,635,496.0,386.9,351.9,2372,97.2,9177,1903,32565,15113,2622,3218,959,32.2
2025-05-31,62.7,64.2,63.0,61.0,104.4,94.3,3.12,11.66,12.32,101.6,8.99,8.77,5.24,3.02,3.89,3.25,1.91,2767,1313.0,1664.0,1687,908,2003.0,414,1163,358,1241.0,1208.0,172.7,203.9,218.1,431.0,416,405.5,379.3,221.3,237.0,1.14,1.09,1.38,6.62,1.78,6.08,,0.37,0.81,0.39,6924.0,394.9,205.7,640.4,728.4,377.3,1.72,1.7,2.19,152.5,669.2,541.5,392.0,362.5,2449,97.0,9533,1958,31981,15346,2644,3309,980,32.8
2025-06-30,69.1,71.5,68.5,67.5,109.0,93.8,3.02,12.37,12.17,103.7,8.4,8.01,4.33,2.99,3.74,3.22,2.0,2699,1300.0,1688.0,1697,935,1860.0,416,1178,353,1252.0,1196.0,171.4,196.1,216.0,419.0,408,393.4,377.2,217.3,240.1,1.16,0.92,1.36,6.67,1.78,6.4,,0.38,0.78,0.37,6987.0,403.1,206.0,649.4,738.6,377.8,1.73,1.61,2.16,152.5,715.4,641.3,420.5,363.1,2526,92.3,9835,1974,32544,15003,2655,3353,1251,36.0
2025-07-31,69.2,71.0,69.2,67.4,112.9,93.6,3.19,11.62,11.91,102.1,7.37,7.18,3.69,3.02,3.8,3.22,2.05,2841,1250.0,1722.0,1727,976,2097.0,410,1307,335,1202.0,1214.0,170.1,192.0,213.8,392.0,382,376.1,370.6,210.6,235.0,1.15,1.01,1.52,6.72,1.78,6.33,,0.38,0.8,0.37,7025.0,408.9,202.7,647.3,736.2,371.7,1.74,1.68,2.23,152.5,736,655.0,496.0,362.5,2606,97.3,9771,1993,33610,15034,2763,3340,1391,37.7
2025-08-31,66.7,68.2,67.9,64.1,112.2,93.3,2.91,11.15,11.79,96.3,7.6,8.08,4.39,3.04,3.98,3.0,2.14,2742,1250.0,1743.0,1665,1026,2264.0,407,1245,354,1213.0,1274.0,168.6,185.5,211.3,375.0,363,357.9,378.8,200.3,231.1,1.12,1.02,1.28,6.86,1.67,6.24,,0.38,0.81,0.37,7054.0,407.2,201.6,644.1,732.6,369.7,1.73,1.71,2.15,152.5,795.1,662.9,507.7,356.5,2597,99.7,9670,1947,33834,14949,2789,3368,1343,38.2
2025-09-30,66.5,68.0,67.8,63.7,106.3,92.3,2.97,11.12,11.47,96.7,7.03,8.83,4.66,2.94,4.01,2.72,2.08,2597,1235.0,1769.0,1610,1037,2414.0,404,1159,358,1268.0,1312.0,167.7,197.4,210.2,374.0,367,355.2,371.5,207.0,233.8,1.15,1.02,1.29,6.9,1.74,6.24,,0.38,0.79,0.35,6949.0,410.7,201.3,647.1,736.0,369.2,1.72,1.74,2.11,152.5,780.6,664.4,461.1,352.5,2653,103.3,9984,1955,34484,15106,2933,3668,1435,42.8
2025-10-31,63.0,64.7,64.3,60.2,107.5,91.6,3.2,10.89,11.1,98.1,5.95,8.9,4.74,3.01,3.94,2.86,2.23,2547,1200.0,1769.0,1628,1038,2273.0,404,1132,356,1264.0,1363.0,166.9,198.1,209.2,356.0,351,335.9,365.6,209.3,230.8,1.13,1.13,1.05,7.09,1.72,6.33,,0.38,0.77,0.34,6930.0,407.3,196.6,639.8,727.7,360.7,1.68,1.71,2.0,152.5,754,658.5,394.4,352.0,2793,103.5,10740,1968,36012,15092,3152,4058,1616,49.4
2025-11-30,62.3,63.6,63.8,59.6,112.6,91.6,3.79,10.42,11.15,103.1,5.61,9.05,4.74,2.99,3.96,2.7,2.27,2440,1200.0,1794.0,1678,983,2153.0,446,1128,411,1259.0,1360.0,166.2,202.0,208.5,368.0,362,338.5,359.8,225.2,245.9,1.11,1.16,0.86,7.51,1.77,6.45,,0.38,0.74,0.32,6839.0,404.4,191.8,628.9,715.3,351.8,1.66,1.71,2.03,152.5,708.3,636.3,409.3,353.8,2819,102.5,10812,1998,36963,14671,3177,4087,1565,50.4
2025-12-31,60.9,62.7,62.0,57.9,107.7,90.9,4.25,9.48,11.32,104.4,5.78,8.4,4.2,2.88,3.95,2.42,2.26,2323,1200.0,1825.0,1621,980,1993.0,440,1116,399,1258.0,1352.0,165.8,205.7,208.1,424.0,414,389.4,351.9,223.2,242.8,1.1,1.16,0.92,7.38,1.78,6.37,,0.38,0.73,0.32,6924.0,410.0,190.9,641.5,729.6,350.2,1.63,1.74,2.06,152.5,627.5,538.5,392.5,358.3,2876,104.6,11785,1940,41220,14884,3168,4309,1893,62.3
2026-01-31,63.7,66.8,63.9,60.3,109.8,90.6,7.58,11.76,11.49,155.8,4.97,8.02,4.24,2.73,3.79,2.12,2.26,2197,1206.0,1820.0,1723,1005,2125.0,425,1154,386,1223.0,1441.0,165.2,204.5,207.5,408.0,402,382.9,351.2,217.7,249.9,1.12,1.2,1.11,7.97,1.75,6.57,,0.38,0.74,0.32,6955.0,410.8,190.0,647.9,736.9,348.5,1.64,1.84,2.14,152.5,619.20000000000005,529.2,415.4,366.0,3142,105.5,13012,1995,49538,17769,3213,4753,2434,92.1
2026-02-28,68.0,71.1,68.4,64.6,118.4,91.2,3.61,11.24,11.32,105.0,3.59,7.08,3.96,2.7,3.76,2.01,2.34,2259,1238.0,1840.0,1800,1039,2295.0,459,1282,391,1275.0,1445.0,164.8,209.6,207.3,409.0,404,385.1,349.1,232.4,257.6,1.14,1.21,0.94,8.12,1.79,6.52,,0.39,0.7,0.31,6783.0,413.9,191.9,651.1,740.6,352.0,1.63,1.93,2.26,152.5,626.5,536.3,472.0,372.5,3065,98.8,12951,1917,48694,17173,3324,5020,2137,81.9
2026-03-31,95.6,103.7,91.9,91.2,138.6,93.8,3.06,17.91,11.42,130.0,3.24,7.37,3.9,2.69,3.68,2.08,2.32,2349,1250.0,1837.0,1682,1109,2574.0,473,1493,404,1304.0,1465.0,164.6,212.7,207.3,381.0,379,365.3,345.8,247.4,276.0,1.11,1.21,0.97,8.21,1.66,6.54,,0.38,0.74,0.33,6770.0,404.5,187.6,639.1,726.9,344.1,1.7,1.95,2.39,152.5,658.3,558.1,725.6,380.6,3373,104.5,12529,1878,47324,17076,3182,4856,2046,77.9
2026-04-30,103.9,120.4,92.7,98.6,130.9,94.8,2.77,15.41,15.65,117.4,3.4,7.3,3.63,2.83,3.8,2.37,2.32,2332,1250.0,1946.0,1906,1146,2606.0,463,1643,416,1345.0,1485.0,164.3,214.0,207.3,403.0,399,385.2,352.9,246.5,282.0,1.12,1.15,0.95,8.21,1.75,7.11,,0.38,0.77,0.32,6800.0,409.2,187.0,644.0,732.5,343.0,1.9,2.06,2.51,152.5,725.3,658.1,856.9,401.3,3600,106.1,12951,1930,48806,17962,3364,4721,2028,75.9
2026-05-31,100.4,107.5,94.7,99.1,136.9,95.6,2.93,16.17,12.88,121.2,4.16,6.95,3.67,3.0,3.68,3.12,2.18,2172,1250.0,2045.0,1831,1136,2416.0,473,1781,422,1488.0,1503.0,164.1,216.2,207.4,440.0,435,420.2,376.3,259.5,303.0,1.14,1.12,0.92,7.95,1.86,7.28,,0.38,0.79,0.34,6754.0,408.8,188.3,646.4,735.3,345.3,2.03,2.21,2.69,152.5,769.5,713.5,770.5,405.0,3666,108.6,13543,1991,53563,18806,3482,4587,1998,78.0
2026-06-30,81.7,85.4,77.7,81.9,138.5,96.3,3.15,15.17,11.79,118.3,4.4,6.79,3.73,2.97,3.5,3.14,2.27,1979,1250.0,2145.0,1790,1104,2166.0,464,1740,419,1522.0,1508.0,163.1,197.1,205.7,494.0,479,469.4,391.3,237.5,286.0,1.11,1.18,0.82,7.46,1.77,7.47,,0.38,0.78,0.32,,403.2,185.3,639.0,726.8,339.8,1.9,2.25,2.86,156.9,783.8,735.6,453.1,402.5,3439,100.8,13552,1946,53037,17588,3539,4228,1726,66.7
2026-07-31,79.8,83.4,76.7,79.4,131.9,96.3,2.89,18.06,11.8,128.9,5.61,7.91,4.07,2.98,3.58,3.14,2.24,1924,1250.0,2105.0,1689,1101,2441.0,459,1660,398,1494.0,1483.0,162.8,213.4,205.8,467.0,453,454.7,396.1,258.1,310.0,1.09,1.17,0.78,7.31,1.73,7.59,,0.37,0.79,0.34,,399.7,183.2,640.9,728.9,336.1,1.96,2.14,2.78,170.0,781.3,719.5,400.0,396.5,3161,98.2,13543,1842,52971,16651,3599,4073,1622,58.8
