date,HG1,HG6
2026-05-18,631.55,664.75
2026-05-15,629.5,662.6
2026-05-14,661.15,694.3
2026-05-13,667.9,701.05
2026-05-12,653.1,686.15
2026-05-11,646.05,678.9
2026-05-08,629.65,662
2026-05-07,617.6,649.5
2026-05-06,618.65,650.75
2026-05-05,599.3,631.15
2026-05-04,584.65,616.2
2026-05-01,598.45,629.6
2026-04-30,598.05,629.3
2026-04-29,593.3,624.35
2026-04-28,597.4,628.15
2026-04-27,607.9,638.75
2026-04-24,608.85,639.7
2026-04-23,614.25,644.9
2026-04-22,618.9,649.8
2026-04-21,607.15,637.9
2026-04-20,610.65,641.15
2026-04-17,617.35,648
2026-04-16,613.45,644
2026-04-15,614.5,644.85
2026-04-14,614.35,644.6
2026-04-13,604.95,635.2
2026-04-10,594.35,624.3
2026-04-09,576.45,608
2026-04-08,577.7,608.8
2026-04-07,556.3,586.95
2026-04-06,560.1,590.9
2026-04-03,558.35,589.25
2026-04-02,558.35,589.25
2026-04-01,564.65,595.45
2026-03-31,561.4,591.85
2026-03-30,550.2,581.25
2026-03-27,549.45,580.35
2026-03-26,547.7,578.9
2026-03-25,556.1,587.15
2026-03-24,545.5,576.55
2026-03-23,547.25,577.9
2026-03-20,537.45,568.2
2026-03-19,546.9,578.1
2026-03-18,559.4,590.5
2026-03-17,576.7,608.1
2026-03-16,583.15,614.7
2026-03-13,575.7,607.35
2026-03-12,586.8,618.25
2026-03-11,589.15,620.3
2026-03-10,595.2,626
2026-03-09,584.85,615.8
2026-03-06,580.7,611.85
2026-03-05,580.45,611.8
2026-03-04,590.75,621.9
2026-03-03,582.6,613.95
2026-03-02,594.8,626.3
2026-02-27,605.95,637.05
2026-02-26,600.5,631.8
2026-02-25,604.5,635.2
2026-02-24,599.15,629.45
2026-02-23,584.1,613.95
2026-02-20,589.95,620.1
2026-02-19,579.85,609.6
2026-02-18,586.3,615.6
2026-02-17,570.4,599.8
2026-02-13,586.25,615.45
2026-02-12,584.55,614.3
2026-02-11,596.55,627.7
2026-02-10,591.35,622.85
2026-02-09,596.25,627.65
2026-02-06,588.2,619.2
2026-02-05,582.1,612.1
2026-02-04,585,614.95
2026-02-03,608.65,637.6
2026-02-02,582.55,611.45
2026-01-30,592.4,621.85
2026-01-29,620.35,650.6
2026-01-28,592.5,622.2
2026-01-27,586.15,615.65
2026-01-26,602.05,631.55
2026-01-23,594.75,624.3
2026-01-22,577.9,608.15
2026-01-21,576.8,607.6
2026-01-20,581.25,610.7
2026-01-16,583.1,613.7
2026-01-15,599.15,630.35
2026-01-14,605.55,637.5
2026-01-13,601.6,632.7
2026-01-12,603.15,633.75
2026-01-09,590.25,620.5
2026-01-08,579.65,609.95
2026-01-07,586.05,615.9
2026-01-06,606.25,635.55
2026-01-05,597.55,626.75
2026-01-02,569.15,598.25
2025-12-31,568.2,597.55
2025-12-30,578.15,606.9
2025-12-29,556.65,585.6
2025-12-26,583.95,612.5
2025-12-24,557.5,585.55
2025-12-23,555.2,582.65
2025-12-22,550.95,578.2
2025-12-19,551,576.85
2025-12-18,543.75,570.1
2025-12-17,543.55,570.05
2025-12-16,535.9,562.45
2025-12-15,541.2,567.5
2025-12-12,535.9,561.85
2025-12-11,550.15,574.8
2025-12-10,535.35,560.4
2025-12-09,532,557.35
2025-12-08,544.45,569.6
2025-12-05,546.2,570.05
2025-12-04,537.35,561.45
2025-12-03,538.9,562.2
2025-12-02,524.3,548.05
2025-12-01,530.3,550.5
2025-11-28,527.2,546.3
2025-11-26,519.4,539.4
2025-11-25,509.05,529.95
2025-11-24,505.3,526.2
2025-11-21,509.6,529.8
2025-11-20,504.85,525.05
2025-11-19,509.7,529.75
2025-11-18,505.05,524.85
2025-11-17,508.65,528.15
2025-11-14,513.55,531.9
2025-11-13,510.2,531.9
2025-11-12,510.55,532.55
2025-11-11,506.6,528.85
2025-11-10,510.6,533.4
2025-11-07,495.7,517.5
2025-11-06,496.75,517.8
2025-11-05,498.6,518.65
2025-11-04,494.85,514.15
2025-11-03,506.9,526.05
2025-10-31,508.9,527.95
2025-10-30,510.4,530.4
2025-10-29,526.35,545.8
2025-10-28,517.1,537.35
2025-10-27,517.15,537
2025-10-24,512.25,531.4
2025-10-23,511.05,529.75
2025-10-22,499.55,519.4
2025-10-21,496.6,516.85
2025-10-20,503.6,523.35
2025-10-17,496.95,515.9
2025-10-16,499.9,518.7
2025-10-15,501.45,519.85
2025-10-14,502.3,520.85
2025-10-13,514.4,531.65
2025-10-10,489.4,507.65
2025-10-09,512.3,529.3
2025-10-08,509.45,526.9
2025-10-07,509.75,526.95
2025-10-06,503.8,520.65
2025-10-03,510.9,526.35
2025-10-02,494.95,512.05
2025-10-01,488.25,505.75
2025-09-30,485.65,504.55
2025-09-29,489.2,507.55
2025-09-26,477.15,496.45
2025-09-25,475.8,494.7
2025-09-24,481.35,499.65
2025-09-23,464.4,484.1
2025-09-22,463.2,483.4
2025-09-19,462.75,482.8
2025-09-18,460.05,480.15
2025-09-17,463.2,482.7
2025-09-16,469.4,488.4
2025-09-15,471.75,490.2
2025-09-12,465.2,483.4
2025-09-11,465.8,483.3
2025-09-10,461.8,479
2025-09-09,456.95,474.75
2025-09-08,455.95,474.35
2025-09-05,455.1,473.15
2025-09-04,455.85,474.45
2025-09-03,463,480.2
2025-09-02,464.1,480.9
2025-08-29,459.05,475.8
2025-08-28,453.9,471.95
2025-08-27,449.55,469.15
2025-08-26,453.3,473.3
2025-08-25,454.85,475.25
2025-08-22,452.75,472.95
2025-08-21,451.15,471.3
2025-08-20,451.05,471.75
2025-08-19,448.85,468.65
2025-08-18,453.6,472.75
2025-08-15,455.55,473.3
2025-08-14,454.35,471.75
2025-08-13,455.9,473.4
2025-08-12,458.5,475.4
2025-08-11,449.95,467.45
2025-08-08,447.15,466.75
2025-08-07,439.85,460.1
2025-08-06,441.3,460.75
2025-08-05,438.6,457.65
2025-08-04,443.75,462.45
2025-08-01,443.55,462.8
2025-07-31,435.45,455.85
2025-07-30,558.6,573.35
2025-07-29,562.55,577.8
2025-07-28,561.55,576.2
2025-07-25,578.5,593.1
2025-07-24,580.15,595.05
2025-07-23,581.95,595.5
2025-07-22,572.15,586.45
2025-07-21,563.75,578.15
2025-07-18,560.45,575.05
2025-07-17,551.25,565.95
2025-07-16,552.6,567.4
2025-07-15,557.75,572.85
2025-07-14,555.05,570.35
2025-07-11,560.45,575.3
2025-07-10,559.1,573.5
2025-07-09,548.65,561.8
2025-07-08,568.55,588.45
2025-07-07,502.6,522.45
2025-07-03,514.15,533.9
2025-07-02,519.75,539.25
2025-07-01,509.95,528.95
2025-06-30,508.25,526.9
2025-06-27,512.3,531.4
2025-06-26,512.05,531.1
2025-06-25,497.15,516.5
2025-06-24,492.45,511.65
2025-06-23,490.25,509
2025-06-20,488.45,507.5
2025-06-18,490.6,509.85
2025-06-17,486.4,505.75
2025-06-16,489.25,508.9
2025-06-13,486.85,506.1
2025-06-12,488.85,507.9
2025-06-11,486.65,506.1
2025-06-10,490,512.2
2025-06-09,492.5,515.45
2025-06-06,484.8,507.95
2025-06-05,493.3,515.5
2025-06-04,488.65,511.05
2025-06-03,483.4,506.35
2025-06-02,485.85,508.4
2025-05-30,467.75,491.1
2025-05-29,467.55,491.65
2025-05-28,467.45,490.95
2025-05-27,474,496.4
2025-05-23,483.65,505.25
2025-05-22,467.95,489.45
2025-05-21,467.2,488.85
2025-05-20,465.4,487.65
2025-05-19,467.05,489.35
2025-05-16,459.35,481.3
2025-05-15,468.35,489.9
2025-05-14,465.05,487.75
2025-05-13,472.3,494.55
2025-05-12,462.1,484.4
2025-05-09,465.3,487.3
2025-05-08,460.4,482.5
2025-05-07,465.95,488.15
2025-05-06,477.8,498.7
2025-05-05,469.9,490.75
2025-05-02,467.3,487.5
2025-05-01,462.8,482.1
2025-04-30,460.9,479.5
2025-04-29,487.25,505.05
2025-04-28,488.95,506.4
2025-04-25,489.5,507.8
2025-04-24,491.05,509.5
2025-04-23,489.5,507.75
2025-04-22,492.8,510.5
2025-04-21,478,496.4
2025-04-17,479.05,497.05
2025-04-16,473.6,492.25
2025-04-15,467.85,486.6
2025-04-14,467.8,486.9
2025-04-11,457.15,475.2
2025-04-10,433.65,454.75
2025-04-09,419.25,440.7
2025-04-08,414.4,435.85
2025-04-07,418.6,439.35
2025-04-04,440.2,459.2
2025-04-03,482.85,500.95
2025-04-02,504.05,521.1
2025-04-01,503.5,520.8
2025-03-31,503.4,519.6
2025-03-28,513,528.05
2025-03-27,511.95,526.5
2025-03-26,524.3,539
2025-03-25,521.05,542.1
2025-03-24,509.25,530.8
2025-03-21,511.35,533.1
2025-03-20,511.2,533.1
2025-03-19,510,531.9
2025-03-18,501.65,524.25
2025-03-17,495.9,517.7
2025-03-14,489.6,511
2025-03-13,492.55,513.7
2025-03-12,484.95,506.25
2025-03-11,476.6,497.5
2025-03-10,466.65,487.45
2025-03-07,471,491
2025-03-06,480.75,499.35
2025-03-05,479.4,498.45
2025-03-04,455.65,474.9
2025-03-03,460.7,479.6
2025-02-28,454.8,472.3
2025-02-27,461.85,478.65
2025-02-26,458.65,475.7
2025-02-25,452.75,469.65
2025-02-24,456.35,473.1
2025-02-21,461.55,478.1
2025-02-20,466.6,482.3
2025-02-19,461.4,477.6
2025-02-18,464.25,480.7
2025-02-14,471.3,486.15
2025-02-13,482.55,497.1
2025-02-12,475.15,488.85
2025-02-11,460.1,475.75
2025-02-10,470.7,486.05
2025-02-07,458.9,475.65
2025-02-06,446.1,463
2025-02-05,444.4,460.3
2025-02-04,435.35,451.65
2025-02-03,430.55,447.1
2025-01-31,427.9,445.35
2025-01-30,430.75,448.45
2025-01-29,428.3,444.2
2025-01-28,424.65,440.9
2025-01-27,423.15,440.6
2025-01-24,432.1,448.35
2025-01-23,432.85,447.25
2025-01-22,430.1,445.05
2025-01-21,434.1,447.9
2025-01-17,436.85,449.15
2025-01-16,444.1,455.8
2025-01-15,438.9,450.2
2025-01-14,434.25,446.6
2025-01-13,432.55,444
2025-01-10,430.4,439.9
2025-01-09,430.95,440.9
2025-01-08,425.85,437.05
2025-01-07,419.55,432.05
2025-01-06,416.15,427.95
2025-01-03,407.35,420.35
2025-01-02,402.6,416.35
2024-12-31,402.65,416.4
2024-12-30,409.3,422.9
2024-12-27,412.2,425.6
2024-12-26,412.75,425.85
2024-12-24,411,423.85
2024-12-23,408.5,421.45
2024-12-20,410.05,422.55
2024-12-19,407.7,420.65
2024-12-18,415.7,427.85
2024-12-17,414.65,426.55
2024-12-16,419.1,429.35
2024-12-13,419.7,429.7
2024-12-12,424.45,434.2
2024-12-11,426.35,436
2024-12-10,427.2,437.6
2024-12-09,427.55,438.35
2024-12-06,419.65,430.75
2024-12-05,419.25,430.85
2024-12-04,420.15,431.95
2024-12-03,420.2,431.4
2024-12-02,413.05,425.15
2024-11-29,414,425.8
2024-11-27,413.9,425.4
2024-11-26,411.85,423.95
2024-11-25,415.9,427.75
2024-11-22,413.3,424.85
2024-11-21,416.4,427.9
2024-11-20,419,430
2024-11-19,418.2,429.75
2024-11-18,416.55,428.4
2024-11-15,410.9,423
2024-11-14,414.05,426.3
2024-11-13,413.8,426.4
2024-11-12,413.65,429.75
2024-11-11,422.85,438.15
2024-11-08,430.6,445.3
2024-11-07,443.15,456.5
2024-11-06,424.6,439.3
2024-11-05,447.5,460.1
2024-11-04,443.15,456.35
2024-11-01,437.15,451.3
2024-10-31,434,447.9
2024-10-30,435.15,449
2024-10-29,436.05,449.8
2024-10-28,436.25,450.5
2024-10-25,437.05,451.55
2024-10-24,435.15,450.8
2024-10-23,433.65,449.85
2024-10-22,438.05,453.25
2024-10-21,435.95,451.4
2024-10-18,438.45,453.6
2024-10-17,432.5,447.65
2024-10-16,436.75,450.85
2024-10-15,433.75,448.7
2024-10-14,440.6,454.7
2024-10-11,449.35,461.85
2024-10-10,442.75,455.75
2024-10-09,439.95,453.4
2024-10-08,445.65,459.55
2024-10-07,456.65,469
2024-10-04,457.4,469.45
2024-10-03,455.3,466.35
2024-10-02,464.9,474.5
2024-10-01,458.9,468.55
2024-09-30,455.3,462.3
2024-09-27,459.95,468.95
2024-09-26,463.9,471.5
2024-09-25,448.95,460.55
2024-09-24,449.15,459.5
2024-09-23,434.75,446.55
2024-09-20,434.3,445.85
2024-09-19,434.7,445.55
2024-09-18,429.9,441.05
2024-09-17,427.3,439.55
2024-09-16,427.35,438.9
2024-09-13,423.6,434.75
2024-09-12,419.55,431.65
2024-09-11,414.2,426.7
2024-09-10,409.8,422.75
2024-09-09,414.45,427.65
2024-09-06,407.35,420.75
2024-09-05,413.75,426.1
2024-09-04,407.9,420
2024-09-03,409.2,420.95
2024-08-30,421.15,433.75
2024-08-29,422.25,435
2024-08-28,421.8,434.05
2024-08-27,430.35,441.35
2024-08-26,428.1,438.8
2024-08-23,424.5,434.65
2024-08-22,418.6,429.4
2024-08-21,422.65,432.4
2024-08-20,420.1,430.9
2024-08-19,422,432.9
2024-08-16,418.1,429.4
2024-08-15,417.6,427.6
2024-08-14,407.35,418.8
2024-08-13,408.55,420.25
2024-08-12,410.4,422.2
2024-08-09,403.1,415.2
2024-08-08,395.9,410.45
2024-08-07,395.2,410.3
2024-08-06,402.7,416.3
2024-08-05,399.9,413.7
2024-08-02,410.3,424.75
2024-08-01,408.25,423.1
2024-07-31,417.65,430.9
2024-07-30,408.4,422.35
2024-07-29,408.45,421.85
2024-07-26,412.4,425.35
2024-07-25,412.55,424.55
2024-07-24,410.9,423.05
2024-07-23,416.05,426.7
2024-07-22,419.75,431.15
2024-07-19,423.65,434.55
2024-07-18,427.95,438.9
2024-07-17,440.85,450.6
2024-07-16,444.95,452.45
2024-07-15,452.65,458.35
2024-07-12,459.3,462.35
2024-07-11,450.65,456.6
2024-07-10,460.85,461.7
2024-07-09,457.75,460.85
2024-07-08,461.8,464.15
2024-07-05,465.2,465.4
2024-07-03,453.35,458.65
2024-07-02,441.9,448.7
2024-07-01,441.8,449.35
2024-06-28,439.15,446.95
2024-06-27,434.85,443.1
2024-06-26,436.7,444.2
2024-06-25,437.1,444
2024-06-24,442.5,448.5
2024-06-21,442.85,449.85
2024-06-20,452.3,457.1
2024-06-18,445.05,450.65
2024-06-17,443.1,448.2
2024-06-14,447.5,451.85
2024-06-13,448,452.55
2024-06-12,455.95,459.4
2024-06-11,449.4,453.05
2024-06-10,454.4,459
2024-06-07,448.35,452.8
2024-06-06,467.8,468.5
2024-06-05,460.6,460.4
2024-06-04,453.7,458.55
2024-06-03,466.75,470.8
2024-05-31,460.2,466.1
2024-05-30,465.85,469.9
2024-05-29,479.1,483
2024-05-28,485.5,486
2024-05-24,475.35,475.35
2024-05-23,479.25,476.25
2024-05-22,484.85,478.8
2024-05-21,510.6,498.75
2024-05-20,507.9,498.5
2024-05-17,505,490.3
2024-05-16,487.7,476.55
2024-05-15,492.45,471.9
2024-05-14,489.5,463.75
2024-05-13,476.6,469.75
2024-05-10,466.25,462.85
2024-05-09,458.5,461.2
2024-05-08,454.25,459.2
2024-05-07,460.55,464.75
2024-05-06,461.5,465.05
2024-05-03,455.7,459.55
2024-05-02,448.45,452.95
2024-05-01,454.6,458.6
2024-04-30,456.45,461.2
2024-04-29,467.65,471.6
2024-04-26,457.4,462.5
2024-04-25,453.85,458.25
2024-04-24,448.65,452.75
2024-04-23,446,450.1
2024-04-22,450.6,454.85
2024-04-19,452.6,456.75
2024-04-18,446.6,451.2
2024-04-17,436.35,441.15
2024-04-16,433.15,438.4
2024-04-15,440.35,445.55
2024-04-12,425.85,436.75
2024-04-11,425.3,436
2024-04-10,428.2,437.3
2024-04-09,428.55,438.15
2024-04-08,427.6,437.45
2024-04-05,423.6,434.4
2024-04-04,424.9,435.55
2024-04-03,419.4,430.1
2024-04-02,407.05,417.45
2024-04-01,404.85,415.05
2024-03-28,400.7,410.8
2024-03-27,400,409.85
2024-03-26,400.85,410.35
2024-03-25,401.6,410.85
2024-03-22,400.75,409.35
2024-03-21,405.85,414.15
2024-03-20,405.15,412.8
2024-03-19,407.45,414.6
2024-03-18,413,419.25
2024-03-15,412.45,418.65
2024-03-14,404.55,410.65
2024-03-13,406,410.8
2024-03-12,393.2,399.8
2024-03-11,392.85,399.45
2024-03-08,389.15,396.05
2024-03-07,392.6,399.05
2024-03-06,387.5,394.25
2024-03-05,384.7,391.6
2024-03-04,385.7,392.45
2024-03-01,386.15,392.55
2024-02-29,384.7,390.85
2024-02-28,384.05,389.95
2024-02-27,385.05,391.65
2024-02-26,383.45,390.25
2024-02-23,390.05,395.85
2024-02-22,391.5,396.65
2024-02-21,388.75,393.5
2024-02-20,387.55,392.4
2024-02-16,385.15,390.45
2024-02-15,375.8,381.95
2024-02-14,370,377.6
2024-02-13,371.1,379.8
2024-02-12,372.4,381.4
2024-02-09,368.15,377.8
2024-02-08,370.2,380.25
2024-02-07,373.55,384.35
2024-02-06,378.1,388.35
2024-02-05,377.15,387.65
2024-02-02,382.15,391.5
2024-02-01,385.35,393.8
2024-01-31,390.6,398.1
2024-01-30,391.1,398.55
2024-01-29,387.9,396.05
2024-01-26,385.2,393.65
2024-01-25,386.9,394.9
2024-01-24,388.6,395.4
2024-01-23,379.35,387.05
2024-01-22,376.35,384.85
2024-01-19,378.65,386.35
2024-01-18,374.5,382.85
2024-01-17,373.3,381.4
2024-01-16,376.65,384.8
2024-01-12,374.05,382.65
2024-01-11,377.65,385.5
2024-01-10,378.1,387.15
2024-01-09,375.85,385.85
2024-01-08,381,390.15
2024-01-05,380.6,388.55
2024-01-04,384.4,390.9
2024-01-03,386.15,392.75
2024-01-02,388.05,394.75
2023-12-29,389.05,395.7
2023-12-28,392.45,398.65
2023-12-27,395.95,401.95
2023-12-26,390.2,396.85
2023-12-22,390.5,396.35
2023-12-21,391.75,397.55
2023-12-20,390.6,396.1
2023-12-19,389.8,395.45
2023-12-18,385.2,391.85
2023-12-15,389.05,395.2
2023-12-14,389.25,395.9
2023-12-13,378.75,386.1
2023-12-12,378.75,386.5
2023-12-11,378.05,387.05
2023-12-08,383.05,391.4
2023-12-07,379.75,389.3
2023-12-06,373.45,383.6
2023-12-05,378.4,388
2023-12-04,383.55,393.95
2023-12-01,393.15,402
2023-11-30,385.05,395.45
2023-11-29,382.55,393.5
2023-11-28,383.95,394.95
2023-11-27,380,392.1
2023-11-24,383.25,394.8
2023-11-22,380.85,391.55
2023-11-21,384.9,396.65
2023-11-20,384.1,395.05
2023-11-17,377,388.4
2023-11-16,373.7,385.1
2023-11-15,375.5,387.15
2023-11-14,368.35,381.6
2023-11-13,366.6,379.5
2023-11-10,358.7,373.5
2023-11-09,364.05,378.5
2023-11-08,363.8,378.4
2023-11-07,367.9,381.85
2023-11-06,371.9,384.2
2023-11-03,368.15,380.15
2023-11-02,367.25,379.45
2023-11-01,364.9,377.15
2023-10-31,364.9,376.25
2023-10-30,365.85,377.1
2023-10-27,364.6,375.8
2023-10-26,358.45,370.4
2023-10-25,359.1,370.95
2023-10-24,362.4,372.8
2023-10-23,358.65,369.65
2023-10-20,356.3,367.55
2023-10-19,360.1,370.25
2023-10-18,358.7,369.45
2023-10-17,357.85,370.25
2023-10-16,358.2,370.55
2023-10-13,357.1,368.8
2023-10-12,359.1,370.9
2023-10-11,361.2,371
2023-10-10,363.4,371.5
2023-10-09,364.6,372.85
2023-10-06,362.75,370.65
2023-10-05,355.2,363.6
2023-10-04,358.9,367.35
2023-10-03,362.1,370.75
2023-10-02,364.15,373.4
2023-09-29,373.75,381.9
2023-09-28,370.8,378.1
2023-09-27,363.65,372.7
2023-09-26,364.9,374.4
2023-09-25,367,376.95
2023-09-22,369.6,378.6
2023-09-21,369.6,377.7
2023-09-20,377.6,384.2
2023-09-19,374.7,381.4
2023-09-18,377.9,384.3
2023-09-15,380.1,386
2023-09-14,382.15,388.15
2023-09-13,379.3,386.1
2023-09-12,379.2,386.25
2023-09-11,380.7,387.65
2023-09-08,371.65,378.85
2023-09-07,376.2,383.3
2023-09-06,378.6,385.5
2023-09-05,384.85,390.55
2023-09-01,385.2,391.25
2023-08-31,382.2,388.2
2023-08-30,384.4,390.2
2023-08-29,383.9,389.7
2023-08-28,379.2,384.85
2023-08-25,378.4,383.7
2023-08-24,379.35,384.75
2023-08-23,383.75,388.25
2023-08-22,378.85,383.65
2023-08-21,375.45,380.4
2023-08-18,374.05,378.8
2023-08-17,372.95,378.85
2023-08-16,369.55,376.1
2023-08-15,370.55,377.5
2023-08-14,375.85,381.8
2023-08-11,375.95,382.55
2023-08-10,376.5,384.8
2023-08-09,378.35,385.8
2023-08-08,376.65,385.05
2023-08-07,383.5,391.8
2023-08-04,386.75,394.15
2023-08-03,389.95,397.05
2023-08-02,384.35,391
2023-08-01,390.85,396.3
2023-07-31,400.8,404.65
2023-07-28,392.65,397.8
2023-07-27,387.55,393.2
2023-07-26,390.2,394.95
2023-07-25,391.55,396.35
2023-07-24,385.55,391.1
2023-07-21,381.8,387.55
2023-07-20,383.45,388.2
2023-07-19,381.4,385.4
2023-07-18,382.95,387.45
2023-07-17,384.4,388.55
2023-07-14,393.3,396.85
2023-07-13,394,397.15
2023-07-12,385.3,389.55
2023-07-11,376.6,382
2023-07-10,378.45,383.6
2023-07-07,378.2,382.85
2023-07-06,373.45,378.7
2023-07-05,376.85,380.05
2023-07-03,379.4,381.5
2023-06-30,375.95,378.35
2023-06-29,369.9,371.7
2023-06-28,374.25,376.2
2023-06-27,378.85,379.65
2023-06-26,380.45,381.85
2023-06-23,381.55,383
2023-06-22,390.05,390.85
2023-06-21,391.05,390.35
2023-06-20,389.35,389.1
2023-06-16,389.85,391.4
2023-06-15,390.4,390.4
2023-06-14,387.65,387.8
2023-06-13,384.1,385.2
2023-06-12,375.2,379.4
2023-06-09,378.9,382.25
2023-06-08,379.5,382.35
2023-06-07,375.6,378.25
2023-06-06,376.85,380.5
2023-06-05,376.8,381.35
2023-06-02,372.75,378.2
2023-06-01,371.1,376.75
2023-05-31,363.7,370.1
2023-05-30,366.3,372.5
2023-05-26,368.2,373.55
2023-05-25,358.8,364.8
2023-05-24,356.15,363.15
2023-05-23,365.45,371.6
2023-05-22,368.5,374.3
2023-05-19,373.2,378.25
2023-05-18,368.95,374.5
2023-05-17,375.45,380
2023-05-16,366.7,371.4
2023-05-15,375.1,379.05
2023-05-12,372.85,376.5
2023-05-11,371,375.2
2023-05-10,384.1,388.65
2023-05-09,390.15,394.05
2023-05-08,392.95,396.35
2023-05-05,388.3,391.2
2023-05-04,386.3,389.35
2023-05-03,384.5,387.25
2023-05-02,386.25,388.75
2023-05-01,393.4,395.3
2023-04-28,389.05,390.75
2023-04-27,388.4,389.45
2023-04-26,386.15,387.5
2023-04-25,386.5,388.1
2023-04-24,396.45,398.05
2023-04-21,398.65,399.75
2023-04-20,403.25,404
2023-04-19,408.1,408.35
2023-04-18,409.65,409.65
2023-04-17,406.95,406.7
2023-04-14,410.6,409.6
2023-04-13,412.05,410.7
2023-04-12,408.1,407.65
2023-04-11,401.95,403.05
2023-04-10,397.65,399.2
2023-04-07,401.55,402
2023-04-06,401.55,402
2023-04-05,398.65,399.2
2023-04-04,397.1,398.5
2023-04-03,404.55,405.95
2023-03-31,409.45,410.3
2023-03-30,409.15,410.15
2023-03-29,408.65,409.3
2023-03-28,408.55,409.25
2023-03-27,407.85,408.75
2023-03-24,407.5,407.45
2023-03-23,412.35,409.95
2023-03-22,404.45,403.2
2023-03-21,399.4,399.7
2023-03-20,395.15,395.95
2023-03-17,389.25,390.3
2023-03-16,386.45,388.3
2023-03-15,384.3,386.8
2023-03-14,400.3,402.2
2023-03-13,405.35,406.3
2023-03-10,403.05,404.05
2023-03-09,403.9,404
2023-03-08,402.7,403.1
2023-03-07,397.5,398.35
2023-03-06,408.85,409.25
2023-03-03,406.7,406.7
2023-03-02,407.6,407.35
2023-03-01,416,414.4
2023-02-28,408.95,408.7
2023-02-27,401.1,401
2023-02-24,395.3,395.55
2023-02-23,405.6,405.15
2023-02-22,418.5,417
2023-02-21,421.2,419.5
2023-02-17,410.5,410.5
2023-02-16,412.15,411.8
2023-02-15,402.15,402.2
2023-02-14,409.1,409.5
2023-02-13,405.75,408.25
2023-02-10,401.65,403.8
2023-02-09,409.7,410.65
2023-02-08,403.55,404.9
2023-02-07,408.05,410.55
2023-02-06,403.5,406.65
2023-02-03,405.65,407.9
2023-02-02,409.1,411.15
2023-02-01,411.1,412.3
2023-01-31,422.6,422.9
2023-01-30,420.2,420.95
2023-01-27,422.25,422.85
2023-01-26,426.75,427.05
2023-01-25,424.45,425.3
2023-01-24,424.85,425.45
2023-01-23,425.65,426.25
2023-01-20,425.15,424.5
2023-01-19,423.15,422.6
2023-01-18,423.45,423
2023-01-17,422.3,422
2023-01-13,421.6,421.45
2023-01-12,419.65,419.45
2023-01-11,416.6,415.8
2023-01-10,407.75,407.3
2023-01-09,402.65,402.4
2023-01-06,391.1,390.55
2023-01-05,382.1,382.05
2023-01-04,374.05,375.2
2023-01-03,376.65,377.65
2022-12-30,381.05,380.4
2022-12-29,382.4,382
2022-12-28,384.25,384.5
2022-12-27,384.05,383.9
2022-12-23,380.9,380.4
2022-12-22,375.7,375.45
2022-12-21,381,379.9
2022-12-20,379.9,379.6
2022-12-19,378.3,378
2022-12-16,376.15,376.45
2022-12-15,376.3,376.55
2022-12-14,387.8,386.7
2022-12-13,384.2,383.1
2022-12-12,380.05,380.1
2022-12-09,387.85,386.65
2022-12-08,388.35,386.05
2022-12-07,386.05,384.75
2022-12-06,381.8,381.8
2022-12-05,379.5,379.3
2022-12-02,385.05,383.25
2022-12-01,381.75,380.4
2022-11-30,373.8,372
2022-11-29,363.95,362.35
2022-11-28,361.55,359.65
2022-11-25,363.05,362.2
2022-11-23,361.85,361.05
2022-11-22,361.45,360.75
2022-11-21,357.6,357.4
2022-11-18,364.15,363.95
2022-11-17,369.4,368.9
2022-11-16,377.35,374.85
2022-11-15,381.95,379.3
2022-11-14,382.75,379.35
2022-11-11,390.1,385.5
2022-11-10,375.8,370.45
2022-11-09,370,367.05
2022-11-08,368.25,366.2
2022-11-07,360.35,358.75
2022-11-04,368.65,365.05
2022-11-03,342.7,340.3
2022-11-02,346.85,343.25
2022-11-01,347.25,343
2022-10-31,337.5,333.05
2022-10-28,342.9,338.45
2022-10-27,351.95,347.05
2022-10-26,354.5,349
2022-10-25,339.7,336.05
2022-10-24,343.05,339.25
2022-10-21,347.45,342.75
2022-10-20,341.05,338.4
2022-10-19,331.8,330.05
2022-10-18,336.2,333.55
2022-10-17,341.55,337.05
2022-10-14,342.35,336.5
2022-10-13,344.05,339.2
2022-10-12,342.5,338.6
2022-10-11,346.2,342.65
2022-10-10,343.05,338.75
2022-10-07,338.65,334.75
2022-10-06,344.6,340.85
2022-10-05,350.05,346.25
2022-10-04,349,343.7
2022-10-03,341,335.95
2022-09-30,341.25,335.2
2022-09-29,341.8,336.45
2022-09-28,335.85,331.65
2022-09-27,328.35,326.85
2022-09-26,329.45,327.65
2022-09-23,334.3,332.85
2022-09-22,347.1,345.15
2022-09-21,346.7,344.1
2022-09-20,350.3,347.15
2022-09-19,351.25,347.35
2022-09-16,351.65,346.25
2022-09-15,349,345.15
2022-09-14,351.95,349.6
2022-09-13,355.55,354.15
2022-09-12,361.05,358.5
2022-09-09,356.8,355.05
2022-09-08,352.7,350.95
2022-09-07,343.05,342.25
2022-09-06,346.2,345.3
2022-09-02,341.35,341.2
2022-09-01,340.65,340.95
2022-08-31,351.85,351.75
2022-08-30,355.1,355.8
2022-08-29,361.05,361.1
2022-08-26,369.7,369.3
2022-08-25,369.8,368.35
2022-08-24,364.8,364.45
2022-08-23,369.15,367.95
2022-08-22,365.35,364.5
2022-08-19,367.1,366.7
2022-08-18,363.6,363.25
2022-08-17,359,359.7
2022-08-16,363.05,363.65
2022-08-15,361.75,363.6
2022-08-12,366.85,368.2
2022-08-11,370.65,371.95
2022-08-10,364.95,366.95
2022-08-09,358.55,361.2
2022-08-08,358.65,361.35
2022-08-05,355.2,358.65
2022-08-04,348.15,351.35
2022-08-03,346.7,349.3
2022-08-02,351.85,354.1
2022-08-01,354.25,356.8
2022-07-29,357.35,359.55
2022-07-28,347.45,350.65
2022-07-27,343,345.75
2022-07-26,338.45,341.75
2022-07-25,335.45,338.6
2022-07-22,334.95,336.5
2022-07-21,329.85,331.65
2022-07-20,332.5,334.8
2022-07-19,329.1,331.2
2022-07-18,334.6,336
2022-07-15,323.4,325
2022-07-14,321.15,321.35
2022-07-13,332.25,333.1
2022-07-12,328.8,329.5
2022-07-11,343.05,343.55
2022-07-08,352.2,353.35
2022-07-07,357.2,357.8
2022-07-06,340.8,341.5
2022-07-05,341.5,344.55
2022-07-01,360.4,363.15
2022-06-30,371,374.05
2022-06-29,378.05,381.1
2022-06-28,378,380.85
2022-06-27,376.6,379.15
2022-06-24,374.45,377.6
2022-06-23,374.65,378.1
2022-06-22,395,397.45
2022-06-21,404.85,406.6
2022-06-17,402.95,405.2
2022-06-16,412.65,414.85
2022-06-15,418.25,420
2022-06-14,417.6,419.55
2022-06-13,422.8,423
2022-06-10,431.1,431.5
2022-06-09,438.1,439.2
2022-06-08,445.45,445.4
2022-06-07,443.55,444.9
2022-06-06,443.5,444.85
2022-06-03,447.2,449.7
2022-06-02,455.25,456.85
2022-06-01,432.85,434.8
2022-05-31,429.6,432.15
2022-05-27,430.65,433.45
2022-05-26,425.9,428.75
2022-05-25,425.45,428.3
2022-05-24,430.5,432.25
2022-05-23,434.55,435.45
2022-05-20,427.5,428.7
2022-05-19,428.3,428.6
2022-05-18,417.85,419.3
2022-05-17,423.9,425.45
2022-05-16,419.15,420.85
2022-05-13,417.5,419.45
2022-05-12,410.05,412.7
2022-05-11,420.9,423.4
2022-05-10,415.45,418.7
2022-05-09,419.35,422.15
2022-05-06,426.7,429.5
2022-05-05,429.15,430.65
2022-05-04,433.8,434.95
2022-05-03,428.3,430
2022-05-02,426.8,428.05
2022-04-29,440.85,442.05
2022-04-28,443.35,445
2022-04-27,447.5,449.2
2022-04-26,446.4,448.3
2022-04-25,447.2,449.2
2022-04-22,460.2,461.5
2022-04-21,472.25,472.35
2022-04-20,467.55,467.65
2022-04-19,473.95,473.05
2022-04-18,482.15,480.4
2022-04-14,474.1,472.25
2022-04-13,473.05,472.2
2022-04-12,472.75,472.8
2022-04-11,463.4,465.25
2022-04-08,472.5,473.2
2022-04-07,469.95,470
2022-04-06,473.8,472.7
2022-04-05,479.5,478.15
2022-04-04,478.15,475.8
2022-04-01,468.85,467.1
2022-03-31,475.1,472.9
2022-03-30,475.05,472.25
2022-03-29,473.1,470.05
2022-03-28,472.55,470.35
2022-03-25,469.85,467.7
2022-03-24,474.25,471.7
2022-03-23,477.65,474
2022-03-22,470,467.2
2022-03-21,471.05,467.95
2022-03-18,473.95,468.8
2022-03-17,470.2,465.35
2022-03-16,460.05,456.65
2022-03-15,451.3,449.45
2022-03-14,452.3,449.85
2022-03-11,462.55,457.95
2022-03-10,465.25,459.7
2022-03-09,457.25,454.1
2022-03-08,471,467.45
2022-03-07,473.1,467.45
2022-03-04,493.75,482.2
2022-03-03,478.15,469.4
2022-03-02,466.55,462.4
2022-03-01,459.65,456.2
2022-02-28,445.45,441.6
2022-02-25,448.5,443.25
2022-02-24,446.1,440
2022-02-23,448.85,442.5
2022-02-22,451.75,444.4
2022-02-18,452.6,445.4
2022-02-17,452.8,445.95
2022-02-16,454.1,447.05
2022-02-15,453.6,446.85
2022-02-14,450.8,442.95
2022-02-11,450.95,443.95
2022-02-10,465.7,455.65
2022-02-09,460.25,450.65
2022-02-08,446.1,440.05
2022-02-07,446.25,441.6
2022-02-04,448.75,443.4
2022-02-03,447.1,441.05
2022-02-02,449.6,442.7
2022-02-01,443.4,437.45
2022-01-31,432.45,427.95
2022-01-28,431,426.75
2022-01-27,442.35,436.05
2022-01-26,451.5,445.3
2022-01-25,445,439.25
2022-01-24,441.25,435.95
2022-01-21,452.4,445.55
2022-01-20,458.25,451.85
2022-01-19,447,442.8
2022-01-18,438.25,434.6
2022-01-14,442.05,437.45
2022-01-13,454.6,448.8
2022-01-12,457.65,451.1
2022-01-11,442.9,438.05
2022-01-10,435.2,431.35
2022-01-07,441,436.15
2022-01-06,435.45,430.85
2022-01-05,441.35,436.25
2022-01-04,447.5,440.7
2022-01-03,442.15,436.2
2021-12-31,446.35,439.05
2021-12-30,439.25,433.05
2021-12-29,441.3,433.3
2021-12-28,443.3,435.8
2021-12-27,447.2,438.75
2021-12-23,439.25,431.95
2021-12-22,439.15,431.7
2021-12-21,434.6,428.05
2021-12-20,429.35,423.6
2021-12-17,429.5,424.3
2021-12-16,430.45,424.8
2021-12-15,418.25,413.5
2021-12-14,425.75,420.9
2021-12-13,428.4,424.45
2021-12-10,428.65,423.8
2021-12-09,433.3,427.05
2021-12-08,439.35,432.3
2021-12-07,433.95,427.65
2021-12-06,433.75,426.1
2021-12-03,426.7,422.05
2021-12-02,429.9,425.1
2021-12-01,424.75,420.7
2021-11-30,428,423.7
2021-11-29,434.1,429.85
2021-11-26,429.1,424.75
2021-11-24,447.05,442.65
2021-11-23,442.4,437.85
2021-11-22,439.65,435.7
2021-11-19,439.6,435
2021-11-18,430.5,426.3
2021-11-17,427.2,424.15
2021-11-16,435.95,432.75
2021-11-15,440.3,436.4
2021-11-12,444.5,439.1
2021-11-11,439.35,432.75
2021-11-10,431.95,426.2
2021-11-09,437.3,432
2021-11-08,439.9,433.8
2021-11-05,434.3,428.7
2021-11-04,432.05,426.35
2021-11-03,432.1,426.25
2021-11-02,436.6,428.8
2021-11-01,439.35,429.2
2021-10-29,436.8,427.8
2021-10-28,443.85,435.3
2021-10-27,438.95,433.1
2021-10-26,448.6,441.9
2021-10-25,452.8,443.9
2021-10-22,449.8,438.6
2021-10-21,455.85,441.55
2021-10-20,473.45,458.35
2021-10-19,470.3,455.15
2021-10-18,472.55,457.1
2021-10-15,472.95,459.85
2021-10-14,463.15,450.45
2021-10-13,451.6,439.8
2021-10-12,432.55,425.8
2021-10-11,436.65,430.1
2021-10-08,427.55,422
2021-10-07,424.35,418.8
2021-10-06,414.75,409.25
2021-10-05,419.25,412.75
2021-10-04,423.85,417.35
2021-10-01,418.85,411.85
2021-09-30,408.9,402.95
2021-09-29,419.9,414.2
2021-09-28,424.65,418.4
2021-09-27,428.95,423.05
2021-09-24,428.55,423.6
2021-09-23,423.1,419.45
2021-09-22,425.2,420.65
2021-09-21,412.6,408.6
2021-09-20,411.45,407.8
2021-09-17,424.6,420.05
2021-09-16,428.15,424.05
2021-09-15,440.65,435.05
2021-09-14,432.1,427.7
2021-09-13,436.7,431.8
2021-09-10,445.2,440.35
2021-09-09,428.55,425.15
2021-09-08,423.3,419.95
2021-09-07,428.15,424.75
2021-09-03,433.4,428.95
2021-09-02,430.4,426.65
2021-09-01,427.8,423.6
2021-08-31,437.5,431.4
2021-08-30,437.55,432.35
2021-08-27,433.2,428.05
2021-08-26,425.95,422.15
2021-08-25,427.6,424.4
2021-08-24,426.05,424.15
2021-08-23,422.1,419.45
2021-08-20,412.3,410.75
2021-08-19,404.35,403.35
2021-08-18,412,411.4
2021-08-17,420.45,419.5
2021-08-16,432.15,429.9
2021-08-13,438.15,435
2021-08-12,434.95,432.45
2021-08-11,436.75,434.3
2021-08-10,435.4,433
2021-08-09,428.95,426.75
2021-08-06,434.8,432
2021-08-05,434.8,431.75
2021-08-04,433.25,430.95
2021-08-03,438.6,435.9
2021-08-02,443.3,439.85
2021-07-30,448.25,442.9
2021-07-29,452.35,447
2021-07-28,448.2,442.4
2021-07-27,454.45,445.25
2021-07-26,458.5,448.6
2021-07-23,440,435.9
2021-07-22,433.75,431.55
2021-07-21,427.2,425.65
2021-07-20,426.3,425.15
2021-07-19,420.15,419.05
2021-07-16,432.3,430.7
2021-07-15,432.3,430.6
2021-07-14,426.75,425.5
2021-07-13,430.7,429.1
2021-07-12,431.6,430.35
2021-07-09,434.55,433.75
2021-07-08,426.45,425.8
2021-07-07,432.25,430.6
2021-07-06,425.1,423.65
2021-07-02,427.6,426.6
2021-07-01,423.6,421.95
2021-06-30,428.9,426.85
2021-06-29,426.45,424.5
2021-06-28,427.85,428
2021-06-25,428.95,428.65
2021-06-24,430.5,430.95
2021-06-23,432.4,432.8
2021-06-22,421.9,421.7
2021-06-21,418.45,418.6
2021-06-18,416.35,417.65
2021-06-17,418.55,420.2
2021-06-16,439.1,439.95
2021-06-15,434.1,434.95
2021-06-14,453.4,453.85
2021-06-11,453.75,455.25
2021-06-10,448.5,450.45
2021-06-09,453.1,454.25
2021-06-08,455.6,456.9
2021-06-07,452.65,454.55
2021-06-04,452.9,454
2021-06-03,446.3,448
2021-06-02,459.15,459.9
2021-06-01,465.35,465.5
2021-05-28,467.75,467.6
2021-05-27,466.3,466.15
2021-05-26,452.95,452.9
2021-05-25,450.65,450.85
2021-05-24,452.55,452.9
2021-05-21,448.1,448.25
2021-05-20,456.8,456.5
2021-05-19,457.65,457.2
2021-05-18,472.55,471.3
2021-05-17,471.15,470.2
2021-05-14,465.45,464.4
2021-05-13,469.05,466.8
2021-05-12,473.6,470.85
2021-05-11,476.2,473.5
2021-05-10,471.6,467.9
2021-05-07,474.85,469.95
2021-05-06,460.25,455.65
2021-05-05,452.4,448.3
2021-05-04,452.15,447.65
2021-05-03,452.85,448.5
2021-04-30,446.8,442.8
2021-04-29,448.65,443.85
2021-04-28,449.75,444.95
2021-04-27,448.55,444.55
2021-04-26,444.45,440.35
2021-04-23,434.1,430.55
2021-04-22,427.95,425
2021-04-21,428.75,425.45
2021-04-20,422.1,419.25
2021-04-19,424.5,421.4
2021-04-16,417.3,413.55
2021-04-15,422.5,418.15
2021-04-14,412.85,410.8
2021-04-13,403.15,402.2
2021-04-12,401.85,400.95
2021-04-09,404,402.5
2021-04-08,409.45,407.5
2021-04-07,405.45,403.1
2021-04-06,411.65,408.4
2021-04-05,413.75,411.15
2021-04-02,399.05,396.85
2021-04-01,399.05,396.85
2021-03-31,399.55,397.3
2021-03-30,397.85,395.45
2021-03-29,403.45,400.7
2021-03-26,406.8,403.55
2021-03-25,397.8,394.9
2021-03-24,406.4,403.7
2021-03-23,407.95,404.7
2021-03-22,413.95,410.25
2021-03-19,411.3,407.05
2021-03-18,410.8,406.95
2021-03-17,411.9,408.35
2021-03-16,407.15,403.75
2021-03-15,414.05,409.85
2021-03-12,414,409.85
2021-03-11,413.9,409.9
2021-03-10,403.25,398.6
2021-03-09,400.85,395.95
2021-03-08,409.3,403.8
2021-03-05,407.55,402.35
2021-03-04,397.85,392.95
2021-03-03,414.2,408.8
2021-03-02,422.2,415.1
2021-03-01,411.3,406.25
2021-02-26,409.25,403.65
2021-02-25,426.35,418.8
2021-02-24,430.4,423.15
2021-02-23,418.75,411.95
2021-02-22,414.9,408.15
2021-02-19,407.75,400.45
2021-02-18,390.7,383.75
2021-02-17,382.55,376.45
2021-02-16,383.45,376.5
2021-02-12,378.8,373.3
2021-02-11,377.15,373.5
2021-02-10,377.25,373.1
2021-02-09,372,367.1
2021-02-08,366.6,362.55
2021-02-05,362.6,359.7
2021-02-04,355.3,353.6
2021-02-03,356.55,354
2021-02-02,352.45,350.55
2021-02-01,354.6,352.3
2021-01-29,355.6,353.3
2021-01-28,357.8,355.4
2021-01-27,355.75,355.4
2021-01-26,361.95,361.55
2021-01-25,362.95,362
2021-01-22,362.6,361.5
2021-01-21,364.75,363.65
2021-01-20,364.15,362.8
2021-01-19,363.35,361.95
2021-01-15,360.2,359.75
2021-01-14,366.45,365.55
2021-01-13,361.7,361.15
2021-01-12,360.55,359.9
2021-01-11,356.45,356.3
2021-01-08,367.35,367.45
2021-01-07,369.6,369.35
2021-01-06,365.05,364.95
2021-01-05,363.95,363.75
2021-01-04,355.45,355.8
2020-12-31,351.9,352.05
2020-12-30,354.9,355.1
2020-12-29,355.55,355.25
2020-12-28,357.1,357.1
2020-12-24,356.25,356.2
2020-12-23,355.6,355.6
2020-12-22,352,352.35
2020-12-21,357.75,358.05
2020-12-18,363.25,362.9
2020-12-17,360.15,359.5
2020-12-16,355.9,355.6
2020-12-15,354.45,354.6
2020-12-14,352.65,353.55
2020-12-11,352.8,353.05
2020-12-10,357.6,357.05
2020-12-09,351.35,351.7
2020-12-08,349.9,350.75
2020-12-07,351.65,352.45
2020-12-04,352.45,352.5
2020-12-03,349.05,349.1
2020-12-02,348.9,348.55
2020-12-01,348.5,349.1
2020-11-30,343.8,344.35
2020-11-27,341.75,342.1
2020-11-25,333.05,334.2
2020-11-24,332,332.65
2020-11-23,327.8,328.8
2020-11-20,331,331.4
2020-11-19,322,323.3
2020-11-18,321.25,322.7
2020-11-17,320.95,322.6
2020-11-16,322.95,324.3
2020-11-13,318.5,319.75
2020-11-12,315.2,316.6
2020-11-11,313.4,315.5
2020-11-10,315.55,317.85
2020-11-09,315.6,317.45
2020-11-06,315.4,317.35
2020-11-05,311,312.55
2020-11-04,310.7,311.6
2020-11-03,309.25,309.9
2020-11-02,307.7,309.5
2020-10-30,304.75,306.6
2020-10-29,305.65,307.3
2020-10-28,306.4,308
2020-10-27,309.35,310.95
2020-10-26,308.95,309.9
2020-10-23,312.9,313.65
2020-10-22,315.35,315.75
2020-10-21,319.85,319.25
2020-10-20,314.8,314.5
2020-10-19,308.6,309.5
2020-10-16,306.75,307.9
2020-10-15,308.55,310.2
2020-10-14,305.05,307.7
2020-10-13,304.45,306.8
2020-10-12,306.4,308.35
2020-10-09,308.25,308.95
2020-10-08,304.2,305.45
2020-10-07,303.3,305.7
2020-10-06,296.35,299.45
2020-10-05,296.3,299.2
2020-10-02,297.75,300.25
2020-10-01,286.55,289.35
2020-09-30,303.25,305.3
2020-09-29,299,300.75
2020-09-28,299,301.15
2020-09-25,297.1,298.6
2020-09-24,296.8,298.2
2020-09-23,299.3,300.75
2020-09-22,306.1,306.4
2020-09-21,303.2,303.35
2020-09-18,311.6,312.1
2020-09-17,307.1,308.95
2020-09-16,306.1,308.6
2020-09-15,306.3,309
2020-09-14,306.8,309.55
2020-09-11,303.95,306.7
2020-09-10,299.85,302.95
2020-09-09,305.15,308.25
2020-09-08,302.5,305.7
2020-09-04,306.2,308.95
2020-09-03,297.5,301.1
2020-09-02,302.05,305.55
2020-09-01,302.85,306
2020-08-31,306.15,309.15
2020-08-28,301.95,304.45
2020-08-27,299.05,302.25
2020-08-26,298.15,301.55
2020-08-25,295.35,299.05
2020-08-24,294.55,298.65
2020-08-21,293.4,297.2
2020-08-20,299.15,302.65
2020-08-19,303.8,306.6
2020-08-18,299.15,302.45
2020-08-17,292.25,296.75
2020-08-14,288.2,292.6
2020-08-13,283.2,287.95
2020-08-12,291.2,295.5
2020-08-11,289.65,294.15
2020-08-10,286.15,292.15
2020-08-07,279.25,285.6
2020-08-06,291.05,297.3
2020-08-05,291.7,297.35
2020-08-04,289.45,295.65
2020-08-03,291.2,296.75
2020-07-31,286.8,292.2
2020-07-30,291.4,295.85
2020-07-29,291.9,296.05
2020-07-28,291.75,295.9
2020-07-27,289.75,293.95
2020-07-24,289.25,292.7
2020-07-23,293.85,296.7
2020-07-22,292.45,296.1
2020-07-21,295.8,299.6
2020-07-20,291.55,295.45
2020-07-17,290.45,294.15
2020-07-16,290.15,293.7
2020-07-15,288.5,292.4
2020-07-14,293.25,297.2
2020-07-13,295.5,298.75
2020-07-10,289.75,293.3
2020-07-09,283.85,287.85
2020-07-08,282.4,285.45
2020-07-07,279.7,283.25
2020-07-06,277.45,280.65
2020-07-02,274.85,279.25
2020-07-01,273.4,278.05
2020-06-30,272.85,277.25
2020-06-29,269.25,273.65
2020-06-26,267.9,272.4
2020-06-25,267.8,272.8
2020-06-24,265.75,270.85
2020-06-23,266.85,271.8
2020-06-22,266.25,271.15
2020-06-19,262.8,267.85
2020-06-18,261.05,266.55
2020-06-17,260.9,266.75
2020-06-16,258.8,264.5
2020-06-15,258.75,264.3
2020-06-12,261.85,266.9
2020-06-11,260.2,264.75
2020-06-10,267.2,271.35
2020-06-09,259.9,265.4
2020-06-08,256.55,262.2
2020-06-05,255.55,260.75
2020-06-04,248.95,254.3
2020-06-03,248.75,253.9
2020-06-02,249.1,254.3
2020-06-01,247.05,252.4
2020-05-29,242.55,248.3
2020-05-28,241.35,247.25
2020-05-27,238.2,244.35
2020-05-26,241.85,247.5
2020-05-22,238.65,244.35
2020-05-21,243.2,248.95
2020-05-20,246,251.2
2020-05-19,241.8,247.3
2020-05-18,240.4,245.45
2020-05-15,233.05,238.25
2020-05-14,234.6,239.8
2020-05-13,234.6,240.15
2020-05-12,235.9,241.25
2020-05-11,238,243.15
2020-05-08,240.6,246
2020-05-07,238.05,243.05
2020-05-06,234.7,240.15
2020-05-05,233.25,238.3
2020-05-04,231.25,236.05
2020-05-01,231.2,235.5
2020-04-30,234.4,238.7
2020-04-29,237.05,241.5
2020-04-28,234.55,239.35
2020-04-27,234.5,239.15
2020-04-24,233.65,238.6
2020-04-23,231.8,236.85
2020-04-22,230.9,236.2
2020-04-21,226.45,232.2
2020-04-20,233.7,238.65
2020-04-17,235.7,239.8
2020-04-16,230.55,234.7
2020-04-15,230.9,234.75
2020-04-14,234.35,238.25
2020-04-13,230.25,235.7
2020-04-09,225.95,231
2020-04-08,226,230.65
2020-04-07,227.25,230.75
2020-04-06,221.75,224.8
2020-04-03,219.25,222.3
2020-04-02,221.85,225.2
2020-04-01,217.45,221.15
2020-03-31,222.8,226.25
2020-03-30,215.55,219.3
2020-03-27,217.2,220.4
2020-03-26,217.8,221.3
2020-03-25,220.4,223.65
2020-03-24,218,221
2020-03-23,210.05,212.7
2020-03-20,217.15,219.95
2020-03-19,218.55,222
2020-03-18,215.1,219.05
2020-03-17,231.35,235.05
2020-03-16,239.25,242.85
2020-03-13,246.4,249.45
2020-03-12,247.25,250.25
2020-03-11,250.2,252.95
2020-03-10,252.15,255.15
2020-03-09,251.05,254.05
2020-03-06,256.05,258.85
2020-03-05,257.3,260.75
2020-03-04,258.6,261.85
2020-03-03,257.3,260.65
2020-03-02,259.5,262.9
2020-02-28,254,257.5
2020-02-27,257.15,259.95
2020-02-26,257.35,260.4
2020-02-25,258.2,261.25
2020-02-24,258.35,261.9
2020-02-21,261.6,265.35
2020-02-20,259.6,263.6
2020-02-19,261.4,265.4
2020-02-18,261.15,265.15
2020-02-14,260.7,264.7
2020-02-13,262,266.1
2020-02-12,260,264.3
2020-02-11,258.3,262.8
2020-02-10,255.05,259.5
2020-02-07,255.3,259.85
2020-02-06,259.3,263.4
2020-02-05,257.45,261.7
2020-02-04,254.2,258.55
2020-02-03,250.7,254.85
2020-01-31,251.7,255.5
2020-01-30,252.4,256.25
2020-01-29,255.4,259.2
2020-01-28,257.95,261.55
2020-01-27,259.65,263.7
2020-01-24,268.4,272.2
2020-01-23,272.6,276.4
2020-01-22,276.5,280.35
2020-01-21,279.35,282.7
2020-01-17,284.55,287.6
2020-01-16,284.7,287.65
2020-01-15,286.6,289.8
2020-01-14,287.35,290.5
2020-01-13,286.1,289
2020-01-10,281.35,284.45
2020-01-09,280.2,283.25
2020-01-08,281.2,284
2020-01-07,279.35,282.55
2020-01-06,279,281.95
2020-01-03,278.7,281.8
2020-01-02,282.5,285.6
2019-12-31,279.7,283.05
2019-12-30,283.35,286.25
2019-12-27,282.95,285.65
2019-12-26,284.9,287.6
2019-12-24,282.75,285.3
2019-12-23,280.85,283.4
2019-12-20,280.6,283.25
2019-12-19,282.65,285.15
2019-12-18,281.25,283.95
2019-12-17,281.35,284.35
2019-12-16,281.15,283.85
2019-12-13,278.1,281.6
2019-12-12,279.65,283.4
2019-12-11,278.95,282.6
2019-12-10,276.55,280.45
2019-12-09,275.85,279.6
2019-12-06,272.5,276.6
2019-12-05,266.3,270.45
2019-12-04,265.9,269.75
2019-12-03,262.3,266.35
2019-12-02,265.05,269.25
2019-11-29,266.15,270.2
2019-11-27,269.6,273.2
2019-11-26,269.75,273.45
2019-11-25,266.2,269.8
2019-11-22,265.9,269.55
2019-11-21,263.6,267.65
2019-11-20,266.05,270.05
2019-11-19,266.85,270.75
2019-11-18,263.4,267.15
2019-11-15,265.15,268.8
2019-11-14,263.5,267.4
2019-11-13,265.1,268.9
2019-11-12,264.55,268.7
2019-11-11,266.4,270.2
2019-11-08,268.2,271.7
2019-11-07,272.75,275.8
2019-11-06,266.5,269.8
2019-11-05,270.05,273.1
2019-11-04,267.1,270.35
2019-11-01,265.3,268.2
2019-10-31,263.8,267.15
2019-10-30,268.6,271.55
2019-10-29,269.15,272.15
2019-10-28,268.3,271.5
2019-10-25,267.55,270.8
2019-10-24,266.8,270.15
2019-10-23,267.15,270.4
2019-10-22,263.3,267.25
2019-10-21,264.65,268
2019-10-18,263.6,266.9
2019-10-17,259.75,263.35
2019-10-16,258.95,262.8
2019-10-15,261.4,265.05
2019-10-14,263.4,266.9
2019-10-11,262.8,266.3
2019-10-10,261.35,264.6
2019-10-09,256.8,260.5
2019-10-08,256.85,260.85
2019-10-07,257.7,261.55
2019-10-04,256.25,260.05
2019-10-03,255.35,259.25
2019-10-02,257.05,260.95
2019-10-01,256.05,260.35
2019-09-30,257.85,262.2
2019-09-27,259.75,264.05
2019-09-26,257.75,262.05
2019-09-25,261.2,265.2
2019-09-24,260.65,264.65
2019-09-23,261.15,265.25
2019-09-20,260.65,264.85
2019-09-19,260.85,265.3
2019-09-18,261.3,265.65
2019-09-17,262.7,267.15
2019-09-16,264.05,268.8
2019-09-13,269.95,274.1
2019-09-12,264.05,268.3
2019-09-11,261.45,265.9
2019-09-10,262.8,266.85
2019-09-09,262.75,266.75
2019-09-06,263.4,267.65
2019-09-05,264.2,268.5
2019-09-04,259.5,263.6
2019-09-03,252.8,257.1
2019-08-30,255.15,259.5
2019-08-29,257.75,261.9
2019-08-28,256.45,260.75
2019-08-27,255.3,259.7
2019-08-26,255,259.55
2019-08-23,253.75,258.35
2019-08-22,256.55,261.35
2019-08-21,259.2,263.65
2019-08-20,258.4,262.95
2019-08-19,260.8,265.3
2019-08-16,260.2,264.75
2019-08-15,259.5,263.85
2019-08-14,259.2,263.5
2019-08-13,263,267.3
2019-08-12,258.5,262.95
2019-08-09,258.9,263.3
2019-08-08,260.75,265.1
2019-08-07,257.1,261.9
2019-08-06,255.75,260.6
2019-08-05,254.4,259.45
2019-08-02,257.15,262.1
2019-08-01,266.55,271.25
2019-07-31,266.6,271.3
2019-07-30,267.85,272.35
2019-07-29,271.75,275.9
2019-07-26,268.5,273.1
2019-07-25,270.35,274.75
2019-07-24,271.2,275.3
2019-07-23,270,273.95
2019-07-22,272.2,276.5
2019-07-19,275.25,278.85
2019-07-18,271,274.4
2019-07-17,271.6,275
2019-07-16,270,273.6
2019-07-15,271.1,274.65
2019-07-12,269.4,273.4
2019-07-11,268.75,272.75
2019-07-10,269.4,273.05
2019-07-09,262.5,266.55
2019-07-08,265.9,270
2019-07-05,266.1,270
2019-07-03,268.3,271.7
2019-07-02,266.4,270.5
2019-07-01,268.8,272.6
2019-06-28,271.35,275.05
2019-06-27,271.65,275.1
2019-06-26,271.55,275.05
2019-06-25,273.5,276.6
2019-06-24,270.5,273.3
2019-06-21,270.4,273.05
2019-06-20,271.2,273.15
2019-06-19,268.05,269.9
2019-06-18,270.25,271.65
2019-06-17,264.65,266.45
2019-06-14,263.1,265.7
2019-06-13,265.75,268.65
2019-06-12,265.4,267.8
2019-06-11,267.15,269.55
2019-06-10,266.15,268.2
2019-06-07,262.75,265
2019-06-06,265.05,267.45
2019-06-05,262.3,264.9
2019-06-04,266.9,269.45
2019-06-03,265,267.55
2019-05-31,264,266.25
2019-05-30,265.4,268.7
2019-05-29,266.4,270
2019-05-28,269.6,272.85
2019-05-24,269.95,273.3
2019-05-23,268.05,271.4
2019-05-22,267.8,271.95
2019-05-21,271.5,275.25
2019-05-20,272.6,275.85
2019-05-17,273.85,277.15
2019-05-16,274.8,278.15
2019-05-15,274.3,277.1
2019-05-14,272.5,276.3
2019-05-13,271.9,275.65
2019-05-10,277.45,281
2019-05-09,277.15,280.65
2019-05-08,277.45,281.4
2019-05-07,278.55,283.05
2019-05-06,282.95,287.45
2019-05-03,281.9,285.7
2019-05-02,277.95,282.2
2019-05-01,280.15,285.05
2019-04-30,290.4,295.15
2019-04-29,289.7,294.25
2019-04-26,289.4,293.95
2019-04-25,286.75,291.2
2019-04-24,291.6,295.65
2019-04-23,290,294.5
2019-04-22,290.8,294.9
2019-04-18,292.65,296.7
2019-04-17,297.35,301
2019-04-16,293.9,298
2019-04-15,294.25,298.35
2019-04-12,294.6,298.2
2019-04-11,288.7,292.95
2019-04-10,292.55,296.65
2019-04-09,293.4,297
2019-04-08,293.2,296.7
2019-04-05,289.45,292.7
2019-04-04,291,293.75
2019-04-03,294.85,297.3
2019-04-02,290.55,293.5
2019-04-01,292.45,294.9
2019-03-29,293.6,295.8
2019-03-28,287.25,289.85
2019-03-27,286.3,288.9
2019-03-26,285.4,288.4
2019-03-25,285.65,289.1
2019-03-22,284.25,287.65
2019-03-21,290.6,293.75
2019-03-20,292.1,295.15
2019-03-19,292.3,295
2019-03-18,290.9,293.75
2019-03-15,290.6,293.3
2019-03-14,289.15,291.55
2019-03-13,293.55,295.4
2019-03-12,292.85,294.75
2019-03-11,290.1,292.15
2019-03-08,289.35,291.55
2019-03-07,291.05,293.6
2019-03-06,291.85,294.2
2019-03-05,293.35,295.2
2019-03-04,290.9,292.9
2019-03-01,293.2,294.95
2019-02-28,294.8,296.65
2019-02-27,296.25,297.8
2019-02-26,295.05,296.7
2019-02-25,294.9,296.15
2019-02-22,294.8,295.9
2019-02-21,289.85,291.75
2019-02-20,292.05,293.15
2019-02-19,287.8,289.55
2019-02-15,280.35,282.45
2019-02-14,277.4,279.9
2019-02-13,277.3,279.3
2019-02-12,277.2,279.3
2019-02-11,279,281.3
2019-02-08,281.05,283.85
2019-02-07,282.85,285.3
2019-02-06,283.65,285.5
2019-02-05,281.7,284.05
2019-02-04,279.45,281.85
2019-02-01,277.3,280.15
2019-01-31,278.45,281.3
2019-01-30,276.75,279.55
2019-01-29,272.5,275.9
2019-01-28,268,271.5
2019-01-25,272.9,275.7
2019-01-24,264.45,268.1
2019-01-23,265.45,269.1
2019-01-22,265.95,269.3
2019-01-18,271.9,274.35
2019-01-17,268,271.05
2019-01-16,267.35,269.5
2019-01-15,263.45,266.4
2019-01-14,263.5,267.25
2019-01-11,266.2,270.1
2019-01-10,263.75,267.3
2019-01-09,265.7,269.25
2019-01-08,265.6,269.1
2019-01-07,263.7,266.55
2019-01-04,264.75,267.4
2019-01-03,256.8,259.95
2019-01-02,262.3,265.3
2018-12-31,263.1,265.15
2018-12-28,268.15,269.5
2018-12-27,266.8,268.8
2018-12-26,270,271.9
2018-12-24,266.1,267.8
2018-12-21,267.4,268.6
2018-12-20,269.65,271.2
2018-12-19,271.6,272.5
2018-12-18,266.45,267.95
2018-12-17,275.45,276.95
2018-12-14,276.25,277.25
2018-12-13,276.7,276.7
2018-12-12,277,276.75
2018-12-11,276.7,277.35
2018-12-10,272,274.35
2018-12-07,275.95,277.9
2018-12-06,274.3,277.1
2018-12-05,277.4,280.15
2018-12-04,275.9,279.35
2018-12-03,280.95,282.85
2018-11-30,278.75,280.1
2018-11-29,278.95,280.5
2018-11-28,281.35,282.45
2018-11-27,272.6,274.75
2018-11-26,277.3,278.95
2018-11-23,278.55,279.8
2018-11-21,280.8,280.55
2018-11-20,277.65,277.75
2018-11-19,280.65,279
2018-11-16,281,281.75
2018-11-15,276.3,279.5
2018-11-14,271,276.15
2018-11-13,268.7,274.45
2018-11-12,267.65,272.95
2018-11-09,268.45,273.45
2018-11-08,273.6,279.15
2018-11-07,275.45,280.8
2018-11-06,273.25,278.5
2018-11-05,275.6,281.25
2018-11-02,280.7,285.7
2018-11-01,272.15,277.75
2018-10-31,265.9,271.7
2018-10-30,266.4,272.35
2018-10-29,274.05,280.2
2018-10-26,274.1,279.8
2018-10-25,275.45,281.75
2018-10-24,275.75,282.25
2018-10-23,275.8,282.45
2018-10-22,278.55,284.3
2018-10-19,277.8,283.6
2018-10-18,274.65,280.8
2018-10-17,277.8,283.3
2018-10-16,277.95,284
2018-10-15,278.85,284.1
2018-10-12,280.05,284.7
2018-10-11,280.3,285.15
2018-10-10,278.05,282.85
2018-10-09,280.65,285.95
2018-10-08,276.7,282.7
2018-10-05,276.3,282.35
2018-10-04,277.75,283.2
2018-10-03,283.4,288.75
2018-10-02,280.65,285.2
2018-10-01,278.75,283.7
2018-09-28,280.5,284.85
2018-09-27,278.3,283.1
2018-09-26,282.8,287.7
2018-09-25,282.35,286.95
2018-09-24,283.6,288.2
2018-09-21,285.75,289.8
2018-09-20,274,279.1
2018-09-19,272.95,278.6
2018-09-18,273.05,278.6
2018-09-17,265.1,271.9
2018-09-14,264.6,271.4
2018-09-13,268.3,275.05
2018-09-12,267.6,274
2018-09-11,262.15,268.6
2018-09-10,262.8,269.9
2018-09-07,262.25,269.45
2018-09-06,263.65,271.2
2018-09-05,261,268.45
2018-09-04,260.2,268
2018-08-31,267.1,274.35
2018-08-30,271.75,278.9
2018-08-29,273.65,281.25
2018-08-28,275.85,282.85
2018-08-27,273.2,280.55
2018-08-24,272.3,279.75
2018-08-23,267.75,275.75
2018-08-22,269.35,277.2
2018-08-21,271.15,278.45
2018-08-20,268.6,276.2
2018-08-17,264.75,272.6
2018-08-16,263.5,271.15
2018-08-15,256,265.15
2018-08-14,268.2,277.2
2018-08-13,273.1,281.85
2018-08-10,274.25,283
2018-08-09,276.55,285.25
2018-08-08,275.1,283.9
2018-08-07,275.2,284.15
2018-08-06,273.15,282.35
2018-08-03,276.35,285.65
2018-08-02,273.75,282.95
2018-08-01,274.75,283.85
2018-07-31,283.15,291.6
2018-07-30,279.2,288
2018-07-27,280.2,288.55
2018-07-26,281.8,289.9
2018-07-25,281.75,290.1
2018-07-24,281.05,289.2
2018-07-23,274.65,282.65
2018-07-20,275.6,283.8
2018-07-19,269.55,278.1
2018-07-18,276,284.55
2018-07-17,274.7,283.6
2018-07-16,276.45,285.05
2018-07-13,277.55,286.55
2018-07-12,277.7,286.7
2018-07-11,274.35,283.15
2018-07-10,283.95,292.7
2018-07-09,285,293.35
2018-07-06,282.4,290.8
2018-07-05,282.6,290.85
2018-07-03,291.7,299.65
2018-07-02,294.4,302.1
2018-06-29,296.6,304.1
2018-06-28,297.15,304.65
2018-06-27,300.75,308.6
2018-06-26,301.55,309.4
2018-06-25,300.95,309.2
2018-06-22,304.9,312.45
2018-06-21,304.35,311.8
2018-06-20,306.2,314.15
2018-06-19,307,315.25
2018-06-18,312.9,321
2018-06-15,316.6,324.65
2018-06-14,322.2,331
2018-06-13,325.4,333.9
2018-06-12,324.95,333.5
2018-06-11,325.7,333.65
2018-06-08,330,338
2018-06-07,327.5,335.2
2018-06-06,326.2,334.3
2018-06-05,319.85,328.25
2018-06-04,313.45,322
2018-06-01,309.85,319
2018-05-31,306.5,315.8
2018-05-30,306.9,315.85
2018-05-29,306.25,315.5
2018-05-25,307.75,317.1
2018-05-24,309.6,319.1
2018-05-23,307.05,316.65
2018-05-22,313.2,322.6
2018-05-21,309.85,319.65
2018-05-18,306.35,316.1
2018-05-17,308.9,318.55
2018-05-16,307.05,316.45
2018-05-15,305.6,315.55
2018-05-14,309.3,319.1
2018-05-11,311.15,321.15
2018-05-10,311,321.05
2018-05-09,305.75,315.95
2018-05-08,305.9,315.95
2018-05-07,307.9,317.8
2018-05-04,308.55,317.95
2018-05-03,308.05,317.35
2018-05-02,306.85,315.75
2018-05-01,303.75,312.95
2018-04-30,307.4,316.5
2018-04-27,306.95,316.4
2018-04-26,313.8,322.75
2018-04-25,315.75,324.2
2018-04-24,316.4,325.35
2018-04-23,313.15,322.35
2018-04-20,315.55,324.45
2018-04-19,315.4,324.15
2018-04-18,318.15,326.5
2018-04-17,310.3,319.05
2018-04-16,311.7,320.35
2018-04-13,307.1,316.8
2018-04-12,306.35,315.9
2018-04-11,311.7,320.55
2018-04-10,313.7,322.7
2018-04-09,307.7,316.9
2018-04-06,305.85,315.3
2018-04-05,307.45,316.7
2018-04-04,301.05,310.4
2018-04-03,306.35,315.45
2018-04-02,305,314.05
2018-03-29,302.55,311.45
2018-03-28,300.2,309.1
2018-03-27,300.05,309
2018-03-26,297,305.8
2018-03-23,299.3,308
2018-03-22,302,310.55
2018-03-21,305.85,314.25
2018-03-20,303.8,312.55
2018-03-19,308.2,316.75
2018-03-16,310.75,319.2
2018-03-15,312.75,321.2
2018-03-14,315.85,324.1
2018-03-13,313.8,322.3
2018-03-12,312.4,320.85
2018-03-09,313.6,322
2018-03-08,307.9,316.45
2018-03-07,313.6,322.05
2018-03-06,315.9,323.75
2018-03-05,312.8,320.65
2018-03-02,312.45,320.25
2018-03-01,312.3,320.15
2018-02-28,313.25,321.35
2018-02-27,318.65,326.85
2018-02-26,322.45,330.5
2018-02-23,323.3,330.95
2018-02-22,326.15,333.65
2018-02-21,323.7,331.15
2018-02-20,321.35,328.75
2018-02-16,326.85,333.7
2018-02-15,326.45,333.15
2018-02-14,325.4,332.15
2018-02-13,316.25,324.25
2018-02-12,308.65,316.95
2018-02-09,303.35,311.8
2018-02-08,308.2,316.45
2018-02-07,308.75,317.25
2018-02-06,318.9,327.3
2018-02-05,322.1,330.35
2018-02-02,318.75,327
2018-02-01,320.9,329.05
2018-01-31,319.55,327.35
2018-01-30,318.9,326.95
2018-01-29,319.4,327.25
2018-01-26,319.9,327.95
2018-01-25,321.65,329.7
2018-01-24,322.85,330.8
2018-01-23,311.1,319.4
2018-01-22,319.85,327.65
2018-01-19,318.75,326.6
2018-01-18,319.9,327.5
2018-01-17,318.9,326.55
2018-01-16,321.95,329.6
2018-01-12,321.85,329.25
2018-01-11,323.3,330.45
2018-01-10,323.55,330.45
2018-01-09,321.6,328.55
2018-01-08,322.4,329.3
2018-01-05,322.95,329.65
2018-01-04,326.3,332.75
2018-01-03,325.75,332.2
2018-01-02,327.8,333.8
2017-12-29,330.05,335.95
2017-12-28,330.85,336.4
2017-12-27,328.4,334.05
2017-12-26,328.05,333.55
2017-12-22,323.85,329.4
2017-12-21,321.95,327.85
2017-12-20,319.6,325.3
2017-12-19,315.15,320.45
2017-12-18,314.6,320.3
2017-12-15,313.45,319.2
2017-12-14,307.25,313
2017-12-13,305.35,311.1
2017-12-12,302.3,308.1
2017-12-11,301.15,306.9
2017-12-08,297.85,303.5
2017-12-07,296.45,302.1
2017-12-06,296.15,301.7
2017-12-05,294.6,300
2017-12-04,309,314
2017-12-01,309.25,314.1
2017-11-30,306.4,311.3
2017-11-29,306.85,311.75
2017-11-28,309.85,314.55
2017-11-27,315.75,320.15
2017-11-24,319.15,323.4
2017-11-22,315.9,320.4
2017-11-21,315.05,319.4
2017-11-20,311.55,315.75
2017-11-17,309.1,313.75
2017-11-16,307.15,311.9
2017-11-15,307.7,312.5
2017-11-14,306.5,313.05
2017-11-13,311.65,317.85
2017-11-10,307.6,313.9
2017-11-09,308.6,314.85
2017-11-08,309.95,316.2
2017-11-07,308.9,315.45
2017-11-06,315.75,322.35
2017-11-03,311.75,318
2017-11-02,314.35,320.5
2017-11-01,314.25,320.2
2017-10-31,310.1,315.95
2017-10-30,311.2,317.1
2017-10-27,310.35,316.25
2017-10-26,317.75,323.4
2017-10-25,318.3,323.8
2017-10-24,319.8,325.45
2017-10-23,318.8,324.4
2017-10-20,316.55,322.1
2017-10-19,316.75,322.55
2017-10-18,317.8,323.85
2017-10-17,319.55,325.4
2017-10-16,323.9,329.55
2017-10-13,313.35,319.25
2017-10-12,312,318.1
2017-10-11,309.55,315.7
2017-10-10,306.05,312.65
2017-10-09,303.1,309.65
2017-10-06,302.9,309.3
2017-10-05,304.65,310.55
2017-10-04,295.9,302
2017-10-03,296.35,302.55
2017-10-02,295.55,301.5
2017-09-29,295.5,301.6
2017-09-28,298.1,304.25
2017-09-27,292.95,299.15
2017-09-26,291.9,298.45
2017-09-25,293.75,299.95
2017-09-22,294.45,300.5
2017-09-21,293.45,299.6
2017-09-20,296.9,302.8
2017-09-19,296.95,302.95
2017-09-18,296.9,303.35
2017-09-15,294.9,301.1
2017-09-14,295.75,301.75
2017-09-13,298.1,304.1
2017-09-12,303.6,309.55
2017-09-11,306.6,312.15
2017-09-08,304.15,309.65
2017-09-07,314.35,319.75
2017-09-06,315.15,320.35
2017-09-05,312.8,317.65
2017-09-01,311.8,317
2017-08-31,309.85,314.7
2017-08-30,308.7,313.6
2017-08-29,310.45,315.1
2017-08-28,308.6,313.45
2017-08-25,305.65,310.45
2017-08-24,305.65,310.5
2017-08-23,300.3,305.15
2017-08-22,300.75,305.45
2017-08-21,300.15,304.95
2017-08-18,296.15,301.05
2017-08-17,296.1,301.05
2017-08-16,297.6,302.45
2017-08-15,288.3,295
2017-08-14,290.45,297.1
2017-08-11,291.2,297.3
2017-08-10,290.3,296.65
2017-08-09,292.7,298.8
2017-08-08,294.25,300.2
2017-08-07,290.7,297
2017-08-04,288.5,294.55
2017-08-03,287.8,293.75
2017-08-02,288.45,294.15
2017-08-01,288.1,294.25
2017-07-31,289.15,295.55
2017-07-28,287.5,293.9
2017-07-27,287.75,294.2
2017-07-26,287.2,293.5
2017-07-25,284.65,290.6
2017-07-24,273.65,280.15
2017-07-21,272.25,278.8
2017-07-20,271.6,278
2017-07-19,271.05,277.25
2017-07-18,273.05,278.95
2017-07-17,272.4,278.15
2017-07-14,269.1,274.9
2017-07-13,266.15,271.95
2017-07-12,268.4,273.9
2017-07-11,267.2,273.05
2017-07-10,264.75,270.55
2017-07-07,264.7,269.7
2017-07-06,266.15,271.15
2017-07-05,266,271
2017-07-03,269.3,273.7
2017-06-30,271.1,275.25
2017-06-29,269.55,274.2
2017-06-28,267.6,272.3
2017-06-27,266.15,270.85
2017-06-26,263.85,268.55
2017-06-23,263.45,268
2017-06-22,261,265.7
2017-06-21,261.5,266.15
2017-06-20,257.2,261.85
2017-06-19,260.6,264.85
2017-06-16,257.9,262.15
2017-06-15,258.05,262.55
2017-06-14,257.35,262.65
2017-06-13,259.65,264.7
2017-06-12,261.55,266.55
2017-06-09,264.95,269.55
2017-06-08,260.95,265.8
2017-06-07,255.15,260.65
2017-06-06,254.7,260.2
2017-06-05,255.75,261.3
2017-06-02,257.45,262.8
2017-06-01,258.75,263.75
2017-05-31,258,263.45
2017-05-30,256.4,262.05
2017-05-26,256.6,262.2
2017-05-25,259.75,264.9
2017-05-24,258.35,263.75
2017-05-23,259.6,264.9
2017-05-22,259.55,264.6
2017-05-19,258.15,263.25
2017-05-18,253.15,258.65
2017-05-17,254.65,260.15
2017-05-16,255.05,260.5
2017-05-15,253.9,259.55
2017-05-12,252.4,258.1
2017-05-11,250.8,256.4
2017-05-10,249.45,255
2017-05-09,249.8,255.45
2017-05-08,249.35,255.1
2017-05-05,252.85,258.7
2017-05-04,251.15,257.25
2017-05-03,254.35,260.3
2017-05-02,263.55,269.25
2017-05-01,266.05,271.4
2017-04-28,260.75,265.9
2017-04-27,259.3,264.8
2017-04-26,260.05,265.55
2017-04-25,259.1,265.45
2017-04-24,256.5,263.25
2017-04-21,255.1,262
2017-04-20,255.7,262.35
2017-04-19,254.9,261.45
2017-04-18,254.05,260.5
2017-04-17,261,267.45
2017-04-13,258.6,265.15
2017-04-12,254.5,261.85
2017-04-11,260.8,267.5
2017-04-10,260.4,267.15
2017-04-07,264.7,271.7
2017-04-06,265.8,272.8
2017-04-05,268,274.9
2017-04-04,261.2,268.15
2017-04-03,260.35,267.2
2017-03-31,265.25,271.65
2017-03-30,267.15,273.15
2017-03-29,267.75,273.85
2017-03-28,267.6,273.75
2017-03-27,263.2,269.55
2017-03-24,263.1,269.45
2017-03-23,264.45,270.7
2017-03-22,263.05,269.45
2017-03-21,261.85,268.3
2017-03-20,266.7,272.9
2017-03-17,269.15,274.95
2017-03-16,267.75,273.55
2017-03-15,265.65,271.5
2017-03-14,263.5,269.3
2017-03-13,262.55,268.35
2017-03-10,259.5,265.45
2017-03-09,258,264.05
2017-03-08,260.05,265.65
2017-03-07,261.85,267.4
2017-03-06,265.2,270.3
2017-03-03,269.65,274.45
2017-03-02,269.05,273.75
2017-03-01,273.6,278
2017-02-28,271.4,275.85
2017-02-27,269.8,274.2
2017-02-24,269.6,274.2
2017-02-23,265.9,270.4
2017-02-22,274.6,279.1
2017-02-21,275.75,280.4
2017-02-17,272,276.55
2017-02-16,273.55,278.65
2017-02-15,276.15,281.05
2017-02-14,275.5,280.3
2017-02-13,278.3,283.2
2017-02-10,276.8,281.55
2017-02-09,265.35,270.35
2017-02-08,266.65,271.75
2017-02-07,263.2,268.4
2017-02-06,265.15,270.05
2017-02-03,261.6,266.1
2017-02-02,268.55,272.9
2017-02-01,271.15,275
2017-01-31,272.75,276.15
2017-01-30,265.5,268.65
2017-01-27,268.95,271.5
2017-01-26,267.3,269.8
2017-01-25,271,273.45
2017-01-24,270.85,273.4
2017-01-23,264.75,267.6
2017-01-20,262.5,265.3
2017-01-19,261.05,264
2017-01-18,261.65,264.65
2017-01-17,262.5,265.2
2017-01-13,269,271.8
2017-01-12,267.15,270.35
2017-01-11,261.05,263.85
2017-01-10,261.25,263.55
2017-01-09,253.85,256.5
2017-01-06,254.6,257.1
2017-01-05,253.75,256.25
2017-01-04,255.65,257.65
2017-01-03,248.9,251.05
2016-12-30,250.55,252.55
2016-12-29,248.8,250.8
2016-12-28,250.05,252
2016-12-27,251.55,253.55
2016-12-23,247.9,249.85
2016-12-22,249.95,251.85
2016-12-21,249.7,251.6
2016-12-20,250.25,252
2016-12-19,249.95,251.7
2016-12-16,256.45,257.85
2016-12-15,260.05,261.15
2016-12-14,260.45,261.95
2016-12-13,259.85,261.65
2016-12-12,261.9,263.65
2016-12-09,264.75,265.95
2016-12-08,262.6,263.85
2016-12-07,264.4,265.75
2016-12-06,268,269.05
2016-12-05,269.8,270.35
2016-12-02,262.5,263
2016-12-01,264.3,265.1
2016-11-30,263.3,264.3
2016-11-29,261,262.35
2016-11-28,267.05,268.05
2016-11-25,268.15,269.4
2016-11-23,261.75,263.2
2016-11-22,255.6,257.55
2016-11-21,252.75,254.85
2016-11-18,247.8,249.65
2016-11-17,250.2,252.05
2016-11-16,247.9,249.7
2016-11-15,251.45,253
2016-11-14,252.1,254.3
2016-11-11,250.9,253.45
2016-11-10,255.1,257.55
2016-11-09,245.95,248.65
2016-11-08,238,240.9
2016-11-07,230.95,233.7
2016-11-04,226.5,229
2016-11-03,224.9,227.45
2016-11-02,223.05,226
2016-11-01,222.9,225.75
2016-10-31,220.5,223.25
2016-10-28,219.35,222.25
2016-10-27,216.35,219.65
2016-10-26,214.55,217.8
2016-10-25,213.85,217.05
2016-10-24,209.3,212.7
2016-10-21,208.85,212.55
2016-10-20,209.6,213.15
2016-10-19,210.35,213.95
2016-10-18,210.55,214.1
2016-10-17,210.7,213.95
2016-10-14,211.05,214.5
2016-10-13,212.2,215.7
2016-10-12,217.65,221.05
2016-10-11,218.55,222
2016-10-10,219.75,223.2
2016-10-07,216.35,219.7
2016-10-06,215.55,218.85
2016-10-05,216.45,219.8
2016-10-04,216.7,220.05
2016-10-03,219.2,222.4
2016-09-30,221.05,224.05
2016-09-29,219,222.35
2016-09-28,218.75,221.9
2016-09-27,217.1,220.4
2016-09-26,219.85,223.15
2016-09-23,220.1,223.35
2016-09-22,219.45,222.4
2016-09-21,215.5,218.75
2016-09-20,216.5,219.7
2016-09-19,215.65,218.65
2016-09-16,216,218.85
2016-09-15,215.95,218.75
2016-09-14,215.5,218.15
2016-09-13,210.15,212.8
2016-09-12,210,212.9
2016-09-09,209.25,212.15
2016-09-08,210,212.9
2016-09-07,209.75,212.75
2016-09-06,208.9,211.95
2016-09-02,207.8,211
2016-09-01,207.55,210.85
2016-08-31,207.75,210.95
2016-08-30,207.65,211
2016-08-29,207.9,211.1
2016-08-26,208.45,211.6
2016-08-25,208.3,211.4
2016-08-24,208.5,211.75
2016-08-23,212.6,216.05
2016-08-22,215.2,218.65
2016-08-19,217.75,220.95
2016-08-18,217.85,221.1
2016-08-17,216.35,219.6
2016-08-16,218.2,221.4
2016-08-15,216.2,219.5
2016-08-12,215.15,218.45
2016-08-11,220,223.05
2016-08-10,218.1,221.15
2016-08-09,215,219.05
2016-08-08,216.5,220.6
2016-08-05,215.4,219.7
2016-08-04,217.4,221.6
2016-08-03,219.85,223.65
2016-08-02,220.9,224.6
2016-08-01,219.95,223.7
2016-07-29,222.15,225.4
2016-07-28,220.9,223.9
2016-07-27,218.5,221.7
2016-07-26,222.55,225.8
2016-07-25,221.7,224.65
2016-07-22,223.55,226.15
2016-07-21,225.85,228.3
2016-07-20,225.4,228.15
2016-07-19,226.3,228.7
2016-07-18,223.7,226.2
2016-07-15,223.35,225.85
2016-07-14,224.3,227.15
2016-07-13,224,226.9
2016-07-12,221.3,224.7
2016-07-11,214.75,218.3
2016-07-08,211.9,215.4
2016-07-07,212.35,215.7
2016-07-06,215.35,218.7
2016-07-05,218.35,221.55
2016-07-01,221.7,224.65
2016-06-30,219.55,222.65
2016-06-29,218.6,221.7
2016-06-28,217.55,220.75
2016-06-27,212.55,215.9
2016-06-24,211.6,214.45
2016-06-23,216.55,219.2
2016-06-22,213.6,216.1
2016-06-21,211.8,214.4
2016-06-20,209.7,212.3
2016-06-17,205.1,208.15
2016-06-16,204.8,207.8
2016-06-15,209.1,211.85
2016-06-14,204.05,207
2016-06-13,205.35,208.4
2016-06-10,203.05,206.2
2016-06-09,203.9,207.25
2016-06-08,206.15,209.3
2016-06-07,205.1,208.3
2016-06-06,211.75,214.45
2016-06-03,211.3,213.85
2016-06-02,207,209.8
2016-06-01,207.3,210.25
2016-05-31,209.55,212.5
2016-05-27,211.4,214.35
2016-05-26,210.25,213.25
2016-05-25,210.15,213
2016-05-24,206.65,209.4
2016-05-23,205.5,208.25
2016-05-20,205.55,208.35
2016-05-19,206.1,208.8
2016-05-18,207.85,210.35
2016-05-17,208.9,211.7
2016-05-16,208.9,211.7
2016-05-13,207.4,210.3
2016-05-12,207.45,210.5
2016-05-11,210.35,213.65
2016-05-10,209.25,212.6
2016-05-09,210.65,213.75
2016-05-06,215.4,217.95
2016-05-05,215.4,217.85
2016-05-04,218.65,221.05
2016-05-03,221.9,224.15
2016-05-02,226.65,228.7
2016-04-29,228.35,230.25
2016-04-28,223.15,225.5
2016-04-27,222.45,224.75
2016-04-26,224.65,226.95
2016-04-25,225.6,227.9
2016-04-22,226.85,228.8
2016-04-21,225.6,227.65
2016-04-20,224.55,226.75
2016-04-19,223.15,225.5
2016-04-18,217.3,219.75
2016-04-15,216.2,218.6
2016-04-14,217.95,220.55
2016-04-13,216.8,219.85
2016-04-12,214.7,217.2
2016-04-11,209.05,211.85
2016-04-08,208.7,211.7
2016-04-07,207.65,211.2
2016-04-06,214.35,217.65
2016-04-05,213.8,216.95
2016-04-04,214.05,217
2016-04-01,216.3,219
2016-03-31,218.3,220.7
2016-03-30,219,221.6
2016-03-29,221.4,223.7
2016-03-28,224.6,226.4
2016-03-24,222.9,224.6
2016-03-23,223.55,225.4
2016-03-22,228.95,230.5
2016-03-21,229.25,230.8
2016-03-18,228.25,229.65
2016-03-17,229.25,230.7
2016-03-16,223.4,224.95
2016-03-15,223.35,224.8
2016-03-14,223.95,224.9
2016-03-11,224.1,224.85
2016-03-10,222,222.85
2016-03-09,223.25,223.95
2016-03-08,222.2,222.95
2016-03-07,228.35,228.8
2016-03-04,227.45,227.2
2016-03-03,220.85,220.95
2016-03-02,218.1,218.9
2016-03-01,214.55,215.8
2016-02-29,213.25,214.65
2016-02-26,212.5,213.85
2016-02-25,207.3,208.55
2016-02-24,210.1,211.4
2016-02-23,210.9,212.1
2016-02-22,211.9,213.15
2016-02-19,208.05,209.65
2016-02-18,207.65,209.15
2016-02-17,207.9,209.6
2016-02-16,205.65,207.05
2016-02-12,203.15,203.9
2016-02-11,200.65,201.85
2016-02-10,202.7,203.7
2016-02-09,203.95,205.05
2016-02-08,209.05,209.65
2016-02-05,210.3,211.4
2016-02-04,213.15,214.45
2016-02-03,209.5,211.35
2016-02-02,205.5,207.6
2016-02-01,205.55,207.45
2016-01-29,206.7,208.4
2016-01-28,205.15,206.9
2016-01-27,206.4,208.35
2016-01-26,203.75,205.85
2016-01-25,199.8,202.35
2016-01-22,200.25,202.4
2016-01-21,199.65,202.1
2016-01-20,195.95,198.7
2016-01-19,197.75,200.6
2016-01-15,194.35,197.4
2016-01-14,197.6,200.35
2016-01-13,195.6,198.7
2016-01-12,195.9,199.2
2016-01-11,197.25,200.4
2016-01-08,202.2,204.95
2016-01-07,202.2,204.55
2016-01-06,208.8,210.85
2016-01-05,209.55,212.2
2016-01-04,207.95,210.5
2015-12-31,213.5,215.8
2015-12-30,214.65,216.75
2015-12-29,213.65,215.6
2015-12-28,207.9,210.15
2015-12-24,212.4,214.7
2015-12-23,212.45,214.95
2015-12-22,210.9,213.5
2015-12-21,214,216.55
2015-12-18,211.25,213.75
2015-12-17,204.35,207.2
2015-12-16,207.15,209.9
2015-12-15,205.65,208.6
2015-12-14,211.15,213.6
2015-12-11,211.65,213.85
2015-12-10,207.25,209.45
2015-12-09,206.6,208.7
2015-12-08,205.4,207.8
2015-12-07,205.1,207.8
2015-12-04,207.9,210.85
2015-12-03,206.1,208.95
2015-12-02,203.3,206.25
2015-12-01,207.15,210.05
2015-11-30,204.85,207.75
2015-11-27,205.75,208.65
2015-11-25,204.9,207.75
2015-11-24,206.9,209.7
2015-11-23,202.15,204.7
2015-11-20,205.95,208.35
2015-11-19,208.3,211.1
2015-11-18,208.3,210.95
2015-11-17,211.15,213.9
2015-11-16,212.55,215.45
2015-11-13,217.6,219.9
2015-11-12,217.25,220.25
2015-11-11,221.8,224.1
2015-11-10,221.75,223.9
2015-11-09,223,225.8
2015-11-06,224.2,227.1
2015-11-05,225.5,227.7
2015-11-04,232.25,233.7
2015-11-03,233.05,234.35
2015-11-02,231.9,233.35
2015-10-30,231.75,233.05
2015-10-29,232.1,233.35
2015-10-28,236.25,237.25
2015-10-27,236.2,236.9
2015-10-26,235.7,235.95
2015-10-23,235,235.65
2015-10-22,238.35,238.45
2015-10-21,236.05,236.45
2015-10-20,236.55,237.1
2015-10-19,236.75,237.45
2015-10-16,240.35,240.45
2015-10-15,242.3,242.1
2015-10-14,241.55,241.25
2015-10-13,238.75,239.1
2015-10-12,241.55,242.1
2015-10-09,241.4,241.55
2015-10-08,234.3,234.95
2015-10-07,236.7,237.35
2015-10-06,235.5,236.5
2015-10-05,235.55,236.55
2015-10-02,232.55,233.7
2015-10-01,230.45,231.65
2015-09-30,234.1,234.95
2015-09-29,225.15,226.5
2015-09-28,225.15,226.75
2015-09-25,228.35,229.7
2015-09-24,230.25,231.9
2015-09-23,229.55,230.9
2015-09-22,229.75,231.15
2015-09-21,238.85,240.1
2015-09-18,238.6,239.35
2015-09-17,245.2,245.4
2015-09-16,245.2,245.35
2015-09-15,242.65,243.05
2015-09-14,240.55,240.7
2015-09-11,245.35,244.9
2015-09-10,244.7,244.9
2015-09-09,243.65,244.45
2015-09-08,243.4,243.95
2015-09-04,231.2,233
2015-09-03,238.45,239.85
2015-09-02,232.95,234.75
2015-09-01,230.15,232.35
2015-08-31,233.75,235.7
2015-08-28,234.6,236.4
2015-08-27,232.85,234.35
2015-08-26,223.5,225.65
2015-08-25,230.05,231.9
2015-08-24,224.8,227.2
2015-08-21,229.85,232.5
2015-08-20,231.75,234.5
2015-08-19,227.75,230.55
2015-08-18,228.6,231.1
2015-08-17,232.15,234.8
2015-08-14,235.3,237.95
2015-08-13,235.3,237.6
2015-08-12,235,238
2015-08-11,233.15,236.6
2015-08-10,240,243.65
2015-08-07,233.25,237.25
2015-08-06,234.1,237.75
2015-08-05,234.85,238.8
2015-08-04,236.2,240.55
2015-08-03,234.6,239.2
2015-07-31,236.35,240.8
2015-07-30,237.7,241.95
2015-07-29,240.75,244.9
2015-07-28,240.25,244.1
2015-07-27,235.35,239.75
2015-07-24,238.25,242.75
2015-07-23,238.55,243.05
2015-07-22,242.8,246.75
2015-07-21,247.45,251.15
2015-07-20,248.15,251.85
2015-07-17,249.6,253.2
2015-07-16,252.3,255.95
2015-07-15,252.15,255.55
2015-07-14,253.5,256.8
2015-07-13,254.45,257.15
2015-07-10,253.75,256.85
2015-07-09,255.15,258.35
2015-07-08,249.7,253.05
2015-07-07,244.65,248.15
2015-07-06,253.8,257.25
2015-07-02,263.1,265.95
2015-07-01,263.05,265.85
2015-06-30,261.5,264.6
2015-06-29,263.35,266.35
2015-06-26,263.55,266.4
2015-06-25,261.95,264.85
2015-06-24,262.4,265.2
2015-06-23,261.5,264.5
2015-06-22,257.1,260.3
2015-06-19,257.5,260.6
2015-06-18,261.15,264.25
2015-06-17,260.85,263.9
2015-06-16,262.05,265.4
2015-06-15,265,268.3
2015-06-12,268.3,271.15
2015-06-11,267.5,270.4
2015-06-10,274.7,277.1
2015-06-09,271.4,273.5
2015-06-08,269.65,272.15
2015-06-05,269.25,272.15
2015-06-04,268.7,271.55
2015-06-03,272.65,274.9
2015-06-02,273.6,275.75
2015-06-01,272,274.2
2015-05-29,272.8,275.3
2015-05-28,276.75,278.9
2015-05-27,276.85,279.25
2015-05-26,277.8,280.1
2015-05-22,281.1,282.85
2015-05-21,284.85,286.15
2015-05-20,282.9,284.15
2015-05-19,283.75,285.2
2015-05-18,290.65,291.55
2015-05-15,292.45,292.75
2015-05-14,292.35,292.65
2015-05-13,292.9,293.05
2015-05-12,293.15,293.2
2015-05-11,290.3,290.65
2015-05-08,292.05,291.9
2015-05-07,291.8,292.2
2015-05-06,292.6,293.35
2015-05-05,293.5,294.15
2015-05-04,292.05,292.45
2015-05-01,292.95,293.05
2015-04-30,288.65,289.3
2015-04-29,279.9,280.95
2015-04-28,278.65,280.1
2015-04-27,277.7,279.4
2015-04-24,275.3,277.35
2015-04-23,270.2,272.55
2015-04-22,267.7,270.35
2015-04-21,270.55,272.65
2015-04-20,273,274.15
2015-04-17,277,277.75
2015-04-16,276.75,277.4
2015-04-15,270.95,271.5
2015-04-14,270.05,270.35
2015-04-13,272,272.1
2015-04-10,273.4,273.75
2015-04-09,272.9,273.3
2015-04-08,273.15,273.5
2015-04-07,276.3,276.3
2015-04-06,271.7,271.75
2015-04-02,273.4,273.35
2015-04-01,274.85,274.8
2015-03-31,274,273.8
2015-03-30,278.15,278.05
2015-03-27,276.75,276.4
2015-03-26,281.1,280.65
2015-03-25,279.2,278.9
2015-03-24,280.3,279.75
2015-03-23,278.95,278.4
2015-03-20,276.1,275.4
2015-03-19,266,266.15
2015-03-18,257.05,257.35
2015-03-17,263.3,263.55
2015-03-16,266.75,267
2015-03-13,266.35,266.35
2015-03-12,265.85,265.95
2015-03-11,260.6,260.9
2015-03-10,262.4,262.85
2015-03-09,267.05,267.35
2015-03-06,260.9,261.5
2015-03-05,265.25,265.45
2015-03-04,265.95,266.3
2015-03-03,265.65,266.35
2015-03-02,269.75,270.25
2015-02-27,269.15,269.1
2015-02-26,269.45,269.1
2015-02-25,264.35,264.35
2015-02-24,263.95,264.4
2015-02-23,258.65,259.35
2015-02-20,259.1,260
2015-02-19,261.55,262.25
2015-02-18,261,261.7
2015-02-17,258.05,259
2015-02-13,260.65,261.4
2015-02-12,260.2,260.15
2015-02-11,254.1,254.2
2015-02-10,255.15,256.35
2015-02-09,258.05,258.85
2015-02-06,258.55,258.95
2015-02-05,259.5,259.7
2015-02-04,259.1,258.9
2015-02-03,258.15,258.25
2015-02-02,249,249.5
2015-01-30,249.45,249.3
2015-01-29,245.15,246.05
2015-01-28,247.95,249.35
2015-01-27,246.25,247.7
2015-01-26,254.3,255.55
2015-01-23,250.15,251.3
2015-01-22,257.85,258.7
2015-01-21,261.25,261.5
2015-01-20,259.4,259.9
2015-01-16,261.7,262.2
2015-01-15,255.8,256.7
2015-01-14,250.55,250.05
2015-01-13,264.4,262.9
2015-01-12,272.55,271.45
2015-01-09,275.45,274.35
2015-01-08,276.95,276.15
2015-01-07,275.85,275.8
2015-01-06,276.7,276.95
2015-01-05,276.6,277.25
2015-01-02,281.75,282.45
2014-12-31,282.55,283.15
2014-12-30,285.4,285.9
2014-12-29,282.2,282.95
2014-12-26,281.4,282.55
2014-12-24,285.35,286.45
2014-12-23,286.6,287.7
2014-12-22,287.25,288.4
2014-12-19,288.45,289.6
2014-12-18,285.35,286.95
2014-12-17,287.05,288.8
2014-12-16,285.85,287.85
2014-12-15,287.85,289.45
2014-12-12,293.4,294.85
2014-12-11,292.1,293.65
2014-12-10,289.3,290.45
2014-12-09,292.75,293.9
2014-12-08,288.55,290
2014-12-05,290.25,291.75
2014-12-04,291.45,292.9
2014-12-03,287.2,288.55
2014-12-02,289.15,289.9
2014-12-01,289.8,290.3
2014-11-28,284.6,285.55
2014-11-26,295.65,296.5
2014-11-25,297.75,298.75
2014-11-24,300.6,300.4
2014-11-21,302.9,302.25
2014-11-20,301.15,300.2
2014-11-19,303.25,301.8
2014-11-18,299.2,297.75
2014-11-17,303.15,301.65
2014-11-14,303.85,302.4
2014-11-13,298.9,297.95
2014-11-12,301.8,300.9
2014-11-11,303.3,302.3
2014-11-10,302,300.95
2014-11-07,303.85,302.45
2014-11-06,301.75,300.55
2014-11-05,300.75,300.05
2014-11-04,301.85,301.25
2014-11-03,306.5,305.75
2014-10-31,304.7,303.35
2014-10-30,306.25,304.85
2014-10-29,310.45,308.6
2014-10-28,309.3,307.2
2014-10-27,306.4,304.7
2014-10-24,304.1,302.25
2014-10-23,304,302.85
2014-10-22,301.75,301.1
2014-10-21,302.8,302.1
2014-10-20,298.8,297.8
2014-10-17,300.35,299.55
2014-10-16,298.15,297.4
2014-10-15,300.9,300.45
2014-10-14,309,307.75
2014-10-13,304.05,302.8
2014-10-10,303.5,302.55
2014-10-09,303,301.9
2014-10-08,300.35,299.95
2014-10-07,303.9,304.2
2014-10-06,303.55,304.1
2014-10-03,299.85,300.45
2014-10-02,299.85,300.35
2014-10-01,303.6,304.55
2014-09-30,300.75,301.75
2014-09-29,305.65,306.9
2014-09-26,303.55,304.9
2014-09-25,303,304.3
2014-09-24,305.35,307.1
2014-09-23,303.5,305.45
2014-09-22,303.85,305.85
2014-09-19,309.15,310.8
2014-09-18,309.4,310.7
2014-09-17,314.35,315.1
2014-09-16,316.6,317.05
2014-09-15,308.55,309.8
2014-09-12,310.65,312.25
2014-09-11,309.25,310.85
2014-09-10,311.05,312.55
2014-09-09,310.2,311.7
2014-09-08,316.85,317.65
2014-09-05,316.95,318.15
2014-09-04,315.1,316.35
2014-09-03,312.7,313.75
2014-09-02,315.5,317.1
2014-08-29,316.05,317.65
2014-08-28,315.05,316.6
2014-08-27,319.85,321.45
2014-08-26,321.25,322.85
2014-08-25,323.7,325.25
2014-08-22,322.3,323.8
2014-08-21,319.5,321.15
2014-08-20,319.75,321.2
2014-08-19,311.9,313.4
2014-08-18,313.35,314.4
2014-08-15,312.45,313.55
2014-08-14,311.25,312.35
2014-08-13,313.25,314.05
2014-08-12,317.15,317.75
2014-08-11,317.45,319.7
2014-08-08,317.35,319.4
2014-08-07,317.6,319.25
2014-08-06,316.6,318.15
2014-08-05,320.45,321.9
2014-08-04,324.4,325.6
2014-08-01,321.45,322.2
2014-07-31,323.1,323.4
2014-07-30,324.15,324.25
2014-07-29,321.9,322.3
2014-07-28,324.35,325.1
2014-07-25,324.05,324.4
2014-07-24,326.65,326.75
2014-07-23,320.7,321.5
2014-07-22,320.8,321.75
2014-07-21,319.9,321
2014-07-18,318.45,319.75
2014-07-17,322.05,323.1
2014-07-16,321.45,322.7
2014-07-15,324.95,325.75
2014-07-14,324.9,325.3
2014-07-11,326.9,326.95
2014-07-10,326.7,326.4
2014-07-09,324.8,324.4
2014-07-08,325.7,325.35
2014-07-07,326.1,325.7
2014-07-03,327.95,327
2014-07-02,326.5,325.55
2014-07-01,320.4,319.95
2014-06-30,320.35,320.2
2014-06-27,316.8,316.9
2014-06-26,317.2,317.4
2014-06-25,316.6,316.6
2014-06-24,314.5,314.35
2014-06-23,314.2,314.15
2014-06-20,311.3,311.3
2014-06-19,307.55,308.4
2014-06-18,306.1,307.6
2014-06-17,305.8,306.85
2014-06-16,304.4,305.2
2014-06-13,302.75,303.9
2014-06-12,301.55,302.8
2014-06-11,304.05,304.05
2014-06-10,305.3,305.1
2014-06-09,304.35,304.45
2014-06-06,305.1,306
2014-06-05,309.05,309.4
2014-06-04,309.3,308.95
2014-06-03,313.7,312.4
2014-06-02,317.05,315.15
2014-05-30,312.35,310.2
2014-05-29,314.45,311.85
2014-05-28,317.35,314.05
2014-05-27,317.75,313.95
2014-05-23,316.75,312.75
2014-05-22,314.2,310.5
2014-05-21,312.3,309.75
2014-05-20,314.5,311.95
2014-05-19,316.7,313.3
2014-05-16,314.7,311.1
2014-05-15,314.45,310.55
2014-05-14,316,312.35
2014-05-13,313.55,311.05
2014-05-12,314.95,312.35
2014-05-09,308.3,306
2014-05-08,306.25,304.45
2014-05-07,303.25,302.05
2014-05-06,305.7,304.25
2014-05-05,305.35,304.15
2014-05-02,307,305.95
2014-05-01,302.15,301.35
2014-04-30,302.75,302.2
2014-04-29,307.3,306.45
2014-04-28,309.3,308.05
2014-04-25,309.3,308
2014-04-24,308.8,307.5
2014-04-23,303.95,303.5
2014-04-22,303.4,303.2
2014-04-21,302.85,302.6
2014-04-17,303.4,303.25
2014-04-16,301.55,301.9
2014-04-15,298.3,299.4
2014-04-14,303.65,304.4
2014-04-11,303.2,304.55
2014-04-10,304.5,304.15
2014-04-09,303.7,302.95
2014-04-08,305.1,305
2014-04-07,303.95,305.25
2014-04-04,302.25,303.8
2014-04-03,302.7,304.3
2014-04-02,304.55,306.05
2014-04-01,303.45,305.25
2014-03-31,302.55,304.15
2014-03-28,304.15,305.65
2014-03-27,299.3,301.4
2014-03-26,296.55,299.05
2014-03-25,300.55,302.45
2014-03-24,294.55,296.6
2014-03-21,295.05,296.9
2014-03-20,292.85,294.5
2014-03-19,298.7,300.15
2014-03-18,295.15,296.85
2014-03-17,295.2,297.25
2014-03-14,295.05,296.75
2014-03-13,292.3,293.95
2014-03-12,296.2,297.7
2014-03-11,295.2,296.95
2014-03-10,303.15,304.55
2014-03-07,308.25,308.4
2014-03-06,321.8,321.25
2014-03-05,320.25,319.7
2014-03-04,321.45,320.45
2014-03-03,317.2,315.85
2014-02-28,318.75,316.95
2014-02-27,320.1,318.2
2014-02-26,321.55,319.55
2014-02-25,322.7,320.5
2014-02-24,324,321.6
2014-02-21,326,322.8
2014-02-20,326.1,323.6
2014-02-19,327.15,325
2014-02-18,327.7,325.75
2014-02-14,326.45,324.35
2014-02-13,325,323.25
2014-02-12,325.6,323.65
2014-02-11,321.5,320.5
2014-02-10,322.45,321.6
2014-02-07,323.6,322.45
2014-02-06,322.9,321.25
2014-02-05,318.85,317.55
2014-02-04,319.2,318.15
2014-02-03,318.35,318
2014-01-31,319.7,319.15
2014-01-30,322.65,321.85
2014-01-29,324.05,323.95
2014-01-28,325.3,324.85
2014-01-27,325.9,325.5
2014-01-24,327.15,326.65
2014-01-23,328.55,327.6
2014-01-22,333.7,332.2
2014-01-21,335.1,333.2
2014-01-17,334.45,332.4
2014-01-16,334.25,331.95
2014-01-15,335.8,333.45
2014-01-14,333.6,331.2
2014-01-13,334.65,332
2014-01-10,334.15,331.35
2014-01-09,329.9,327.35
2014-01-08,334.25,331.6
2014-01-07,335.95,332.9
2014-01-06,335.95,332.6
2014-01-03,335.5,332.3
2014-01-02,338.15,334.85
2013-12-31,339.65,335.1
2013-12-30,338.25,333.95
2013-12-27,338.5,334.65
2013-12-26,339.85,336.2
2013-12-24,337.4,333.85
2013-12-23,330.75,327.35
2013-12-20,330.8,327.3
2013-12-19,329.55,326.65
2013-12-18,331.9,328.85
2013-12-17,332.15,327.75
2013-12-16,332.95,328.55
2013-12-13,331.2,327.4
2013-12-12,329.55,326.7
2013-12-11,329.5,327.1
2013-12-10,326.65,324.7
2013-12-09,325.8,324.55
2013-12-06,324.85,323.8
2013-12-05,322.95,322.15
2013-12-04,324.9,323.35
2013-12-03,316.75,317.9
2013-12-02,318.25,319.45
2013-11-29,320.5,322.1
2013-11-27,319.05,321.1
2013-11-26,321.9,324.25
2013-11-25,323,325.35
2013-11-22,321.85,324.1
2013-11-21,319.9,322.4
2013-11-20,316.85,320.1
2013-11-19,316.6,319.9
2013-11-18,316.05,319.7
2013-11-15,318.2,321.85
2013-11-14,317.2,320.9
2013-11-13,317.05,320.85
2013-11-12,324.3,327.65
2013-11-11,325.95,329.05
2013-11-08,325.4,328.35
2013-11-07,324.85,327.55
2013-11-06,323.7,326.65
2013-11-05,325.85,328.85
2013-11-04,325.3,328.45
2013-11-01,329.85,332.4
2013-10-31,330.05,332.65
2013-10-30,332.55,335
2013-10-29,327.8,330.3
2013-10-28,326.9,329.75
2013-10-25,326.9,329.45
2013-10-24,326.35,329.55
2013-10-23,326.75,329.8
2013-10-22,333.55,336.6
2013-10-21,330.35,333.65
2013-10-18,329.9,333.15
2013-10-17,329.7,333.15
2013-10-16,330.8,334.45
2013-10-15,330.75,334.75
2013-10-14,330.3,334.2
2013-10-11,326.9,331.15
2013-10-10,324.85,329.5
2013-10-09,323.1,328.35
2013-10-08,329.25,334.5
2013-10-07,329.65,334.8
2013-10-04,330.1,335.35
2013-10-03,326.85,332.1
2013-10-02,331.6,336.55
2013-10-01,327.4,331.95
2013-09-30,332.3,336.65
2013-09-27,332.95,337.35
2013-09-26,330.7,335.3
2013-09-25,327.2,332
2013-09-24,325.65,330.25
2013-09-23,329.85,334.25
2013-09-20,332.05,335.85
2013-09-19,334.7,338.45
2013-09-18,327.85,331.7
2013-09-17,322.3,326.2
2013-09-16,322.2,326.65
2013-09-13,320.35,325.35
2013-09-12,321,326.05
2013-09-11,325.7,330.9
2013-09-10,326.25,331.55
2013-09-09,327.8,332.9
2013-09-06,326.15,331.25
2013-09-05,324.4,329.55
2013-09-04,324.1,328.95
2013-09-03,330.45,335.35
2013-08-30,323.3,328.55
2013-08-29,326.05,331.3
2013-08-28,331.1,336.15
2013-08-27,333.55,338.45
2013-08-26,332.7,337.65
2013-08-23,335.6,340.55
2013-08-22,333.45,338.6
2013-08-21,331.25,336.4
2013-08-20,334.2,338.95
2013-08-19,333.6,338.45
2013-08-16,336.7,341
2013-08-15,334.05,337.9
2013-08-14,334.25,337.75
2013-08-13,332.25,336.2
2013-08-12,330.95,334.95
2013-08-09,330.65,334.7
2013-08-08,327.05,331.2
2013-08-07,317.3,322.1
2013-08-06,317.3,322.35
2013-08-05,316.8,322.35
2013-08-02,317.25,322.9
2013-08-01,316.6,322.25
2013-07-31,311.85,317.55
2013-07-30,304.2,309.95
2013-07-29,310.75,316.3
2013-07-26,310.55,315.7
2013-07-25,318.55,323.65
2013-07-24,317.9,322.9
2013-07-23,319.8,324.6
2013-07-22,318.5,323.15
2013-07-19,314,318.85
2013-07-18,313.15,318.1
2013-07-17,312.85,317.75
2013-07-16,318.65,323.45
2013-07-15,314.45,319.15
2013-07-12,315.5,320
2013-07-11,317.75,321.9
2013-07-10,309.1,313.3
2013-07-09,306.45,311.1
2013-07-08,309.95,314.9
2013-07-05,306.5,311.4
2013-07-03,317.45,322.2
2013-07-02,314.3,319
2013-07-01,315.7,320.75
2013-06-28,305.75,311.75
2013-06-27,305.95,312.05
2013-06-26,304.05,310.55
2013-06-25,307.6,314.2
2013-06-24,302.85,309.15
2013-06-21,310,316.35
2013-06-20,307.15,313.95
2013-06-19,315.15,322.2
2013-06-18,316.75,323.85
2013-06-17,321,328
2013-06-14,320.15,327.35
2013-06-13,318.5,325.85
2013-06-12,322.55,330
2013-06-11,319.5,327.05
2013-06-10,324.1,331.5
2013-06-07,326.85,334
2013-06-06,331.9,338.9
2013-06-05,337.15,344.2
2013-06-04,336.9,343.8
2013-06-03,333.05,339.85
2013-05-31,329.25,336
2013-05-30,331.55,338.1
2013-05-29,329.7,336.65
2013-05-28,331.5,338.2
2013-05-24,329.55,336.3
2013-05-23,330.4,337
2013-05-22,338.05,344.35
2013-05-21,334.35,340.85
2013-05-20,336,342.3
2013-05-17,332.3,338.5
2013-05-16,329.45,335.7
2013-05-15,326.5,332.8
2013-05-14,328.8,335.05
2013-05-13,335.95,342.2
2013-05-10,335.3,341.45
2013-05-09,334.05,340.5
2013-05-08,337.05,343.65
2013-05-07,330.25,336.9
2013-05-06,331.05,337.85
2013-05-03,331.45,338.25
2013-05-02,310.45,317.6
2013-05-01,308,315.4
2013-04-30,318.75,326.05
2013-04-29,322.65,329.6
2013-04-26,318.6,325.45
2013-04-25,324.25,331.4
2013-04-24,316.5,323.5
2013-04-23,310.4,317.45
2013-04-22,314.4,322
2013-04-19,316.3,324.05
2013-04-18,321.9,329.6
2013-04-17,320.25,327.55
2013-04-16,332.35,339.8
2013-04-15,327.3,335.65
2013-04-12,335,343.55
2013-04-11,343.35,351.95
2013-04-10,341.8,350.4
2013-04-09,344.15,352.95
2013-04-08,337.1,346.3
2013-04-05,334.4,343.7
2013-04-04,335.15,344.3
2013-04-03,333.3,342.45
2013-04-02,337.85,347.25
2013-04-01,337.45,346.9
2013-03-28,340.2,349
2013-03-27,344.35,352.95
2013-03-26,344.25,353.1
2013-03-25,344.5,353.3
2013-03-22,346.6,355.3
2013-03-21,343.5,352.15
2013-03-20,344.65,353.25
2013-03-19,340.55,348.95
2013-03-18,342.8,351.1
2013-03-15,352.05,360.05
2013-03-14,353.65,361.5
2013-03-13,352.5,360.35
2013-03-12,355.45,363.4
2013-03-11,351.7,359.75
2013-03-08,350.9,359
2013-03-07,352.05,359.85
2013-03-06,349.3,356.8
2013-03-05,351.5,358.6
2013-03-04,350.15,357.15
2013-03-01,350.1,357.15
2013-02-28,354.75,361.95
2013-02-27,356.7,363.7
2013-02-26,358.3,365.1
2013-02-25,356.1,362.95
2013-02-22,355.05,361.8
2013-02-21,356.95,363.7
2013-02-20,362.5,369.2
2013-02-19,366.65,373.2
2013-02-15,375.35,381.65
2013-02-14,375.25,381.05
2013-02-13,374.25,380.65
2013-02-12,374.4,380.6
2013-02-11,372.25,378.45
2013-02-08,375.95,381.9
2013-02-07,372.7,378.6
2013-02-06,374.05,379.85
2013-02-05,377,382.75
2013-02-04,376.85,382.3
2013-02-01,378.45,383.95
2013-01-31,373.2,378.65
2013-01-30,375,380.8
2013-01-29,369.15,375.3
2013-01-28,366.15,372.05
2013-01-25,365.2,371
2013-01-24,367.65,373.35
2013-01-23,368.45,373.95
2013-01-22,370.5,376.05
2013-01-18,367.9,373.25
2013-01-17,366.2,371.55
2013-01-16,360.65,366.2
2013-01-15,363.75,369.25
2013-01-14,363.4,369.1
2013-01-11,365.4,370.7
2013-01-10,370.9,376.15
2013-01-09,367.05,372.55
2013-01-08,367.2,372.4
2013-01-07,367.8,372.7
2013-01-04,369.35,373.95
2013-01-03,371.7,376
2013-01-02,373.6,377.8
2012-12-31,365.25,369.3
2012-12-28,358.95,363
2012-12-27,360.1,364.2
2012-12-26,359.75,363.9
2012-12-24,354.6,358.75
2012-12-21,356.7,360.75
2012-12-20,353.6,357.8
2012-12-19,360.55,364.55
2012-12-18,365.35,369.4
2012-12-17,366.6,370.7
2012-12-14,368.3,372.3
2012-12-13,366,370
2012-12-12,371.6,375.75
2012-12-11,368.65,372.8
2012-12-10,370.6,374.8
2012-12-07,366.3,370
2012-12-06,364.45,368.2
2012-12-05,368.65,372.2
2012-12-04,365.55,369.25
2012-12-03,365.85,369.25
2012-11-30,365,368.6
2012-11-29,360.55,363.5
2012-11-28,353.75,356.75
2012-11-27,355.1,358.1
2012-11-26,354.85,357.75
2012-11-23,353.9,356.6
2012-11-21,350.65,353.25
2012-11-20,352.65,355.05
2012-11-19,353.65,356
2012-11-16,346.15,348.55
2012-11-15,347.35,349.75
2012-11-14,345.35,348.7
2012-11-13,347.1,350.55
2012-11-12,346.8,350.05
2012-11-09,344.55,347.8
2012-11-08,346.95,350.15
2012-11-07,344.15,347.25
2012-11-06,350.6,353.75
2012-11-05,347,350.2
2012-11-02,348.15,351.55
2012-11-01,355.2,358.5
2012-10-31,351.75,355.2
2012-10-30,350.6,353.95
2012-10-29,349.45,352.55
2012-10-26,355,358.3
2012-10-25,355.05,358.1
2012-10-24,356.8,359.75
2012-10-23,356.95,359.95
2012-10-22,362.2,365
2012-10-19,363.75,366.45
2012-10-18,374.3,376.55
2012-10-17,374.8,376.9
2012-10-16,370,372.45
2012-10-15,370.15,372.5
2012-10-12,370.3,372.4
2012-10-11,375.15,377.35
2012-10-10,371.8,374.1
2012-10-09,371.8,374.1
2012-10-08,371.8,373.65
2012-10-05,377.8,379.5
2012-10-04,378.6,380.4
2012-10-03,378.4,380.2
2012-10-02,380.1,381.65
2012-10-01,378.55,380
2012-09-28,375.8,377.5
2012-09-27,374.4,376.05
2012-09-26,371,372.7
2012-09-25,375.85,377.35
2012-09-24,373.15,374.65
2012-09-21,378.9,380.4
2012-09-20,375.9,377.45
2012-09-19,381.4,382.85
2012-09-18,378.7,380.3
2012-09-17,379.2,380.6
2012-09-14,383.25,384.2
2012-09-13,371,372.1
2012-09-12,369.25,370.55
2012-09-11,369.7,370.9
2012-09-10,368.85,370
2012-09-07,364.5,366.15
2012-09-06,351.65,353.85
2012-09-05,352.9,355.15
2012-09-04,346.9,349.65
2012-08-31,345.7,348.45
2012-08-30,344.7,347.5
2012-08-29,344.9,347.65
2012-08-28,346.9,349.7
2012-08-27,348.25,350.8
2012-08-24,348.95,351.45
2012-08-23,349.85,352.15
2012-08-22,346.05,348.5
2012-08-21,346.1,348.6
2012-08-20,337.9,340.65
2012-08-17,342.8,345.55
2012-08-16,339.35,342.35
2012-08-15,336.1,339.2
2012-08-14,337.1,340.1
2012-08-13,336.55,339.6
2012-08-10,339.25,343.1
2012-08-09,342.5,346.05
2012-08-08,342.15,345.4
2012-08-07,344.05,347.35
2012-08-06,338.9,342.45
2012-08-03,336.75,340.3
2012-08-02,329.05,332.85
2012-08-01,337.5,340.95
2012-07-31,341.75,345.2
2012-07-30,341.6,345.45
2012-07-27,342.6,345.95
2012-07-26,339.35,342.7
2012-07-25,337.45,340.65
2012-07-24,335.3,338.3
2012-07-23,338,340.6
2012-07-20,344.8,347.05
2012-07-19,353.45,355.3
2012-07-18,347.4,349.65
2012-07-17,345.55,348.05
2012-07-16,348.5,350.95
2012-07-13,350.4,352.45
2012-07-12,341.5,343.8
2012-07-11,344.75,347.25
2012-07-10,339.8,342.4
2012-07-09,343.15,345.5
2012-07-06,340.95,343.5
2012-07-05,349.3,351.65
2012-07-03,354,356.1
2012-07-02,346.9,349.15
2012-06-29,349.65,351.95
2012-06-28,333.15,335.95
2012-06-27,335.65,338.1
2012-06-26,332.05,334.5
2012-06-25,332.55,335.3
2012-06-22,331.5,334.4
2012-06-21,330.65,333.75
2012-06-20,339.6,342.5
2012-06-19,344.1,347.05
2012-06-18,340.25,343.35
2012-06-15,339.05,342.15
2012-06-14,335.45,339.15
2012-06-13,333.95,337.8
2012-06-12,333.55,337.45
2012-06-11,334.3,337.9
2012-06-08,328.5,332.5
2012-06-07,337.05,340.8
2012-06-06,337.9,341.6
2012-06-05,328.9,332.75
2012-06-04,330.7,334.5
2012-06-01,331.35,334.85
2012-05-31,336.55,339.55
2012-05-30,339,341.95
2012-05-29,346.2,348.9
2012-05-25,344.8,347.35
2012-05-24,342.85,345.4
2012-05-23,339.6,342.25
2012-05-22,348.7,351.1
2012-05-21,350.2,352.5
2012-05-18,346.85,349.4
2012-05-17,347.9,350.35
2012-05-16,347.8,350.1
2012-05-15,351.75,353.8
2012-05-14,355.4,356.95
2012-05-11,364.8,366.15
2012-05-10,369.05,370.6
2012-05-09,365.95,367.5
2012-05-08,367.75,369.7
2012-05-07,377.35,379.3
2012-05-04,372.1,373.9
2012-05-03,373.6,375.75
2012-05-02,378.7,380.45
2012-05-01,384.35,385.7
2012-04-30,382.95,382.8
2012-04-27,382.5,383.65
2012-04-26,377.35,379.2
2012-04-25,370.75,373.05
2012-04-24,368.1,370.8
2012-04-23,363.4,366.85
2012-04-20,370.65,374.25
2012-04-19,363.6,367.45
2012-04-18,363.85,367.6
2012-04-17,365.4,369.1
2012-04-16,363.6,367.4
2012-04-13,362.7,367.15
2012-04-12,372.05,376.05
2012-04-11,363.95,368
2012-04-10,365,369.1
2012-04-09,372,375.95
2012-04-05,379.55,383.55
2012-04-04,379.05,382.8
2012-04-03,391.9,395.3
2012-04-02,392.1,395.4
2012-03-30,382.5,386.05
2012-03-29,379.65,383.15
2012-03-28,379.25,383.05
2012-03-27,388,391.3
2012-03-26,388.75,392
2012-03-23,380.85,384.35
2012-03-22,376.55,380
2012-03-21,384.55,387.55
2012-03-20,383.05,386
2012-03-19,390.9,393.35
2012-03-16,387.8,390.65
2012-03-15,389.75,392.9
2012-03-14,384.8,388.35
2012-03-13,390.25,393.65
2012-03-12,383.75,387.25
2012-03-09,385.85,389.05
2012-03-08,379.15,382.8
2012-03-07,376.7,380.5
2012-03-06,373.75,377.6
2012-03-05,385.95,389.85
2012-03-02,390.3,393.75
2012-03-01,393.15,396.2
2012-02-29,387.95,391.1
2012-02-28,392.15,394.95
2012-02-27,388.9,391.25
2012-02-24,387,389.35
2012-02-23,381.4,384.5
2012-02-22,384.25,387.65
2012-02-21,384.45,388
2012-02-17,371.6,375.9
2012-02-16,379.85,384.05
2012-02-15,381,384.9
2012-02-14,382.3,386.15
2012-02-13,384.7,388.3
2012-02-10,386.2,389.95
2012-02-09,397.85,401.5
2012-02-08,390.95,395
2012-02-07,387.6,391.7
2012-02-06,386.45,390.65
2012-02-03,390.15,394.15
2012-02-02,378.1,382.3
2012-02-01,384.2,388.05
2012-01-31,379,382.85
2012-01-30,382.65,386.05
2012-01-27,388.9,392.2
2012-01-26,390.15,393.2
2012-01-25,382.95,386.2
2012-01-24,380.75,384.2
2012-01-23,379.85,383.1
2012-01-20,374.5,377.8
2012-01-19,380.05,383.15
2012-01-18,375.25,378.4
2012-01-17,372.95,376.2
2012-01-13,363.7,366.95
2012-01-12,364.9,368.1
2012-01-11,354.6,358
2012-01-10,351.3,354.35
2012-01-09,341.6,345.05
2012-01-06,343.5,347
2012-01-05,342.65,345.9
2012-01-04,343.45,346.45
2012-01-03,352.85,355.5
2011-12-30,343.6,346.3
2011-12-29,337,339.8
2011-12-28,336.55,339.1
2011-12-27,340.9,343.45
2011-12-23,346.95,349.2
2011-12-22,341.55,343.8
2011-12-21,339.45,341.95
2011-12-20,336.95,339.3
2011-12-19,330.85,333.4
2011-12-16,333.1,335.55
2011-12-15,326.7,329.55
2011-12-14,327.85,331.25
2011-12-13,344.15,347.45
2011-12-12,346.4,349.85
2011-12-09,355.75,359.15
2011-12-08,350,353.4
2011-12-07,355.6,358.75
2011-12-06,357.55,360.5
2011-12-05,361.55,364.3
2011-12-02,358.45,361.1
2011-12-01,353.4,356
2011-11-30,357.55,359.95
2011-11-29,339.05,341.9
2011-11-28,337.15,340.15
2011-11-25,328.4,331.5
2011-11-23,329.25,332.5
2011-11-22,334.8,337.95
2011-11-21,331.95,335.05
2011-11-18,342.05,344.75
2011-11-17,340.1,342.95
2011-11-16,350.3,353.05
2011-11-15,352,354.7
2011-11-14,350.7,353.4
2011-11-11,348.3,351.15
2011-11-10,337.4,342.15
2011-11-09,344.1,348.9
2011-11-08,353.3,357.8
2011-11-07,353.55,357.95
2011-11-04,356.45,360.85
2011-11-03,358.85,363.05
2011-11-02,358.1,362.25
2011-11-01,350.25,354.25
2011-10-31,363.2,366.9
2011-10-28,370.6,374.2
2011-10-27,369.2,372.55
2011-10-26,349,352.8
2011-10-25,342.05,346.35
2011-10-24,344.9,349.45
2011-10-21,322.3,327.4
2011-10-20,305.75,311.05
2011-10-19,325.8,330.8
2011-10-18,336,340.7
2011-10-17,337.8,342.65
2011-10-14,340.85,345.6
2011-10-13,330.7,335.7
2011-10-12,339.35,344.4
2011-10-11,329.05,334.6
2011-10-10,336.8,342.35
2011-10-07,327.35,333
2011-10-06,324.65,330.35
2011-10-05,310.6,316.3
2011-10-04,310.35,316.25
2011-10-03,315.05,321.1
2011-09-30,315.2,320.75
2011-09-29,324.6,329.9
2011-09-28,324.65,329.85
2011-09-27,343.95,348.85
2011-09-26,328.3,333.2
2011-09-23,328,332.85
2011-09-22,348.85,354.15
2011-09-21,376.4,381.5
2011-09-20,372.55,377.65
2011-09-19,378.25,383.2
2011-09-16,393.15,397.55
2011-09-15,395.7,400
2011-09-14,389.8,394.3
2011-09-13,397,401.55
2011-09-12,396.55,400.55
2011-09-09,400.25,404.05
2011-09-08,414.35,417.7
2011-09-07,413.2,416.4
2011-09-06,405.6,408.95
2011-09-02,412.45,415.2
2011-09-01,416.05,418.35
2011-08-31,420.45,422.6
2011-08-30,414.15,416.2
2011-08-29,410.95,412.9
2011-08-26,411.75,413.6
2011-08-25,409.8,412.05
2011-08-24,401.65,404.2
2011-08-23,401.45,404.1
2011-08-22,397.5,400.3
2011-08-19,400.25,403
2011-08-18,398.6,401.45
2011-08-17,405.3,407.5
2011-08-16,401.5,403.8
2011-08-15,405.3,407.25
2011-08-12,403.35,405.35
2011-08-11,403,404.6
2011-08-10,391.1,393
2011-08-09,397,402.05
2011-08-08,396.15,401.15
2011-08-05,411.7,415.85
2011-08-04,423.55,427.4
2011-08-03,432.6,435.9
2011-08-02,439.5,442.15
2011-08-01,441,443.25
2011-07-29,447.95,449.7
2011-07-28,446.95,448.75
2011-07-27,444.65,446.6
2011-07-26,447.8,449.8
2011-07-25,440.65,443
2011-07-22,441,443.3
2011-07-21,438.35,440.45
2011-07-20,443.6,445.35
2011-07-19,446.8,448.25
2011-07-18,440.3,442
2011-07-15,441.3,442.75
2011-07-14,438,439.3
2011-07-13,440.35,441.5
2011-07-12,439.15,440.35
2011-07-11,436.8,437.85
2011-07-08,441.2,441.85
2011-07-07,444.2,444.65
2011-07-06,433.5,434.95
2011-07-05,434.75,435.75
2011-07-01,430.25,431.05
2011-06-30,428.25,428.95
2011-06-29,422.4,423.1
2011-06-28,410.8,412.45
2011-06-27,406.75,408.35
2011-06-24,411.55,413.05
2011-06-23,405.65,407.2
2011-06-22,410.7,412.2
2011-06-21,410.7,412.15
2011-06-20,409.25,411.2
2011-06-17,412.1,414.1
2011-06-16,413.6,415.75
2011-06-15,413.9,416
2011-06-14,417.35,419.85
2011-06-13,405.35,408.45
2011-06-10,407.55,410.6
2011-06-09,410.75,415.75
2011-06-08,410.85,415.7
2011-06-07,414.95,419.85
2011-06-06,414.2,418.9
2011-06-03,413.45,418.45
2011-06-02,408.45,413.5
2011-06-01,410.65,415.45
2011-05-31,417.75,422.2
2011-05-27,418.6,422.7
2011-05-26,411.1,415.3
2011-05-25,410.7,414.6
2011-05-24,401.3,406
2011-05-23,399.15,403.85
2011-05-20,412.15,416.8
2011-05-19,405.25,410.25
2011-05-18,410.5,415.7
2011-05-17,399.85,405.25
2011-05-16,399.05,404
2011-05-13,398.35,403
2011-05-12,397.05,401.9
2011-05-11,391.35,396.4
2011-05-10,404.2,409
2011-05-09,401.65,406.55
2011-05-06,397.55,402.4
2011-05-05,399.8,404.75
2011-05-04,413.4,417.65
2011-05-03,425.3,428.65
2011-05-02,419.6,423
2011-04-29,417.9,421.15
2011-04-28,426.15,429
2011-04-27,424.65,426.75
2011-04-26,433.95,435.5
2011-04-25,432.35,433.95
2011-04-21,441.9,443.6
2011-04-20,435.9,437.85
2011-04-19,424.85,426.75
2011-04-18,421.75,423.6
2011-04-15,427.75,429.35
2011-04-14,430.35,431.95
2011-04-13,431.45,433.2
2011-04-12,438.35,442.6
2011-04-11,446,449.65
2011-04-08,450.15,453.85
2011-04-07,441.65,445.35
2011-04-06,437,440.75
2011-04-05,426.45,430.5
2011-04-04,425.5,429.6
2011-04-01,425.85,429.9
2011-03-31,430.75,434.9
2011-03-30,427.4,431.5
2011-03-29,434.65,438.5
2011-03-28,435,438.9
2011-03-25,441.9,445.65
2011-03-24,442.45,445.1
2011-03-23,442.85,445.4
2011-03-22,431.3,434.05
2011-03-21,428.6,431.05
2011-03-18,433.9,435.8
2011-03-17,434.4,436.3
2011-03-16,419.75,422.2
2011-03-15,413.7,416.45
2011-03-14,418.65,422.05
2011-03-11,420.75,423.95
2011-03-10,419.75,423.3
2011-03-09,421.25,424.65
2011-03-08,433.85,436.05
2011-03-07,432.7,434.55
2011-03-04,448.55,449.15
2011-03-03,449,449.7
2011-03-02,449.8,450.65
2011-03-01,450.95,451.35
2011-02-28,449.65,449.15
2011-02-25,445.5,443.5
2011-02-24,434.35,433.05
2011-02-23,429.15,428.25
2011-02-22,436.3,435.25
2011-02-18,449.6,446.4
2011-02-17,449.7,446.45
2011-02-16,448.25,444.1
2011-02-15,454.6,448.9
2011-02-14,463.75,457.05
2011-02-11,453.6,450.2
2011-02-10,454.35,451.2
2011-02-09,452.4,449.2
2011-02-08,457.4,453.55
2011-02-07,457.5,453.7
2011-02-04,457.95,453.35
2011-02-03,454.45,449.9
2011-02-02,454.4,449
2011-02-01,454.7,448.8
2011-01-31,445.85,441
2011-01-28,437.3,432.75
2011-01-27,433.85,428.9
2011-01-26,426.7,421.9
2011-01-25,422.6,418.1
2011-01-24,434.85,429.15
2011-01-21,430.9,424.85
2011-01-20,427.2,422
2011-01-19,437,431.15
2011-01-18,442.8,436.65
2011-01-14,441.2,435.9
2011-01-13,437.7,433.15
2011-01-12,441.15,434.9
2011-01-11,434.9,428.2
2011-01-10,426.45,419.75
2011-01-07,428.25,420.05
2011-01-06,432.95,423.8
2011-01-05,440.8,430.55
2011-01-04,436.9,426.8
2011-01-03,445.75,434.7
2010-12-31,444.7,433.6
2010-12-30,436.25,425.85
2010-12-29,431.15,420.9
2010-12-28,432.8,421.75
2010-12-27,428,417
2010-12-23,425.85,414.8
2010-12-22,427.5,416.05
2010-12-21,427.6,415.85
2010-12-20,420.6,409.4
2010-12-17,415.9,404.25
2010-12-16,411.6,399.55
2010-12-15,413.25,400.25
2010-12-14,420.9,407.2
2010-12-13,420.7,407.35
2010-12-10,411.2,399.2
2010-12-09,408.7,397.55
2010-12-08,410.05,399.65
2010-12-07,404.95,395
2010-12-06,400.8,390.15
2010-12-03,399.9,389.8
2010-12-02,397.9,387.45
2010-12-01,394.75,384.6
2010-11-30,382.55,374.35
2010-11-29,376.75,369.4
2010-11-26,376.25,369.25
2010-11-24,376.65,369
2010-11-23,371.1,363.75
2010-11-22,376.2,368.8
2010-11-19,384.25,376.15
2010-11-18,383.85,375.25
2010-11-17,373.4,364.65
2010-11-16,373.1,365.25
2010-11-15,392.45,383
2010-11-12,389.8,380.85
2010-11-11,402.95,394.15
2010-11-10,396.9,392.5
2010-11-09,404.3,399
2010-11-08,395.65,390.6
2010-11-05,394.85,390.9
2010-11-04,391.2,387.35
2010-11-03,378.5,375.8
2010-11-02,383.9,380.3
2010-11-01,378.5,375.3
2010-10-29,373.35,370.1
2010-10-28,378.75,374.7
2010-10-27,377.55,372.55
2010-10-26,386.9,382.15
2010-10-25,386.3,382.5
2010-10-22,379.7,376
2010-10-21,378.15,374.65
2010-10-20,379.35,375.45
2010-10-19,375.75,371.45
2010-10-18,385.5,379.1
2010-10-15,383.9,378.1
2010-10-14,381.55,374.95
2010-10-13,382.05,375
2010-10-12,378.95,372.25
2010-10-11,378.95,374.3
2010-10-08,377.45,372.65
2010-10-07,367.95,364.5
2010-10-06,375.3,372.3
2010-10-05,372.65,370.25
2010-10-04,366.4,364.6
2010-10-01,369.05,367
2010-09-30,365.15,363.05
2010-09-29,366.15,363.75
2010-09-28,363.7,361.6
2010-09-27,359.7,357.35
2010-09-24,361.8,359.3
2010-09-23,359.05,357.05
2010-09-22,356.5,354.95
2010-09-21,348.1,346.95
2010-09-20,350.45,349.2
2010-09-17,352.2,350.45
2010-09-16,349.35,347.3
2010-09-15,346.65,345.75
2010-09-14,346.85,345.6
2010-09-13,347.9,346.7
2010-09-10,340.65,339.55
2010-09-09,344.35,344
2010-09-08,350.05,349.75
2010-09-07,347.05,347.1
2010-09-03,350,350
2010-09-02,349.55,349.45
2010-09-01,347.75,347.35
2010-08-31,337,336.6
2010-08-30,342.95,342.7
2010-08-27,338.45,338.45
2010-08-26,332.55,333.1
2010-08-25,323.15,324.05
2010-08-24,326.2,327.1
2010-08-23,331.25,332.25
2010-08-20,331.15,332.1
2010-08-19,333.95,334.95
2010-08-18,337.05,338.05
2010-08-17,335.85,337.35
2010-08-16,330.05,331.55
2010-08-13,327.25,328.65
2010-08-12,330.55,331.95
2010-08-11,327.55,328.8
2010-08-10,331.25,335.3
2010-08-09,335.4,339.35
2010-08-06,334.3,337.6
2010-08-05,335.35,338.55
2010-08-04,340.45,343.55
2010-08-03,335.85,339
2010-08-02,338.95,342.1
2010-07-30,331.15,334.2
2010-07-29,329,332.15
2010-07-28,324.55,327.8
2010-07-27,320.65,323.65
2010-07-26,322.3,324.6
2010-07-23,318.5,321.05
2010-07-22,316.45,318.7
2010-07-21,309.3,312.45
2010-07-20,300.15,304.25
2010-07-19,293.8,298.4
2010-07-16,292.95,297.75
2010-07-15,301.2,305.65
2010-07-14,300.85,305.25
2010-07-13,301.75,306.55
2010-07-12,300.9,305.55
2010-07-09,305.35,310.25
2010-07-08,301.55,306.7
2010-07-07,301.5,306.6
2010-07-06,297.1,302.45
2010-07-02,291.6,296.9
2010-07-01,287.7,293.1
2010-06-30,295.05,300.55
2010-06-29,293.05,298.2
2010-06-28,308.95,313.6
2010-06-25,311.1,315.8
2010-06-24,302.4,307.65
2010-06-23,295.45,301.05
2010-06-22,301.05,306.6
2010-06-21,295.95,301.45
2010-06-18,290.15,295.65
2010-06-17,292.4,297.9
2010-06-16,301.35,306.35
2010-06-15,302.4,307.2
2010-06-14,301.25,306.45
2010-06-11,290.4,297.7
2010-06-10,286.25,293.25
2010-06-09,285,292
2010-06-08,277.95,285.15
2010-06-07,276.6,283.7
2010-06-04,281.95,288.55
2010-06-03,294.65,300.8
2010-06-02,304.05,309.95
2010-06-01,306.3,311.8
2010-05-28,310.45,315.95
2010-05-27,315.85,321
2010-05-26,308.05,313.4
2010-05-25,304.2,309.55
2010-05-24,314.75,319.15
2010-05-21,306.1,310.5
2010-05-20,294.45,299.45
2010-05-19,295.95,301.4
2010-05-18,303.1,308.65
2010-05-17,293.2,298.75
2010-05-14,313.4,318.3
2010-05-13,323.15,327.85
2010-05-12,318.8,323.9
2010-05-11,320.65,325.5
2010-05-10,322.8,327.6
2010-05-07,314.45,319.1
2010-05-06,311.7,316.1
2010-05-05,315.15,319.35
2010-05-04,317.85,322.05
2010-05-03,329.35,333.4
2010-04-30,335.35,338.95
2010-04-29,335.05,338.5
2010-04-28,338.65,341.8
2010-04-27,338.25,341.3
2010-04-26,354.8,357.1
2010-04-23,353.05,355.35
2010-04-22,350.65,353.25
2010-04-21,355.75,358.15
2010-04-20,353.55,355.6
2010-04-19,351.8,353.75
2010-04-16,353.55,355.3
2010-04-15,362.1,363.8
2010-04-14,361.05,365.1
2010-04-13,360.05,364.2
2010-04-12,356.45,360.7
2010-04-09,359,362.8
2010-04-08,358.65,362.1
2010-04-07,359.75,362.6
2010-04-06,361.7,364.3
2010-04-05,363.15,365.9
2010-04-01,358.4,361.3
2010-03-31,355.35,358.4
2010-03-30,356.35,359.75
2010-03-29,353.55,357.35
2010-03-26,340.3,344.45
2010-03-25,338.05,342.15
2010-03-24,334.55,338.6
2010-03-23,337.9,341.85
2010-03-22,338.05,341.85
2010-03-19,337.25,341.05
2010-03-18,339.55,343.35
2010-03-17,341.8,345.15
2010-03-16,336.5,339.5
2010-03-15,331.5,335
2010-03-12,338,341.15
2010-03-11,337.7,340.8
2010-03-10,336.8,339.65
2010-03-09,341.15,344.05
2010-03-08,341.05,343.7
2010-03-05,341.75,343.85
2010-03-04,337.55,339.85
2010-03-03,343.5,345.4
2010-03-02,341.15,343.05
2010-03-01,335,337.65
2010-02-26,328.4,331.25
2010-02-25,321,324.1
2010-02-24,325.35,328
2010-02-23,323.45,326
2010-02-22,332.85,335.05
2010-02-19,337.9,340.05
2010-02-18,330.55,332.65
2010-02-17,325.9,327.9
2010-02-16,323.95,325.15
2010-02-12,310.2,311.7
2010-02-11,315.15,316.4
2010-02-10,298.9,302.5
2010-02-09,298.7,302.55
2010-02-08,291.3,295.25
2010-02-05,285.75,289.45
2010-02-04,287.9,291.4
2010-02-03,297.35,300.3
2010-02-02,308.95,311
2010-02-01,308.35,309.95
2010-01-29,305.25,306.6
2010-01-28,309.8,311.45
2010-01-27,322.25,323.8
2010-01-26,333.95,335.3
2010-01-25,339.3,340.9
2010-01-22,334.7,336.05
2010-01-21,329.5,330.8
2010-01-20,335.5,336.6
2010-01-19,344.7,345.65
2010-01-15,336.6,338.1
2010-01-14,338.75,340
2010-01-13,340,341.5
2010-01-12,334.95,336.9
2010-01-11,344.1,346.1
2010-01-08,340.05,342.4
2010-01-07,342.7,345.6
2010-01-06,349.45,352.15
2010-01-05,341.35,345.15
2010-01-04,340.6,344.35
2009-12-31,334.65,338.5
2009-12-30,334.5,338.3
2009-12-29,331.35,334.95
2009-12-28,333.65,337.35
2009-12-24,329.25,333
2009-12-23,320.35,324.15
2009-12-22,313.8,317.8
2009-12-21,315.85,319.8
2009-12-18,313.85,318
2009-12-17,312.8,317.05
2009-12-16,320.55,324.5
2009-12-15,314.15,318.1
2009-12-14,315.2,319.25
2009-12-11,313.3,317.35
2009-12-10,310.3,314.25
2009-12-09,312.35,316.1
2009-12-08,316.5,320.25
2009-12-07,320.9,324.5
2009-12-04,323.75,327.2
2009-12-03,324.5,327.8
2009-12-02,325.85,328.7
2009-12-01,323.1,325.95
2009-11-30,317.7,320.6
2009-11-27,312.55,315.55
2009-11-25,319.7,322.35
2009-11-24,314.35,317.05
2009-11-23,316.2,318.2
2009-11-20,313.4,315.5
2009-11-19,310.6,312.4
2009-11-18,313.55,315.15
2009-11-17,313.3,314.95
2009-11-16,312.85,314.6
2009-11-13,299.95,302.25
2009-11-12,297.3,299.4
2009-11-11,299.1,301
2009-11-10,296.15,299.95
2009-11-09,296.75,300.75
2009-11-06,295.25,298.95
2009-11-05,295.7,299.15
2009-11-04,299.3,302.4
2009-11-03,295.6,298.7
2009-11-02,294.5,297.6
2009-10-30,295.55,298.6
2009-10-29,302.95,305.7
2009-10-28,293.05,296.1
2009-10-27,299.9,302.9
2009-10-26,301.1,303.4
2009-10-23,303.45,305.15
2009-10-22,299.8,301
2009-10-21,303.6,304.7
2009-10-20,293.2,294.5
2009-10-19,296.65,297.85
2009-10-16,284.55,286
2009-10-15,285.9,287
2009-10-14,284.45,285.65
2009-10-13,279.45,280
2009-10-12,285.7,286
2009-10-09,283.8,284.3
2009-10-08,289.85,290.4
2009-10-07,277.95,278.9
2009-10-06,278.45,279.3
2009-10-05,272.7,273.9
2009-10-02,268.15,269.45
2009-10-01,273.7,274.7
2009-09-30,281.9,282.45
2009-09-29,272.9,273.25
2009-09-28,272.7,272.75
2009-09-25,274.05,274.15
2009-09-24,270.95,271.05
2009-09-23,280.8,280.8
2009-09-22,286.45,286
2009-09-21,280.55,280
2009-09-18,278.5,277.9
2009-09-17,289.6,288.55
2009-09-16,293.65,292.35
2009-09-15,284.5,283.45
2009-09-14,280.45,279.5
2009-09-11,284.65,283.4
2009-09-10,287.65,285.7
2009-09-09,292.4,290.1
2009-09-08,295.6,292.75
2009-09-04,286.65,284.2
2009-09-03,286.5,284.1
2009-09-02,282.6,280.85
2009-09-01,281.85,279.85
2009-08-31,282.65,279.75
2009-08-28,295.05,292.05
2009-08-27,287.2,285.3
2009-08-26,287.7,285.5
2009-08-25,287.35,284.25
2009-08-24,293.05,289.3
2009-08-21,289.4,286.2
2009-08-20,275.4,272.4
2009-08-19,277.1,273.65
2009-08-18,277.45,274.05
2009-08-17,278.55,276.6
2009-08-14,285.1,282.75
2009-08-13,292.9,290.1
2009-08-12,282.35,282.75
2009-08-11,273.65,274.6
2009-08-10,277.05,277.85
2009-08-07,278.55,279.05
2009-08-06,275.2,275.7
2009-08-05,281.2,281.2
2009-08-04,279.55,279.85
2009-08-03,273.85,274.2
2009-07-31,262.35,262.55
2009-07-30,256.4,256.55
2009-07-29,247.75,248.9
2009-07-28,252.05,253.45
2009-07-27,254.5,254.25
2009-07-24,252.2,251.9
2009-07-23,252.4,251.65
2009-07-22,252.55,253.3
2009-07-21,245.1,246.05
2009-07-20,246.9,247.8
2009-07-17,242.3,243.15
2009-07-16,238.95,239.8
2009-07-15,239.2,239.95
2009-07-14,229.9,231.3
2009-07-13,222.3,223.8
2009-07-10,221.15,222.95
2009-07-09,223.75,226.05
2009-07-08,215.9,218.8
2009-07-07,222.55,225.25
2009-07-06,226.25,228.6
2009-07-02,230.55,232.3
2009-07-01,233.05,234.6
2009-06-30,227.2,228.7
2009-06-29,232.6,233.8
2009-06-26,230.9,232.1
2009-06-25,231.6,232.55
2009-06-24,228.1,229.5
2009-06-23,221.2,222.95
2009-06-22,214.4,216.2
2009-06-19,226.15,227.5
2009-06-18,228.2,229.5
2009-06-17,226.95,228.2
2009-06-16,226.5,227.65
2009-06-15,229.65,230.85
2009-06-12,238.3,239.3
2009-06-11,244.5,246
2009-06-10,236.7,238.3
2009-06-09,236.55,238.55
2009-06-08,225.3,227.75
2009-06-05,228.4,230.8
2009-06-04,230.1,231.8
2009-06-03,221.2,222.9
2009-06-02,229.75,230.3
2009-06-01,231.9,231.9
2009-05-29,219.75,220.05
2009-05-28,213.7,215.35
2009-05-27,212.1,213.55
2009-05-26,214.1,214.4
2009-05-22,209.75,210.75
2009-05-21,205.1,206.85
2009-05-20,210.65,212.5
2009-05-19,206.95,208.95
2009-05-18,207.2,208.4
2009-05-15,201.75,203.05
2009-05-14,202.7,203.65
2009-05-13,203.1,204.4
2009-05-12,208.6,210.45
2009-05-11,208.85,210.75
2009-05-08,214.55,215.45
2009-05-07,216.45,216.5
2009-05-06,218.7,217.6
2009-05-05,208.25,207.8
2009-05-04,214.4,213.35
2009-05-01,210.1,208.95
2009-04-30,204.75,203.5
2009-04-29,200.5,199.75
2009-04-28,191.65,191.2
2009-04-27,198.55,196.8
2009-04-24,205,202.6
2009-04-23,199.1,197.05
2009-04-22,206.05,203.4
2009-04-21,208,205.6
2009-04-20,210.5,209.3
2009-04-17,219.75,218.25
2009-04-16,217.9,219.65
2009-04-15,220.9,223.1
2009-04-14,212.85,215.9
2009-04-13,213.95,216.35
2009-04-09,207.1,210.65
2009-04-08,199.85,203.45
2009-04-07,199,202.45
2009-04-06,195.9,198.7
2009-04-03,200.05,202.4
2009-04-02,189,192.3
2009-04-01,184.9,188.65
2009-03-31,184.45,188.5
2009-03-30,176.6,180.9
2009-03-27,183.6,187.65
2009-03-26,185.5,189.6
2009-03-25,180.3,184.55
2009-03-24,180.6,184.85
2009-03-23,184.1,187.85
2009-03-20,179.6,183.2
2009-03-19,180.75,184.15
2009-03-18,171.65,175.4
2009-03-17,172.4,175.45
2009-03-16,174.7,177.95
2009-03-13,166.45,170.35
2009-03-12,162.45,166.85
2009-03-11,162.55,166.4
2009-03-10,168.45,172.25
2009-03-09,163.95,168.1
2009-03-06,168.9,171.9
2009-03-05,165.35,168.1
2009-03-04,169.4,171.95
2009-03-03,160.45,163.75
2009-03-02,151.6,155.6
2009-02-27,153.85,157.95
2009-02-26,157.9,161.95
2009-02-25,153.7,157.7
2009-02-24,150,154.7
2009-02-23,145.1,149.95
2009-02-20,143.3,147.95
2009-02-19,148.8,152.95
2009-02-18,145.45,150.1
2009-02-17,144.25,148.9
2009-02-13,155.45,159.1
2009-02-12,153.45,158.7
2009-02-11,154,158.95
2009-02-10,157.6,162.45
2009-02-09,161.3,165.9
2009-02-06,162.85,167.15
2009-02-05,150,153.9
2009-02-04,153.1,156.95
2009-02-03,152.2,156.7
2009-02-02,143.1,148.1
2009-01-30,146.85,151.45
2009-01-29,145.75,150.15
2009-01-28,149.6,153.5
2009-01-27,148.45,152.5
2009-01-26,158.65,162.6
2009-01-23,147.2,151.45
2009-01-22,139.6,143.7
2009-01-21,143.35,147.2
2009-01-20,150.45,154.3
2009-01-16,152.75,156.9
2009-01-15,145.35,149.8
2009-01-14,148.75,153.35
2009-01-13,154.7,158.85
2009-01-12,148.85,152.4
2009-01-09,155.95,159.25
2009-01-08,147.9,152.1
2009-01-07,151.15,154.9
2009-01-06,158.3,162
2009-01-05,145.9,149.95
2009-01-02,146.1,149.85
2008-12-31,141,144.7
2008-12-30,132.05,136.7
2008-12-29,131.15,136
2008-12-26,130.35,135.35
2008-12-24,127.4,132.75
2008-12-23,128.1,133.2
2008-12-22,134.55,138.9
2008-12-19,132.65,136.8
2008-12-18,130.15,134.6
2008-12-17,137.3,141.65
2008-12-16,137.85,142.25
2008-12-15,140.5,145
2008-12-12,142.85,147.25
2008-12-11,151.2,155.1
2008-12-10,149.55,153.25
2008-12-09,144.35,148.1
2008-12-08,149.8,153.4
2008-12-05,137.35,141.6
2008-12-04,146.95,151.35
2008-12-03,155.45,159.95
2008-12-02,160.05,164.65
2008-12-01,163.1,168.2
2008-11-28,164.95,170.05
2008-11-26,169.15,174.3
2008-11-25,165.4,170.7
2008-11-24,167.15,172.25
2008-11-21,157.9,163.75
2008-11-20,158,164.35
2008-11-19,160.95,167.45
2008-11-18,167.15,173.2
2008-11-17,166.7,172.15
2008-11-14,171.5,176.9
2008-11-13,163,168.4
2008-11-12,165.55,170.7
2008-11-11,164.8,170.05
2008-11-10,175.2,179.85
2008-11-07,169.7,174.5
2008-11-06,172.55,176.6
2008-11-05,181.9,185.85
2008-11-04,195.8,200
2008-11-03,184,188.35
2008-10-31,182.9,187.25
2008-10-30,189.05,192.95
2008-10-29,208.8,212.6
2008-10-28,185.85,190.15
2008-10-27,180.5,184.9
2008-10-24,168.65,172.9
2008-10-23,180.45,184.8
2008-10-22,186.55,192.05
2008-10-21,200.7,205.65
2008-10-20,211.65,216
2008-10-17,217.95,222.05
2008-10-16,208.55,212.95
2008-10-15,221.05,225.05
2008-10-14,239.45,243.15
2008-10-13,231.25,233.55
2008-10-10,214.45,216.45
2008-10-09,240.6,242
2008-10-08,235.5,237.05
2008-10-07,253.45,254.2
2008-10-06,249.3,250.95
2008-10-03,269,269.65
2008-10-02,262.75,264.85
2008-10-01,278.95,280.5
2008-09-30,287.9,288.75
2008-09-29,290.65,291
2008-09-26,307.45,306.4
2008-09-25,313.45,311.45
2008-09-24,310.65,309.25
2008-09-23,315.2,313.5
2008-09-22,325.5,322.1
2008-09-19,317.65,314.1
2008-09-18,306.6,303.8
2008-09-17,304.25,301.05
2008-09-16,308.9,305.8
2008-09-15,313.65,311.15
2008-09-12,319.4,315.6
2008-09-11,312.25,309.25
2008-09-10,311.4,308.9
2008-09-09,308.7,307.1
2008-09-08,309.3,308.1
2008-09-05,309.85,308.65
2008-09-04,326.6,323.05
2008-09-03,331.2,326.45
2008-09-02,327.3,322.6
2008-08-29,338.7,331.5
2008-08-28,340.05,332.9
2008-08-27,344.5,336.25
2008-08-26,341.65,333.45
2008-08-25,346.45,337.45
2008-08-22,345.95,338.15
2008-08-21,353.85,344.4
2008-08-20,339.55,332.15
2008-08-19,342.7,334.7
2008-08-18,330.9,323.65
2008-08-15,331.45,326.05
2008-08-14,329.8,325.15
2008-08-13,335.2,330.05
2008-08-12,322.75,317.85
2008-08-11,329.15,324.15
2008-08-08,333.3,327.5
2008-08-07,341.8,334.3
2008-08-06,342.35,334.8
2008-08-05,341.7,333.85
2008-08-04,344,335.95
2008-08-01,357.85,346.95
2008-07-31,366.15,354
2008-07-30,364.6,351.85
2008-07-29,359.05,347.2
2008-07-28,361.2,348.2
2008-07-25,360.5,347.2
2008-07-24,357.7,344.9
2008-07-23,365.75,352.75
2008-07-22,369.05,355.35
2008-07-21,368.1,354.3
2008-07-18,366.9,351.4
2008-07-17,371.5,353.45
2008-07-16,365.05,350.55
2008-07-15,370,357.3
2008-07-14,375.2,362.35
2008-07-11,374,360.85
2008-07-10,371.85,358.8
2008-07-09,373.9,360.75
2008-07-08,369.65,356.8
2008-07-07,384.9,369.75
2008-07-03,394.9,377.75
2008-07-02,406.35,388.65
2008-07-01,391.05,376.4
2008-06-30,388.25,373.7
2008-06-27,387.8,373.1
2008-06-26,382.5,368.35
2008-06-25,377.3,364.75
2008-06-24,378.65,365
2008-06-23,380.8,366.8
2008-06-20,383.05,369.8
2008-06-19,377.8,365.15
2008-06-18,374.75,362.85
2008-06-17,365.05,355.8
2008-06-16,366.4,355.95
2008-06-13,359.1,349.05
2008-06-12,354.15,345.95
2008-06-11,357.95,351.35
2008-06-10,356,350.05
2008-06-09,361.3,355.15
2008-06-06,362.3,354.7
2008-06-05,354.3,347.4
2008-06-04,354.5,347.7
2008-06-03,357.8,351.9
2008-06-02,359.65,353.75
2008-05-30,360.6,353.9
2008-05-29,355.85,349.6
2008-05-28,369.5,361.25
2008-05-27,371.6,363.1
2008-05-23,373.6,365.2
2008-05-22,371.25,363.2
2008-05-21,374.45,364.9
2008-05-20,377.65,366.2
2008-05-19,377.55,366.6
2008-05-16,382.65,370.3
2008-05-15,373.85,362.45
2008-05-14,368.1,357.5
2008-05-13,373.15,360.7
2008-05-12,374.95,360.65
2008-05-09,371.65,358.15
2008-05-08,378.75,363.7
2008-05-07,383.4,367.1
2008-05-06,387.85,370.05
2008-05-05,394.75,375.8
2008-05-02,382.05,365.25
2008-05-01,369.45,353.85
2008-04-30,390.45,371.75
2008-04-29,388.1,370.4
2008-04-28,392.9,375.25
2008-04-25,391.1,374.25
2008-04-24,387.5,370.35
2008-04-23,390.05,372.6
2008-04-22,395.85,377.65
2008-04-21,386.65,369.85
2008-04-18,389.25,371.6
2008-04-17,391.45,372.05
2008-04-16,395.5,375.5
2008-04-15,386,367.1
2008-04-14,389.75,370.1
2008-04-11,394.45,378.15
2008-04-10,392.4,375.15
2008-04-09,400,382.1
2008-04-08,389.05,372.75
2008-04-07,397.95,380.05
2008-04-04,395.45,379.45
2008-04-03,390.15,372.65
2008-04-02,387.75,371.7
2008-04-01,380.65,365.25
2008-03-31,383.1,367.7
2008-03-28,383.15,366.65
2008-03-27,387.3,369.8
2008-03-26,372.5,357.3
2008-03-25,367.85,352.95
2008-03-24,362.25,349.8
2008-03-20,357.35,344.3
2008-03-19,363.35,348.55
2008-03-18,374.65,359.3
2008-03-17,368.5,353.2
2008-03-14,382.8,364.45
2008-03-13,382.5,364.2
2008-03-12,383.7,366.15
2008-03-11,378.55,362.05
2008-03-10,379.5,361.65
2008-03-07,392.15,372.55
2008-03-06,390.35,370.25
2008-03-05,398.2,376.6
2008-03-04,382.15,362.1
2008-03-03,392.85,371.4
2008-02-29,385.5,364.5
2008-02-28,387.8,366.4
2008-02-27,385.05,362.15
2008-02-26,379.25,358.05
2008-02-25,375.7,356.2
2008-02-22,380.3,358.15
2008-02-21,382.2,357.2
2008-02-20,371.9,347.9
2008-02-19,373.3,350.85
2008-02-15,353.9,337.4
2008-02-14,350.05,336.95
2008-02-13,354.35,335.65
2008-02-12,356.95,340.5
2008-02-11,355.85,344.8
2008-02-08,353.95,343.95
2008-02-07,345.4,338.55
2008-02-06,330.9,325.9
2008-02-05,321.2,318.35
2008-02-04,329.85,325.6
2008-02-01,327.3,321.4
2008-01-31,329.8,323.6
2008-01-30,322.65,317.55
2008-01-29,329.9,324.15
2008-01-28,318.95,315.05
2008-01-25,318.4,313.15
2008-01-24,317.15,308.95
2008-01-23,307.2,296.85
2008-01-22,319.65,309.75
2008-01-18,323.45,315.5
2008-01-17,318.2,315.75
2008-01-16,317.25,316.1
2008-01-15,324.15,323.5
2008-01-14,333.9,333.2
2008-01-11,330.4,329.85
2008-01-10,328.15,328.25
2008-01-09,328.35,328.35
2008-01-08,329.85,330.4
2008-01-07,314.1,315.25
2008-01-04,315.75,316.15
2008-01-03,318.8,318.6
2008-01-02,306.4,307
2007-12-31,304.1,304.1
2007-12-28,307.2,307.55
2007-12-27,313.2,314.5
2007-12-26,317,318.35
2007-12-24,315.35,316.7
2007-12-21,309.75,310.75
2007-12-20,296.55,298.25
2007-12-19,295.8,296.55
2007-12-18,288.45,289.7
2007-12-17,288.9,289.55
2007-12-14,295.65,293.4
2007-12-13,296.1,294.95
2007-12-12,303.6,302.7
2007-12-11,309,307.4
2007-12-10,309.3,307.15
2007-12-07,312.6,310.65
2007-12-06,304.85,303.8
2007-12-05,304,303.1
2007-12-04,302,301.1
2007-12-03,307.85,305.95
2007-11-30,318.45,315.75
2007-11-29,309.4,307.4
2007-11-28,303.4,302
2007-11-27,299.25,296.45
2007-11-26,305.05,301.9
2007-11-23,302.95,299.8
2007-11-21,293,292.2
2007-11-20,306.95,306.9
2007-11-19,302.5,304.15
2007-11-16,319.9,319.05
2007-11-15,311.9,309.95
2007-11-14,333.65,328.55
2007-11-13,310.7,314.3
2007-11-12,310.9,313.9
2007-11-09,314.55,315.15
2007-11-08,320.4,319.8
2007-11-07,325.9,324.3
2007-11-06,334.15,331.05
2007-11-05,330.2,326.85
2007-11-02,332.5,328.55
2007-11-01,336.25,330.75
2007-10-31,347.3,340.7
2007-10-30,348.15,341.65
2007-10-29,352.1,343.3
2007-10-26,353.75,343.4
2007-10-25,348.6,339.2
2007-10-24,345.25,335.75
2007-10-23,351.35,340.85
2007-10-22,348.65,337.3
2007-10-19,355.15,342.15
2007-10-18,354.15,340.95
2007-10-17,359.6,345.9
2007-10-16,364.45,347.75
2007-10-15,368.2,352.95
2007-10-12,365.25,348.55
2007-10-11,366.9,348.4
2007-10-10,369.4,350.2
2007-10-09,361.75,342.55
2007-10-08,361.3,340.7
2007-10-05,372.55,349.15
2007-10-04,373.8,350.4
2007-10-03,376.35,351.35
2007-10-02,371.1,348.2
2007-10-01,369.15,346.4
2007-09-28,364,341.6
2007-09-27,364.8,341.1
2007-09-26,361.4,339.1
2007-09-25,362.9,341.15
2007-09-24,364.5,342.5
2007-09-21,359.25,340.6
2007-09-20,359.45,340.55
2007-09-19,357.55,338.8
2007-09-18,344.8,326.95
2007-09-17,342,323.7
2007-09-14,339.25,321
2007-09-13,339.65,321
2007-09-12,335.95,317.7
2007-09-11,338.75,319.75
2007-09-10,325.6,308.1
2007-09-07,325.15,308.3
2007-09-06,330.25,310.6
2007-09-05,326.3,306.7
2007-09-04,330.6,309.85
2007-08-31,339.7,317.5
2007-08-30,334.8,313.85
2007-08-29,334.4,312.6
2007-08-28,331.25,309.9
2007-08-27,335.6,313.4
2007-08-24,335,313.75
2007-08-23,327.65,306.35
2007-08-22,322.25,301.55
2007-08-21,316.5,297.5
2007-08-20,316.3,297.5
2007-08-17,314.75,295.25
2007-08-16,309.1,290.15
2007-08-15,332.2,309
2007-08-14,335.95,310.75
2007-08-13,343.35,319.1
2007-08-10,335.95,318.75
2007-08-09,336.1,319.3
2007-08-08,343.9,327.65
2007-08-07,350.65,331.9
2007-08-06,347.35,327.55
2007-08-03,347.9,327.45
2007-08-02,357.3,334.15
2007-08-01,358.5,335.15
2007-07-31,364.85,339.35
2007-07-30,358.85,333.55
2007-07-27,354.7,329.1
2007-07-26,352.25,326.55
2007-07-25,355.55,329.7
2007-07-24,361.95,334.65
2007-07-23,365.65,337.75
2007-07-20,370.55,341.4
2007-07-19,366.2,337.05
2007-07-18,356.3,328.05
2007-07-17,355.25,326.85
2007-07-16,356.2,326.45
2007-07-13,359.3,328.9
2007-07-12,358.1,327.4
2007-07-11,362.15,330.55
2007-07-10,361,330.35
2007-07-09,362.95,331.5
2007-07-06,359.45,328.35
2007-07-05,359.35,329.85
2007-07-03,354.5,324.9
2007-07-02,352.7,322.45
2007-06-29,345.05,317.1
2007-06-28,342.75,315.7
2007-06-27,335.3,309.15
2007-06-26,331.65,306.15
2007-06-25,339.8,312.6
2007-06-22,338.35,311.05
2007-06-21,340.25,311.8
2007-06-20,344.1,314.1
2007-06-19,339.95,311.05
2007-06-18,342,311.7
2007-06-15,342.15,311.15
2007-06-14,338.85,309.05
2007-06-13,331.6,303.4
2007-06-12,328.7,306.2
2007-06-11,335.6,311.4
2007-06-08,325.75,301.75
2007-06-07,337.7,313.65
2007-06-06,340.4,316.2
2007-06-05,344.15,318.35
2007-06-04,346.8,319.7
2007-06-01,340.5,315.3
2007-05-31,339.55,315.2
2007-05-30,330.35,307.35
2007-05-29,332,309.15
2007-05-25,332.05,309.3
2007-05-24,318.05,298.15
2007-05-23,330.05,307.55
2007-05-22,330.25,305.85
2007-05-21,340.05,314.6
2007-05-18,332.35,307.4
2007-05-17,330.65,306.35
2007-05-16,342.25,316.1
2007-05-15,353.75,325.45
2007-05-14,349.7,321.5
2007-05-11,360.4,330.4
2007-05-10,356.65,327.8
2007-05-09,367.9,338.25
2007-05-08,372.25,344.15
2007-05-07,371.55,341
2007-05-04,375.85,343.85
2007-05-03,372.65,341.15
2007-05-02,364.45,333.05
2007-05-01,363.45,331.8
2007-04-30,355.65,324.8
2007-04-27,353.25,324.25
2007-04-26,350.9,321.15
2007-04-25,360.55,328.35
2007-04-24,356.4,323.9
2007-04-23,364.55,329.95
2007-04-20,362.1,329.4
2007-04-19,359.5,326.8
2007-04-18,362.35,326.85
2007-04-17,367.9,331.75
2007-04-16,354.2,320.75
2007-04-13,353.6,319.2
2007-04-12,350.2,321.7
2007-04-11,358.25,329.85
2007-04-10,352.6,325
2007-04-09,350.6,325.4
2007-04-05,337.7,314
2007-04-04,338.75,315.1
2007-04-03,331.45,307.35
2007-04-02,317.9,296.9
2007-03-30,314.6,293.6
2007-03-29,309.75,291.05
2007-03-28,306.25,288.55
2007-03-27,305.75,287.05
2007-03-26,313.85,294.35
2007-03-23,306.9,287.5
2007-03-22,307.3,287.85
2007-03-21,301.9,282.55
2007-03-20,303.4,283.7
2007-03-19,302.15,282.65
2007-03-16,301.1,281.55
2007-03-15,298.8,279.3
2007-03-14,282.6,266.6
2007-03-13,282.45,268.45
2007-03-12,284.9,271.9
2007-03-09,278,266
2007-03-08,283.35,269
2007-03-07,278.2,265.55
2007-03-06,271.35,259.7
2007-03-05,267.05,255.6
2007-03-02,268.4,258.9
2007-03-01,275.45,263.3
2007-02-28,275.2,263.45
2007-02-27,282.5,271
2007-02-26,287,275.55
2007-02-23,285.1,271.2
2007-02-22,277.7,265.9
2007-02-21,266.45,255.6
2007-02-20,260,248.45
2007-02-16,265.9,251.95
2007-02-15,267.9,255.7
2007-02-14,259.15,247.45
2007-02-13,258.45,251.65
2007-02-12,247.75,242.1
2007-02-09,252.05,245.25
2007-02-08,245.05,238.55
2007-02-07,245.5,238.8
2007-02-06,249.65,240.45
2007-02-05,241.65,235.4
2007-02-02,242.3,235.85
2007-02-01,253.05,243.9
2007-01-31,259.45,248.3
2007-01-30,256.15,244.45
2007-01-29,254.2,242.25
2007-01-26,264.05,250.7
2007-01-25,265.45,251.5
2007-01-24,260.15,246.15
2007-01-23,257.95,245.65
2007-01-22,252.95,242.3
2007-01-19,252.8,242.65
2007-01-18,249.2,239
2007-01-17,256.95,245.5
2007-01-16,257.75,247.75
2007-01-12,260.3,248.4
2007-01-11,265.9,254.05
2007-01-10,266.4,257.5
2007-01-09,255.6,249.35
2007-01-08,252.8,246.8
2007-01-05,253.5,247.95
2007-01-04,260.2,255.1
2007-01-03,264.9,261.65
2007-01-02,287.1,282.1
2006-12-29,287.1,282.1
2006-12-28,289.5,284.5
2006-12-27,291.4,286.35
2006-12-26,287.8,284.4
2006-12-22,285.35,282
2006-12-21,288.05,282.2
2006-12-20,295.45,289.2
2006-12-19,301.75,294.8
2006-12-18,302.95,295.8
2006-12-15,301.65,294.7
2006-12-14,305.75,298.95
2006-12-13,303.3,297
2006-12-12,309.45,302.6
2006-12-11,313.35,306.55
2006-12-08,311.2,303.75
2006-12-07,310.2,303.2
2006-12-06,316,309
2006-12-05,324.7,316.2
2006-12-04,317.6,310.25
2006-12-01,317.2,308.7
2006-11-30,319.55,313.7
2006-11-29,315.5,306.2
2006-11-28,317,307.7
2006-11-27,321.55,309.75
2006-11-24,313.6,301.25
2006-11-22,313.6,301.25
2006-11-21,314.75,302.25
2006-11-20,307.85,297
2006-11-17,309.25,298.55
2006-11-16,307.5,296.7
2006-11-15,312.5,299.25
2006-11-14,312.4,298.55
2006-11-13,311.35,297.5
2006-11-10,312.15,298.7
2006-11-09,330.9,319.65
2006-11-08,324.45,311.9
2006-11-07,336.55,320.5
2006-11-06,333.7,317.4
2006-11-03,332.25,315.8
2006-11-02,329.15,313.35
2006-11-01,324.1,306.9
2006-10-31,334.55,314.45
2006-10-30,335.85,315.3
2006-10-27,340.5,318
2006-10-26,340,315.95
2006-10-25,340.45,315.75
2006-10-24,341.8,315.5
2006-10-23,345.1,317.1
2006-10-20,346.2,316.2
2006-10-19,350.95,319.55
2006-10-18,349.6,317.55
2006-10-17,349.6,316.1
2006-10-16,358.1,323.3
2006-10-13,341.35,311.85
2006-10-12,338.65,309.3
2006-10-11,341,312.5
2006-10-10,337.8,309.85
2006-10-09,341.3,312.7
2006-10-06,338.85,310.7
2006-10-05,330,304.25
2006-10-04,320.55,296.95
2006-10-03,328.25,302
2006-10-02,342.95,312.7
2006-09-29,346.05,314.3
2006-09-28,342.8,310.3
2006-09-27,348.7,315.7
2006-09-26,346.6,315.1
2006-09-25,344.75,315.65
2006-09-22,344.35,316.05
2006-09-21,343.15,315.9
2006-09-20,337.6,312.05
2006-09-19,337.55,309.95
2006-09-18,341.45,313.45
2006-09-15,331.15,304.65
2006-09-14,337.45,308.45
2006-09-13,338.5,307.5
2006-09-12,337.3,305.55
2006-09-11,341.75,308.75
2006-09-08,356.8,321.1
2006-09-07,364.8,327.55
2006-09-06,367.95,329.95
2006-09-05,362.45,328.45
2006-09-01,346.1,315.15
2006-08-31,345.6,314.5
2006-08-30,335.25,305.2
2006-08-29,338.4,308.3
2006-08-28,345.05,314.45
2006-08-25,343.15,312.15
2006-08-24,341.9,308.9
2006-08-23,346.75,313.25
2006-08-22,347.8,319.05
2006-08-21,348.95,313.95
2006-08-18,339.8,305.75
2006-08-17,331.5,299
2006-08-16,342.7,307
2006-08-15,348.95,313.7
2006-08-14,350,312.95
2006-08-11,343.15,305.15
2006-08-10,362.45,326.8
2006-08-09,371,336.45
2006-08-08,360.2,328.75
2006-08-07,361.05,330.6
2006-08-04,363.25,329.7
2006-08-03,348.95,315.45
2006-08-02,359.1,325.1
2006-08-01,359.3,322.25
2006-07-31,357,318.4
2006-07-28,354.9,316.2
2006-07-27,347.85,309.75
2006-07-26,344.95,306.55
2006-07-25,346.1,307.35
2006-07-24,338.2,299.7
2006-07-21,332.3,293.15
2006-07-20,340.95,298.8
2006-07-19,359.35,311.5
2006-07-18,357.45,308.05
2006-07-17,359.95,313.75
2006-07-14,371.25,322.4
2006-07-13,367.65,319.8
2006-07-12,366.5,316
2006-07-11,363.5,315.25
2006-07-10,358.25,312.6
2006-07-07,354.75,312.45
2006-07-06,361.7,321.65
2006-07-05,340.4,302.15
2006-07-03,335.5,296.4
2006-06-30,335.5,296.4
2006-06-29,332.1,292.65
2006-06-28,318.7,279.35
2006-06-27,308.6,268.05
2006-06-26,323.3,281
2006-06-23,315.1,273.45
2006-06-22,304.85,264.7
2006-06-21,311,271.25
2006-06-20,309.2,269.45
2006-06-19,308.85,269.05
2006-06-16,322.15,281.05
2006-06-15,313.15,272.2
2006-06-14,298,259.55
2006-06-13,295.7,262.45
2006-06-12,322.85,286.9
2006-06-09,326.75,289.45
2006-06-08,335.7,298.35
2006-06-07,358.4,319.85
2006-06-06,348.95,310.15
2006-06-05,360.1,321.4
2006-06-02,358.65,319.25
2006-06-01,347.1,307.15
2006-05-31,362.4,319.8
2006-05-30,367.4,324.8
2006-05-26,381.5,335.45
2006-05-25,370.75,321.9
2006-05-24,363.9,317.7
2006-05-23,388.55,339.9
2006-05-22,346.15,303.35
2006-05-19,346.9,306.4
2006-05-18,371.1,326.2
2006-05-17,367.15,323
2006-05-16,384.2,336
2006-05-15,374.65,332.55
2006-05-12,386.4,337.05
2006-05-11,392.3,335.7
2006-05-10,368.8,319.35
2006-05-09,359.6,315.5
2006-05-08,350.15,308.4
2006-05-05,349.35,307
2006-05-04,347.95,307.3
2006-05-03,330.5,297.25
2006-05-02,327.65,293.95
2006-05-01,332.05,298.05
2006-04-28,322.05,290.8
2006-04-27,318.1,283.8
2006-04-26,331.4,294.75
2006-04-25,327.25,293.75
2006-04-24,308.4,282.45
2006-04-21,311.15,284.65
2006-04-20,292.6,269.35
2006-04-19,292.45,270.75
2006-04-18,294.6,272.6
2006-04-17,287.5,266.2
2006-04-13,281.55,262.05
2006-04-12,277.15,260.25
2006-04-11,272.15,257.4
2006-04-10,270.9,256.65
2006-04-07,264.05,250.55
2006-04-06,264.65,248.9
2006-04-05,259.6,242.85
2006-04-04,253.55,236.8
2006-04-03,254.75,237.25
2006-03-31,246.3,229.6
2006-03-30,248.45,230.45
2006-03-29,247.65,229.25
2006-03-28,249.4,228.85
2006-03-27,247.5,228.7
2006-03-24,241.15,224.25
2006-03-23,240.9,224.1
2006-03-22,235,217.85
2006-03-21,233.4,216.55
2006-03-20,234.4,217.45
2006-03-17,236.9,219.45
2006-03-16,226.65,210.8
2006-03-15,225.2,209.45
2006-03-14,226,209.8
2006-03-13,225.15,208.45
2006-03-10,221.7,205.5
2006-03-09,220.45,204.35
2006-03-08,217.25,201.65
2006-03-07,218.6,203.2
2006-03-06,220.1,205
2006-03-03,226.95,209.15
2006-03-02,227.55,209.5
2006-03-01,224.35,206.3
2006-02-28,218.55,200.85
2006-02-27,214.05,196.75
2006-02-24,220.75,203.55
2006-02-23,220.5,202.35
2006-02-22,226.45,207.2
2006-02-21,227.35,207.15
2006-02-17,220.1,203
2006-02-16,222.25,204.6
2006-02-15,219.1,201.6
2006-02-14,226.65,208.9
2006-02-13,223.4,205.6
2006-02-10,222.45,205.15
2006-02-09,230.5,209.8
2006-02-08,227.45,206.7
2006-02-07,227.8,206.8
2006-02-06,233,210.25
2006-02-03,230.8,207.95
2006-02-02,230.9,207.3
2006-02-01,224.9,201.85
2006-01-31,222.85,198.55
2006-01-30,222.95,199.1
2006-01-27,223.3,197.9
2006-01-26,220.15,193.25
2006-01-25,220.35,192.85
2006-01-24,215.25,188.05
2006-01-23,211.95,184.75
2006-01-20,209,181.9
2006-01-19,211.1,183.95
2006-01-18,212,184.55
2006-01-17,211.1,183.5
2006-01-13,211.25,184.05
2006-01-12,208.75,181.85
2006-01-11,209.5,182.8
2006-01-10,210.7,183.2
2006-01-09,209.7,181.8
2006-01-06,208.6,180.3
2006-01-05,206.05,177.7
2006-01-04,209.75,179.4
2006-01-03,204.85,174.5
2005-12-30,204.2,174.25
2005-12-29,204.55,173.9
2005-12-28,206.9,175.65
2005-12-27,206.75,175.6
2005-12-23,203.95,172.9
2005-12-22,202.55,172.15
2005-12-21,201.75,171.75
2005-12-20,202,172.15
2005-12-19,201.3,171.35
2005-12-16,202.9,172.95
2005-12-15,200.1,170.35
2005-12-14,196.95,167.25
2005-12-13,202.65,172.55
2005-12-12,198.6,168.25
2005-12-09,203,171.45
2005-12-08,203,171.2
2005-12-07,203.15,171.15
2005-12-06,198.7,166.85
2005-12-05,200.75,168.8
2005-12-02,198.1,165.55
2005-12-01,199.95,166.65
2005-11-30,192.6,161
2005-11-29,191.15,158.55
2005-11-28,191.1,158.4
2005-11-23,186.1,153.95
2005-11-22,184.75,152.6
2005-11-21,191.1,159.75
2005-11-18,191.3,159.45
2005-11-17,187.9,156.35
2005-11-16,193.5,162
2005-11-15,193.2,162.05
2005-11-14,191.35,161.3
2005-11-11,190.55,160.45
2005-11-10,187.15,156.65
2005-11-09,183.15,153.8
2005-11-08,183.8,154.7
2005-11-07,184.75,155.4
2005-11-04,184.6,154.8
2005-11-03,182.7,153.1
2005-11-02,183.05,153.35
2005-11-01,181.6,151.4
2005-10-31,181.1,150.35
2005-10-28,182,151.35
2005-10-27,180.4,149.4
2005-10-26,181.8,151.2
2005-10-25,182.45,151.8
2005-10-24,178.45,148.6
2005-10-21,179.3,149.4
2005-10-20,179.3,149.1
2005-10-19,180.6,150
2005-10-18,182.55,152
2005-10-17,182.1,151.25
2005-10-14,175.65,146.65
2005-10-13,176.5,146.5
2005-10-12,179.35,149.05
2005-10-11,183.5,152.5
2005-10-10,180.6,150.5
2005-10-07,180.85,150.8
2005-10-06,178.3,148.7
2005-10-05,178.65,149
2005-10-04,176.6,148.2
2005-10-03,175.9,147.7
2005-09-30,172.75,144.75
2005-09-29,173.95,144.25
2005-09-28,174.8,144.8
2005-09-27,172.8,141.8
2005-09-26,173.65,142.75
2005-09-23,169.85,142.1
2005-09-22,171,143.15
2005-09-21,170.65,143
2005-09-20,166.6,141.2
2005-09-19,165.45,139.7
2005-09-16,159.3,135.05
2005-09-15,160.45,136
2005-09-14,161.1,136.45
2005-09-13,162.55,137.65
2005-09-12,164.4,139.1
2005-09-09,160.4,136.8
2005-09-08,161.85,136.8
2005-09-07,164.7,139.4
2005-09-06,166.1,140.3
2005-09-02,167.35,141.15
2005-09-01,164.8,138.5
2005-08-31,161.95,135.85
2005-08-30,164.7,138.7
2005-08-29,162.15,136.35
2005-08-26,164.3,138.5
2005-08-25,160.6,136.2
2005-08-24,162.4,137.25
2005-08-23,164.3,140.05
2005-08-22,164.1,138.1
2005-08-19,161.2,135.35
2005-08-18,160.25,132.15
2005-08-17,165.7,137.15
2005-08-16,171.45,141.8
2005-08-15,170.75,140.8
2005-08-12,167.6,138.95
2005-08-11,164.7,137.6
2005-08-10,163.45,135.85
2005-08-09,160.75,134.05
2005-08-08,164.65,136.9
2005-08-05,164.9,136.45
2005-08-04,165.45,136.3
2005-08-03,167.15,137.15
2005-08-02,166.25,136.8
2005-08-01,166.3,137.2
2005-07-29,164.45,134.65
2005-07-28,164.9,134.8
2005-07-27,162.7,132.55
2005-07-26,160.6,131
2005-07-25,161.8,131.95
2005-07-22,160.35,130.05
2005-07-21,157,126.6
2005-07-20,159.15,127.8
2005-07-19,158.65,127.6
2005-07-18,156.65,127.4
2005-07-15,156.2,126.95
2005-07-14,154.7,125.65
2005-07-13,154.95,126.75
2005-07-12,153.9,125.75
2005-07-11,156.1,127.2
2005-07-08,155.6,125.95
2005-07-07,153.55,126.85
2005-07-06,153,126
2005-07-05,150.9,123.05
2005-07-01,147.35,118.75
2005-06-30,151,120.8
2005-06-29,156.2,124.4
2005-06-28,155.4,124.8
2005-06-27,156.3,125.1
2005-06-24,155.05,123.85
2005-06-23,152.75,122.45
2005-06-22,154.55,123.7
2005-06-21,156.55,125.3
2005-06-20,155.45,124.15
2005-06-17,160.4,126.45
2005-06-16,156.95,127.6
2005-06-15,154.9,126.25
2005-06-14,152.65,125.5
2005-06-13,153.95,124.1
2005-06-10,156.25,126.9
2005-06-09,154.7,128.35
2005-06-08,154.6,128.4
2005-06-07,154.3,129.5
2005-06-06,156.4,129.65
2005-06-03,155.75,129.35
2005-06-02,151.65,128.1
2005-06-01,148.55,126.05
2005-05-31,145.65,123.45
2005-05-27,145.1,123.25
2005-05-26,144.95,123.9
2005-05-25,141.95,123.1
2005-05-24,140.5,123.35
2005-05-23,138.85,122.35
2005-05-20,137.5,122.3
2005-05-19,136.3,121.8
2005-05-18,137.6,123.1
2005-05-17,134.85,120.15
2005-05-16,134.6,119.9
2005-05-13,135.25,120.85
2005-05-12,137.6,123.3
2005-05-11,144.25,129.95
2005-05-10,145.7,131.1
2005-05-09,144.65,130.15
2005-05-06,144.1,129.6
2005-05-05,143,128.5
2005-05-04,142.9,128.7
2005-05-03,144.35,129.6
2005-05-02,145.5,129.9
2005-04-29,146.4,130.7
2005-04-28,144.4,129.55
2005-04-27,144.3,129.65
2005-04-26,146,130.3
2005-04-25,148.4,132.4
2005-04-22,148.4,131.7
2005-04-21,148.35,133.2
2005-04-20,150.95,135.3
2005-04-19,147.15,132.8
2005-04-18,144.5,129.7
2005-04-15,144.5,129.05
2005-04-14,142.85,127.45
2005-04-13,145.95,130
2005-04-12,149.6,132.45
2005-04-11,152.5,134.65
2005-04-08,150.75,133.85
2005-04-07,150.65,133.45
2005-04-06,150.85,132.95
2005-04-05,148.45,132.7
2005-04-04,149.5,133.85
2005-04-01,148.45,132.55
2005-03-31,150.25,134.15
2005-03-30,149.2,133.4
2005-03-29,147.05,133.45
2005-03-28,145.45,132.1
2005-03-24,145.35,131.75
2005-03-23,144.45,130.85
2005-03-22,149.75,135.05
2005-03-21,148.9,133.9
2005-03-18,150.7,134.65
2005-03-17,150.45,134.55
2005-03-16,150.6,134.35
2005-03-15,149.05,132.95
2005-03-14,147.05,131.05
2005-03-11,147.9,131.9
2005-03-10,149.6,133.55
2005-03-09,150.35,133.85
2005-03-08,149.95,133.45
2005-03-07,149.65,132.6
2005-03-04,149.4,132.25
2005-03-03,147.6,130.2
2005-03-02,147.7,130.4
2005-03-01,146.45,129.6
2005-02-28,149.85,131.75
2005-02-25,148.6,130.95
2005-02-24,148,130.2
2005-02-23,149.5,131.45
2005-02-22,148.9,130.5
2005-02-18,148.75,130.75
2005-02-17,149.35,133.2
2005-02-16,144.8,129.55
2005-02-15,145.85,130.7
2005-02-14,143.95,128.6
2005-02-11,142.25,128.15
2005-02-10,142.5,128.35
2005-02-09,138.7,125.15
2005-02-08,138.8,125.3
2005-02-07,138.85,125.05
2005-02-04,137.55,123.15
2005-02-03,138.85,123.8
2005-02-02,139.35,124
2005-02-01,141.6,125.7
2005-01-31,143.5,126.95
2005-01-28,143.85,127.05
2005-01-27,142.7,126.5
2005-01-26,143.55,126.65
2005-01-25,142.9,126.45
2005-01-24,143,125.35
2005-01-21,143.5,125.5
2005-01-20,141.5,123.85
2005-01-19,140.95,123.5
2005-01-18,140.15,123.2
2005-01-14,139.6,122.25
2005-01-13,138.1,120.25
2005-01-12,140.4,122
2005-01-11,139.7,121.25
2005-01-10,136.95,118.6
2005-01-07,137,118.65
2005-01-06,137.5,119.15
2005-01-05,137.5,119.1
2005-01-04,134.3,117.6
2005-01-03,147.35,128.1
2004-12-30,145.25,126.5
2004-12-29,144.5,124.15
2004-12-28,145.3,125.45
2004-12-27,143.95,124.1
2004-12-23,142.25,122.2
2004-12-22,140.95,121.15
2004-12-21,144.25,122.75
2004-12-20,142.05,123.25
2004-12-17,140.15,122.15
2004-12-16,139,121.35
2004-12-15,138.65,121
2004-12-14,136.4,118.5
2004-12-13,135.65,118.45
2004-12-10,132.75,115.95
2004-12-09,131.85,115.25
2004-12-08,131.55,114.95
2004-12-07,135.2,115.7
2004-12-06,138.45,117.25
2004-12-03,139,116.95
2004-12-02,137.5,117.2
2004-12-01,143.95,118.5
2004-11-30,143.4,117.8
2004-11-29,144.05,118.6
2004-11-24,143.15,117.85
2004-11-23,141.45,117.65
2004-11-22,140.9,120.7
2004-11-19,143.2,120.85
2004-11-18,142.5,120.4
2004-11-17,141.05,119
2004-11-16,136.9,116.25
2004-11-15,138.75,118
2004-11-12,139.45,118.9
2004-11-11,137.25,118.5
2004-11-10,136.3,117.5
2004-11-09,137.55,119.05
2004-11-08,136.15,117.9
2004-11-05,136.3,117.75
2004-11-04,134.9,118.05
2004-11-03,133,116.85
2004-11-02,132.05,115.75
2004-11-01,130.75,113.25
2004-10-29,133.75,115.4
2004-10-28,125.35,110.7
2004-10-27,128.8,112.85
2004-10-26,128.15,112
2004-10-25,127.65,111.65
2004-10-22,130.55,112.95
2004-10-21,131.35,112.9
2004-10-20,130.15,112.45
2004-10-19,129.7,112
2004-10-18,128.4,110.3
2004-10-15,130.9,111.65
2004-10-14,126.95,107.6
2004-10-13,128.8,107.8
2004-10-12,144.8,117
2004-10-11,146.85,116.6
2004-10-08,146.95,116.95
2004-10-07,142.75,116.85
2004-10-06,142.3,116.9
2004-10-05,140.15,115.95
2004-10-04,139.7,115.95
2004-10-01,140.4,115.9
2004-09-30,139.6,115.6
2004-09-29,139.3,116.8
2004-09-28,136.95,116.75
2004-09-27,137.8,116.8
2004-09-24,135.75,116.5
2004-09-23,135.8,116
2004-09-22,136.95,117.55
2004-09-21,134.15,115.65
2004-09-20,131.95,115.45
2004-09-17,130.2,114.7
2004-09-16,130.15,113.75
2004-09-15,127.15,111.95
2004-09-14,128,112.85
2004-09-13,128.5,113
2004-09-10,128,112.7
2004-09-09,126.4,111.45
2004-09-08,125.65,110.65
2004-09-07,127.2,111.75
2004-09-03,123.95,109.35
2004-09-02,124.8,109.3
2004-09-01,127.7,112
2004-08-31,128.1,111.9
2004-08-30,126.45,111.35
2004-08-27,125.95,110.9
2004-08-26,125.05,110.15
2004-08-25,124.05,109.3
2004-08-24,124.15,109.5
2004-08-23,124.15,109.1
2004-08-20,126.65,111.2
2004-08-19,129.15,116.35
2004-08-18,127.05,114.45
2004-08-17,130.75,116.2
2004-08-16,131.55,116.75
2004-08-13,131.8,117.1
2004-08-12,126.75,113.4
2004-08-11,127.25,113.7
2004-08-10,125.7,113.1
2004-08-09,124.15,112
2004-08-06,127.8,114.4
2004-08-05,128,113.3
2004-08-04,129.45,114.1
2004-08-03,130.3,114.15
2004-08-02,130.55,113.7
2004-07-30,130.8,114.8
2004-07-29,129.35,114.4
2004-07-28,127.1,112.3
2004-07-27,122.1,108.15
2004-07-26,125,110.55
2004-07-23,124.8,111.55
2004-07-22,128.7,114.5
2004-07-21,127.5,113.4
2004-07-20,128.55,113.85
2004-07-19,130.5,114.95
2004-07-16,131.05,115.15
2004-07-15,128.75,113.75
2004-07-14,127.7,113.5
2004-07-13,127.8,113.6
2004-07-12,127.75,113.55
2004-07-09,128.1,113.9
2004-07-08,125.1,112
2004-07-07,125.5,112.55
2004-07-06,121.8,109.15
2004-07-02,122,108.5
2004-07-01,122.2,108.3
2004-06-30,120.8,107.9
2004-06-29,117.5,106
2004-06-28,121.05,108.05
2004-06-25,121,108.1
2004-06-24,122.4,109.1
2004-06-23,119.65,107.6
2004-06-22,116.75,105.35
2004-06-21,120,108.15
2004-06-18,119.25,109.65
2004-06-17,119.9,110.1
2004-06-16,117.9,109.05
2004-06-15,119.1,110.35
2004-06-14,115.25,106.8
2004-06-10,117.3,107.85
2004-06-09,116.45,106.85
2004-06-08,123.75,113.6
2004-06-07,126.55,116.15
2004-06-04,123.15,112.75
2004-06-03,124.6,114.05
2004-06-02,124.8,114.1
2004-06-01,129.25,117.4
2004-05-28,127.75,115.45
2004-05-27,127.3,114.2
2004-05-26,123.15,111.35
2004-05-25,123.4,110.25
2004-05-24,123.4,110.2
2004-05-21,122.2,109.25
2004-05-20,118.65,106.2
2004-05-19,119.65,107.05
2004-05-18,115.35,103.2
2004-05-17,114.45,102.4
2004-05-14,117.8,104.05
2004-05-13,117.9,104.15
2004-05-12,118.75,104.2
2004-05-11,119.4,105.25
2004-05-10,116.75,102.9
2004-05-07,119.05,105.45
2004-05-06,123.7,109.05
2004-05-05,124.2,108.8
2004-05-04,122.85,107.7
2004-05-03,122.55,107.95
2004-04-30,120.75,106.4
2004-04-29,119.25,105.2
2004-04-28,117.65,102.9
2004-04-27,123.8,108.05
2004-04-26,124.25,109.1
2004-04-23,124.3,110.75
2004-04-22,122.55,109.85
2004-04-21,122.75,108.45
2004-04-20,131,115.4
2004-04-19,135.9,119.4
2004-04-16,134.25,118.9
2004-04-15,128.85,115.45
2004-04-14,129.5,116.2
2004-04-13,128,114.7
2004-04-12,128.85,115.2
2004-04-08,130.5,116.8
2004-04-07,130.9,117
2004-04-06,131.9,118.85
2004-04-05,130.95,118.4
2004-04-02,134.7,121.55
2004-04-01,137.1,123.55
2004-03-31,136,123.35
2004-03-30,134.2,121.95
2004-03-29,135.8,122.5
2004-03-26,134.85,122.4
2004-03-25,134.35,122.7
2004-03-24,135.45,123.45
2004-03-23,135.9,123.35
2004-03-22,135.3,122.65
2004-03-19,137.8,124.25
2004-03-18,137.1,123.9
2004-03-17,135.05,122.25
2004-03-16,136.6,123.15
2004-03-15,134.9,123.45
2004-03-12,131.35,120.4
2004-03-11,133.9,122.85
2004-03-10,128.7,119.2
2004-03-09,127.2,117.65
2004-03-08,129.7,117.8
2004-03-05,134.3,121.6
2004-03-04,132.25,119.75
2004-03-03,130.65,118.35
2004-03-02,137.6,125.2
2004-03-01,139.85,126.4
2004-02-27,134.6,122.1
2004-02-26,135.4,122.8
2004-02-25,131.25,118.75
2004-02-24,132.6,122
2004-02-23,131.35,120
2004-02-20,130.85,118.8
2004-02-19,132.95,120.35
2004-02-18,130.15,117.2
2004-02-17,130,116.5
2004-02-13,124.35,113.6
2004-02-12,124.15,112.2
2004-02-11,121.6,111.5
2004-02-10,117.8,109
2004-02-09,118.6,110.6
2004-02-06,118.05,110.35
2004-02-05,117.3,110.4
2004-02-04,117.45,110.4
2004-02-03,116.85,110.15
2004-02-02,114.4,108.2
2004-01-30,114.55,108.2
2004-01-29,112.2,106.35
2004-01-28,113.25,107.75
2004-01-27,111.4,106.25
2004-01-26,111.65,106.45
2004-01-23,112.45,107.15
2004-01-22,112,106.75
2004-01-21,111.75,107.25
2004-01-20,111.75,107.45
2004-01-16,109.4,105.2
2004-01-15,108.4,104.3
2004-01-14,109.4,105.1
2004-01-13,108.55,104.5
2004-01-12,108.25,104.3
2004-01-09,110.35,106.15
2004-01-08,110.85,106.8
2004-01-07,106.65,103.55
2004-01-06,107.05,103.95
2004-01-05,108.7,105.8
2003-12-31,104.55,101.8
2003-12-30,104.3,101.6
2003-12-29,104.35,101.6
2003-12-24,102.3,99.6
2003-12-23,101.8,99.2
2003-12-22,100.65,98.1
2003-12-19,102.4,99.75
2003-12-18,101.5,98.8
2003-12-17,99.65,97.15
2003-12-16,100.4,97.55
2003-12-15,99.45,96.75
2003-12-12,98.8,96.3
2003-12-11,97.85,95.45
2003-12-10,97.95,95.55
2003-12-09,97.9,95.75
2003-12-08,96.8,94.8
2003-12-05,97.1,95.3
2003-12-04,96.5,94.7
2003-12-03,97.9,95.45
2003-12-02,97.4,95.45
2003-12-01,96.1,94.25
2003-11-26,91.4,90.7
2003-11-25,89.45,88.6
2003-11-24,90.45,90.7
2003-11-21,89.45,89.65
2003-11-20,88.35,88.8
2003-11-19,91.75,91.75
2003-11-18,93.2,93
2003-11-17,91.8,91.55
2003-11-14,95.15,94.15
2003-11-13,94.25,93.1
2003-11-12,94.85,93.7
2003-11-11,94.45,93.75
2003-11-10,92.8,91.95
2003-11-07,94.45,93.45
2003-11-06,94,93.7
2003-11-05,95.65,94.9
2003-11-04,95.75,95.5
2003-11-03,93.3,93.3
2003-10-31,93.85,93.85
2003-10-30,93.35,93.45
2003-10-29,91.9,92.3
2003-10-28,90.4,90.95
2003-10-27,90.75,91.1
2003-10-24,89.3,89.85
2003-10-23,90.65,90.9
2003-10-22,91.35,91.3
2003-10-21,90.6,90.5
2003-10-20,91.15,91.05
2003-10-17,89.45,89.55
2003-10-16,89.4,89.6
2003-10-15,89.8,90.25
2003-10-14,87.4,88.05
2003-10-13,88.75,89.2
2003-10-10,86.35,86.8
2003-10-09,85.35,86.15
2003-10-08,85.45,86.55
2003-10-07,84.7,85.8
2003-10-06,83.75,84.85
2003-10-03,83.7,84.8
2003-10-02,83.35,84.45
2003-10-01,82.3,83.45
2003-09-30,81.85,83.05
2003-09-29,82.4,83.4
2003-09-26,82.15,83.15
2003-09-25,83.25,84.05
2003-09-24,82.95,83.75
2003-09-23,82.6,83.4
2003-09-22,83.15,84
2003-09-19,83.1,83.75
2003-09-18,82.9,83.55
2003-09-17,82.55,83.2
2003-09-16,81.7,82.35
2003-09-15,82.2,82.75
2003-09-12,81.6,82.2
2003-09-11,82.85,83.4
2003-09-10,81,82
2003-09-09,82,82.8
2003-09-08,83.05,83.65
2003-09-05,83.35,83.9
2003-09-04,82.05,82.6
2003-09-03,83.2,83.5
2003-09-02,81.75,82.3
2003-08-29,81.05,81.65
2003-08-28,79.55,80.65
2003-08-27,80,80.6
2003-08-26,79.4,80.7
2003-08-25,80.45,81.4
2003-08-22,80.3,81.25
2003-08-21,80.25,81.05
2003-08-20,80.5,81.1
2003-08-19,80.25,80.75
2003-08-18,79.6,80.1
2003-08-15,79.15,79.6
2003-08-14,79.85,80.2
2003-08-13,79.2,79.8
2003-08-12,78.9,79.4
2003-08-11,80.65,80.75
2003-08-08,80.15,80.25
2003-08-07,81.5,81.45
2003-08-06,80.45,80.3
2003-08-05,80.85,80.85
2003-08-04,80.95,80.85
2003-08-01,81.85,81.5
2003-07-31,82.05,81.8
2003-07-30,80.2,80.3
2003-07-29,80.6,80.85
2003-07-28,80.75,80.85
2003-07-25,79.8,80
2003-07-24,79.35,80
2003-07-23,77.9,78.9
2003-07-22,77.25,78.35
2003-07-21,77.65,78.55
2003-07-18,78.7,79.55
2003-07-17,78.2,79
2003-07-16,79.3,80
2003-07-15,79.4,80.15
2003-07-14,79.8,80.6
2003-07-11,78,79
2003-07-10,78.15,79.2
2003-07-09,78.1,79.15
2003-07-08,76.85,78.1
2003-07-07,77.1,78.35
2003-07-03,75.1,76.35
2003-07-02,76.15,77.4
2003-07-01,75.1,76.5
2003-06-30,75.3,76.75
2003-06-27,76.2,77.6
2003-06-26,75.7,77.15
2003-06-25,75.85,77.6
2003-06-24,76.8,78.55
2003-06-23,76.7,78.4
2003-06-20,77.4,79.05
2003-06-19,78.15,79.85
2003-06-18,77.8,79.45
2003-06-17,78.1,79.75
2003-06-16,76.1,77.8
2003-06-13,76.1,77.8
2003-06-12,77.4,79.05
2003-06-11,76.75,78.45
2003-06-10,76.7,78.35
2003-06-09,77,78.65
2003-06-06,78.3,79.85
2003-06-05,78.25,79.75
2003-06-04,78.05,79.55
2003-06-03,78.4,79.85
2003-06-02,79,80.45
2003-05-30,78.25,79.75
2003-05-29,77.25,78.8
2003-05-28,77,78.55
2003-05-27,77.8,79.3
2003-05-23,76.7,78.2
2003-05-22,76.8,78.3
2003-05-21,77.1,78.6
2003-05-20,76.35,77.9
2003-05-19,76.35,77.9
2003-05-16,76.15,77.75
2003-05-15,76.1,77.75
2003-05-14,76.1,77.75
2003-05-13,76.45,78.1
2003-05-12,75.2,76.9
2003-05-09,73.85,75.5
2003-05-08,74.1,75.75
2003-05-07,73.5,75.25
2003-05-06,72.4,74.15
2003-05-05,71.8,73.6
2003-05-02,71.9,73.7
2003-05-01,72.95,74.65
2003-04-30,73.1,74.85
2003-04-29,72.9,74.75
2003-04-28,71.9,73.8
2003-04-25,71.9,73.8
2003-04-24,71.55,73.6
2003-04-23,72.35,74.35
2003-04-22,72.15,73.95
2003-04-21,72.9,74.7
2003-04-17,73.75,75.55
2003-04-16,73.4,75.3
2003-04-15,73.4,75.35
2003-04-14,72.45,74.4
2003-04-11,72.55,74.6
2003-04-10,71.45,73.5
2003-04-09,71.9,74
2003-04-08,72.25,74.35
2003-04-07,72.85,74.95
2003-04-04,71.8,73.9
2003-04-03,71.1,73.2
2003-04-02,71.85,73.9
2003-04-01,72.45,74.45
2003-03-31,71.45,73.45
2003-03-28,72.8,74.65
2003-03-27,73.15,74.8
2003-03-26,75.25,76.9
2003-03-25,77.1,78.7
2003-03-24,76.85,78.45
2003-03-21,77.9,79.4
2003-03-20,76.8,78.3
2003-03-19,77.75,79.2
2003-03-18,76.45,78
2003-03-17,77.15,78.75
2003-03-14,75.45,77.05
2003-03-13,75.2,76.9
2003-03-12,75.7,77.4
2003-03-11,76.55,78.1
2003-03-10,75.6,77.2
2003-03-07,76.95,78.5
2003-03-06,75.5,77.1
2003-03-05,76.45,78.15
2003-03-04,78.1,79.5
2003-03-03,79.25,80.65
2003-02-28,78.1,79.5
2003-02-27,79.4,80.6
2003-02-26,80.2,81.6
2003-02-25,77.95,79.85
2003-02-24,78.65,80.35
2003-02-21,77.75,79.7
2003-02-20,75.2,77.5
2003-02-19,74.6,76.9
2003-02-18,74,76.4
2003-02-14,75.55,77.8
2003-02-13,75,77.15
2003-02-12,77.1,79.2
2003-02-11,77.55,79.55
2003-02-10,77.55,79.6
2003-02-07,76.35,78.45
2003-02-06,76.8,78.9
2003-02-05,77.9,79.95
2003-02-04,77.95,80
2003-02-03,78.9,80.9
2003-01-31,79.45,81.6
2003-01-30,79.05,81.2
2003-01-29,76.5,78.65
2003-01-28,75.7,78
2003-01-27,76,78.4
2003-01-24,76.85,79.15
2003-01-23,77,79.05
2003-01-22,77.3,79.45
2003-01-21,76.9,79.05
2003-01-17,75.8,78.1
2003-01-16,76.1,78.4
2003-01-15,76.5,78.8
2003-01-14,76,78.3
2003-01-13,75.25,77.55
2003-01-10,74.45,76.8
2003-01-09,75.05,77.3
2003-01-08,74.65,76.95
2003-01-07,73.6,76
2003-01-06,73.9,76.2
2003-01-03,73.15,75.4
2003-01-02,71.8,74.1
2002-12-31,70.25,72.5
2002-12-30,70.4,72.65
2002-12-27,70.65,72.9
2002-12-26,70.3,72.55
2002-12-24,70.9,73.15
2002-12-23,72.05,74.3
2002-12-20,71.8,74.05
2002-12-19,72.05,74.2
2002-12-18,72.45,74.5
2002-12-17,73.2,75.15
2002-12-16,73,74.9
2002-12-13,73.15,75.2
2002-12-12,74.05,75.95
2002-12-11,74.4,76.2
2002-12-10,74.5,76.45
2002-12-09,73.85,75.85
2002-12-06,74.9,76.8
2002-12-05,74.8,76.6
2002-12-04,76.15,77.85
2002-12-03,76.15,77.65
2002-12-02,76.5,78
2002-11-27,75.75,#N/A
2002-11-26,72.85,77.5
2002-11-25,73.6,75.3
2002-11-22,73.65,76
2002-11-21,73.95,75.95
2002-11-20,73.9,76.25
2002-11-19,72.7,76.15
2002-11-18,72.8,75.05
2002-11-15,71.85,75.25
2002-11-14,71.2,74.4
2002-11-13,71.75,73.75
2002-11-12,72.1,74.3
2002-11-11,72.1,74.7
2002-11-08,71.6,74.7
2002-11-07,71.55,74.3
2002-11-06,73.05,74.1
2002-11-05,72.55,75.5
2002-11-04,72.85,75
2002-11-01,72.6,75.3
2002-10-31,71.7,75.05
2002-10-30,70.35,74.15
2002-10-29,70.4,72.85
2002-10-28,71.35,73
2002-10-25,71.45,73.8
2002-10-24,70.3,73.9
2002-10-23,69.45,72.9
2002-10-22,69.75,72
2002-10-21,70.35,72.3
2002-10-18,69.25,72.9
2002-10-17,69.7,71.9
2002-10-16,67.5,72.35
2002-10-15,67.65,70.2
2002-10-14,67.1,70.4
2002-10-11,68.35,69.9
2002-10-10,67.1,71.15
2002-10-09,66.4,70
2002-10-08,66.45,69.3
2002-10-07,66.5,69.35
2002-10-04,66.2,69.4
2002-10-03,66.8,69.1
2002-10-02,67.6,69.7
2002-10-01,67.05,70.45
2002-09-30,66.6,69.9
2002-09-27,66.7,69.5
2002-09-26,67.9,69.6
2002-09-25,67.7,70.7
2002-09-24,67.25,70.5
2002-09-23,67.75,70.05
2002-09-20,68.25,70.55
2002-09-19,67.7,71.05
2002-09-18,67.8,70.55
2002-09-17,68.85,70.65
2002-09-16,68.9,71.65
2002-09-13,70,71.7
2002-09-12,70.5,72.8
2002-09-11,70.7,73.35
2002-09-10,70.9,73.5
2002-09-09,69.75,73.7
2002-09-06,68.25,72.55
2002-09-05,67.65,70.95
2002-09-04,68.2,70.35
2002-09-03,68.35,70.9
2002-08-30,69.55,71.05
2002-08-29,69.35,72.25
2002-08-28,69.25,72.05
2002-08-27,69.75,71.95
2002-08-26,68.85,72.45
2002-08-23,68.55,71.7
2002-08-22,68.5,71.4
2002-08-21,67.6,71.35
2002-08-20,68.25,70.5
2002-08-19,67.45,71.1
2002-08-16,67.5,70.3
2002-08-15,68.25,70.4
2002-08-14,67,71.1
2002-08-13,67.6,69.9
2002-08-12,67.85,70.45
2002-08-09,67.8,70.75
2002-08-08,67.5,70.7
2002-08-07,67.15,70.5
2002-08-06,67.55,70.15
2002-08-05,67.2,70.55
2002-08-02,68.2,70.4
2002-08-01,68.5,71.1
2002-07-31,68.1,71.35
2002-07-30,69.25,71.05
2002-07-29,69.85,72.2
2002-07-26,69.05,72.75
2002-07-25,69,72.05
2002-07-24,69.65,72
2002-07-23,69.8,72.65
2002-07-22,70.55,72.8
2002-07-19,71.9,73.5
2002-07-18,73.25,74.8
2002-07-17,73.55,75.95
2002-07-16,74.35,76.05
2002-07-15,74,76.75
2002-07-12,74.5,76.4
2002-07-11,75.1,77.05
2002-07-10,75.85,77.6
2002-07-09,76.15,78.25
2002-07-08,76.2,78.5
2002-07-03,75.5,78.55
2002-07-02,76.25,#N/A
2002-07-01,77.45,77.95
2002-06-28,77.45,78.5
2002-06-27,76,79.55
2002-06-26,75.1,79.55
2002-06-25,74.95,78.2
2002-06-24,74.05,77.7
2002-06-21,74.3,77.6
2002-06-20,75.15,76.85
2002-06-19,75.75,76.95
2002-06-18,76,77.75
2002-06-17,76.1,78.35
2002-06-14,76.5,78.6
2002-06-13,76.6,78.65
2002-06-12,76.4,79.05
2002-06-11,76.5,79.1
2002-06-10,78.05,78.95
2002-06-07,78,78.9
2002-06-06,77.9,80.4
2002-06-05,78.35,80.3
2002-06-04,78.6,80.05
2002-06-03,77.55,80.45
2002-05-31,76.4,80.7
2002-05-30,75.2,79.9
2002-05-29,75.1,78.75
2002-05-28,75.7,77.5
2002-05-24,73.9,77.35
2002-05-23,73.6,77.95
2002-05-22,72.8,76.25
2002-05-21,72.75,75.95
2002-05-20,72.6,75.2
2002-05-17,72.85,75.05
2002-05-16,73.85,74.75
2002-05-15,74.75,75.05
2002-05-14,74.5,75.95
2002-05-13,73.75,76.85
2002-05-10,73.85,76.45
2002-05-09,73,75.6
2002-05-08,73.3,75.7
2002-05-07,72.6,74.85
2002-05-06,71.5,75.15
2002-05-03,72.4,74.6
2002-05-02,73.55,73.6
2002-05-01,72.9,74.4
2002-04-30,73.9,75.6
2002-04-29,74.05,75.15
2002-04-26,74.25,76.05
2002-04-25,72.95,76.2
2002-04-24,73.55,76.45
2002-04-23,73.15,75.6
2002-04-22,74.35,76.2
2002-04-19,73.3,75.7
2002-04-18,72.7,76.85
2002-04-17,73.65,75.85
2002-04-16,72.6,75.3
2002-04-15,71.6,76.35
2002-04-12,71.7,75.4
2002-04-11,72.3,74.6
2002-04-10,72.45,74.7
2002-04-09,72.7,75.1
2002-04-08,72.3,75.2
2002-04-05,72.3,75.45
2002-04-04,73.25,75.1
2002-04-03,74.25,75.05
2002-04-02,76.35,75.8
2002-04-01,76.45,76.8
2002-03-28,76.35,78.9
2002-03-27,75.15,79.2
2002-03-26,74.55,79.1
2002-03-25,73.75,77.85
2002-03-22,74.85,77.25
2002-03-21,76.25,76.4
2002-03-20,76.6,77.2
2002-03-19,77.05,78.5
2002-03-18,76.45,78.8
2002-03-15,75.05,79.3
2002-03-14,74.5,78.65
2002-03-13,74.05,77.3
2002-03-12,74.15,77
2002-03-11,74.6,76.55
2002-03-08,75.25,76.7
2002-03-07,74.8,77.1
2002-03-06,75.05,77.7
2002-03-05,74.05,77.2
2002-03-04,74.15,77.4
2002-03-01,73.25,76.45
2002-02-28,72.05,76.5
2002-02-27,71.35,75.6
2002-02-26,70.15,74.5
2002-02-25,70.6,74.35
2002-02-22,70,73.15
2002-02-21,71.45,73.55
2002-02-20,70.9,72.8
2002-02-19,70.75,74.25
2002-02-15,73.4,73.7
2002-02-14,74.45,73.55
2002-02-13,75.15,76.15
2002-02-12,73.25,77.15
2002-02-11,72.75,77.8
2002-02-08,73.35,76.3
2002-02-07,73.7,75.65
2002-02-06,72.9,76.2
2002-02-05,73.25,76.45
2002-02-04,72.85,75.7
2002-02-01,73.65,76
2002-01-31,73.35,75.65
2002-01-30,69.7,76.5
2002-01-29,69.9,76.15
2002-01-28,70.05,72.7
2002-01-25,71.15,72.9
2002-01-24,71.55,73
2002-01-23,70.85,74.1
2002-01-22,70.25,74.45
2002-01-18,69.85,73.85
2002-01-17,70.8,73.25
2002-01-16,70.85,72.85
2002-01-15,70.15,73.8
2002-01-14,70.8,73.85
2002-01-11,70.85,73.15
2002-01-10,70.55,73.75
2002-01-09,71.55,73.8
2002-01-08,70.85,73.5
2002-01-07,71.5,74.5
2002-01-04,67.45,73.85
2002-01-03,66.4,74.5
2002-01-02,65.8,70.65
2001-12-31,65.9,69.7
2001-12-28,67.75,69.1
2001-12-27,68.7,69.15
2001-12-26,69.25,70.9
2001-12-21,68.55,71.85
2001-12-20,67.95,72.4
2001-12-19,67.9,71.7
2001-12-18,69,71.1
2001-12-17,68.2,71
2001-12-14,67.9,72.1
2001-12-13,67.8,71.35
2001-12-12,67.9,71.05
2001-12-11,68.9,70.75
2001-12-10,68.5,70.75
2001-12-07,68.55,71.65
2001-12-06,69.65,71.2
2001-12-05,70.3,71.15
2001-12-04,70.9,72.2
2001-12-03,71.4,72.85
2001-11-30,73.2,73.4
2001-11-29,72.4,73.9
2001-11-28,70.5,75.6
2001-11-27,70.35,74.95
2001-11-26,68.3,73.6
2001-11-21,67.7,73.45
2001-11-20,67.3,71.25
2001-11-19,68.3,70.65
2001-11-16,68.2,70.25
2001-11-15,67.25,71.25
2001-11-14,67.7,71.1
2001-11-13,67.7,70.15
2001-11-12,65.8,70.5
2001-11-09,64.1,70.35
2001-11-08,61.5,68.5
2001-11-07,60.6,66.85
2001-11-06,61.6,64.3
2001-11-05,61.6,63.5
2001-11-02,61.4,64.5
2001-11-01,62.05,64.55
2001-10-31,62.5,64.3
2001-10-30,63.75,64.9
2001-10-29,63.1,65.3
2001-10-26,63.5,66.6
2001-10-25,62.6,66
2001-10-24,62.25,66.4
2001-10-23,63,65.5
2001-10-22,62.5,65.15
2001-10-19,62.35,65.75
2001-10-18,63.2,65.4
2001-10-17,63.9,65.3
2001-10-16,64.4,66.15
2001-10-15,63.95,66.65
2001-10-12,64.05,67.1
2001-10-11,64.15,66.65
2001-10-10,64,66.75
2001-10-09,64.15,66.85
2001-10-08,64.35,66.75
2001-10-05,64.05,66.9
2001-10-04,64.45,67.1
2001-10-03,64.25,66.8
2001-10-02,65,67.3
2001-10-01,65.05,67.05
2001-09-28,65.2,67.95
2001-09-27,65.65,67.9
2001-09-26,65.75,68.05
2001-09-25,65.35,68.5
2001-09-24,65.9,68.6
2001-09-21,66.1,68.25
2001-09-20,65.25,68.8
2001-09-19,65.4,69.05
2001-09-18,65.7,68.25
2001-09-17,65.65,68.35
2001-09-14,66.3,68.65
2001-09-11,66.15,68.6
2001-09-10,65.7,69.3
2001-09-07,65.8,68.7
2001-09-06,66.6,68.8
2001-09-05,67.75,69.6
2001-09-04,67.9,70.65
2001-08-31,68.7,70.95
2001-08-30,68.95,71.65
2001-08-29,70.35,71.95
2001-08-28,69.9,73.35
2001-08-27,69.45,73.2
2001-08-24,68.3,72.95
2001-08-23,68.45,71.75
2001-08-22,67.75,72.15
2001-08-21,67.15,71.45
2001-08-20,67.65,70.95
2001-08-17,68.6,71.4
2001-08-16,66.8,72.35
2001-08-15,65.85,70.65
2001-08-14,66.55,69.9
2001-08-13,65.7,70.5
2001-08-10,66.2,69.7
2001-08-09,66.65,70.2
2001-08-08,66.15,70.65
2001-08-07,66.9,70.15
2001-08-06,67.1,70.9
2001-08-03,67.7,70.95
2001-08-02,68.15,71.6
2001-08-01,68.75,72.1
2001-07-31,68.25,72.4
2001-07-30,67.85,72.05
2001-07-27,67.85,71.65
2001-07-26,68.55,71.7
2001-07-25,68.75,72.35
2001-07-24,68.55,72.65
2001-07-23,68.8,72.45
2001-07-20,70,72.6
2001-07-19,69.6,73.65
2001-07-18,70.65,73.25
2001-07-17,71.9,74.15
2001-07-16,70.95,75.15
2001-07-13,70.7,74.5
2001-07-12,70.55,74.2
2001-07-11,71.35,74.05
2001-07-10,71.8,74.85
2001-07-09,70.95,75.2
2001-07-06,71.1,74.45
2001-07-05,70.6,75
2001-07-03,71.4,74.55
2001-07-02,72.1,74.8
2001-06-29,71.35,75.6
2001-06-28,71.7,75.05
2001-06-27,73.05,75.35
2001-06-26,71.8,76.55
2001-06-25,71.4,76
2001-06-22,71.45,75.5
2001-06-21,72.15,75.55
2001-06-20,71.55,76.1
2001-06-19,72.55,75.45
2001-06-18,72.05,76.65
2001-06-15,71.95,76.4
2001-06-14,72.7,76
2001-06-13,72.45,76.6
2001-06-12,72.8,76.55
2001-06-11,73.15,76.9
2001-06-08,73.05,77.05
2001-06-07,75,77.2
2001-06-06,75.35,78.6
2001-06-05,76.15,78.7
2001-06-04,75.2,79.4
2001-06-01,75.2,78.65
2001-05-31,75.75,78.4
2001-05-30,76.25,78.85
2001-05-29,76.7,79.4
2001-05-25,79.25,79.3
2001-05-24,79.35,81.3
2001-05-23,79.05,81.5
2001-05-22,79.15,81.05
2001-05-21,80.3,81.1
2001-05-18,78.75,82
2001-05-17,76.85,80.6
2001-05-16,75.65,79.35
2001-05-15,75.5,78.55
2001-05-14,75.5,78.35
2001-05-11,76.35,78.25
2001-05-10,75.95,79.05
2001-05-09,76.35,78.5
2001-05-08,76.85,78.6
2001-05-07,78.65,79.1
2001-05-04,78.55,80.6
2001-05-03,79.15,80.5
2001-05-02,79.65,80.95
2001-05-01,78.4,81.35
2001-04-30,77.7,80.25
2001-04-27,76.95,79.7
2001-04-26,76.8,78.9
2001-04-25,76.5,78.7
2001-04-24,76.15,79
2001-04-23,75.8,78.7
2001-04-20,77.5,78.4
2001-04-19,77.3,79.95
2001-04-18,78.5,79.85
2001-04-17,76.45,81
2001-04-16,76.9,79
2001-04-12,76.7,79.2
2001-04-11,76.55,79.15
2001-04-10,76.95,78.9
2001-04-09,76,79.35
2001-04-06,75.05,78.35
2001-04-05,76.85,77.5
2001-04-04,76.6,78.6
2001-04-03,76.6,78.3
2001-04-02,76.05,78.25
2001-03-30,76.4,77.8
2001-03-29,77.55,78.05
2001-03-28,77.3,79.1
2001-03-27,79.2,78.75
2001-03-26,78.45,80.45
2001-03-23,78.6,79.85
2001-03-22,78.4,79.85
2001-03-21,79.25,79.75
2001-03-20,80.1,80.65
2001-03-19,79.8,81.45
2001-03-16,79.2,81.2
2001-03-15,81.05,80.7
2001-03-14,81.3,82.1
2001-03-13,81.95,82.35
2001-03-12,82.85,83.05
2001-03-09,83.25,83.95
2001-03-08,82.65,84.15
2001-03-07,84,83.7
2001-03-06,84.85,84.4
2001-03-05,83.8,84.85
2001-03-02,82.8,84.25
2001-03-01,82.4,83.4
2001-02-28,81.6,82.65
2001-02-27,80.95,81.75
2001-02-26,80.45,81.35
2001-02-23,79.6,82.1
2001-02-22,80.1,81.15
2001-02-21,80.05,81.65
2001-02-20,82.05,81.5
2001-02-16,82.5,83
2001-02-15,82.8,82.95
2001-02-14,82.2,83.1
2001-02-13,82.45,82.7
2001-02-12,81.75,82.7
2001-02-09,82,82.1
2001-02-08,82.95,82.1
2001-02-07,82.85,82.5
2001-02-06,83.05,82.3
2001-02-05,82.5,82.8
2001-02-02,84.15,82.4
2001-02-01,84.7,83.5
2001-01-31,84.55,84
2001-01-30,84.1,83.6
2001-01-29,83.25,83.75
2001-01-26,84,83.1
2001-01-25,83.7,83.6
2001-01-24,83.5,83.3
2001-01-23,84.85,83.1
2001-01-22,84.75,83.95
2001-01-19,84.75,83.75
2001-01-18,86.15,83.6
2001-01-17,82.75,84.75
2001-01-16,82.3,82.2
2001-01-12,84.15,82.1
2001-01-11,83.05,83.25
2001-01-10,82.6,82.55
2001-01-09,82.5,82.45
2001-01-08,82.85,82.25
2001-01-05,82.45,82.1
2001-01-04,81.1,82.3
2001-01-03,81.7,81.25
2001-01-02,81.15,81.55
2000-12-29,84.3,81.8
2000-12-28,84.95,83.75
2000-12-27,84.75,84.2
2000-12-26,86.25,83.9
2000-12-22,85.65,84.75
2000-12-21,85.35,84.35
2000-12-20,85.9,84.05
2000-12-19,86.95,84.6
2000-12-18,87.35,85.2
2000-12-15,87.2,85.5
2000-12-14,89.15,85.5
2000-12-13,88.3,87.25
2000-12-12,88.5,86.7
2000-12-11,89.15,86.9
2000-12-08,89.1,87.25
2000-12-07,88.1,87.05
2000-12-06,87.75,86.45
2000-12-05,86.9,86.3
2000-12-04,86.2,85.6
2000-12-01,85.85,85.15
2000-11-30,84.55,84.85
2000-11-29,85.8,83.65
2000-11-28,85.2,84.7
2000-11-27,84.2,85.15
2000-11-22,82.1,84.65
2000-11-21,82.8,82.9
2000-11-20,82.5,83.6
2000-11-17,82.45,83.5
2000-11-16,82,82.95
2000-11-15,82.7,82.5
2000-11-14,82.75,83.1
2000-11-13,82.1,82.7
2000-11-10,83.85,82.15
2000-11-09,84.05,83.45
2000-11-08,83.6,83.55
2000-11-07,83.05,83.4
2000-11-06,82.75,82.95
2000-11-03,83.85,82.6
2000-11-02,83.8,83.65
2000-11-01,83.6,83.6
2000-10-31,84.85,83.5
2000-10-30,84.45,84.25
2000-10-27,84.4,84.5
2000-10-26,83.15,84.25
2000-10-25,85.25,83.65
2000-10-24,86.55,85.05
2000-10-23,86.75,85.8
2000-10-20,86.2,86.2
2000-10-19,87.3,85.3
2000-10-18,87.2,86.3
2000-10-17,88.3,86.35
2000-10-16,89.4,87.15
2000-10-13,89.25,87.6
2000-10-12,88.2,87.3
2000-10-11,90.2,86.8
2000-10-10,90.55,88.05
2000-10-09,89.65,88.35
2000-10-06,90.6,87.45
2000-10-05,91.1,87.65
2000-10-04,89.9,88.35
2000-10-03,90.25,88
2000-10-02,89.9,88.45
2000-09-29,92.05,88.85
2000-09-28,91.9,90.05
2000-09-27,92.15,90.3
2000-09-26,92.35,90.2
2000-09-25,93.5,90.55
2000-09-22,92.8,91.2
2000-09-21,93.4,90.75
2000-09-20,91.05,91.4
2000-09-19,93.05,89.85
2000-09-18,92.75,91
2000-09-15,92.95,90.7
2000-09-14,93.5,90.85
2000-09-13,93.55,91.4
2000-09-12,93.6,91.4
2000-09-11,92.05,91.65
2000-09-08,91.8,90.15
2000-09-07,91.2,89.9
2000-09-06,90.8,89.9
2000-09-05,91.25,89.85
2000-09-01,89.75,90.3
2000-08-31,89.5,89.05
2000-08-30,89.7,88.3
2000-08-29,88.95,87.8
2000-08-28,87.15,87.35
2000-08-25,87.4,86.05
2000-08-24,86.2,86.2
2000-08-23,85.65,86.3
2000-08-22,85.75,85.85
2000-08-21,85.4,85.8
2000-08-18,86.5,85.4
2000-08-17,86.9,85.8
2000-08-16,86.65,86.15
2000-08-15,87.05,85.95
2000-08-14,86.7,86.3
2000-08-11,85.95,85.85
2000-08-10,86.45,85.1
2000-08-09,87.35,85.6
2000-08-08,86.15,86.4
2000-08-07,87.1,85.6
2000-08-04,87.3,86.45
2000-08-03,86.9,86.1
2000-08-02,87,86
2000-08-01,87.35,86.25
2000-07-31,87.45,86.65
2000-07-28,86.85,86.9
2000-07-27,87.15,86.15
2000-07-26,86.1,86.45
2000-07-25,87,85.9
2000-07-24,86.85,86.25
2000-07-21,86.7,86
2000-07-20,84.8,85.75
2000-07-19,84.7,84.25
2000-07-18,84.7,83.9
2000-07-17,84.6,83.85
2000-07-14,82.9,83.65
2000-07-13,82.95,82
2000-07-12,83.2,81.95
2000-07-11,82.6,82.25
2000-07-10,82.1,81.7
2000-07-07,81.35,81.3
2000-07-06,81.15,80.65
2000-07-05,82.25,80.55
2000-06-30,82.4,81.2
2000-06-29,81.85,81.35
2000-06-28,82.85,80.95
2000-06-27,81.75,81.9
2000-06-26,82.3,82.3
2000-06-23,81.05,82.6
2000-06-22,81.75,81.55
2000-06-21,82.45,82.1
2000-06-20,81.3,83
2000-06-19,82.8,82
2000-06-16,82.4,83.4
2000-06-15,81.8,83.35
2000-06-14,80.9,82.9
2000-06-13,80.15,82.3
2000-06-12,79.45,81.5
2000-06-09,79.8,80.8
2000-06-08,79.75,80.95
2000-06-07,79.45,80.8
2000-06-06,80.45,80.6
2000-06-05,80.2,81.3
2000-06-02,79.3,81.2
2000-06-01,81.15,80.35
2000-05-31,81.45,82
2000-05-30,81.15,82.2
2000-05-26,83.55,82.1
2000-05-25,83.25,83.85
2000-05-24,83.85,83.65
2000-05-23,83.45,84.15
2000-05-22,83.1,83.8
2000-05-19,84.25,83.4
2000-05-18,84.5,84.45
2000-05-17,84.3,84.65
2000-05-16,85.1,84.7
2000-05-15,84.05,85.5
2000-05-12,84.45,84.55
2000-05-11,83,84.55
2000-05-10,82.85,83.75
2000-05-09,83.05,83.5
2000-05-08,83.55,83.6
2000-05-05,84.05,83.7
2000-05-04,81.95,84.45
2000-05-03,81.85,83.45
2000-05-02,82.15,83.6
2000-05-01,80,83.9
2000-04-28,79.6,82.25
2000-04-27,79.65,81.85
2000-04-26,78.3,82.3
2000-04-25,78.95,81.6
2000-04-24,76.6,82.25
2000-04-20,76.6,80.05
2000-04-19,76.9,80.05
2000-04-18,76.45,80.45
2000-04-17,74.35,79.85
2000-04-14,75.35,77.85
2000-04-13,77,78.85
2000-04-12,77.75,80.25
2000-04-11,78,81
2000-04-10,77.55,81.2
2000-04-07,76.85,80.8
2000-04-06,76.35,80
2000-04-05,79.1,79.6
2000-04-04,79.3,82.15
2000-04-03,80.25,82.1
2000-03-31,80.5,83
2000-03-30,80.75,83.3
2000-03-29,80.7,83.6
2000-03-28,80.4,83.75
2000-03-27,80.25,83.45
2000-03-24,81.1,83.4
2000-03-23,81.8,84.1
2000-03-22,81.7,84.6
2000-03-21,81.85,84.45
2000-03-20,80.75,84.5
2000-03-17,81.45,83.4
2000-03-16,81.95,84.05
2000-03-15,81.1,84.35
2000-03-14,80.3,83.65
2000-03-13,79,83.1
2000-03-10,79.15,81.95
2000-03-09,79.9,82.15
2000-03-08,78.95,83
2000-03-07,79.45,82.05
2000-03-06,80.45,82.55
2000-03-03,80.3,83.45
2000-03-02,79.7,83.15
2000-03-01,80.3,82.75
2000-02-29,79.8,83.35
2000-02-28,79.4,83.05
2000-02-25,81.5,82.6
2000-02-24,83.4,85.15
2000-02-23,83.9,87.15
2000-02-22,82.75,87.5
2000-02-18,83.2,86.45
2000-02-17,83.6,86.85
2000-02-16,82.8,87.2
2000-02-15,82.7,86.5
2000-02-14,84.4,86.45
2000-02-11,84.5,87.9
2000-02-10,84.95,88
2000-02-09,82.2,88.35
2000-02-08,82,85.75
2000-02-07,82.7,85.5
2000-02-04,82.75,86.2
2000-02-03,82.6,86.3
2000-02-02,82.25,86.15
2000-02-01,84.3,85.85
2000-01-31,84.95,87.75
2000-01-28,83.5,88.45
2000-01-27,84.45,87
2000-01-26,84.15,87.8
2000-01-25,84.25,87.45
2000-01-24,85.65,87.7
2000-01-21,87.3,88.65
2000-01-20,87.3,90.05
2000-01-19,88.25,90.2
2000-01-18,86.6,90.9
2000-01-14,86.25,89.5
2000-01-13,85.65,89.2
2000-01-12,86.6,88.7
2000-01-11,84.35,89.3
2000-01-10,84.65,87.45
2000-01-07,85.4,87.45
2000-01-06,85.3,87.95
2000-01-05,85.65,87.8
2000-01-04,84.8,88.15
1999-12-30,86.3,87.3
1999-12-29,85.85,88.75
1999-12-28,85.2,88.3
1999-12-27,85.15,87.6
1999-12-23,85.25,87.55
1999-12-22,85.35,87.55
1999-12-21,83.3,87.65
1999-12-20,84.65,85.95
1999-12-17,84.5,87.25
1999-12-16,84.05,87.15
1999-12-15,83.95,86.8
1999-12-14,80.85,86.8
1999-12-13,80.15,84
1999-12-10,79.6,83.3
1999-12-09,80.4,82.8
1999-12-08,79.95,83.6
1999-12-07,80.25,83.05
1999-12-06,81.5,83.4
1999-12-03,81.3,84.6
1999-12-02,79.95,84.4
1999-12-01,80.65,83
1999-11-30,81.8,83.9
1999-11-29,81.4,84.7
1999-11-24,80.7,84.35
1999-11-23,78.5,83.65
1999-11-22,79,82.6
1999-11-19,78.55,82.95
1999-11-18,78.25,82.55
1999-11-17,78.3,82.55
1999-11-16,78.35,82.55
1999-11-15,78.2,82.5
1999-11-12,77.25,82.45
1999-11-11,78.05,81.25
1999-11-10,79.05,81.95
1999-11-09,80.45,82.85
1999-11-08,79.85,84.15
1999-11-05,80.05,83.45
1999-11-03,81.15,83.55
1999-11-02,81.4,#N/A
1999-11-01,80.5,84.3
1999-10-29,80.55,84.7
1999-10-28,80.7,83.9
1999-10-27,79.75,83.95
1999-10-26,79.8,83.9
1999-10-25,80.95,83.45
1999-10-22,81.75,83.2
1999-10-21,81.25,83.9
1999-10-20,81.3,84.65
1999-10-19,79.1,84
1999-10-18,79.6,83.95
1999-10-15,78.95,82
1999-10-14,79,82.5
1999-10-13,79.55,82.15
1999-10-12,78.7,82.55
1999-10-11,75.9,82.9
1999-10-08,76.75,82.4
1999-10-07,80.5,80.1
1999-10-06,80.55,80.6
1999-10-05,81,83.4
1999-10-04,80.65,83.8
1999-10-01,81.5,83.85
1999-09-30,82.65,83.45
1999-09-29,81.05,84.1
1999-09-28,81.7,85.05
1999-09-27,79.7,83.45
1999-09-24,80.15,83.9
1999-09-23,81.5,82
1999-09-22,82.2,82.45
1999-09-21,83.65,83.35
1999-09-20,82.95,83.9
1999-09-17,84.35,85
1999-09-16,82.3,84.3
1999-09-15,82.9,85.65
1999-09-14,80.85,83.75
1999-09-13,82.15,84.4
1999-09-10,82.85,82.4
1999-09-09,83.35,83.45
1999-09-08,82.2,83.95
1999-09-07,82.65,84.25
1999-09-03,80.8,83.15
1999-09-02,81.05,83.5
1999-09-01,80.7,82.3
1999-08-31,79.2,82.55
1999-08-30,76.1,82.3
1999-08-27,76.7,81.05
1999-08-26,74.85,78.15
1999-08-25,75.25,78.6
1999-08-24,75.55,77.45
1999-08-23,73.9,77.9
1999-08-20,74.05,78.1
1999-08-19,74.75,76.5
1999-08-18,74.55,76.55
1999-08-17,77.05,76.95
1999-08-16,77.5,76.75
1999-08-13,77.6,78.95
1999-08-12,77.1,79.55
1999-08-11,77.75,79.7
1999-08-10,76.75,79
1999-08-09,77.75,79.8
1999-08-06,77.7,78.7
1999-08-05,77.4,79.65
1999-08-04,76.15,79.7
1999-08-03,75.6,79.55
1999-08-02,74.8,78.6
1999-07-30,76.25,78
1999-07-29,73.35,76.9
1999-07-28,74.5,78.6
1999-07-27,75.4,75.4
1999-07-26,74.7,76.55
1999-07-23,74.6,77.45
1999-07-22,75.4,77.05
1999-07-21,74.75,77
1999-07-20,76.95,77.75
1999-07-19,77.9,77.05
1999-07-16,78.3,78.75
1999-07-15,79.9,79.65
1999-07-14,77.7,79.95
1999-07-13,76.2,81.45
1999-07-12,77.9,79.65
1999-07-09,78.1,78.45
1999-07-08,78.15,80
1999-07-07,78.6,80.1
1999-07-06,76.2,80.5
1999-07-02,76.5,81.1
1999-07-01,76,78.55
1999-06-30,76.65,78.8
1999-06-29,71.6,78.3
1999-06-28,69.7,78.9
1999-06-25,69,74.65
1999-06-24,66.35,73.4
1999-06-23,66,72.95
1999-06-22,66.4,70.45
1999-06-21,66,70.3
1999-06-18,65.4,70.7
1999-06-17,63.25,70.3
1999-06-16,62.95,69.65
1999-06-15,63.25,67.6
1999-06-14,64.9,67.35
1999-06-11,64.55,67.55
1999-06-10,64,69.1
1999-06-09,63.85,68.85
1999-06-08,63.6,68.4
1999-06-07,63,68.25
1999-06-04,62,68.05
1999-06-03,62.4,67.25
1999-06-02,62.3,66.35
1999-06-01,63.5,66.65
1999-05-28,62.8,66.55
1999-05-27,63.15,67.65
1999-05-26,66.45,66.85
1999-05-25,67.35,67.25
1999-05-24,67.15,70.05
1999-05-21,67.1,70.85
1999-05-20,67.9,70.55
1999-05-19,68.7,70.55
1999-05-18,70.75,71.3
1999-05-17,71.3,72.1
1999-05-14,71.9,73.7
1999-05-13,71.6,74.2
1999-05-12,71,74.75
1999-05-11,72.2,74.45
1999-05-10,72.25,73.85
1999-05-07,72.25,75
1999-05-06,72.85,75.05
1999-05-05,72.2,75.05
1999-05-04,72.7,75.15
1999-05-03,73.3,74.55
1999-04-30,72.75,75.3
1999-04-29,72.55,75.9
1999-04-28,70.9,75.45
1999-04-27,70.55,75.2
1999-04-26,70.3,73.65
1999-04-23,70.65,73.3
1999-04-22,70.55,73.05
1999-04-21,69.1,73.2
1999-04-20,68.65,73.75
1999-04-19,70.4,72.5
1999-04-16,68.95,72.05
1999-04-15,67.15,73.8
1999-04-14,65.05,72.2
1999-04-13,65.65,70.7
1999-04-12,63.55,68.7
1999-04-09,64.55,69.2
1999-04-08,64.45,67.3
1999-04-07,64.65,68.2
1999-04-06,62.75,68.05
1999-04-05,63,68.2
1999-04-01,62.85,66.55
1999-03-31,62.75,66.8
1999-03-30,62.2,66.5
1999-03-29,62.45,66.4
1999-03-26,65.15,65.8
1999-03-25,65.85,66
1999-03-24,65.2,68.55
1999-03-23,65.6,69.2
1999-03-22,64.5,68.75
1999-03-19,61.75,69.15
1999-03-18,61.65,68.1
1999-03-17,62.3,65.5
1999-03-16,61.85,65.5
1999-03-15,61.75,66.05
1999-03-12,62.45,65.6
1999-03-11,63.1,65.5
1999-03-10,63.4,66.05
1999-03-09,63.1,66.7
1999-03-08,62.65,67
1999-03-05,63.4,66.75
1999-03-04,63.3,66.25
1999-03-03,63.4,66.8
1999-03-02,63,66.75
1999-03-01,62.4,66.9
1999-02-26,63.25,66.6
1999-02-25,63.4,66
1999-02-24,61.95,66.75
1999-02-23,61.85,67.05
1999-02-22,61.35,66.3
1999-02-19,61.9,66.05
1999-02-18,61.75,65.6
1999-02-17,62.75,66.1
1999-02-16,62.55,66.25
1999-02-12,65.5,67.1
1999-02-11,66.25,66.9
1999-02-10,66.25,69.4
1999-02-09,66.75,70.15
1999-02-08,68.45,70.55
1999-02-05,66.6,70.8
1999-02-04,65.8,72.4
1999-02-03,64.8,70.7
1999-02-02,64.85,70.1
1999-02-01,64.6,68.95
1999-01-29,64.5,69.05
1999-01-28,64.35,68.9
1999-01-27,64.4,68.4
1999-01-26,64.95,68.45
1999-01-25,65.35,68.6
1999-01-22,65.7,69
1999-01-21,65.85,69.4
1999-01-20,66,69.7
1999-01-19,66.9,70
1999-01-15,66.3,70.2
1999-01-14,65.8,71.05
1999-01-13,66.45,70.5
1999-01-12,66.95,70.05
1999-01-11,67.2,70.65
1999-01-08,65.9,71.05
1999-01-07,65.25,71.3
1999-01-06,65.3,70.15
1999-01-05,64.7,69.6
1999-01-04,65.4,69.7
1998-12-31,67.2,69.15
1998-12-30,66.9,69.85
1998-12-29,67.7,71.55
1998-12-28,66.6,71.25
1998-12-24,66.1,71.9
1998-12-23,66.1,70.8
1998-12-22,66.8,70.25
1998-12-21,66.45,70.3
1998-12-18,66.35,70.9
1998-12-17,66.65,70.3
1998-12-16,68.1,70.25
1998-12-15,67,70.55
1998-12-14,66.4,71.95
1998-12-11,66.6,70.85
1998-12-10,68.1,70.25
1998-12-09,68.5,70.5
1998-12-08,68.05,71.75
1998-12-07,68.05,72.15
1998-12-04,68.65,71.8
1998-12-03,68.8,71.8
1998-12-02,70.25,72.4
1998-12-01,71.3,72.65
1998-11-30,71.45,73.8
1998-11-25,71.9,74.7
1998-11-24,71,74.75
1998-11-23,71.1,75.2
1998-11-20,72.2,74.65
1998-11-19,71.15,74.75
1998-11-18,71.75,75.75
1998-11-17,71.55,74.5
1998-11-16,70.4,75.05
1998-11-13,71.05,74.8
1998-11-12,72,74
1998-11-11,71.85,74.4
1998-11-10,71.4,75.3
1998-11-09,72.45,75.15
1998-11-06,73.1,74.7
1998-11-05,73.2,75.65
1998-11-04,73.1,76.25
1998-11-03,72.55,76.45
1998-11-02,72.8,76.5
1998-10-30,72.4,75.85
1998-10-29,71.45,76
1998-10-28,70.75,75.4
1998-10-27,71.35,74.85
1998-10-26,71.85,74.2
1998-10-23,72.55,74.65
1998-10-22,72.8,75.2
1998-10-21,73.05,75.75
1998-10-20,73.5,76
1998-10-19,73.85,76
1998-10-16,74.55,76.45
1998-10-15,72.6,76.85
1998-10-14,72.7,77.55
1998-10-13,73.1,76.1
1998-10-12,72.75,76.1
1998-10-09,72.35,76.4
1998-10-08,72.3,76.25
1998-10-07,73.1,75.75
1998-10-06,72.15,75.3
1998-10-05,71.5,76
1998-10-02,72.7,75.05
1998-10-01,73.5,74.5
1998-09-30,73.75,75.45
1998-09-29,75.3,76.2
1998-09-28,75.35,76.15
1998-09-25,75.6,77.45
1998-09-24,75.1,77.15
1998-09-23,75.05,77.4
1998-09-22,73.65,77.3
1998-09-21,74.65,77.35
1998-09-18,74.8,76.15
1998-09-17,74.8,76.8
1998-09-16,76.15,76.95
1998-09-15,77.1,76.9
1998-09-14,75.75,77.9
1998-09-11,76.65,78.8
1998-09-10,77.25,77.55
1998-09-09,78.15,78.4
1998-09-08,77.35,78.95
1998-09-04,75.5,79.8
1998-09-03,75.15,78.95
1998-09-02,74.4,77.2
1998-09-01,75.9,76.85
1998-08-31,71.35,76.3
1998-08-28,72.15,77.7
1998-08-27,74.1,73.75
1998-08-26,73.7,74.25
1998-08-25,74.2,75.7
1998-08-24,74.7,75.3
1998-08-21,73.55,75.9
1998-08-20,75.1,76.3
1998-08-19,73.15,75.45
1998-08-18,72.9,76.5
1998-08-17,73.4,74.95
1998-08-14,72.75,74.9
1998-08-13,72.65,75.3
1998-08-12,72.75,74.85
1998-08-11,71.85,74.95
1998-08-10,73.15,75.05
1998-08-07,74.5,74.5
1998-08-06,73.9,75.35
1998-08-05,74,76.4
1998-08-04,73.9,75.7
1998-08-03,75,75.9
1998-07-31,76.95,75.85
1998-07-30,78.35,76.8
1998-07-29,77.95,77.65
1998-07-28,78.85,79.15
1998-07-27,79.15,78.9
1998-07-24,80.7,79.75
1998-07-23,77.8,79.9
1998-07-22,78.2,81
1998-07-21,77.25,78.95
1998-07-20,79.05,79.3
1998-07-17,77.05,78.65
1998-07-16,76.6,79.9
1998-07-15,76.55,78.3
1998-07-14,74.95,78.1
1998-07-13,74.3,78.05
1998-07-10,72.3,76.85
1998-07-09,71.8,76.2
1998-07-08,72.2,74.65
1998-07-07,72.4,74.4
1998-07-06,72.15,74.55
1998-07-02,72.85,74.55
1998-07-01,72.5,74.4
1998-06-30,73.8,74.95
1998-06-29,73.6,74.7
1998-06-26,73.85,75.75
1998-06-25,74.4,75.75
1998-06-24,74.6,75.8
1998-06-23,75.1,75.9
1998-06-22,75.7,76
1998-06-19,75.65,76.7
1998-06-18,74.1,77.3
1998-06-17,74.9,77.25
1998-06-16,73.55,76
1998-06-15,73.3,76.6
1998-06-12,75.4,75.5
1998-06-11,76.35,75.8
1998-06-10,78.05,77.2
1998-06-09,76.35,77.45
1998-06-08,76.5,78.25
1998-06-05,75.85,77.9
1998-06-04,75.5,78.35
1998-06-03,76.6,77.6
1998-06-02,74.75,77.5
1998-06-01,75.95,78.4
1998-05-29,77.5,76.55
1998-05-28,76.85,77.6
1998-05-27,76.3,78.85
1998-05-26,74.9,78.8
1998-05-22,76.35,77.95
1998-05-21,76.45,76.8
1998-05-20,75.95,77.85
1998-05-19,75.6,77.8
1998-05-18,73.75,78.1
1998-05-15,78.35,77.75
1998-05-14,79.05,76.3
1998-05-13,78.6,78.55
1998-05-12,79.3,78.9
1998-05-11,78,78.45
1998-05-08,79.65,79.2
1998-05-07,79.55,78.3
1998-05-06,82,79.3
1998-05-05,84.5,78.95
1998-05-04,85.2,80.6
1998-05-01,85.4,82.1
1998-04-30,83.7,82.85
1998-04-29,84.5,83.05
1998-04-28,85.95,81.75
1998-04-27,85.8,82.15
1998-04-24,84.5,83.15
1998-04-23,85.5,83.25
1998-04-22,85.65,82.95
1998-04-21,84.15,83.85
1998-04-20,83.2,83.8
1998-04-17,83.85,83.05
1998-04-16,83.35,83.2
1998-04-15,85.65,83.7
1998-04-14,81.8,83.4
1998-04-13,82.15,83.5
1998-04-09,81.05,82.9
1998-04-08,78.25,83.65
1998-04-07,77.7,82.4
1998-04-06,76.7,80.75
1998-04-03,76.35,80.65
1998-04-02,77.2,80.2
1998-04-01,76.7,79.85
1998-03-31,79.85,80.45
1998-03-30,79.6,79.8
1998-03-27,79.55,82.3
1998-03-26,79.45,82.1
1998-03-25,78.95,82
1998-03-24,80.1,81.7
1998-03-23,81.65,81.35
1998-03-20,80.05,82.3
1998-03-19,80.15,83.6
1998-03-18,80.85,82.2
1998-03-17,82.5,82.4
1998-03-16,83.1,83.05
1998-03-13,82.8,84.25
1998-03-12,83.7,84.8
1998-03-11,80.55,84.75
1998-03-10,80.7,85.45
1998-03-09,80.05,83.25
1998-03-06,80.4,83.45
1998-03-05,80.45,83.05
1998-03-04,78.75,83.55
1998-03-03,78.45,83.6
1998-03-02,79.85,82.6
1998-02-27,77.05,82.1
1998-02-26,77.2,83.25
1998-02-25,75.95,80.8
1998-02-24,73.5,80.95
1998-02-23,72.75,80.3
1998-02-20,74.15,78
1998-02-19,75.15,77.65
1998-02-18,74.45,78.7
1998-02-17,75.35,79.95
1998-02-13,75.95,79.55
1998-02-12,76.95,80.25
1998-02-11,77.15,80.7
1998-02-10,76.95,81.55
1998-02-09,75.35,81.75
1998-02-06,76.55,81.5
1998-02-05,76.9,80.2
1998-02-04,77.35,81.35
1998-02-03,76.75,81.4
1998-02-02,78.85,81.75
1998-01-30,79.3,80.95
1998-01-29,80.7,82.55
1998-01-28,80.6,82.85
1998-01-27,81.2,84.15
1998-01-26,79.75,84.15
1998-01-23,79.45,84.55
1998-01-22,78.55,83.3
1998-01-21,77.35,83
1998-01-20,77,82.7
1998-01-16,77.25,81.5
1998-01-15,78,81.15
1998-01-14,77.3,81.45
1998-01-13,76.9,82.1
1998-01-12,74.8,81.65
1998-01-09,75.3,81.2
1998-01-08,75.85,79.45
1998-01-07,76.2,80.05
1998-01-06,76.7,80.6
1998-01-05,76.4,80.9
1998-01-02,77.45,81.6
1997-12-31,78.1,81.45
1997-12-30,78.5,82.45
1997-12-29,77.7,83.1
1997-12-26,78.9,83.5
1997-12-24,79.05,82.5
1997-12-23,79.75,83.5
1997-12-22,80.85,83.25
1997-12-19,81,83.9
1997-12-18,81.2,84.95
1997-12-17,80.65,85.2
1997-12-16,79.35,85.15
1997-12-15,80.3,84.7
1997-12-12,81.9,83.55
1997-12-11,81.6,84.55
1997-12-10,82.2,85.1
1997-12-09,82.25,84.7
1997-12-08,82.55,84.9
1997-12-05,81.2,85.2
1997-12-04,82.55,85.2
1997-12-03,81.85,83.6
1997-12-02,83.4,84.8
1997-12-01,83.35,84.25
1997-11-26,86.05,85.4
1997-11-25,85.85,85.2
1997-11-24,84.75,87
1997-11-21,84.8,87
1997-11-20,84.9,85.75
1997-11-19,85.9,85.8
1997-11-18,85.95,87.35
1997-11-17,89.15,87.55
1997-11-14,89,87.5
1997-11-13,88.6,89.75
1997-11-12,88.55,89.6
1997-11-11,89.4,89.35
1997-11-10,90.65,89.4
1997-11-07,89.2,89.95
1997-11-06,89.1,90.8
1997-11-05,90.45,89.55
1997-11-04,90.3,89.3
1997-11-03,90.45,90.6
1997-10-31,90.75,90.4
1997-10-30,90.95,90.45
1997-10-29,91.05,91
1997-10-28,90.5,91
1997-10-27,90.45,91.05
1997-10-24,91.1,91
1997-10-23,93.9,91.25
1997-10-22,95.35,91.4
1997-10-21,94.9,93.2
1997-10-20,96.95,94.25
1997-10-17,95.75,93.9
1997-10-16,95.4,94.8
1997-10-15,97.05,94.7
1997-10-14,95.85,94.55
1997-10-13,94.15,94.85
1997-10-10,94.25,95.35
1997-10-09,95.05,94
1997-10-08,94.25,94
1997-10-07,94.85,94.5
1997-10-06,94.3,94
1997-10-03,93.85,95.15
1997-10-02,93.75,94.8
1997-10-01,96.6,95.45
1997-09-30,97,94.8
1997-09-29,99.45,95.8
1997-09-26,95.2,95.9
1997-09-25,94.75,97.5
1997-09-24,95.8,94.75
1997-09-23,95.2,94.75
1997-09-22,95.45,94.75
1997-09-19,96.35,94.25
1997-09-18,96.5,94.5
1997-09-17,95,95.1
1997-09-16,94.85,95.7
1997-09-15,95.9,94.4
1997-09-12,95.4,95.3
1997-09-11,94.95,95.8
1997-09-10,97.4,95.2
1997-09-09,97.15,94.35
1997-09-08,97.2,95.5
1997-09-05,98.45,95.9
1997-09-04,97.95,95.9
1997-09-03,98,97.1
1997-09-02,96.2,96.4
1997-08-29,99.3,96.3
1997-08-28,97.15,95.2
1997-08-27,99.15,96.35
1997-08-26,98.85,94.45
1997-08-25,98.9,94.65
1997-08-22,99.95,94.25
1997-08-21,99.1,94.9
1997-08-20,98.15,96.4
1997-08-19,97.85,95.9
1997-08-18,96.7,95.05
1997-08-15,100,95.95
1997-08-14,103.8,94.85
1997-08-13,105.15,96.1
1997-08-12,104.85,98.2
1997-08-11,105.2,97.65
1997-08-08,106.1,97.9
1997-08-07,108.1,97.5
1997-08-06,106.2,97.45
1997-08-05,107.2,99.25
1997-08-04,106.2,97.85
1997-08-01,107.25,98.4
1997-07-31,108.9,97.55
1997-07-30,105.9,98.9
1997-07-29,110.75,99.45
1997-07-28,109.7,97.15
1997-07-25,111.45,101.05
1997-07-24,107.8,100.05
1997-07-23,105.6,101.55
1997-07-22,106.85,100
1997-07-21,108.55,98.3
1997-07-18,107.4,98.25
1997-07-17,106.45,99.65
1997-07-16,103.8,98.6
1997-07-15,104.7,98.2
1997-07-14,106.3,97.4
1997-07-11,104.3,98.1
1997-07-10,104.35,97.95
1997-07-09,102.5,96.75
1997-07-08,105.05,95.8
1997-07-07,109.55,93.7
1997-07-03,111.25,95.6
1997-07-02,111.9,99
1997-07-01,110.05,100.65
1997-06-30,112.15,100.3
1997-06-27,111.85,98.25
1997-06-26,110.9,100.15
1997-06-25,108.8,99.75
1997-06-24,110.75,98.9
1997-06-23,118.2,98.6
1997-06-20,118.1,97.85
1997-06-19,122.15,102.5
1997-06-18,121.95,102
1997-06-17,121.2,103.45
1997-06-16,122.2,103.85
1997-06-13,120.6,104.3
1997-06-12,121.35,105
1997-06-11,121.8,103.8
1997-06-10,120.1,103.75
1997-06-09,117.55,103.3
1997-06-06,117.15,102
1997-06-05,117,101.8
1997-06-04,115.65,101.4
1997-06-03,117.1,101.65
1997-06-02,117.15,100.5
1997-05-30,119.1,100.95
1997-05-29,119.25,101.25
1997-05-28,119.45,102.55
1997-05-27,118.4,102.1
1997-05-23,118.75,100.7
1997-05-22,118.95,101.15
1997-05-21,118.2,101.3
1997-05-20,117.85,100.8
1997-05-19,115.85,100.5
1997-05-16,116.2,100.15
1997-05-15,116.4,99.5
1997-05-14,113.8,99.05
1997-05-13,113.1,99
1997-05-12,113.1,98.1
1997-05-09,111.6,97.8
1997-05-08,111.45,97.85
1997-05-07,110.45,97.35
1997-05-06,109.05,97.05
1997-05-05,110.45,97.05
1997-05-02,110.25,95.5
1997-05-01,109.85,96.65
1997-04-30,111.35,96.5
1997-04-29,109.55,96.7
1997-04-28,110.2,98
1997-04-25,110.95,98.6
1997-04-24,109.9,98.55
1997-04-23,110.45,97.95
1997-04-22,109.9,97.45
1997-04-21,107.2,97.75
1997-04-18,106.8,98.6
1997-04-17,105.55,97.75
1997-04-16,105.15,97.85
1997-04-15,106.25,97.45
1997-04-14,105.45,97.05
1997-04-11,106.45,97.85
1997-04-10,107.75,96.95
1997-04-09,107.65,97.25
1997-04-08,106.9,98.1
1997-04-07,104.75,98
1997-04-04,108.3,98
1997-04-03,106.8,96.95
1997-04-02,111.55,98.2
1997-04-01,111.65,96.7
1997-03-31,113,98.95
1997-03-27,111.95,99.15
1997-03-26,110.65,99.55
1997-03-25,112.9,98.5
1997-03-24,110.95,97.65
1997-03-21,112.1,99.1
1997-03-20,110.5,97.9
1997-03-19,108.8,98.2
1997-03-18,108.75,98.5
1997-03-17,109.65,97.5
1997-03-14,111.2,96.15
1997-03-13,109.35,96.7
1997-03-12,108.85,97.05
1997-03-11,110.65,96.8
1997-03-10,109.95,96.5
1997-03-07,111.4,97.95
1997-03-06,112.2,97.25
1997-03-05,110.4,98.2
1997-03-04,113,99.6
1997-03-03,112.75,98.15
1997-02-28,110.9,98.6
1997-02-27,111.35,98.5
1997-02-26,112.65,98
1997-02-25,109.25,98.35
1997-02-24,110.3,100.15
1997-02-21,113.3,98.3
1997-02-20,111.4,98.35
1997-02-19,111.7,98.85
1997-02-18,109.6,98.2
1997-02-14,107.7,98.5
1997-02-13,108.05,97.9
1997-02-12,107.95,96.9
1997-02-11,106,96.7
1997-02-10,107.15,96.7
1997-02-07,107.15,94.8
1997-02-06,108.6,95.5
1997-02-05,108.75,96.1
1997-02-04,104,96.85
1997-02-03,102.45,97.7
1997-01-31,103.75,95.3
1997-01-30,101.2,94
1997-01-29,102.5,94.5
1997-01-28,106.15,93.7
1997-01-27,105.9,94.7
1997-01-24,106.65,96.4
1997-01-23,107.1,95.4
1997-01-22,107.3,95.3
1997-01-21,106.25,94.4
1997-01-20,107.55,95.4
1997-01-17,105.85,94.7
1997-01-16,105.8,95.7
1997-01-15,106.9,94.35
1997-01-14,105.45,94.5
1997-01-13,106.35,95.2
1997-01-10,106.1,93.55
1997-01-09,106.55,94
1997-01-08,104.8,93
1997-01-07,105.15,93.8
1997-01-06,101.55,92.7
1997-01-03,102.3,93.15
1997-01-02,102.15,92.45
1996-12-31,100.25,93
1996-12-30,98.25,93.5
1996-12-27,98.6,93
1996-12-26,99.7,91.05
1996-12-24,98.85,90.3
1996-12-23,98.55,91.2
1996-12-20,99.4,90.35
1996-12-19,100.3,91.45
1996-12-18,98.6,90.9
1996-12-17,96.4,91.4
1996-12-16,96.65,91
1996-12-13,99.3,89.8
1996-12-12,99.7,90
1996-12-11,100.35,91.1
1996-12-10,99.55,91.1
1996-12-09,98.6,91.25
1996-12-06,100.05,90.1
1996-12-05,101.15,90.3
1996-12-04,101.75,90.15
1996-12-03,100.65,92.75
1996-12-02,100.1,93.45
1996-11-27,104.8,93.45
1996-11-26,104.1,91.4
1996-11-25,101.95,92.6
1996-11-22,100.8,93.3
1996-11-21,101.45,92.8
1996-11-20,101.1,92.25
1996-11-19,106.25,92.7
1996-11-18,105.65,93
1996-11-15,101.45,94.1
1996-11-14,95.85,94
1996-11-13,97.9,91.9
1996-11-12,97.95,88.2
1996-11-11,95.6,89.4
1996-11-08,94.35,89.85
1996-11-07,95.55,87.8
1996-11-06,92.65,87.1
1996-11-05,92.05,88.95
1996-11-04,93.45,86.95
1996-11-01,92.65,86.7
1996-10-31,91.3,87.7
1996-10-30,92.8,86.95
1996-10-29,90.4,85.75
1996-10-28,95.45,87.1
1996-10-25,97.15,85.6
1996-10-24,94.95,88.95
1996-10-23,92.95,90.25
1996-10-22,92.45,88.7
1996-10-21,93,88.25
1996-10-18,91.55,88
1996-10-17,90.9,88.6
1996-10-16,88.65,87.55
1996-10-15,90.6,87.2
1996-10-14,90.1,85.95
1996-10-11,91.5,87.6
1996-10-10,92.25,87.3
1996-10-09,90.35,88.3
1996-10-08,91.65,89.15
1996-10-07,88.45,87.6
1996-10-04,89.15,88.65
1996-10-03,88.85,86.35
1996-10-02,89.1,86.85
1996-10-01,87.85,86.85
1996-09-30,90.1,87.3
1996-09-27,91.25,86.7
1996-09-26,90.45,88.55
1996-09-25,89.7,89.75
1996-09-24,89.15,89.5
1996-09-23,87.65,89.2
1996-09-20,87.8,88.85
1996-09-19,90.2,87.4
1996-09-18,89.65,87.75
1996-09-17,87.9,88.95
1996-09-16,86.6,88.45
1996-09-13,86.85,86.8
1996-09-12,85.9,85.75
1996-09-11,87.15,85.6
1996-09-10,90,84.9
1996-09-09,89.85,85.25
1996-09-06,89.8,87.9
1996-09-05,89,87.9
1996-09-04,94.4,87.8
1996-09-03,95.85,86.8
1996-08-30,95.25,90.9
1996-08-29,90.7,92.25
1996-08-28,90.2,91.45
1996-08-27,89.85,87.8
1996-08-26,89.6,87.7
1996-08-23,90,87.4
1996-08-22,89.65,86.8
1996-08-21,89.9,87.2
1996-08-20,89,86.95
1996-08-19,90.95,87.15
1996-08-16,88.85,85.85
1996-08-15,90.55,87.85
1996-08-14,90.7,85.85
1996-08-13,89.35,87.25
1996-08-12,91.2,87.3
1996-08-09,92.1,86.5
1996-08-08,91.5,86.45
1996-08-07,92.5,86.95
1996-08-06,91.95,87.6
1996-08-05,90.2,88.9
1996-08-02,91.45,88.35
1996-08-01,92.45,87.3
1996-07-31,93.2,88.4
1996-07-30,92.2,89.4
1996-07-29,92.15,90
1996-07-26,93.65,89.4
1996-07-25,94.8,89.5
1996-07-24,92.8,90.8
1996-07-23,91.95,91.2
1996-07-22,89.4,90.3
1996-07-19,88.2,89.45
1996-07-18,88.05,88.2
1996-07-17,88.45,87.1
1996-07-16,87.6,87.1
1996-07-15,86.35,87.6
1996-07-12,88.4,86.85
1996-07-11,87.3,86
1996-07-10,89.7,87.55
1996-07-09,90.8,86
1996-07-08,90.55,88
1996-07-03,87.8,89.25
1996-07-02,88.15,89.25
1996-07-01,88.25,88
1996-06-28,90.4,88.1
1996-06-27,89.5,88.05
1996-06-26,87.2,89.6
1996-06-25,83.25,89
1996-06-24,87.2,87
1996-06-21,88.2,83.25
1996-06-20,92.15,85.6
1996-06-19,94.9,86.75
1996-06-18,95,90.75
1996-06-17,93.9,93.1
1996-06-14,93.85,93.5
1996-06-13,104.15,91.55
1996-06-12,105.1,91
1996-06-11,101.3,95.35
1996-06-10,107.95,95.2
1996-06-07,107.1,92.35
1996-06-06,103.65,96.55
1996-06-05,102.05,97.9
1996-06-04,110.7,96
1996-06-03,113.65,97
1996-05-31,115,101.2
1996-05-30,115.5,103.25
1996-05-29,116.2,103.75
1996-05-28,113.6,103.9
1996-05-24,112.65,103.9
1996-05-23,113.65,102
1996-05-22,113.55,101.05
1996-05-21,111.55,101.25
1996-05-20,111.2,102.85
1996-05-17,115.6,103.5
1996-05-16,123.65,103
1996-05-15,123.65,103
1996-05-14,124.1,106.6
1996-05-13,125.55,106.4
1996-05-10,124.5,106.55
1996-05-09,124.95,107
1996-05-08,125.45,106.8
1996-05-07,124.9,106.65
1996-05-06,121.3,106.35
1996-05-03,122.2,106.8
1996-05-02,120.05,106.8
1996-05-01,120.6,106.45
1996-04-30,119.15,106.6
1996-04-29,119.85,107.6
1996-04-26,120.7,106.75
1996-04-25,120.9,106.55
1996-04-24,120.7,107
1996-04-23,119.5,107.6
1996-04-22,122.75,108.05
1996-04-19,123,107.45
1996-04-18,120.6,109.8
1996-04-17,119.6,110.6
1996-04-16,118.4,109.6
1996-04-15,117.75,109.1
1996-04-12,119.4,108.7
1996-04-11,118.8,107.9
1996-04-10,115.4,108.5
1996-04-09,113.05,108.5
1996-04-08,113.35,106.7
1996-04-04,113.35,105.9
1996-04-03,112.65,105.5
1996-04-02,113.55,105.65
1996-04-01,114.55,105.8
1996-03-29,116.5,105.8
1996-03-28,116.25,106.15
1996-03-27,115.6,107.2
1996-03-26,116.2,106.8
1996-03-25,114.9,106.25
1996-03-22,115.15,106.55
1996-03-21,116.9,105.15
1996-03-20,117.1,105.3
1996-03-19,116.85,106.9
1996-03-18,118.05,107.1
1996-03-15,116.95,105.8
1996-03-14,117.2,105.85
1996-03-13,118.85,105.3
1996-03-12,119.65,105.55
1996-03-11,119,105.55
1996-03-08,119.9,106.4
1996-03-07,117.2,106.5
1996-03-06,116.85,107
1996-03-05,116.45,105.5
1996-03-04,117.85,106.05
1996-03-01,116.2,105.8
1996-02-29,115.3,106.35
1996-02-28,112.65,105
1996-02-27,113.9,104.3
1996-02-26,113.25,103.4
1996-02-23,114.2,103.7
1996-02-22,116,103.05
1996-02-21,114.05,104
1996-02-20,113.75,105
1996-02-16,112.5,105.4
1996-02-15,113.65,105.4
1996-02-14,114.1,104.8
1996-02-13,113.4,105.2
1996-02-12,115.8,105.55
1996-02-09,117.2,105.4
1996-02-08,117.2,106
1996-02-07,118.1,106.9
1996-02-06,116.35,106.15
1996-02-05,116.45,106.85
1996-02-02,117.4,106.15
1996-02-01,117.4,106.25
1996-01-31,114.8,106.9
1996-01-30,115.45,105.45
1996-01-29,113.1,104.25
1996-01-26,112.9,104.95
1996-01-25,113.6,104.85
1996-01-24,116.2,105.05
1996-01-23,115.25,105.45
1996-01-22,112.75,107.65
1996-01-19,112.15,106.75
1996-01-18,114.8,104.95
1996-01-17,111.65,104.4
1996-01-16,112.55,106.15
1996-01-15,111.65,103.85
1996-01-12,112.7,104.45
1996-01-11,115.35,104.45
1996-01-10,114.8,105.7
1996-01-09,114.05,108.15
1996-01-08,117.05,107.85
1996-01-05,117.05,106.95
1996-01-04,114.7,107.55
1996-01-03,116.9,107.55
1996-01-02,118.1,105.6
1995-12-29,120.55,109.55
1995-12-28,121.75,111.1
1995-12-27,121.7,111.8
1995-12-26,122,112.35
1995-12-22,122.15,112
1995-12-21,123.6,112.5
1995-12-20,124.05,111.1
1995-12-19,123.3,112.1
1995-12-18,123.15,111.55
1995-12-15,123.9,111.25
1995-12-14,127.45,110.35
1995-12-13,123.65,109.6
1995-12-12,121.55,110
1995-12-11,122.85,111.35
1995-12-08,120.8,110.95
1995-12-07,121.65,112.4
1995-12-06,119.05,110.8
1995-12-05,122.15,111.55
1995-12-04,122.9,109.85
1995-12-01,123,112.75
1995-11-30,123.6,113.5
1995-11-29,124.15,112.7
1995-11-28,124.3,113.4
1995-11-27,131.4,113.65
1995-11-22,131.45,114
1995-11-21,131.75,114.85
1995-11-20,133.15,115.75
1995-11-17,131.5,116.1
1995-11-16,131.55,114.7
1995-11-15,130.2,114.05
1995-11-14,131.8,113.95
1995-11-13,133.5,114.1
1995-11-10,135.05,115.2
1995-11-09,133.55,115.15
1995-11-08,132.1,116.35
1995-11-07,134.05,115.35
1995-11-06,132.3,113.8
1995-11-03,132.95,115
1995-11-02,132.5,115
1995-11-01,128.85,115.3
1995-10-31,124.75,117.5
1995-10-30,123.65,115.5
1995-10-27,123.7,113.25
1995-10-26,125,113.8
1995-10-25,124.4,113.6
1995-10-24,123.95,113.8
1995-10-23,125.35,113.45
1995-10-20,123.05,114.4
1995-10-19,124.85,115.75
1995-10-18,121.1,113.4
1995-10-17,123.85,114.65
1995-10-16,127.05,113.75
1995-10-13,126.6,114.85
1995-10-12,127,116.2
1995-10-11,125.05,116.1
1995-10-10,123.6,116
1995-10-09,126.7,115.05
1995-10-06,127.5,115.3
1995-10-05,127.75,115.5
1995-10-04,130.65,115.5
1995-10-03,129.45,116.35
1995-10-02,130.05,117.75
1995-09-29,131.65,117
1995-09-28,131.35,117.2
1995-09-27,129.8,116.75
1995-09-26,132.2,116.6
1995-09-25,131.45,114.95
1995-09-22,132.3,116.4
1995-09-21,132.6,115.9
1995-09-20,130.15,116.2
1995-09-19,130.55,115.85
1995-09-18,128.75,115.2
1995-09-15,128.75,114.8
1995-09-14,127.7,114.05
1995-09-13,127.9,113.8
1995-09-12,129.15,113.95
1995-09-11,132.35,113.75
1995-09-08,130.7,114.15
1995-09-07,131.75,116.5
1995-09-06,132.5,114.4
1995-09-05,131.5,114.85
1995-09-01,132.05,115.25
1995-08-31,131.95,114.15
1995-08-30,131.15,113.95
1995-08-29,133.6,113.1
1995-08-28,135.3,112.5
1995-08-25,135.7,114.5
1995-08-24,137.4,114
1995-08-23,136.25,112.75
1995-08-22,139.85,114.65
1995-08-21,140.05,113.9
1995-08-18,142.05,116.4
1995-08-17,141.3,115.25
1995-08-16,141.75,116.65
1995-08-15,138.95,115.5
1995-08-14,136.5,117.25
1995-08-11,136.85,116.85
1995-08-10,136.4,114.65
1995-08-09,136.85,114.45
1995-08-08,136.1,114
1995-08-07,137.25,114.65
1995-08-04,139.05,113.85
1995-08-03,139.2,114.25
1995-08-02,139.7,114.45
1995-08-01,134.7,114
1995-07-31,135.3,114.7
1995-07-28,134.45,114.75
1995-07-27,133.1,115.2
1995-07-26,133,114.75
1995-07-25,132.55,113.45
1995-07-24,132,113.45
1995-07-21,131.7,113.65
1995-07-20,133.9,112.75
1995-07-19,134.75,112.75
1995-07-18,138.6,112
1995-07-17,138.75,111.35
1995-07-14,140.6,113.15
1995-07-13,139.35,113.15
1995-07-12,140.55,113.25
1995-07-11,139.1,112.95
1995-07-10,137.25,113.15
1995-07-07,136.8,113.7
1995-07-06,135.85,113.45
1995-07-05,136.15,113.15
1995-06-30,136.7,112.8
1995-06-29,137.15,111.15
1995-06-28,136.7,110.95
1995-06-27,135.3,113.65
1995-06-26,138.45,112.5
1995-06-23,138.8,112.5
1995-06-22,140.9,114.5
1995-06-21,140.8,115
1995-06-20,140.2,117.75
1995-06-19,139.5,120.45
1995-06-16,139.85,119.85
1995-06-15,138.95,118.5
1995-06-14,134.85,120.5
1995-06-13,132.85,120.5
1995-06-12,134.3,118.8
1995-06-09,134.7,118.1
1995-06-08,132,118.05
1995-06-07,133.7,118.4
1995-06-06,132,116.75
1995-06-05,134.05,117.55
1995-06-02,133.85,116.5
1995-06-01,133.5,117.35
1995-05-31,131,117.15
1995-05-30,130.5,116
1995-05-26,131.1,115.2
1995-05-25,129.9,114.9
1995-05-24,130.95,115.1
1995-05-23,128.55,114.1
1995-05-22,124.25,114.95
1995-05-19,125.1,114.55
1995-05-18,124.95,112.6
1995-05-17,124.55,112.95
1995-05-16,125,113.15
1995-05-15,124.55,112.9
1995-05-12,124.95,113.9
1995-05-11,125.4,114.2
1995-05-10,124.25,114.35
1995-05-09,123.85,114.8
1995-05-08,123.1,115.85
1995-05-05,122.6,114.9
1995-05-04,122.45,114
1995-05-03,125.4,113.1
1995-05-02,124.6,112.7
1995-05-01,125.2,113.8
1995-04-28,127.1,113.5
1995-04-27,125.45,113.6
1995-04-26,125.05,114.5
1995-04-25,124.2,114.35
1995-04-24,126.85,114.8
1995-04-21,129.9,114.25
1995-04-20,128.75,116.25
1995-04-19,129.4,118.75
1995-04-18,134.7,118
1995-04-17,135.8,118.5
1995-04-13,135.5,121.15
1995-04-12,135.15,120.75
1995-04-11,136.15,120.3
1995-04-10,136.55,120.1
1995-04-07,137.4,120.15
1995-04-06,136.55,120.25
1995-04-05,137.25,119.75
1995-04-04,137.25,119.25
1995-04-03,138.4,119.9
1995-03-31,136.7,118.8
1995-03-30,138.55,119.5
1995-03-29,137.3,118.15
1995-03-28,137.8,118.65
1995-03-27,138.75,118.2
1995-03-24,138.9,117.8
1995-03-23,138,119.2
1995-03-22,138.3,119.5
1995-03-21,134.4,118.6
1995-03-20,134.95,118.75
1995-03-17,134.25,117
1995-03-16,134.45,117.4
1995-03-15,133.9,117.35
1995-03-14,134.8,116.55
1995-03-13,134.9,117
1995-03-10,133.8,116.05
1995-03-09,133.8,117.35
1995-03-08,134.2,117.75
1995-03-07,132.9,119.2
1995-03-06,131.9,119.9
1995-03-03,132.75,118.35
1995-03-02,131.65,117.1
1995-03-01,131,118.75
1995-02-28,128.55,118
1995-02-27,131.05,118
1995-02-24,130.85,115.3
1995-02-23,130.25,116.75
1995-02-22,131.45,116.65
1995-02-21,133.4,116.7
1995-02-17,133.35,117.35
1995-02-16,134.6,118.4
1995-02-15,133.45,118.6
1995-02-14,134.2,118.4
1995-02-13,132.75,117.15
1995-02-10,134.4,117.7
1995-02-09,131.55,116.75
1995-02-08,130.1,117.5
1995-02-07,129.45,117.3
1995-02-06,131.8,118.3
1995-02-03,131.25,116.6
1995-02-02,133.7,118.8
1995-02-01,132.2,115.85
1995-01-31,136.3,118.2
1995-01-30,137.6,117.3
1995-01-27,138.2,118.7
1995-01-26,139.95,119.4
1995-01-25,138.35,118.35
1995-01-24,141.7,119.25
1995-01-23,140.35,120.05
1995-01-20,141.4,119.2
1995-01-19,142.7,118.75
1995-01-18,139.6,118.5
1995-01-17,138.85,119.85
1995-01-16,135.65,118.15
1995-01-13,137.95,118
1995-01-12,138,115.75
1995-01-11,137.6,115.45
1995-01-10,139.3,115.9
1995-01-09,139.05,114.8
1995-01-06,136.3,114.8
1995-01-05,134.8,115.3
1995-01-04,132.7,113.45
1995-01-03,133.7,113.1
1994-12-30,138.6,112.45
1994-12-29,138.05,111.2
1994-12-28,137.9,110.7
1994-12-27,135.45,110.7
1994-12-23,134.5,110.75
1994-12-22,135.25,110
1994-12-21,135.25,109.15
1994-12-20,133.3,109.8
1994-12-19,134,110.2
1994-12-16,135.85,110
1994-12-15,136.15,109.6
1994-12-14,134.25,108.8
1994-12-13,132.15,108
1994-12-12,133.05,109.05
1994-12-09,132.8,109.15
1994-12-08,133.6,107.8
1994-12-07,129.95,106.5
1994-12-06,131.35,108.8
1994-12-05,131.8,107.9
1994-12-02,134,108.95
1994-12-01,133.95,108.65
1994-11-30,132.25,108.2
1994-11-29,132,108
1994-11-28,127.95,108.45
1994-11-23,126.15,110.25
1994-11-22,132.25,107.55
1994-11-21,136.35,#N/A
1994-11-18,134.55,106.55
1994-11-17,134.55,111.15
1994-11-16,134.35,110.5
1994-11-15,129.05,110.05
1994-11-14,127.5,110.85
1994-11-11,124.45,111.85
1994-11-10,123.35,110
1994-11-09,122.7,113.2
1994-11-08,123.9,112.95
1994-11-07,124.05,112.6
1994-11-04,126.7,112
1994-11-03,123.7,112.3
1994-11-02,126.3,111.95
1994-11-01,125.6,111.7
1994-10-31,122.6,111.3
1994-10-28,123.45,115
1994-10-27,123.35,114.9
1994-10-26,122,112.3
1994-10-25,119.25,113
1994-10-24,117.9,114.45
1994-10-21,116.95,113.1
1994-10-20,117.6,111.35
1994-10-19,118.6,111.25
1994-10-18,114.6,110.2
1994-10-17,113.75,111.75
1994-10-14,114.2,112.6
1994-10-13,113.7,110.3
1994-10-12,114.8,109.2
1994-10-11,114.35,109.3
1994-10-10,114.85,108.6
1994-10-07,114.65,109.7
1994-10-06,116.35,109.55
1994-10-05,115.9,109.75
1994-10-04,115.35,109.45
1994-10-03,114.5,110.85
1994-09-30,112.55,110.4
1994-09-29,116.15,109.85
1994-09-28,118.1,109.4
1994-09-27,118.35,108.25
1994-09-26,118,111.15
1994-09-23,118.75,112.35
1994-09-22,117.5,111.65
1994-09-21,117,111
1994-09-20,117.2,111.5
1994-09-19,117.4,110.7
1994-09-16,117.25,110.6
1994-09-15,114.8,110.95
1994-09-14,115.8,110.65
1994-09-13,115.35,110.65
1994-09-12,116.85,109.15
1994-09-09,114.85,109.8
1994-09-08,114.6,109.4
1994-09-07,114.75,110.55
1994-09-06,114.75,109.8
1994-09-02,114.5,109.1
1994-09-01,114.2,109.05
1994-08-31,115.75,108.95
1994-08-30,113.45,108.7
1994-08-29,112.95,108.4
1994-08-26,111.6,110.55
1994-08-25,109.15,108.4
1994-08-24,109.5,108.4
1994-08-23,107.7,107.55
1994-08-22,106.95,105.95
1994-08-19,108.5,106.2
1994-08-18,109.3,105.05
1994-08-17,109.4,104.75
1994-08-16,108,104.9
1994-08-15,108.6,106.3
1994-08-12,108.45,106.05
1994-08-11,109.85,104.9
1994-08-10,108.95,104.45
1994-08-09,107.25,105.25
1994-08-08,108.6,106.55
1994-08-05,106.85,106.5
1994-08-04,107.4,104.85
1994-08-03,106.65,105.95
1994-08-02,110.15,104.65
1994-08-01,109.65,105
1994-07-29,111.4,104.5
1994-07-28,110.3,107.2
1994-07-27,111.15,106.05
1994-07-26,111.35,106.75
1994-07-25,115.1,105.8
1994-07-22,114.4,107.4
1994-07-21,115.1,108
1994-07-20,115.15,109.4
1994-07-19,116.2,108.9
1994-07-18,112.45,109.5
1994-07-15,112.5,109.5
1994-07-14,112.75,110.25
1994-07-13,110.9,106.8
1994-07-12,110.6,106.7
1994-07-11,110.25,107.05
1994-07-08,109.65,105.8
1994-07-07,110.2,105.45
1994-07-06,111.35,105.1
1994-07-05,112.5,104.4
1994-07-01,111.15,104.4
1994-06-30,108.25,105.35
1994-06-29,107.1,106.3
1994-06-28,106.8,105.45
1994-06-27,111.35,103.75
1994-06-24,112.35,103.6
1994-06-23,113.5,103.25
1994-06-22,113.6,106.85
1994-06-21,111.95,107
1994-06-20,112.3,107.95
1994-06-17,113.85,108.15
1994-06-16,111.3,106.5
1994-06-15,110.3,106.55
1994-06-14,109.95,107.5
1994-06-13,111.6,106.95
1994-06-10,109.3,105.9
1994-06-09,109.45,105.65
1994-06-08,108.55,106.2
1994-06-07,106.8,104.25
1994-06-06,101.95,103.85
1994-06-03,103.1,103.5
1994-06-02,101.9,103
1994-06-01,101,99.4
1994-05-31,103.75,100.45
1994-05-27,103.05,99.4
1994-05-26,102,98.9
1994-05-25,103.3,100.4
1994-05-24,105.55,99.7
1994-05-23,106.35,99.1
1994-05-20,102.45,100
1994-05-19,104.35,100.4
1994-05-18,105.15,99.75
1994-05-17,104.05,97.6
1994-05-16,102,99.1
1994-05-13,101.8,98.3
1994-05-12,98.1,97.5
1994-05-11,98,96.4
1994-05-10,96,95.35
1994-05-09,97.55,94.55
1994-05-06,95.45,94.6
1994-05-05,92.65,93.25
1994-05-04,92.45,94.3
1994-05-03,93.3,92.35
1994-05-02,93,90.6
1994-04-29,91.35,90.9
1994-04-28,91,91.6
1994-04-26,88.85,91.85
1994-04-25,89.15,90.6
1994-04-22,89.45,90.9
1994-04-21,88.7,#N/A
1994-04-20,86.85,88.8
1994-04-19,87.5,88.95
1994-04-18,87.05,89
1994-04-15,87.15,88.7
1994-04-14,86.85,87.55
1994-04-13,87.15,88.3
1994-04-12,87.35,88.05
1994-04-11,87.35,87.75
1994-04-08,86.6,87.35
1994-04-07,86.8,87.75
1994-04-06,85.7,87.9
1994-04-05,87,88.2
1994-04-04,87.8,87.5
1994-03-31,86.75,87.6
1994-03-30,86.45,86.95
1994-03-29,89.35,88.25
1994-03-28,90.65,88.9
1994-03-25,91.3,88.15
1994-03-24,89.8,87.85
1994-03-23,90.9,89.7
1994-03-22,90.95,90.8
1994-03-21,90.7,91.2
1994-03-18,92.2,90.1
1994-03-17,91.8,90.8
1994-03-16,93.15,90.85
1994-03-15,92.05,90.35
1994-03-14,90.9,91.1
1994-03-11,90.85,90.4
1994-03-10,88.95,92.05
1994-03-09,88.45,91.15
1994-03-08,88.75,90.4
1994-03-07,88.5,90.35
1994-03-04,89.55,89.2
1994-03-03,87.55,88.95
1994-03-02,87.25,89.4
1994-03-01,85.9,89.2
1994-02-28,86.65,89.9
1994-02-25,85.8,88.6
1994-02-24,87.2,88.65
1994-02-23,86.45,87.7
1994-02-22,86.75,88.2
1994-02-18,86,87.45
1994-02-17,88.05,88.5
1994-02-16,86.6,87.6
1994-02-15,86.25,87.85
1994-02-14,85,87.2
1994-02-11,84.15,88.75
1994-02-10,85.6,87.45
1994-02-09,86.85,87.4
1994-02-08,87.05,86.05
1994-02-07,89.3,85.35
1994-02-04,89,87
1994-02-03,89.9,87.6
1994-02-02,90.3,87.45
1994-02-01,89.6,89.55
1994-01-31,86.8,89.05
1994-01-28,85.7,89
1994-01-27,86.8,88.9
1994-01-26,86.85,88.8
1994-01-25,86.5,86.6
1994-01-24,86.55,85.95
1994-01-21,85.65,86.75
1994-01-20,86.6,87.2
1994-01-19,86.7,87.15
1994-01-18,86.7,87.2
1994-01-17,85,86.6
1994-01-14,84.5,86.9
1994-01-13,82.95,87.1
1994-01-12,81.35,86.6
1994-01-11,81.2,85.4
1994-01-10,81.2,85.5
1994-01-07,78.6,84
1994-01-06,79.85,83.7
1994-01-05,80.1,83.85
1994-01-04,79.85,83.9
1994-01-03,80.25,81.6
1993-12-30,83.3,82.6
1993-12-29,82.9,82.85
1993-12-28,82.15,82.5
1993-12-27,81.95,82.7
1993-12-23,81.45,#N/A
1993-12-22,81.55,85.5
1993-12-21,82,84.85
1993-12-20,81.3,83.8
1993-12-17,80.4,83.6
1993-12-16,79.4,83.1
1993-12-15,79.19,83.2
1993-12-14,79.44,83.6
1993-12-13,80.59,82.89
1993-12-10,80.19,81.99
1993-12-09,77.24,81.4
1993-12-08,77.6,81.19
1993-12-07,77.54,81.44
1993-12-06,77.45,82.55
1993-12-03,76.59,81.95
1993-12-02,76.64,79.44
1993-12-01,76.55,79.65
1993-11-30,75,79.65
1993-11-29,74.55,79.54
1993-11-24,75.05,79.1
1993-11-23,74.84,79.25
1993-11-22,75.09,78.94
1993-11-19,75,77.79
1993-11-18,73.29,77.35
1993-11-17,73.15,#N/A
1993-11-16,73.35,77.85
1993-11-15,74.09,77.79
1993-11-12,74.75,77.79
1993-11-11,75,77.7
1993-11-10,74.84,76.24
1993-11-09,74.75,76.24
1993-11-08,75.09,76.45
1993-11-05,74.8,77.2
1993-11-04,74.44,77.85
1993-11-03,73.54,77.99
1993-11-02,73.84,77.89
1993-11-01,72.89,77.89
1993-10-29,73.15,78.04
1993-10-28,73,77.6
1993-10-27,72.6,77.35
1993-10-26,72.6,76.55
1993-10-25,73.1,77.05
1993-10-22,72.94,76.09
1993-10-21,73.04,76.24
1993-10-20,73.15,76.09
1993-10-19,73.15,75.7
1993-10-18,73.84,75.95
1993-10-15,75.3,76.45
1993-10-14,75.4,76.3
1993-10-13,76.89,76.39
1993-10-12,75.19,76.74
1993-10-11,76.74,76.74
1993-10-08,75.59,77.39
1993-10-07,75.19,78.6
1993-10-06,75.09,78.7
1993-10-05,75.9,79.9
1993-10-04,75.05,78.39
1993-10-01,75.4,79.69
1993-09-30,74.9,78.85
1993-09-29,76.15,78.45
1993-09-28,76.3,78.39
1993-09-27,78.29,78.94
1993-09-24,78.7,78.04
1993-09-23,77.54,78.45
1993-09-22,78.04,78.14
1993-09-21,78.6,79.75
1993-09-20,77.05,79.69
1993-09-17,78.64,81.19
1993-09-16,81.05,81.65
1993-09-15,82.45,80.8
1993-09-14,82.84,80.8
1993-09-13,82.89,81.59
1993-09-10,82.99,80.54
1993-09-09,82.8,82.05
1993-09-08,85,83.55
1993-09-07,85.85,84.04
1993-09-03,86.65,84.95
1993-09-02,86.75,85.19
1993-09-01,83.85,85
1993-08-31,86,84.79
1993-08-30,85.9,86.19
1993-08-27,85.79,86.34
1993-08-26,84.95,87.25
1993-08-25,85.25,87.25
1993-08-24,86.5,84.6
1993-08-23,86.19,87.05
1993-08-20,84.95,86.94
1993-08-19,84.14,86.84
1993-08-18,83.55,85.9
1993-08-17,84.35,86.25
1993-08-16,84.45,87.4
1993-08-13,83.85,86.79
1993-08-12,84.45,86.84
1993-08-11,83.7,86.04
1993-08-10,83.35,85.44
1993-08-09,83.6,86.1
1993-08-06,85.69,86.19
1993-08-05,86.5,86
1993-08-04,87.19,86.54
1993-08-03,86.34,85.85
1993-08-02,87.5,85.54
1993-07-30,88.3,86.19
1993-07-29,87.65,87.09
1993-07-28,87.4,87.59
1993-07-27,86.9,88.05
1993-07-26,85.6,87.25
1993-07-23,85.65,88.49
1993-07-22,84.54,88.95
1993-07-21,84.2,88.55
1993-07-20,84.89,88.34
1993-07-19,85.14,88.34
1993-07-16,85.35,87.09
1993-07-15,84.2,87.15
1993-07-14,85.65,86.4
1993-07-13,85.14,86
1993-07-12,86.19,86.59
1993-07-09,87.9,86.84
1993-07-08,89.64,86.44
1993-07-07,88.65,85.39
1993-07-06,87.34,86.79
1993-07-02,87.74,86.34
1993-07-01,87.09,87.65
1993-06-30,86.5,89.2
1993-06-29,85.9,89.95
1993-06-28,84.5,89.45
1993-06-25,84.6,88.45
1993-06-24,84.54,88.05
1993-06-23,84.35,87.55
1993-06-22,84.24,87.74
1993-06-21,84.89,88.15
1993-06-18,84.54,87.05
1993-06-17,83.79,86.79
1993-06-16,83.55,86.69
1993-06-15,82.99,86.44
1993-06-14,82.99,86.4
1993-06-11,83.05,86.69
1993-06-10,82.49,86.54
1993-06-09,83.35,85.44
1993-06-08,81.69,85.29
1993-06-07,81.74,84.79
1993-06-04,81.44,84.75
1993-06-03,84.29,84.79
1993-06-02,81.4,84.29
1993-06-01,80.4,85.39
1993-05-28,79.85,83.95
1993-05-27,79.54,83.99
1993-05-26,82.2,83.6
1993-05-25,82.34,86.19
1993-05-24,81.65,84.1
1993-05-21,82.24,83.24
1993-05-20,82.55,82.55
1993-05-19,80.8,82.49
1993-05-18,80.4,85.04
1993-05-17,79.44,85.14
1993-05-14,79.65,84.7
1993-05-13,83.2,85.19
1993-05-12,82.24,85.54
1993-05-11,79.6,83.79
1993-05-10,78.25,83.55
1993-05-07,77.54,82.59
1993-05-06,78.14,82.84
1993-05-05,81.55,86.19
1993-05-04,81.69,85.29
1993-05-03,83.39,82.8
1993-04-30,84.5,81.9
1993-04-29,83.35,81.05
1993-04-28,83.99,81.69
1993-04-27,85.44,85.14
1993-04-26,85.6,85.35
1993-04-23,85.54,87.09
1993-04-22,83.95,88.2
1993-04-21,82.8,87.05
1993-04-20,81.65,87.84
1993-04-19,84.35,88.84
1993-04-16,83.89,88.99
1993-04-15,87.4,88.95
1993-04-14,88.59,87.34
1993-04-13,90.49,86.34
1993-04-12,90.29,85.65
1993-04-08,89.34,88.2
1993-04-07,88.3,88.2
1993-04-06,92.5,91.64
1993-04-05,94.55,92.94
1993-04-02,95.24,94.9
1993-04-01,96.29,94.7
1993-03-31,96.2,93.9
1993-03-30,96.2,92.94
1993-03-29,95.89,96.85
1993-03-26,96.05,98.65
1993-03-25,97.64,99.04
1993-03-24,97,99.9
1993-03-23,97.69,99.75
1993-03-22,97.75,99.59
1993-03-19,97.75,99.34
1993-03-18,97.45,99.44
1993-03-17,96.49,100.69
1993-03-16,97.1,100.04
1993-03-15,96.7,100.79
1993-03-12,98.65,100.84
1993-03-11,97.69,100.94
1993-03-10,96.29,100.74
1993-03-09,95.24,100
1993-03-08,95.7,100.44
1993-03-05,95.49,100
1993-03-04,94.74,101.59
1993-03-03,95.49,101.14
1993-03-02,94.8,99.9
1993-03-01,94.4,99.04
1993-02-26,95.95,99.29
1993-02-25,95.74,99.29
1993-02-24,96.7,98.75
1993-02-23,97.64,99.59
1993-02-22,98.69,98.9
1993-02-19,98.75,98.79
1993-02-18,99,#N/A
1993-02-17,98.94,99.69
1993-02-16,98.75,100.19
1993-02-12,98.5,100.64
1993-02-11,99.25,101.54
1993-02-10,98.94,101.49
1993-02-09,99.69,101.64
1993-02-08,100.5,101.59
1993-02-05,99.89,101.5
1993-02-04,99.94,101.3
1993-02-03,99.25,102
1993-02-02,99.19,101.39
1993-02-01,98.94,101.7
1993-01-29,98.94,102.44
1993-01-28,100.34,101.94
1993-01-27,100.59,101.94
1993-01-26,100.45,101.3
1993-01-25,99.55,100.85
1993-01-22,99.39,100.54
1993-01-21,99.19,100
1993-01-20,98.94,101
1993-01-19,99.19,101.44
1993-01-18,98.59,101.39
1993-01-15,98.8,100.59
1993-01-14,99,100.45
1993-01-13,98.64,100.3
1993-01-12,97.55,100.24
1993-01-11,104.04,100.3
1993-01-08,107.6,99.75
1993-01-07,106.14,99.8
1993-01-06,105.94,100
1993-01-05,106.05,100
1993-01-04,106.4,99.19
1992-12-31,103.6,103.14
1992-12-30,102.84,105.5
1992-12-29,101.79,106
1992-12-28,100.8,106.14
1992-12-24,101.3,106.09
1992-12-23,100.04,106.7
1992-12-22,101.2,104.45
1992-12-21,100.89,104.19
1992-12-18,99.39,104.34
1992-12-17,98.55,103.69
1992-12-16,98.59,104.15
1992-12-15,98.8,103.05
1992-12-14,97.89,103.84
1992-12-11,97.59,103.89
1992-12-10,97.3,102.79
1992-12-09,97.94,102.14
1992-12-08,98.3,102.25
1992-12-07,98.75,102.55
1992-12-04,96.89,101.7
1992-12-03,96.44,101.44
1992-12-02,97,101.09
1992-12-01,96.55,101.7
1992-11-30,97.59,102.34
1992-11-27,98.19,102.75
1992-11-25,95.84,100.94
1992-11-24,95.55,100.74
1992-11-23,95.55,101.2
1992-11-20,95.39,100.85
1992-11-19,95.49,101.94
1992-11-18,95.55,102.55
1992-11-17,95.64,100.39
1992-11-16,95.89,100
1992-11-13,94.69,99.75
1992-11-12,95.39,99.75
1992-11-11,96.59,99.94
1992-11-10,95.59,99.84
1992-11-09,94.8,99.84
1992-11-06,96.34,100
1992-11-05,97.8,98.89
1992-11-04,99.05,99.5
1992-11-03,99.64,100.34
1992-11-02,99.44,99.69
1992-10-30,101.39,99.44
1992-10-29,101.94,100.94
1992-10-28,101.2,102
1992-10-27,100.5,103.05
1992-10-26,100.09,103.75
1992-10-23,99.09,102.9
1992-10-22,100.04,103.95
1992-10-21,100.74,104.74
1992-10-20,100.45,104.3
1992-10-19,99.59,103.89
1992-10-16,100,103.49
1992-10-15,100.59,102.79
1992-10-14,100,103.05
1992-10-13,100.04,103.84
1992-10-12,100.45,103.69
1992-10-09,101.59,103.19
1992-10-08,101.5,103.49
1992-10-07,101.7,103.89
1992-10-06,102.55,103.19
1992-10-05,101.44,103.14
1992-10-02,101.39,103.45
1992-10-01,103.29,103.95
1992-09-30,104.74,103.89
1992-09-29,105.3,103.89
1992-09-28,103.89,104.59
1992-09-25,105.9,104.04
1992-09-24,106.64,103.99
1992-09-23,105.79,104.94
1992-09-22,106.09,105.15
1992-09-21,107.4,105.09
1992-09-18,107.95,104.85
1992-09-17,107.45,106.05
1992-09-16,107.49,106.75
1992-09-15,106.94,105.94
1992-09-14,107.45,105.9
1992-09-11,106,107.14
1992-09-10,106.09,107.4
1992-09-09,108.69,106.99
1992-09-08,109.39,106.94
1992-09-04,111.25,106.25
1992-09-03,110.09,106.7
1992-09-02,111.19,106
1992-09-01,111.19,105.64
1992-08-31,109.5,107.4
1992-08-28,109.85,108.04
1992-08-27,111.45,109.09
1992-08-26,111.49,108.04
1992-08-25,112.3,109.2
1992-08-24,113.7,109.3
1992-08-21,113.3,107.64
1992-08-20,113.65,108.34
1992-08-19,114.55,109.3
1992-08-18,114.9,109.15
1992-08-17,115.4,109.15
1992-08-14,111.29,109.94
1992-08-13,111.64,109.04
1992-08-12,111.34,109.7
1992-08-11,112.65,109.85
1992-08-10,112.65,110.14
1992-08-07,113.8,110.2
1992-08-06,113.35,107.05
1992-08-05,113.04,107.34
1992-08-04,112.59,106.55
1992-08-03,112.04,107.05
1992-07-31,112.5,107.14
1992-07-30,113.35,107.8
1992-07-29,113.5,107.84
1992-07-28,114.59,107.4
1992-07-27,114.59,107.8
1992-07-24,115.05,107.95
1992-07-23,115.4,107.99
1992-07-22,114.99,108.39
1992-07-21,115.34,109.74
1992-07-20,114.84,110.2
1992-07-17,115.2,109.74
1992-07-16,116.14,110.05
1992-07-15,115.75,109.85
1992-07-14,114.14,109.65
1992-07-13,112.65,110.2
1992-07-10,113.35,109.3
1992-07-09,111.6,109.39
1992-07-08,112.69,110.14
1992-07-07,112.95,109.04
1992-07-06,111.55,108.15
1992-07-02,111.49,107.4
1992-07-01,109.2,108.25
1992-06-30,109.5,107.14
1992-06-29,110.44,107.55
1992-06-26,107.34,107.89
1992-06-25,107.69,106.94
1992-06-24,106.84,106.59
1992-06-23,104.8,106.14
1992-06-22,104.39,106.14
1992-06-19,104.74,106.99
1992-06-18,104.39,104.89
1992-06-17,104.19,104.94
1992-06-16,103.54,104.34
1992-06-15,103.45,103.1
1992-06-12,103.4,102.6
1992-06-11,102.95,102.49
1992-06-10,103.29,102.49
1992-06-09,103.99,102.34
1992-06-08,103.84,101.74
1992-06-05,104.19,101.64
1992-06-04,104.39,101.55
1992-06-03,102.09,101.39
1992-06-02,102.34,101.35
1992-06-01,102.29,101.7
1992-05-29,101.09,101.35
1992-05-28,100.85,101.79
1992-05-27,101.39,102.2
1992-05-26,101.55,101
1992-05-22,101.3,101
1992-05-21,100.89,101.2
1992-05-20,100.74,100.3
1992-05-19,100.89,100.04
1992-05-18,100.39,100.19
1992-05-15,100.39,100.09
1992-05-14,100.09,100.24
1992-05-13,100.34,100.09
1992-05-12,100.69,100.39
1992-05-11,101,100.74
1992-05-08,100.74,100.3
1992-05-07,100.45,100.3
1992-05-06,99.75,100.09
1992-05-05,99.39,100.24
1992-05-04,99.94,100.45
1992-05-01,99.25,100.59
1992-04-30,99.84,100.65
1992-04-29,99.5,100.74
1992-04-28,100.19,100.24
1992-04-27,99.75,99.59
1992-04-24,100.15,99.89
1992-04-23,100.09,99.34
1992-04-22,99.55,100.04
1992-04-21,99.5,99.59
1992-04-20,98.55,100.15
1992-04-16,98.94,99.55
1992-04-15,99.55,99.94
1992-04-14,99.39,100.04
1992-04-13,99.34,99.34
1992-04-10,99.89,99.3
1992-04-09,100.74,98.85
1992-04-08,100.34,99.3
1992-04-07,102.4,99.84
1992-04-06,102.7,99.64
1992-04-03,103.05,99.64
1992-04-02,103.49,99.5
1992-04-01,102.7,100.34
1992-03-31,101.64,100.04
1992-03-30,101.3,101.2
1992-03-27,101.15,101.15
1992-03-26,101.44,101.24
1992-03-25,101.2,101.44
1992-03-24,101.59,101.04
1992-03-23,101.35,100.15
1992-03-20,101,99.94
1992-03-19,102.14,100
1992-03-18,102.14,100
1992-03-17,102,99.69
1992-03-16,101.09,99.94
1992-03-13,101.15,100
1992-03-12,100.94,99.5
1992-03-11,101.24,100.3
1992-03-10,101.94,100.3
1992-03-09,100.89,100.45
1992-03-06,101.15,99.5
1992-03-05,101.85,99.3
1992-03-04,102.4,99.25
1992-03-03,102.2,99.39
1992-03-02,102.4,100.04
1992-02-28,102.95,99.14
1992-02-27,103.05,99.3
1992-02-26,102.95,99.5
1992-02-25,102,99.84
1992-02-24,102.14,99.55
1992-02-21,101.09,99.89
1992-02-20,101.55,100.09
1992-02-19,100.94,100.34
1992-02-18,102.25,100.19
1992-02-14,102.4,99.39
1992-02-13,101.9,99.59
1992-02-12,101.64,98.94
1992-02-11,98.59,98.75
1992-02-10,98.25,98.5
1992-02-07,98.44,98.84
1992-02-06,98.14,99.05
1992-02-05,98.3,98.69
1992-02-04,97.55,98.89
1992-02-03,97.59,97.44
1992-01-31,98.59,97.25
1992-01-30,99,97.55
1992-01-29,99.09,97.34
1992-01-28,99,98.09
1992-01-27,98.39,97.44
1992-01-24,98.89,97.5
1992-01-23,97,98.3
1992-01-22,97.59,98.69
1992-01-21,96.94,98.8
1992-01-20,97.14,99.09
1992-01-17,97.3,98.84
1992-01-16,97.05,99.34
1992-01-15,95.85,97.69
1992-01-14,94.69,98.3
1992-01-13,94.8,97.89
1992-01-10,95.05,98.14
1992-01-09,94.35,98
1992-01-08,94.55,97.94
1992-01-07,95.14,97.19
1992-01-06,96.05,96.19
1992-01-03,96.05,96.39
1992-01-02,95.69,96.35
1991-12-31,97.55,95.64
1991-12-30,98.44,95.49
1991-12-27,98.2,95.89
1991-12-26,97.95,96.69
1991-12-24,98,96.6
1991-12-23,97.4,96.35
1991-12-20,96.8,96.74
1991-12-19,97,97.55
1991-12-18,98.1,97.89
1991-12-17,98.15,97.69
1991-12-16,97.85,97.3
1991-12-13,97.75,96.8
1991-12-12,97.8,96.1
1991-12-11,97.8,96.39
1991-12-10,97.35,96.85
1991-12-09,98.65,96.55
1991-12-06,98.9,96.49
1991-12-05,98.5,96.35
1991-12-04,100.55,96.3
1991-12-03,101.6,96.3
1991-12-02,101.7,95.85
1991-11-29,102.6,96.64
1991-11-27,104.25,96.89
1991-11-26,104.65,96.94
1991-11-25,104.35,97.44
1991-11-22,103.1,97.69
1991-11-21,103.45,97.3
1991-11-20,103.6,97.6
1991-11-19,103.75,99.05
1991-11-18,105.1,99.94
1991-11-15,106.25,98.85
1991-11-14,106.25,98.5
1991-11-13,104.35,98.85
1991-11-12,104.6,98.89
1991-11-11,104,98.75
1991-11-08,105.4,99.35
1991-11-07,105.85,99.64
1991-11-06,106.45,99.64
1991-11-05,106.55,98.69
1991-11-04,107.15,99
1991-11-01,106.65,98.75
1991-10-31,106.6,99.6
1991-10-30,107.95,100.04
1991-10-29,107.85,100.1
1991-10-28,106.15,99.75
1991-10-25,105.2,100.34
1991-10-24,105.25,100.54
1991-10-23,105.35,100.3
1991-10-22,104.9,101.2
1991-10-21,104.8,101.64
1991-10-18,104.95,100.3
1991-10-17,105.95,99.39
1991-10-16,104.65,99.35
1991-10-15,104.1,99.39
1991-10-14,104.2,99.14
1991-10-11,105.55,99.1
1991-10-10,104.85,98.94
1991-10-09,106.45,99.64
1991-10-08,106,98.85
1991-10-07,103.55,98.44
1991-10-04,105.1,98.55
1991-10-03,105.15,99.64
1991-10-02,104.45,99.05
1991-10-01,105,100.34
1991-09-30,104.8,100
1991-09-27,106.6,98.35
1991-09-26,109.15,99.35
1991-09-25,110.25,98.94
1991-09-24,107.4,98.64
1991-09-23,110.25,98.94
1991-09-20,110.1,99.05
1991-09-19,107,100
1991-09-18,105.95,100.8
1991-09-17,104.4,101.15
1991-09-16,105.6,99.39
1991-09-13,106.6,99.5
1991-09-12,106.85,99.5
1991-09-11,106.9,98.44
1991-09-10,106.65,98.35
1991-09-09,105.95,97.39
1991-09-06,106.6,99
1991-09-05,103.9,99.35
1991-09-04,103.5,99.25
1991-09-03,104.45,100
1991-08-30,104.3,100.19
1991-08-29,103.7,99.75
1991-08-28,103.65,100.5
1991-08-27,102.9,98.89
1991-08-26,101.15,98.44
1991-08-23,101.1,98.85
1991-08-22,100.8,98.69
1991-08-21,100.65,98.35
1991-08-20,99.1,98.6
1991-08-19,99.15,97.94
1991-08-16,99.65,96.39
1991-08-15,100.85,95.89
1991-08-14,100.8,95.99
1991-08-13,101.35,96.19
1991-08-12,100.8,95.3
1991-08-09,102.9,95.35
1991-08-08,102.35,95.3
1991-08-07,102.55,95.69
1991-08-06,100.8,95.8
1991-08-05,101.45,95.94
1991-08-02,100.75,95.39
1991-08-01,100.8,96.69
1991-07-31,101.3,96.05
1991-07-30,100.4,96.24
1991-07-29,100.7,95.69
1991-07-26,100.55,96.19
1991-07-25,99.25,95.74
1991-07-24,98.85,95.39
1991-07-23,99.25,96.1
1991-07-22,99.4,95.44
1991-07-19,99.6,96.55
1991-07-18,98.7,96.85
1991-07-17,99.15,96.39
1991-07-16,98.65,95.19
1991-07-15,98.3,95.49
1991-07-12,98.65,96.14
1991-07-11,98,96.05
1991-07-10,99.1,95.14
1991-07-09,100.9,95.64
1991-07-08,101.4,95.05
1991-07-05,101.65,94.69
1991-07-03,101.65,94.8
1991-07-02,103.2,94.3
1991-07-01,101.4,95.05
1991-06-28,101,96.49
1991-06-27,100.1,97.05
1991-06-26,102.05,96.69
1991-06-25,101.55,96.69
1991-06-24,100,97.94
1991-06-21,100.9,96.19
1991-06-20,100.8,95.24
1991-06-19,99.25,94.19
1991-06-18,99.05,95.74
1991-06-17,98.75,95.64
1991-06-14,98.95,94.6
1991-06-13,99.15,95.14
1991-06-12,98.75,95.05
1991-06-11,100.7,93.89
1991-06-10,99.2,93.8
1991-06-07,99.6,93.8
1991-06-06,99.7,93.64
1991-06-05,101.2,94.05
1991-06-04,99.4,92.8
1991-06-03,97.3,94.69
1991-05-31,96.85,94.35
1991-05-30,96.65,94.6
1991-05-29,98,94.8
1991-05-28,99.6,95.49
