Date,SP500,Div,Earning,CPI,Rate10y,cpiTR,eqTR,bondTR
1871-01-15,4.44,0.26,0.4,12.46406116,0.053200000000000004,,,
1871-02-15,4.5,0.26,0.4,12.84464132,0.053233333333333334,1.0305342019037396,1.0183283283283282,1.0041748694379986
1871-03-15,4.61,0.26,0.4,13.0349719,0.05326666666666667,1.014817897616467,1.0291443721378646,1.0041776864849437
1871-04-15,4.74,0.26,0.4,12.55922645,0.0533,0.9635023800856832,1.032770592883446,1.0041805035235638
1871-05-15,4.86,0.26,0.4,12.27381157,0.05333333333333334,0.977274485722805,1.0297746175617717,1.0041833205538604
1871-06-15,4.82,0.26,0.4,12.08348099,0.053366666666666666,0.9844929524203214,0.9962647063845773,1.004186137575836
1871-07-15,4.73,0.26,0.4,12.08348099,0.053399999999999996,1.0,0.9859084914570778,1.0041889545894926
1871-08-15,4.79,0.26,0.4,11.8932314,0.05343333333333334,0.9842553987416832,1.017208301885682,1.004191771594832
1871-09-15,4.84,0.26,0.4,12.17864628,0.053466666666666676,1.0239980935711048,1.0149149973832077,1.0041945885918566
1871-10-15,4.59,0.26,0.4,12.36889587,0.053500000000000006,1.0156215712014258,0.9530675141192075,1.004197405580568
1871-11-15,4.64,0.26,0.4,12.36889587,0.053533333333333336,1.0,1.015562786417249,1.0042002225609683
1871-12-15,4.74,0.26,0.4,12.65439174,0.053566666666666665,1.0230817587115801,1.0261227508608566,1.0042030395330597
1872-01-15,4.86,0.2633,0.4025,12.65439174,0.0536,1.0,1.0298312019239115,1.004205856496844
1872-02-15,4.88,0.2667,0.405,12.65439174,0.05378333333333333,1.0,1.008669529616137,1.003048673070934
1872-03-15,5.04,0.27,0.4075,12.84464132,0.05396666666666666,1.015034272994618,1.0372511709601875,1.003065134029333
1872-04-15,5.18,0.2733,0.41,13.13013719,0.05415000000000001,1.0222268464247004,1.0321744959244958,1.0030815936096813
1872-05-15,5.18,0.2767,0.4125,13.13013719,0.05433333333333334,1.0,1.0044514157014157,1.003098051813819
1872-06-15,5.13,0.28,0.415,13.0349719,0.054516666666666665,0.9927521480832296,0.9948958984046704,1.0031145086435835
1872-07-15,5.1,0.2833,0.4175,12.84464132,0.054700000000000006,0.9853984664132647,0.998781131750946,1.0031309641008095
1872-08-15,5.04,0.2867,0.42,12.93980661,0.05488333333333333,1.0074089488082334,0.9929757041705571,1.0031474181873294
1872-09-15,4.95,0.29,0.4225,13.0349719,0.05506666666666667,1.0073544599906505,0.9870250120250121,1.0031638709049724
1872-10-15,4.97,0.2933,0.425,12.74947603,0.055249999999999994,0.9780976996198971,1.0089582444159908,1.0031803222555655
1872-11-15,4.95,0.2967,0.4275,13.13013719,0.05543333333333333,1.0298570042489816,1.0009708046257342,1.0031967722409327
1872-12-15,5.07,0.3,0.43,12.93980661,0.05561666666666667,0.9855042961664592,1.029173390711852,1.003213220862896
1873-01-15,5.11,0.3025,0.4325,12.93980661,0.0558,1.0,1.0128226839897019,1.0032296681232744
1873-02-15,5.15,0.305,0.435,13.22522149,0.05570833333333334,1.0220571209912386,1.0127630637306126,1.0053528193350818
1873-03-15,5.11,0.3075,0.4375,13.22522149,0.055616666666666655,1.0,0.997247686812456,1.0053454729018854
1873-04-15,5.04,0.31,0.44,13.22522149,0.05552499999999999,1.0,0.991427031238675,1.005338126638887
1873-05-15,5.05,0.3125,0.4425,12.93980661,0.05543333333333333,0.9784188960301489,1.0071408926606946,1.0053307805462002
1873-06-15,4.98,0.315,0.445,12.55922645,0.055341666666666664,0.9705884197909199,0.9914096981987356,1.0053234346239392
1873-07-15,4.97,0.3175,0.4475,12.55922645,0.05525,1.0,1.003315576188052,1.0053160888722172
1873-08-15,4.97,0.32,0.45,12.55922645,0.05515833333333333,1.0,1.0053655264922872,1.0053087432911487
1873-09-15,4.59,0.3225,0.4525,12.55922645,0.05506666666666667,1.0,0.9293963673106176,1.0053013978808472
1873-10-15,4.19,0.325,0.455,12.27381157,0.054975,0.977274485722805,0.9193178332059423,1.005294052641427
1873-11-15,4.04,0.3275,0.4575,11.8932314,0.054883333333333326,0.9689925034428405,0.9709558403632725,1.005286707573002
1873-12-15,4.42,0.33,0.46,12.17864628,0.05479166666666666,1.0239980935711048,1.1002811253976077,1.0052793626756866
1874-01-15,4.66,0.33,0.46,12.36889587,0.0547,1.0156215712014258,1.0601999300875848,1.005272017949595
1874-02-15,4.8,0.33,0.46,12.36889587,0.05436666666666667,1.0,1.0357720851216021,1.0071296673531882
1874-03-15,4.73,0.33,0.46,12.36889587,0.05403333333333332,1.0,0.9912306201550389,1.0071057928453284
1874-04-15,4.6,0.33,0.46,12.17864628,0.0537,0.9846187087352366,0.9784941171063515,1.007081926616247
1874-05-15,4.48,0.33,0.46,12.08348099,0.053366666666666666,0.9921858893170842,0.9800514363354039,1.0070580686860835
1874-06-15,4.46,0.33,0.46,11.79806612,0.053033333333333335,0.9763797476707082,1.0017016335682254,1.007034219075029
1874-07-15,4.46,0.33,0.46,11.8932314,0.0527,1.0080661761878649,1.0061659192825112,1.0070103778033284
1874-08-15,4.47,0.33,0.46,11.79806612,0.052366666666666666,0.9919983663985551,1.0083942777460098,1.006986544891279
1874-09-15,4.54,0.33,0.46,11.79806612,0.052033333333333334,1.0,1.0217172239797376,1.0069627203592317
1874-10-15,4.53,0.33,0.46,11.60773554,0.051699999999999996,0.983867645929077,1.0038679970047943,1.0069389042275914
1874-11-15,4.57,0.33,0.46,11.51265124,0.051366666666666665,0.9918085401177222,1.0148475275455147,1.0069150965168148
1874-12-15,4.54,0.33,0.46,11.51265124,0.05103333333333333,1.0,0.9994927173001474,1.006891297247414
1875-01-15,4.54,0.3275,0.4517,11.51265124,0.0507,1.0,1.0060113803230544,1.0068675064399537
1875-02-15,4.53,0.325,0.4433,11.51265124,0.050300000000000004,1.0,1.0037760176081791,1.0073684290704243
1875-03-15,4.59,0.3225,0.435,11.51265124,0.0499,1.0,1.0191001529382906,1.0073408651136502
1875-04-15,4.65,0.32,0.4267,11.60773554,0.0495,1.0082591140839596,1.0188066624499263,1.0073133159006358
1875-05-15,4.47,0.3175,0.4183,11.32232066,0.049100000000000005,0.9754116658657095,0.9672094128118158,1.0072857814745306
1875-06-15,4.38,0.315,0.41,11.13207107,0.0487,0.9831969438321843,0.9858589224970121,1.0072582618786203
1875-07-15,4.39,0.3125,0.4017,11.13207107,0.0483,1.0,1.0082151475437118,1.0072307571563266
1875-08-15,4.41,0.31,0.3933,11.22715537,0.0479,1.008541474394306,1.010413707371078,1.0072032673512084
1875-09-15,4.37,0.3075,0.385,11.13207107,0.0475,0.9915308645096269,0.9967935496090121,1.007175792506961
1875-10-15,4.3,0.305,0.3767,11.13207107,0.04710000000000001,1.0,0.9898925460770226,1.0071483326674189
1875-11-15,4.37,0.3025,0.3683,11.03690579,0.0467,0.9914512511282413,1.0220475670977243,1.0071208878765536
1875-12-15,4.37,0.3,0.36,10.9417405,0.0463,0.991377538975985,1.005720823798627,1.0070934581784752
1876-01-15,4.46,0.3,0.3533,10.84657521,0.045899999999999996,0.9913025455136685,1.0262003468409766,1.0070660436174337
1876-02-15,4.52,0.3,0.3467,10.84657521,0.04578333333333333,1.0,1.0189838882495335,1.0047610865063676
1876-03-15,4.51,0.3,0.34,10.84657521,0.04566666666666666,1.0,1.0033308478700234,1.004751869001319
1876-04-15,4.34,0.3,0.3333,10.75149091,0.04555000000000001,0.9912337029745263,0.968066355359825,1.0047426518735947
1876-05-15,4.18,0.3,0.3267,10.37091074,0.04543333333333333,0.9646021027980388,0.9691145017970144,1.004733435123517
1876-06-15,4.15,0.3,0.32,10.08541488,0.045316666666666665,0.9724714765021689,0.9988470628927193,1.0047242187514085
1876-07-15,4.1,0.3,0.3133,10.08541488,0.0452,1.0,0.9940493682045253,1.0047150027575926
1876-08-15,3.93,0.3,0.3067,10.18058017,0.045083333333333336,1.009435932099206,0.96489790852107,1.0047057871423926
1876-09-15,3.69,0.3,0.3,10.27574545,0.04496666666666667,1.0093477265942497,0.945706365460601,1.004696571906132
1876-10-15,3.67,0.3,0.2933,10.46599504,0.04485,1.018514431962695,1.0013919349002753,1.0046873570491348
1876-11-15,3.6,0.3,0.2867,10.56116033,0.04473333333333333,1.0090928086279698,0.9878708749621556,1.0046781425717257
1876-12-15,3.58,0.3,0.28,10.75149091,0.044616666666666666,1.0180217489416714,1.0014276846679082,1.0046689284742287
1877-01-15,3.55,0.2908,0.2817,10.9417405,0.044500000000000005,1.0176951821466034,0.9984464028116558,1.004659714756969
1877-02-15,3.34,0.2817,0.2833,10.65632562,0.04440833333333333,0.973915038471256,0.9478735135363077,1.0044485225538944
1877-03-15,3.17,0.2725,0.285,10.18058017,0.044316666666666664,0.9553555824995521,0.9562653084997198,1.0044411979834602
1877-04-15,2.94,0.2633,0.2867,10.46599504,0.044225,1.02803522640498,0.934907946880119,1.0044338735978695
1877-05-15,2.94,0.2542,0.2883,10.65632562,0.04413333333333333,1.0181856172559396,1.007205215419501,1.004426549397246
1877-06-15,2.73,0.245,0.29,10.08541488,0.044041666666666666,0.9464251787756462,0.936050061050061,1.0044192253817137
1877-07-15,2.85,0.2358,0.2917,10.18058017,0.043949999999999996,1.009435932099206,1.0508507807981493,1.0044119015513977
1877-08-15,3.05,0.2267,0.2933,9.8,0.04385833333333333,0.9626170450362457,1.0763694276675295,1.004404577906422
1877-09-15,3.24,0.2175,0.295,9.704834711,0.04376666666666667,0.9902892562244897,1.0678892177696824,1.0043972544469113
1877-10-15,3.31,0.2083,0.2967,9.704834711,0.043675000000000005,1.0,1.0268491477378687,1.0043899311729902
1877-11-15,3.26,0.1992,0.2983,9.514585124,0.043583333333333335,0.9803964114108651,0.9899862843586084,1.0043826080847837
1877-12-15,3.25,0.19,0.3,9.514585124,0.043491666666666665,1.0,1.0018043102092182,1.0043752851824161
1878-01-15,3.25,0.1892,0.3008,9.229089256,0.0434,0.969993871064346,1.004851282051282,1.0043679624660127
1878-02-15,3.18,0.1883,0.3017,9.134004959,0.0433,0.9896973260998442,0.9833960248347041,1.0044283052537222
1878-03-15,3.24,0.1875,0.3025,8.94367438,0.0432,0.9791624178162436,1.0236904553924995,1.0044203486650807
1878-04-15,3.33,0.1867,0.3033,8.848509091,0.043100000000000006,0.9893594863859524,1.0324499499499498,1.004412392318388
1878-05-15,3.34,0.1858,0.3042,8.563094215,0.043,0.9677442975912968,1.0076387315459172,1.0044044362138218
1878-06-15,3.41,0.185,0.305,8.372844628,0.0429,0.9777826119597354,1.0254791004501262,1.0043964803515593
1878-07-15,3.48,0.1842,0.3058,8.467928926,0.04279999999999999,1.0113562716405875,1.0249387787777666,1.0043885247317788
1878-08-15,3.45,0.1833,0.3067,8.563094215,0.042699999999999995,1.0112383192905414,0.9958068465767117,1.0043805693546575
1878-09-15,3.52,0.1825,0.3075,8.563094215,0.0426,1.0,1.024610404314888,1.004372614220374
1878-10-15,3.48,0.1817,0.3083,8.467928926,0.0425,0.9888865769065932,0.9929874172762104,1.0043646593291062
1878-11-15,3.47,0.1808,0.3092,8.372844628,0.04239999999999999,0.9887712451496784,1.0014684156480838,1.0043567046810327
1878-12-15,3.45,0.18,0.31,8.18251405,0.0423,0.977268110605623,0.9985841373261496,1.0043487502763315
1879-01-15,3.58,0.1817,0.3158,8.277679339,0.042199999999999994,1.0116303239344882,1.0419106752489675,1.0043407961151813
1879-02-15,3.71,0.1833,0.3217,8.372844628,0.04203333333333333,1.0114966145827406,1.0404300998358655,1.0048773810175509
1879-03-15,3.65,0.185,0.3275,8.277679339,0.041866666666666656,0.9886340553028117,0.988051237553693,1.004864547417337
1879-04-15,3.77,0.1867,0.3333,8.18251405,0.0417,0.9885033854172591,1.0370035911970255,1.0048517149482648
1879-05-15,3.94,0.1883,0.3392,8.18251405,0.041533333333333325,1.0,1.0490754947106689,1.0048388836117192
1879-06-15,3.96,0.19,0.345,8.087381157,0.04136666666666667,0.988373635239893,1.009074458630296,1.0048260534090856
1879-07-15,4.04,0.1917,0.3508,8.18251405,0.041199999999999994,1.0117631271672733,1.0241562281228123,1.0048132243417525
1879-08-15,4.07,0.1933,0.3567,8.18251405,0.041033333333333324,1.0,1.011383564032079,1.004800396411109
1879-09-15,4.22,0.195,0.3625,8.467928926,0.04086666666666666,1.0348810737452996,1.0407057477555106,1.0047875696185466
1879-10-15,4.68,0.1967,0.3683,8.94367438,0.04069999999999999,1.0561820320124873,1.1125072322139857,1.0047747439654593
1879-11-15,4.93,0.1983,0.3742,9.419419835,0.04053333333333333,1.053193512507999,1.056770730396491,1.0047619194532416
1879-12-15,4.92,0.2,0.38,9.704834711,0.04036666666666667,1.0303006852863141,1.0013591363094159,1.0047490960832903
1880-01-15,5.11,0.205,0.3892,9.990330579,0.04019999999999999,1.029417901128847,1.0419610042480074,1.0047362738570054
1880-02-15,5.2,0.21,0.3983,9.990330579,0.039933333333333335,1.0,1.0209779090772242,1.0055485504169652
1880-03-15,5.3,0.215,0.4075,10.08541488,0.03966666666666666,1.009517633100137,1.0226112723754233,1.0055290673621102
1880-04-15,5.18,0.22,0.4167,9.704834711,0.0394,0.9622643021106931,0.9808977441052913,1.005509589015857
1880-05-15,4.77,0.225,0.4258,9.419419835,0.03913333333333333,0.9705904444022632,0.9247802384594837,1.0054901153874405
1880-06-15,4.79,0.23,0.435,9.229089256,0.03886666666666667,0.9797938108361215,1.0081942639058485,1.0054706464861136
1880-07-15,5.01,0.235,0.4442,9.229089256,0.0386,1.0,1.049837867757873,1.0054511823211492
1880-08-15,5.19,0.24,0.4533,9.229089256,0.03833333333333334,1.0,1.0397817082597811,1.00543172290184
1880-09-15,5.18,0.245,0.4625,9.324254545,0.038066666666666665,1.0103114496306482,1.0020146591678383,1.0054122682374977
1880-10-15,5.33,0.25,0.4717,9.324254545,0.0378,1.0,1.0328662218906122,1.005392818337454
1880-11-15,5.61,0.255,0.4808,9.419419835,0.037533333333333335,1.0102062089297026,1.056320711808517,1.0053733732110608
1880-12-15,5.84,0.26,0.49,9.514585124,0.03726666666666667,1.0101030945288576,1.0447082631309061,1.0053539328676884
1881-01-15,6.19,0.265,0.4858,9.419419835,0.037000000000000005,0.9899979570564825,1.0634990889710167,1.0053344973167277
1881-02-15,6.17,0.27,0.4817,9.514585124,0.03693333333333334,1.0101030945288576,1.0004156597010392,1.0036407431280594
1881-03-15,6.24,0.275,0.4775,9.514585124,0.03686666666666667,1.0,1.0150177615356912,1.0036353620020022
1881-04-15,6.22,0.28,0.4733,9.609669421,0.0368,1.0099935305387258,1.0005462115590733,1.003629980951047
1881-05-15,6.5,0.285,0.4692,9.514585124,0.03673333333333334,0.9901053519289423,1.0486699233242642,1.003624599975231
1881-06-15,6.58,0.29,0.465,9.514585124,0.03666666666666667,1.0,1.0159804380017146,1.0036192190745905
1881-07-15,6.35,0.295,0.4608,9.609669421,0.0366,1.0099935305387258,0.9689169837812825,1.0036138382491626
1881-08-15,6.2,0.3,0.4567,9.8,0.036533333333333334,1.0198061526012614,0.9804102108204217,1.0036084574989843
1881-09-15,6.25,0.305,0.4525,10.18058017,0.03646666666666667,1.0388347112244898,1.012131182795699,1.0036030768240927
1881-10-15,6.15,0.31,0.4483,10.27574545,0.0364,1.0093477265942497,0.9882005420054202,1.0035976962245245
1881-11-15,6.19,0.315,0.4442,10.18058017,0.036333333333333336,0.9907388441585033,1.01074477586456,1.003592315700317
1881-12-15,6.01,0.32,0.44,10.18058017,0.03626666666666667,1.0,0.9753578894267944,1.0035869352515066
1882-01-15,5.92,0.32,0.4392,10.18058017,0.0362,1.0,0.9895294629071667,1.0035815548781306
1882-02-15,5.79,0.32,0.4383,10.27574545,0.036208333333333335,1.0093477265942497,0.982646182451882,1.0029467528224154
1882-03-15,5.78,0.32,0.4375,10.27574545,0.03621666666666667,1.0,1.0028864944331894,1.00294745000445
1882-04-15,5.78,0.32,0.4367,10.37091074,0.036225,1.0092611568146619,1.0046136101499423,1.0029481471863368
1882-05-15,5.71,0.32,0.4358,10.46599504,0.03623333333333333,1.009168365477611,0.9925594426500381,1.0029488443680767
1882-06-15,5.68,0.32,0.435,10.56116033,0.036241666666666665,1.0090928086279698,0.9994408952254096,1.002949541549669
1882-07-15,6.0,0.32,0.4342,10.46599504,0.03625,0.9909891255291642,1.0607824726134587,1.002950238731114
1882-08-15,6.18,0.32,0.4333,10.56116033,0.03625833333333334,1.0090928086279698,1.0343149946062569,1.0029509359124114
1882-09-15,6.24,0.32,0.4325,10.27574545,0.03626666666666667,0.9729750452524377,1.013982242137582,1.0029516330935617
1882-10-15,6.07,0.32,0.4317,10.18058017,0.036275,0.9907388441585033,0.9771496008110505,1.0029523302745647
1882-11-15,5.81,0.32,0.4308,10.08541488,0.036283333333333334,0.990652272423488,0.9617561798145747,1.0029530274554201
1882-12-15,5.84,0.32,0.43,9.990330579,0.036291666666666667,0.9905720982100045,1.0097297212332697,1.0029537246361284
1883-01-15,5.81,0.3208,0.4275,9.990330579,0.0363,1.0,0.9994642758902537,1.0029544218166895
1883-02-15,5.68,0.3217,0.425,10.08541488,0.036291666666666667,1.009517633100137,0.9823445618490056,1.0030948864749827
1883-03-15,5.75,0.3225,0.4225,9.990330579,0.036283333333333334,0.9905720982100045,1.0169978567054503,1.0030941947668022
1883-04-15,5.87,0.3233,0.42,9.895165289,0.036275,0.9904742601611161,1.0254592869663977,1.0030935030587687
1883-05-15,5.77,0.3242,0.4175,9.8,0.03626666666666667,0.9903826478668538,0.9876464894591755,1.0030928113508828
1883-06-15,5.82,0.325,0.415,9.514585124,0.03625833333333334,0.9708760330612244,1.0133190049650502,1.0030921196431442
1883-07-15,5.73,0.3258,0.4125,9.324254545,0.03625,0.9799959140078635,0.9892743023695149,1.003091427935553
1883-08-15,5.47,0.3267,0.41,9.324254545,0.036241666666666665,1.0,0.9596019299303514,1.0030907362281087
1883-09-15,5.53,0.3275,0.4075,9.229089256,0.03623333333333333,0.9897937911775444,1.0159041233182697,1.0030900445208122
1883-10-15,5.38,0.3283,0.405,9.229089256,0.036225,1.0,0.9779604181091758,1.003089352813663
1883-11-15,5.46,0.3292,0.4025,9.134004959,0.03621666666666667,0.9896973260998442,1.0198943085002565,1.0030886611066612
1883-12-15,5.34,0.33,0.4,9.229089256,0.036208333333333335,1.0104099239519582,0.9831717907560604,1.0030879693998067
1884-01-15,5.18,0.3283,0.3925,9.229089256,0.0362,1.0,0.9753189847150521,1.0030872776930997
1884-02-15,5.32,0.3267,0.385,9.229089256,0.036116666666666665,1.0,1.0321445082300347,1.0037161063413778
1884-03-15,5.3,0.325,0.3775,9.229089256,0.036033333333333334,1.0,1.001350664396841,1.0037094358992547
1884-04-15,5.06,0.3233,0.37,9.038839669,0.035949999999999996,0.979385876360843,0.9600414211847764,1.0037027656047175
1884-05-15,4.65,0.3217,0.3625,8.848509091,0.03586666666666667,0.9789430297505148,0.9247375649907208,1.003696095457857
1884-06-15,4.46,0.32,0.355,8.848509091,0.035783333333333334,1.0,0.9651188581898837,1.0036894254587643
1884-07-15,4.46,0.3183,0.3475,8.753424793,0.035699999999999996,0.9892542012420248,1.0059473094170404,1.0036827556075292
1884-08-15,4.74,0.3167,0.34,8.753424793,0.035616666666666665,1.0,1.0683481312242593,1.0036760859042424
1884-09-15,4.59,0.315,0.3325,8.658259504,0.03553333333333333,0.9891282222386714,0.9740733846281128,1.0036694163489954
1884-10-15,4.44,0.3133,0.325,8.563094215,0.03545,0.9890087275674706,0.9732005166931639,1.0036627469418788
1884-11-15,4.35,0.3117,0.3175,8.372844628,0.03536666666666667,0.9777826119597354,0.9857009940975457,1.0036560776829833
1884-12-15,4.34,0.31,0.31,8.277679339,0.03528333333333333,0.9886340553028117,1.0036535303776684,1.0036494085724001
1885-01-15,4.24,0.3042,0.3067,8.277679339,0.0352,1.0,0.9829372989305278,1.00364273961022
1885-02-15,4.37,0.2983,0.3033,8.372844628,0.035074999999999995,1.0114966145827406,1.036348783155592,1.0039876463347752
1885-03-15,4.38,0.2925,0.3,8.18251405,0.03495,0.977268110605623,1.0078533980126014,1.003977850422517
1885-04-15,4.37,0.2867,0.2967,8.277679339,0.034825,1.0116303239344882,1.00318409558739,1.0039680550123509
1885-05-15,4.32,0.2808,0.2933,8.087381157,0.034699999999999995,0.9770106844917974,0.9939750190694127,1.0039582601047392
1885-06-15,4.3,0.275,0.29,7.897091074,0.034575,0.9764707413554641,1.0006998277347112,1.003948465700145
1885-07-15,4.46,0.2692,0.2867,7.992232066,0.03445,1.0120475996931626,1.0422391976917997,1.0039386717990317
1885-08-15,4.71,0.2633,0.2833,7.992232066,0.034325,1.0,1.060712339613899,1.0039288784018634
1885-09-15,4.65,0.2575,0.28,7.897091074,0.0342,0.9880958171366493,0.9918758418373171,1.0039190855091038
1885-10-15,4.92,0.2517,0.2767,7.897091074,0.034075,1.0,1.0623277275111458,1.0039092931212183
1885-11-15,5.24,0.2458,0.2733,7.992232066,0.03395000000000001,1.0120475996931626,1.0689496834853847,1.0038995012386716
1885-12-15,5.2,0.24,0.27,8.18251405,0.033825,1.0238083657267016,0.9962125660598943,1.00388970986193
1886-01-15,5.2,0.2383,0.275,7.992232066,0.0337,0.9767452908925955,1.0038189102564103,1.003879918991459
1886-02-15,5.3,0.2367,0.28,7.992232066,0.033825,1.0,1.0229524673439767,1.0017477901380702
1886-03-15,5.19,0.235,0.285,7.897091074,0.03395000000000001,0.9880958171366493,0.9830185649713408,1.0017588320946615
1886-04-15,5.12,0.2333,0.29,7.801941983,0.034075,0.9879513747393309,0.9903097246056117,1.0017698735454486
1886-05-15,5.02,0.2317,0.295,7.611651901,0.0342,0.9756099080953651,0.9843150315405046,1.001780914490896
1886-06-15,5.25,0.23,0.3,7.51650281,0.034325,0.9874995477673514,1.049467526718523,1.00179195493147
1886-07-15,5.33,0.2283,0.305,7.611651901,0.03445,1.0126586916023517,1.0188075136245869,1.0018029948676348
1886-08-15,5.37,0.2267,0.31,7.706792893,0.034575,1.012499388206061,1.0110226916729845,1.001814034299855
1886-09-15,5.51,0.225,0.315,7.706792893,0.034699999999999995,1.0,1.0294736673121831,1.0018250732285943
1886-10-15,5.65,0.2233,0.32,7.706792893,0.034825,1.0,1.0287018587818342,1.001836111654316
1886-11-15,5.79,0.2217,0.325,7.706792893,0.03495,1.0,1.027969607348648,1.001847149577483
1886-12-15,5.64,0.22,0.33,7.801941983,0.035074999999999995,1.0123461329921584,0.977343855265253,1.0018581869985583
1887-01-15,5.58,0.2225,0.3325,7.992232066,0.0352,1.0243900920328082,0.9926845814586035,1.0018692239180031
1887-02-15,5.54,0.225,0.335,8.087381157,0.035324999999999995,1.011905196222314,0.9962160177529341,1.0018802603362795
1887-03-15,5.67,0.2275,0.3375,8.087381157,0.03545,1.0,1.026809325370296,1.0018912962538484
1887-04-15,5.8,0.23,0.34,8.087381157,0.035575,1.0,1.0262322872955056,1.0019023316711708
1887-05-15,5.9,0.2325,0.3425,8.087381157,0.0357,1.0,1.0205252776154297,1.0019133665887066
1887-06-15,5.73,0.235,0.345,7.992232066,0.035825,0.9882348699594005,0.9746041253783734,1.0019244010069155
1887-07-15,5.59,0.2375,0.3475,7.897091074,0.035949999999999996,0.9880958171366493,0.9791077388255641,1.001935434926257
1887-08-15,5.45,0.24,0.35,7.992232066,0.036074999999999996,1.0120475996931626,0.9786250020515009,1.0019464683471895
1887-09-15,5.38,0.2425,0.3525,7.897091074,0.0362,0.9880958171366493,0.9909121590896172,1.0019575012701718
1887-10-15,5.2,0.245,0.355,7.992232066,0.036324999999999996,1.0120475996931626,0.9704690329806501,1.0019685336956619
1887-11-15,5.3,0.2475,0.3575,8.087381157,0.03645,1.011905196222314,1.0231222786647314,1.0019795656241166
1887-12-15,5.27,0.25,0.36,8.277679339,0.036574999999999996,1.0235302600811993,0.9982928168224076,1.001990597055994
1888-01-15,5.31,0.2483,0.3517,8.372844628,0.036699999999999997,1.0114966145827406,1.011486868546094,1.0020016279917496
1888-02-15,5.28,0.2467,0.3433,8.277679339,0.03651666666666666,0.9886340553028117,0.9982439062232497,1.0045942116665831
1888-03-15,5.08,0.245,0.335,8.277679339,0.036333333333333336,1.0,0.9661402409926031,1.0045802570647602
1888-04-15,5.1,0.2433,0.3267,8.18251405,0.03615,0.9885033854172591,1.0079124980700942,1.004566304030968
1888-05-15,5.17,0.2417,0.3183,8.087381157,0.03596666666666667,0.988373635239893,1.0176213638259946,1.004552352567324
1888-06-15,5.01,0.24,0.31,7.992232066,0.035783333333333334,0.9882348699594005,0.9730442403394371,1.0045384026759479
1888-07-15,5.14,0.2383,0.3017,8.087381157,0.03560000000000001,1.011905196222314,1.0298115927677718,1.0045244543589633
1888-08-15,5.25,0.2367,0.2933,8.087381157,0.03541666666666667,1.0,1.0251579210672597,1.0045105076184968
1888-09-15,5.38,0.235,0.285,8.087381157,0.03523333333333333,1.0,1.0284019295450522,1.004496562456678
1888-10-15,5.35,0.2333,0.2767,8.18251405,0.03505,1.0117631271672733,0.9980577482078541,1.0044826188756393
1888-11-15,5.24,0.2317,0.2683,8.277679339,0.03486666666666667,1.0116303239344882,0.9831240487741078,1.0044686768775164
1888-12-15,5.14,0.23,0.26,8.277679339,0.03468333333333333,1.0,0.9846449540103562,1.0044547364644485
1889-01-15,5.24,0.2292,0.2633,7.992232066,0.0345,0.9655160267376962,1.023100291086227,1.0044407976385767
1889-02-15,5.3,0.2283,0.2667,7.897091074,0.034475000000000006,0.9880958171366493,1.0150400043208987,1.003086459441124
1889-03-15,5.19,0.2275,0.27,7.801941983,0.03445,0.9879513747393309,0.9828981410792406,1.003084401026473
1889-04-15,5.18,0.2267,0.2733,7.801941983,0.034425,1.0,1.0017202576234367,1.0030823426158537
1889-05-15,5.32,0.2258,0.2767,7.611651901,0.03440000000000001,0.9756099080953651,1.0305639944455736,1.0030802842092663
1889-06-15,5.41,0.225,0.28,7.611651901,0.034375,1.0,1.0203830972996262,1.0030782258067121
1889-07-15,5.3,0.2242,0.2833,7.611651901,0.034350000000000006,1.0,0.9831924400423162,1.0030761674081918
1889-08-15,5.37,0.2233,0.2867,7.611651901,0.034325,1.0,1.0166727861518101,1.003074109013706
1889-09-15,5.5,0.2225,0.29,7.706792893,0.0343,1.012499388206061,1.0275797782292195,1.0030720506232553
1889-10-15,5.4,0.2217,0.2933,7.706792893,0.034275,1.0,0.9852394781144782,1.003069992236841
1889-11-15,5.35,0.2208,0.2967,7.706792893,0.03425,1.0,0.9941799930771892,1.003067933854463
1889-12-15,5.32,0.22,0.3,7.801941983,0.034225,1.0123461329921584,0.9978386386527067,1.0030658754761228
1890-01-15,5.38,0.22,0.2992,7.611651901,0.0342,0.9756099080953651,1.0146858782644343,1.003063817101821
1890-02-15,5.32,0.22,0.2983,7.611651901,0.03436666666666666,1.0,0.9922936989313433,1.0014395503253226
1890-03-15,5.28,0.22,0.2975,7.611651901,0.03453333333333333,1.0,0.995953425229741,1.0014545468008476
1890-04-15,5.39,0.22,0.2967,7.611651901,0.034699999999999995,1.0,1.0242346938775508,1.00146954208257
1890-05-15,5.62,0.22,0.2958,7.706792893,0.034866666666666664,1.012499388206061,1.0459337730562948,1.0014845361719547
1890-06-15,5.58,0.22,0.295,7.706792893,0.03503333333333333,1.0,0.9961681058857044,1.0014995290704642
1890-07-15,5.54,0.22,0.2942,7.706792893,0.035199999999999995,1.0,0.996140807163283,1.0015145207795597
1890-08-15,5.41,0.22,0.2933,7.992232066,0.03536666666666667,1.0370373483448947,0.9799230822272789,1.0015295113007
1890-09-15,5.32,0.22,0.2925,8.087381157,0.03553333333333333,1.011905196222314,0.9868102557688121,1.0015445006353427
1890-10-15,5.08,0.22,0.2917,8.087381157,0.035699999999999996,1.0,0.9584961419296272,1.0015594887849422
1890-11-15,4.71,0.22,0.2908,7.897091074,0.03586666666666667,0.9764707413554641,0.9310577817900151,1.0015744757509522
1890-12-15,4.6,0.22,0.29,7.897091074,0.036033333333333334,1.0,0.9806309424905381,1.001589461534824
1891-01-15,4.84,0.22,0.2942,7.801941983,0.0362,0.9879513747393309,1.0559617918313573,1.001604446138007
1891-02-15,4.9,0.22,0.2983,7.897091074,0.03618333333333333,1.012195565053845,1.0161381908135156,1.0031565107824778
1891-03-15,4.81,0.22,0.3025,7.992232066,0.03616666666666667,1.0120475996931626,0.9854441568727282,1.0031551328466022
1891-04-15,4.97,0.22,0.3067,8.087381157,0.036149999999999995,1.011905196222314,1.0369528327274806,1.0031537549119063
1891-05-15,4.95,0.22,0.3108,7.992232066,0.03613333333333333,0.9882348699594005,0.9996795588344884,1.0031523769783899
1891-06-15,4.85,0.22,0.315,7.801941983,0.036116666666666665,0.9761906209143352,0.983578048526502,1.0031509990460532
1891-07-15,4.77,0.22,0.3192,7.706792893,0.0361,0.9878044350743284,0.9873486207467923,1.003149621114897
1891-08-15,4.93,0.22,0.3233,7.706792893,0.036083333333333335,1.0,1.0372617058100622,1.0031482431849204
1891-09-15,5.33,0.22,0.3275,7.611651901,0.036066666666666664,0.9876549177691779,1.08457555241803,1.0031468652561242
1891-10-15,5.33,0.22,0.3317,7.611651901,0.03605,1.0,1.003439649781113,1.0031454873285084
1891-11-15,5.25,0.22,0.3358,7.51650281,0.036033333333333334,0.9874995477673514,0.9884826826290242,1.0031441094020732
1891-12-15,5.41,0.22,0.34,7.51650281,0.03601666666666667,1.0,1.0338649766745887,1.0031427314768184
1892-01-15,5.51,0.2217,0.3425,7.326212727,0.036000000000000004,0.9746836942910687,1.0218372829102522,1.003141353552745
1892-02-15,5.52,0.2233,0.345,7.326212727,0.036125000000000004,1.0,1.0051859569118948,1.001950881576111
1892-03-15,5.58,0.225,0.3475,7.135922645,0.03625,0.9740261320424528,1.0142297802711548,1.0019619143000413
1892-04-15,5.57,0.2267,0.35,7.040773554,0.036375,0.9866661823938536,1.0015995669324274,1.0019729465266625
1892-05-15,5.57,0.2283,0.3525,7.040773554,0.0365,1.0,1.0034156193895871,1.0019839782564315
1892-06-15,5.54,0.23,0.355,7.040773554,0.036625,1.0,0.9980736907146113,1.0019950094898054
1892-07-15,5.54,0.2317,0.3575,7.231071736,0.03675,1.0270280219269212,1.0034852587244285,1.0020060402272404
1892-08-15,5.62,0.2333,0.36,7.326212727,0.036875,1.0131572461833478,1.0178998045059975,1.0020170704691924
1892-09-15,5.48,0.235,0.3625,7.326212727,0.037000000000000005,1.0,0.9786625689447663,1.002028100216117
1892-10-15,5.59,0.2367,0.365,7.326212727,0.037125,1.0,1.0236016152409804,1.0020391294684696
1892-11-15,5.57,0.2383,0.3675,7.51650281,0.03725,1.0259738680940436,0.9999874128696516,1.0020501582267043
1892-12-15,5.51,0.24,0.37,7.611651901,0.037375,1.0126586916023517,0.9928577712466642,1.0020611864912754
1893-01-15,5.61,0.2408,0.3608,7.897091074,0.0375,1.0375002925399808,1.021725766256566,1.0020722142626366
1893-02-15,5.51,0.2417,0.3517,7.992232066,0.03745833333333334,1.0120475996931626,0.9858301629511728,1.0034725242391629
1893-03-15,5.31,0.2425,0.3425,7.801941983,0.03741666666666667,0.9761906209143352,0.9675080718387956,1.0034691199174604
1893-04-15,5.31,0.2433,0.3333,7.706792893,0.037375000000000005,0.9878044350743284,1.0038182674199623,1.0034657156140194
1893-05-15,4.84,0.2442,0.3242,7.611651901,0.037333333333333336,0.9876549177691779,0.9156923043999315,1.0034623113288452
1893-06-15,4.61,0.245,0.315,7.421361818,0.03729166666666667,0.9750001595612905,0.956908116861775,1.003458907061944
1893-07-15,4.18,0.2458,0.3058,7.231071736,0.037250000000000005,0.9743591423425192,0.9116248309098519,1.0034555028133207
1893-08-15,4.08,0.2467,0.2967,6.945632562,0.037208333333333336,0.9605260209798588,0.9811153622134661,1.0034520985829816
1893-09-15,4.37,0.2475,0.2875,7.231071736,0.03716666666666667,1.0410962099494947,1.0757981110064163,1.0034486943709318
1893-10-15,4.5,0.2483,0.2783,7.326212727,0.037125000000000005,1.0131572461833478,1.0343464319010085,1.0034452901771769
1893-11-15,4.57,0.2492,0.2692,7.135922645,0.037083333333333336,0.9740261320424528,1.0200996839290055,1.0034418860017225
1893-12-15,4.41,0.25,0.26,7.040773554,0.03704166666666667,0.9866661823938536,0.9697131709479317,1.0034384818445747
1894-01-15,4.32,0.2467,0.2517,6.850483471,0.037000000000000005,0.9729731283728202,0.9843507101914841,1.0034350777057386
1894-02-15,4.38,0.2433,0.2433,6.755342479,0.036800000000000006,0.9861117843137994,1.0185178843226788,1.0047566095198075
1894-03-15,4.51,0.24,0.235,6.565052397,0.0366,0.971831171759012,1.034114955097247,1.0047415147474879
1894-04-15,4.57,0.2367,0.2267,6.565052397,0.0364,1.0,1.0176199619615056,1.004726422006907
1894-05-15,4.4,0.2333,0.2183,6.565052397,0.0362,1.0,0.9672194358795836,1.0047113313010585
1894-06-15,4.34,0.23,0.21,6.565052397,0.036000000000000004,1.0,0.9907799190057253,1.0046962426329387
1894-07-15,4.25,0.2267,0.2017,6.565052397,0.0358,1.0,0.9837077708502756,1.00468115600555
1894-08-15,4.41,0.2233,0.1933,6.755342479,0.03559999999999999,1.0289853104732198,1.041866635543106,1.0046660714218993
1894-09-15,4.48,0.22,0.185,6.850483471,0.0354,1.0140838147430364,1.019965277777778,1.0046509888849977
1894-10-15,4.34,0.2167,0.1767,6.660193388,0.0352,0.9722223863752754,0.9729109062980029,1.0046359083978618
1894-11-15,4.34,0.2133,0.1683,6.660193388,0.035,1.0,1.0040956221198156,1.004620829963512
1894-12-15,4.3,0.21,0.16,6.565052397,0.034800000000000005,0.9857149807134099,0.9948531775801094,1.0046057535849748
1895-01-15,4.25,0.2083,0.1675,6.565052397,0.0346,1.0,0.9924564067487461,1.0045906792652803
1895-02-15,4.19,0.2067,0.175,6.565052397,0.034716666666666667,1.0,0.989993331461463,1.0018976457482642
1895-03-15,4.19,0.205,0.1825,6.565052397,0.034833333333333334,1.0,1.004077167859984,1.0019079095479095
1895-04-15,4.37,0.2033,0.19,6.850483471,0.03495,1.0434773489592304,1.0468362388018402,1.001918172938984
1895-05-15,4.61,0.2017,0.1975,6.945632562,0.03506666666666667,1.013889397938524,1.0585659677582149,1.0019284359218394
1895-06-15,4.7,0.2,0.205,7.040773554,0.03518333333333333,1.0136979592788313,1.023068875863448,1.001938698496826
1895-07-15,4.72,0.1983,0.2125,6.945632562,0.0353,0.986487139336281,1.00775637847097,1.0019489606642937
1895-08-15,4.79,0.1967,0.22,6.850483471,0.03541666666666667,0.9863008746646682,1.0182525683214796,1.0019592224245928
1895-09-15,4.82,0.195,0.2275,6.850483471,0.03553333333333333,1.0,1.0096344173113072,1.001969483778073
1895-10-15,4.75,0.1933,0.235,6.850483471,0.035649999999999994,1.0,0.9888684064934119,1.0019797447250838
1895-11-15,4.59,0.1917,0.2425,6.850483471,0.03576666666666667,1.0,0.9697961816305469,1.0019900052659736
1895-12-15,4.32,0.19,0.25,6.755342479,0.035883333333333337,0.9861117843137994,0.9448415940450255,1.0020002654010915
1896-01-15,4.27,0.1892,0.2467,6.660193388,0.036000000000000004,0.9859149863540174,0.9921183537167142,1.0020105251307858
1896-02-15,4.45,0.1883,0.2433,6.565052397,0.035833333333333335,0.9857149807134099,1.0456807839731952,1.0044007437698546
1896-03-15,4.38,0.1875,0.24,6.565052397,0.035666666666666666,1.0,0.9878370145195218,1.0043879531946887
1896-04-15,4.42,0.1867,0.2367,6.469903306,0.0355,0.9855067278604692,1.012652405008368,1.0043751638034026
1896-05-15,4.4,0.1858,0.2333,6.374754215,0.035333333333333335,0.9852935837678191,0.9989940525161115,1.0043623755974505
1896-06-15,4.32,0.185,0.23,6.279613223,0.035166666666666666,0.9850753474108648,0.9853868546576879,1.0043495885782874
1896-07-15,4.04,0.1842,0.2267,6.279613223,0.035,1.0,0.9389846901356802,1.0043368027473714
1896-08-15,3.81,0.1833,0.2233,6.279613223,0.034833333333333334,1.0,0.947078493282399,1.004324018106161
1896-09-15,4.01,0.1825,0.22,6.279613223,0.034666666666666665,1.0,1.0562860401489713,1.0043112346561183
1896-10-15,4.1,0.1817,0.2167,6.469903306,0.034499999999999996,1.03030283494261,1.0261369797052087,1.0042984523987064
1896-11-15,4.38,0.1808,0.2133,6.660193388,0.034333333333333334,1.0294115805136579,1.071732561161228,1.00428567133539
1896-12-15,4.22,0.18,0.21,6.660193388,0.034166666666666665,1.0,0.9670248220043715,1.0042728914676369
1897-01-15,4.22,0.18,0.2183,6.469903306,0.034,0.9714287452459182,1.0035545023696681,1.0042601127969153
1897-02-15,4.18,0.18,0.2267,6.469903306,0.03395833333333333,1.0,0.9941098437606295,1.0031866254124442
1897-03-15,4.19,0.18,0.235,6.469903306,0.033916666666666664,1.0,1.0059722967649107,1.003183222644392
1897-04-15,4.06,0.18,0.2433,6.374754215,0.033874999999999995,0.9852935837678191,0.9726683282974944,1.0031798198950779
1897-05-15,4.08,0.18,0.2517,6.279613223,0.03383333333333333,0.9850753474108648,1.0086025789626196,1.0031764171645075
1897-06-15,4.27,0.18,0.26,6.279613223,0.033791666666666664,1.0,1.050081508013041,1.003173014452687
1897-07-15,4.46,0.18,0.2683,6.279613223,0.03375,1.0,1.0478597158189895,1.0031696117596216
1897-08-15,4.75,0.18,0.2767,6.565052397,0.03370833333333333,1.045454897278472,1.0681803162615058,1.0031662090853175
1897-09-15,4.98,0.18,0.285,6.755342479,0.033666666666666664,1.0289853104732198,1.0514331008243503,1.0031628064297802
1897-10-15,4.82,0.18,0.2933,6.660193388,0.033625,0.9859149863540174,0.9709835191387958,1.0031594037930156
1897-11-15,4.65,0.18,0.3017,6.660193388,0.03358333333333333,1.0,0.9679560969080444,1.0031560011750296
1897-12-15,4.75,0.18,0.31,6.660193388,0.033541666666666664,1.0,1.024663271080928,1.0031525985758276
1898-01-15,4.88,0.1817,0.3133,6.660193388,0.0335,1.0,1.0304712215990797,1.0031491959954155
1898-02-15,4.87,0.1833,0.3167,6.755342479,0.033291666666666664,1.014286235467492,1.0010873699801395,1.004563694654814
1898-03-15,4.65,0.185,0.32,6.755342479,0.03308333333333333,1.0,0.9581408741987002,1.0045480783522955
1898-04-15,4.57,0.1867,0.3233,6.755342479,0.032875,1.0,0.9862001482318064,1.0045324644064724
1898-05-15,4.87,0.1883,0.3267,7.231071736,0.03266666666666666,1.07042267042402,1.0688676223683007,1.0045168528209676
1898-06-15,5.06,0.19,0.33,6.755342479,0.03245833333333334,0.9342104083089684,1.0421434909761844,1.0045012435994096
1898-07-15,5.08,0.1917,0.3333,6.660193388,0.03225,0.9859149863540174,1.0070972542093308,1.0044856367454333
1898-08-15,5.27,0.1933,0.3367,6.660193388,0.03204166666666666,1.0,1.04045818454382,1.0044700322626792
1898-09-15,5.26,0.195,0.34,6.660193388,0.03183333333333334,1.0,1.0011918204053363,1.004454430154794
1898-10-15,5.15,0.1967,0.3433,6.660193388,0.031625,1.0,0.9822703003679231,1.0044388304254308
1898-11-15,5.32,0.1983,0.3467,6.660193388,0.03141666666666667,1.0,1.0361159117453829,1.0044232330782477
1898-12-15,5.65,0.2,0.35,6.755342479,0.031208333333333334,1.014286235467492,1.0649799276953444,1.0044076381169096
1899-01-15,6.08,0.2008,0.3608,6.755342479,0.031,1.0,1.0788583876727216,1.0043920455450879
1899-02-15,6.31,0.2017,0.3717,6.945632562,0.03104166666666667,1.028168828389019,1.0404927085939888,1.0022251338930437
1899-03-15,6.4,0.2025,0.3825,6.945632562,0.031083333333333334,1.0,1.0168997932349446,1.0022286768759654
1899-04-15,6.48,0.2033,0.3933,7.040773554,0.031125000000000003,1.0136979592788313,1.0151144547325102,1.0022322198397533
1899-05-15,6.21,0.2042,0.4042,7.040773554,0.031166666666666672,1.0,0.9610735373054213,1.0022357627844134
1899-06-15,6.07,0.205,0.415,7.135922645,0.031208333333333334,1.0135140109634606,0.9802701042852179,1.0022393057099515
1899-07-15,6.28,0.2058,0.4258,7.231071736,0.03125,1.0133338176061464,1.0373272673375378,1.0022428486163735
1899-08-15,6.44,0.2067,0.4367,7.326212727,0.03129166666666667,1.0131572461833478,1.0281523964473631,1.002246391503685
1899-09-15,6.37,0.2075,0.4475,7.611651901,0.03133333333333334,1.0389613548823178,0.9918449821400132,1.0022499343718922
1899-10-15,6.34,0.2083,0.4583,7.706792893,0.031375,1.012499388206061,0.9980283313276779,1.002253477221001
1899-11-15,6.46,0.2092,0.4692,7.801941983,0.03141666666666667,1.0123461329921584,1.0216261032056855,1.0022570200510172
1899-12-15,6.02,0.21,0.48,7.897091074,0.03145833333333333,1.012195565053845,0.9347955216358269,1.0022605628619465
1900-01-15,6.1,0.2175,0.48,7.897091074,0.0315,1.0,1.0162603480202603,1.002264105653795
1900-02-15,6.21,0.225,0.48,7.992232066,0.03145833333333333,1.0120475996931626,1.0210521105567434,1.002982492693609
1900-03-15,6.26,0.2325,0.48,7.992232066,0.03141666666666667,1.0,1.011146577713983,1.0029790910600938
1900-04-15,6.34,0.24,0.48,7.992232066,0.031375,1.0,1.015934126848147,1.0029756894456656
1900-05-15,6.04,0.2475,0.48,7.801941983,0.03133333333333334,0.9761906209143352,0.9560961231119561,1.00297228785033
1900-06-15,5.86,0.255,0.48,7.706792893,0.03129166666666667,0.9878044350743284,0.97382495536017,1.0029688862740929
1900-07-15,5.86,0.2625,0.48,7.801941983,0.03125,1.0123461329921584,1.0037329351535835,1.00296548471696
1900-08-15,5.94,0.27,0.48,7.706792893,0.031208333333333334,0.9878044350743284,1.0174397559209847,1.0029620831789376
1900-09-15,5.8,0.2775,0.48,7.801941983,0.031166666666666672,1.0123461329921584,0.9804180453964936,1.002958681660031
1900-10-15,6.01,0.285,0.48,7.706792893,0.031125000000000003,0.9878044350743284,1.0401586436399106,1.0029552801602466
1900-11-15,6.48,0.2925,0.48,7.706792893,0.031083333333333334,1.0,1.0819645690823938,1.0029518786795901
1900-12-15,6.87,0.3,0.48,7.611651901,0.03104166666666667,0.9876549177691779,1.0638241953744136,1.0029484772180672
1901-01-15,7.07,0.3017,0.4817,7.706792893,0.031,1.012499388206061,1.0326681871243892,1.0029450757756841
1901-02-15,7.25,0.3033,0.4833,7.611651901,0.03106666666666667,0.9876549177691779,1.0289458957225772,1.0020102821628156
1901-03-15,7.51,0.305,0.485,7.611651901,0.031133333333333332,1.0,1.0392464453525567,1.002016018821678
1901-04-15,8.14,0.3067,0.4867,7.51650281,0.031200000000000002,0.9874995477673514,1.0870279935243319,1.002021755402197
1901-05-15,7.73,0.3083,0.4883,7.51650281,0.03126666666666667,1.0,0.952955080506827,1.002027491904412
1901-06-15,8.5,0.31,0.49,7.51650281,0.03133333333333333,1.0,1.1026511173680338,1.002033228328361
1901-07-15,7.93,0.3117,0.4917,7.611651901,0.031400000000000004,1.0126586916023517,0.9362167124100585,1.0020389646740822
1901-08-15,8.04,0.3133,0.4933,7.706792893,0.03146666666666667,1.012499388206061,1.017118679668074,1.0020447009416147
1901-09-15,8.0,0.315,0.495,7.801941983,0.03153333333333333,1.0123461329921584,0.9983061256218907,1.0020504371309966
1901-10-15,7.91,0.3167,0.4967,7.801941983,0.0316,1.0,0.9920864938895912,1.0020561732422664
1901-11-15,8.08,0.3183,0.4983,7.897091074,0.03166666666666666,1.012195565053845,1.0247745795834324,1.0020619092754626
1901-12-15,7.95,0.32,0.5,7.992232066,0.031733333333333336,1.0120475996931626,0.9872651887830293,1.0020676452306234
1902-01-15,8.12,0.3208,0.5108,7.897091074,0.0318,0.9880958171366493,1.0246759302289554,1.0020733811077873
1902-02-15,8.19,0.3217,0.5217,7.897091074,0.031900000000000005,1.0,1.0118939904284732,1.0017938104993929
1902-03-15,8.2,0.3225,0.5325,7.897091074,0.032,1.0,1.0044984402453914,1.0018025490741886
1902-04-15,8.48,0.3233,0.5433,7.992232066,0.0321,1.0120475996931626,1.0373234247967482,1.0018112873862621
1902-05-15,8.46,0.3242,0.5542,8.087381157,0.0322,1.011905196222314,1.000834968850826,1.0018200254358072
1902-06-15,8.41,0.325,0.565,8.18251405,0.0323,1.0117631271672733,0.9973102070877009,1.0018287632230172
1902-07-15,8.6,0.3258,0.5758,8.18251405,0.0324,1.0,1.0257491289439482,1.001837500748086
1902-08-15,8.83,0.3267,0.5867,8.087381157,0.0325,0.988373635239893,1.029827425004609,1.0018462380112063
1902-09-15,8.85,0.3275,0.5975,8.18251405,0.0326,1.0117631271672733,1.0053488098056405,1.0018549750125718
1902-10-15,8.57,0.3283,0.6083,8.753424793,0.0327,1.0697720455487638,0.9715539195327283,1.001863711752375
1902-11-15,8.24,0.3292,0.6192,8.467928926,0.0328,0.9673846667160142,0.9648228702896006,1.0018724482308088
1902-12-15,8.05,0.33,0.63,8.563094215,0.0329,1.0112383192905414,0.9803578966411386,1.0018811844480662
1903-01-15,8.46,0.3317,0.6217,8.658259504,0.033,1.011113423093407,1.0541990135040553,1.0018899204043392
1903-02-15,8.41,0.3333,0.6133,8.658259504,0.03308333333333333,1.0,0.997392450448779,1.002040490881304
1903-03-15,8.08,0.335,0.605,8.372844628,0.033166666666666664,0.9670355368918958,0.9642160318142396,1.0020477146081637
1903-04-15,7.75,0.3367,0.5967,8.372844628,0.03325,1.0,0.962778845949111,1.0020549381842874
1903-05-15,7.6,0.3383,0.5883,8.18251405,0.03333333333333333,0.977268110605623,0.9843545911148839,1.0020621616097678
1903-06-15,7.18,0.34,0.58,8.18251405,0.03341666666666667,1.0,0.9486829888090701,1.0020693848846975
1903-07-15,6.85,0.3417,0.5717,8.18251405,0.033499999999999995,1.0,0.9581959315210541,1.002076608009169
1903-08-15,6.63,0.3433,0.5633,8.18251405,0.03358333333333333,1.0,0.9721981940820499,1.0020838309832742
1903-09-15,6.47,0.345,0.555,8.277679339,0.033666666666666664,1.0116303239344882,0.9803108557654425,1.0020910538071062
1903-10-15,6.26,0.3467,0.5467,8.18251405,0.033749999999999995,0.9885033854172591,0.9721577860791101,1.0020982764807569
1903-11-15,6.28,0.3483,0.5383,8.087381157,0.03383333333333333,0.988373635239893,1.007816703465538,1.0021054990043183
1903-12-15,6.57,0.35,0.53,8.087381157,0.033916666666666664,1.0,1.0506177148267717,1.0021127213778827
1904-01-15,6.68,0.3467,0.5267,8.277679339,0.034,1.0235302600811993,1.0210678699678268,1.0021199436015424
1904-02-15,6.5,0.3433,0.5233,8.467928926,0.03406666666666667,1.022983444901477,0.977455174266851,1.002268354795858
1904-03-15,6.48,0.34,0.52,8.372844628,0.034133333333333335,0.9887712451496784,1.0012955049066161,1.002274087967149
1904-04-15,6.64,0.3367,0.5167,8.277679339,0.0342,0.9886340553028117,1.028917010635133,1.0022798210618113
1904-05-15,6.5,0.3333,0.5133,8.087381157,0.03426666666666667,0.9770106844917974,0.9831887395736794,1.002285554079882
1904-06-15,6.51,0.33,0.51,8.087381157,0.034333333333333334,1.0,1.0057627318917641,1.0022912870213996
1904-07-15,6.78,0.3267,0.5067,8.087381157,0.0344,1.0,1.045490141103544,1.002297019886401
1904-08-15,7.01,0.3233,0.5033,8.18251405,0.034466666666666666,1.0117631271672733,1.0377666229028062,1.0023027526749237
1904-09-15,7.32,0.32,0.5,8.277679339,0.03453333333333333,1.0116303239344882,1.0478655264792167,1.0023084853870057
1904-10-15,7.75,0.3167,0.4967,8.277679339,0.0346,1.0,1.062148545742993,1.0023142180226843
1904-11-15,8.17,0.3133,0.4933,8.467928926,0.034666666666666665,1.022983444901477,1.0573891828220212,1.002319950581997
1904-12-15,8.25,0.31,0.49,8.467928926,0.03473333333333333,1.0,1.0129232347959398,1.0023256830649816
1905-01-15,8.43,0.3117,0.505,8.467928926,0.0348,1.0,1.0248994392321793,1.0023314154716751
1905-02-15,8.8,0.3133,0.52,8.467928926,0.03475833333333333,1.0,1.046857722015529,1.0032519621848701
1905-03-15,9.05,0.315,0.535,8.372844628,0.034716666666666667,0.9887712451496784,1.0313096433952786,1.0032485590581595
1905-04-15,8.94,0.3167,0.55,8.372844628,0.034675,1.0,0.9907973918614376,1.003245155950077
1905-05-15,8.5,0.3183,0.565,8.277679339,0.03463333333333333,0.9886340553028117,0.9539035859981577,1.003241752860628
1905-06-15,8.6,0.32,0.58,8.277679339,0.034591666666666666,1.0,1.0148654810761513,1.0032383497898185
1905-07-15,8.87,0.3217,0.595,8.277679339,0.03455,1.0,1.034417708852241,1.0032349467376542
1905-08-15,9.2,0.3233,0.61,8.372844628,0.034508333333333335,1.0114966145827406,1.0401325006535627,1.0032315437041408
1905-09-15,9.23,0.325,0.625,8.277679339,0.034466666666666666,0.9886340553028117,1.006195141865687,1.0032281406892838
1905-10-15,9.36,0.3267,0.64,8.277679339,0.034425000000000004,1.0,1.0169931608884073,1.0032247376930892
1905-11-15,9.31,0.3283,0.655,8.372844628,0.03438333333333334,1.0114966145827406,0.9975967161493479,1.0032213347155627
1905-12-15,9.54,0.33,0.67,8.467928926,0.03434166666666667,1.0113562716405875,1.0275872182702936,1.00321793175671
1906-01-15,9.87,0.3358,0.6775,8.467928926,0.034300000000000004,1.0,1.0374263857824677,1.0032145288165368
1906-02-15,9.8,0.3417,0.685,8.467928926,0.0345,1.0,0.9958134136633378,1.0011668571215524
1906-03-15,9.56,0.3475,0.6925,8.467928926,0.03470000000000001,1.0,0.978539318447044,1.0011851171657506
1906-04-15,9.43,0.3533,0.7,8.467928926,0.0349,1.0,0.9895238016005773,1.001203375149589
1906-05-15,9.18,0.3592,0.7075,8.563094215,0.0351,1.0112383192905414,0.97674957701552,1.0012216310761004
1906-06-15,9.3,0.365,0.715,8.563094215,0.035300000000000005,1.0,1.0163425047438333,1.0012398849483128
1906-07-15,9.06,0.3708,0.7225,8.277679339,0.0355,0.9666691888663286,0.9776041444135868,1.0012581367692504
1906-08-15,9.73,0.3767,0.73,8.467928926,0.0357,1.022983444901477,1.0771777110005467,1.0012763865419305
1906-09-15,10.03,0.3825,0.7375,8.563094215,0.0359,1.0112383192905414,1.0340104429773371,1.001294634269368
1906-10-15,9.73,0.3883,0.745,8.753424793,0.0361,1.022226846186814,0.9734153560216917,1.0013128799545719
1906-11-15,9.93,0.3942,0.7525,8.848509091,0.036300000000000006,1.010862525268514,1.0238631416834594,1.001331123600546
1906-12-15,9.84,0.4,0.76,8.94367438,0.0365,1.0107549518253638,0.9943240897665774,1.0013493652102903
1907-01-15,9.56,0.4033,0.7517,8.848509091,0.036699999999999997,0.9893594863859524,0.9750602314862061,1.0013676047867996
1907-02-15,9.26,0.4067,0.7433,9.038839669,0.036866666666666666,1.0215099036507278,0.9722792540613486,1.0016643727727723
1907-03-15,8.35,0.41,0.735,8.94367438,0.037033333333333335,0.9894715148752573,0.9058196781383239,1.001679351494186
1907-04-15,8.39,0.4133,0.7267,8.94367438,0.0372,1.0,1.0088955045808266,1.0016943290435674
1907-05-15,8.1,0.4167,0.7183,9.134004959,0.037366666666666666,1.0212810273399064,0.9697220787533659,1.0017093054223525
1907-06-15,7.84,0.42,0.71,9.229089256,0.03753333333333333,1.0104099239519582,0.9723655202821869,1.001724280631976
1907-07-15,8.14,0.4233,0.7017,9.229089256,0.0377,1.0,1.0425988442059873,1.0017392546738697
1907-08-15,7.53,0.4267,0.6933,9.229089256,0.037866666666666667,1.0,0.9297836472836473,1.0017542275494646
1907-09-15,7.45,0.43,0.685,9.229089256,0.038033333333333336,1.0,0.9941856734137277,1.001769199260189
1907-10-15,6.64,0.4333,0.6767,9.324254545,0.0382,1.0103114496306482,0.896713169793267,1.0017841698074696
1907-11-15,6.25,0.4367,0.6683,8.94367438,0.03836666666666667,0.9591838507664849,0.9470877269076305,1.0017991391927314
1907-12-15,6.57,0.44,0.66,8.753424793,0.03853333333333333,0.9787280284459553,1.0567809233891428,1.0018141074173974
1908-01-15,6.85,0.4367,0.6533,8.658259504,0.0387,0.9891282222386714,1.0479306124943062,1.0018290744828882
1908-02-15,6.6,0.4333,0.6467,8.563094215,0.038608333333333335,0.9890087275674706,0.9689746092309961,1.003985446215095
1908-03-15,6.87,0.43,0.64,8.563094215,0.038516666666666664,1.0,1.046125005513652,1.00397813358853
1908-04-15,7.24,0.4267,0.6333,8.658259504,0.038425,1.011113423093407,1.0587687228079488,1.0039708211548464
1908-05-15,7.63,0.4233,0.6267,8.658259504,0.03833333333333333,1.0,1.0584906012179316,1.003963508914174
1908-06-15,7.64,0.42,0.62,8.658259504,0.03824166666666666,1.0,1.0058917678219759,1.0039561968666433
1908-07-15,7.92,0.4167,0.6133,8.753424793,0.038149999999999996,1.0109912724325294,1.0410336843566557,1.003948885012384
1908-08-15,8.26,0.4133,0.6067,8.753424793,0.03805833333333333,1.0,1.0470989862303421,1.003941573351527
1908-09-15,8.17,0.41,0.6,8.753424793,0.03796666666666666,1.0,0.9932860827670279,1.003934261884202
1908-10-15,8.27,0.4067,0.5933,8.848509091,0.037875,1.010862525268514,1.016338047989691,1.00392695061054
1908-11-15,8.83,0.4033,0.5867,8.94367438,0.03778333333333333,1.0107549518253638,1.0715207844624812,1.0039196395306713
1908-12-15,9.03,0.4,0.58,9.038839669,0.03769166666666667,1.0106405136140477,1.0263414556653778,1.003912328644727
1909-01-15,9.06,0.4033,0.595,8.94367438,0.037599999999999995,0.9894715148752573,1.0070317882017021,1.0039050179528373
1909-02-15,8.8,0.4067,0.61,9.038839669,0.037725,1.0106405136140477,0.9751537540136465,1.0020920630096442
1909-03-15,8.92,0.41,0.625,9.038839669,0.037849999999999995,1.0,1.017466707433075,1.0021030894024276
1909-04-15,9.32,0.4133,0.64,9.229089256,0.037975,1.0210480099179642,1.048538507124207,1.002114115303721
1909-05-15,9.63,0.4167,0.655,9.324254545,0.038099999999999995,1.0103114496306482,1.0368677215782225,1.0021251407139762
1909-06-15,9.8,0.42,0.67,9.419419835,0.038224999999999995,1.0102062089297026,1.021224595757306,1.0021361656336438
1909-07-15,9.94,0.4233,0.685,9.419419835,0.03835,1.0,1.0178345070422534,1.0021471900631749
1909-08-15,10.18,0.4267,0.7,9.514585124,0.038474999999999995,1.0101030945288576,1.027637829267682,1.0021582140030199
1909-09-15,10.19,0.43,0.715,9.609669421,0.0386,1.0099935305387258,1.004498837734646,1.002169237453628
1909-10-15,10.23,0.4333,0.73,9.8,0.038724999999999996,1.0198061526012614,1.0074550684277963,1.002180260415449
1909-11-15,10.18,0.4367,0.745,9.895165289,0.038849999999999996,1.0097107437755102,0.99868723437557,1.0021912828889314
1909-12-15,10.3,0.44,0.76,9.990330579,0.038975,1.0096173522342058,1.0153476898036,1.0022023048745239
1910-01-15,10.08,0.4425,0.7575,9.895165289,0.0391,0.9904742601611161,0.9822990108260131,1.0022133263726747
1910-02-15,9.72,0.445,0.755,9.895165289,0.03915833333333334,1.0,0.9681008720360572,1.0027756561705394
1910-03-15,9.96,0.4475,0.7525,10.08541488,0.03921666666666667,1.0192265197643027,1.0284355012643167,1.0027806488732476
1910-04-15,9.72,0.45,0.75,10.18058017,0.039275,1.009435932099206,0.9797616391491893,1.0027856415265053
1910-05-15,9.56,0.4525,0.7475,9.990330579,0.03933333333333334,0.9813125000910434,0.9874834809821443,1.0027906341303334
1910-06-15,9.1,0.455,0.745,9.895165289,0.039391666666666665,0.9904742601611161,0.9560495118549511,1.0027956266847533
1910-07-15,8.64,0.4575,0.7425,9.895165289,0.039450000000000006,1.0,0.9538631651912902,1.002800619189786
1910-08-15,8.85,0.46,0.74,9.8,0.03950833333333334,0.9903826478668538,1.0286370056497174,1.0028056116454531
1910-09-15,8.91,0.4625,0.7375,9.704834711,0.03956666666666667,0.9902892562244897,1.0111053250648356,1.0028106040517752
1910-10-15,9.32,0.465,0.735,9.419419835,0.039625,0.9705904444022632,1.050173438004268,1.0028155964087735
1910-11-15,9.31,0.4675,0.7325,9.229089256,0.039683333333333334,0.9797938108361215,1.0031116071908772,1.0028205887164696
1910-12-15,9.05,0.47,0.73,9.229089256,0.03974166666666667,1.0,0.9764008482136676,1.002825580974884
1911-01-15,9.27,0.47,0.7183,9.229089256,0.0398,1.0,1.0285344911504863,1.0028305731840383
1911-02-15,9.43,0.47,0.7067,8.94367438,0.039825,0.9690744267301947,1.0214133895243553,1.0031104482945028
1911-03-15,9.32,0.47,0.695,9.038839669,0.03985,1.0106405136140477,0.9925375327880914,1.0031125556967326
1911-04-15,9.28,0.47,0.6833,8.753424793,0.039875,0.9684235049572933,0.9999287004834492,1.0031146630950882
1911-05-15,9.48,0.47,0.6717,8.753424793,0.039900000000000005,1.0,1.0256832290605753,1.0031167704895698
1911-06-15,9.67,0.47,0.66,8.753424793,0.039924999999999995,1.0,1.024092521566112,1.0031188778801783
1911-07-15,9.63,0.47,0.6483,8.848509091,0.03995,1.010862525268514,0.9999306466098453,1.0031209852669145
1911-08-15,9.17,0.47,0.6367,9.134004959,0.039975000000000004,1.0322648555891052,0.9565037805567161,1.0031230926497787
1911-09-15,8.67,0.47,0.625,9.229089256,0.04,1.0104099239519582,0.9499918662271075,1.0031252000287723
1911-10-15,8.72,0.47,0.6133,9.229089256,0.040025,1.0,1.0102586029014953,1.0031273074038956
1911-11-15,9.07,0.47,0.6017,9.134004959,0.04005,0.9896973260998442,1.0444558800225225,1.0031294147751488
1911-12-15,9.11,0.47,0.59,9.038839669,0.040075,0.9895812088533813,1.0087094481229257,1.0031315221425336
1912-01-15,9.12,0.4708,0.5992,9.134004959,0.0401,1.0105284852353764,1.0053995954256296,1.0031336295060502
1912-02-15,9.04,0.4717,0.6083,9.229089256,0.04046666666666667,1.0104099239519582,0.9955763371370905,1.0003261731812674
1912-03-15,9.3,0.4725,0.6175,9.419419835,0.04083333333333333,1.0206228993696493,1.0329949329146446,1.0003618792160902
1912-04-15,9.59,0.4733,0.6267,9.704834711,0.0412,1.0303006852863141,1.0352955868007667,1.0003975731148111
1912-05-15,9.58,0.4742,0.6358,9.704834711,0.04156666666666666,1.0,1.0030821601456517,1.0004332549100532
1912-06-15,9.58,0.475,0.645,9.609669421,0.041933333333333336,0.9901940328883567,1.0041318719554628,1.000468924634344
1912-07-15,9.59,0.4758,0.6542,9.609669421,0.042300000000000004,1.0,1.0051783564560335,1.000504582320118
1912-08-15,9.81,0.4767,0.6633,9.704834711,0.042666666666666665,1.0099030763526615,1.026990002434153,1.0005402279997164
1912-09-15,9.86,0.4775,0.6725,9.8,0.04303333333333334,1.009805967008602,1.0091325059497593,1.0005758617053864
1912-10-15,9.84,0.4783,0.6817,9.8,0.0434,1.0,1.0020222460655135,1.0006114834692823
1912-11-15,9.73,0.4792,0.6908,9.8,0.04376666666666667,1.0,0.9929252834666066,1.0006470933234655
1912-12-15,9.38,0.48,0.7,9.704834711,0.04413333333333333,0.9902892562244897,0.9682931693025111,1.0006826912999054
1913-01-15,9.3,0.48,0.6942,9.8,0.044500000000000005,1.009805967008602,0.9957722906206296,1.0007182774304784
1913-02-15,8.97,0.48,0.6883,9.8,0.04425833333333333,1.0,0.9689754378393929,1.005661097517554
1913-03-15,8.8,0.48,0.6825,9.8,0.044016666666666676,1.0,0.9855933921151312,1.0056431464270081
1913-04-15,8.79,0.48,0.6767,9.8,0.043775,1.0,1.0034142620746715,1.0056251987309481
1913-05-15,8.55,0.48,0.6708,9.7,0.043533333333333334,0.9897959183673468,0.9773746083068879,1.0056072544353918
1913-06-15,8.12,0.48,0.665,9.8,0.04329166666666667,1.0103092783505156,0.9546337107135654,1.0055893135463678
1913-07-15,8.23,0.48,0.6592,9.9,0.04305,1.010204081632653,1.018407065344259,1.0055713760699176
1913-08-15,8.45,0.48,0.6533,9.9,0.04280833333333334,1.0,1.0314651980415135,1.0055534420120935
1913-09-15,8.53,0.48,0.6475,10.0,0.04256666666666667,1.0101010101010102,1.0141567873915245,1.005535511378959
1913-10-15,8.26,0.48,0.6417,10.0,0.042325,1.0,0.9731896255631031,1.0055175841765895
1913-11-15,8.05,0.48,0.6358,10.1,0.04208333333333334,1.01,0.9795452152858196,1.0054996604110726
1913-12-15,8.04,0.48,0.63,10.0,0.04184166666666667,0.9900990099009901,1.0037328883532646,1.0054817400885063
1914-01-15,8.37,0.475,0.6208,10.0,0.0416,1.0,1.0457739676765516,1.0054638232150013
1914-02-15,8.48,0.47,0.6117,9.9,0.04166666666666667,0.99,1.017760885124321,1.0029214516749874
1914-03-15,8.32,0.465,0.6025,9.9,0.04173333333333334,1.0,0.985789527394775,1.0029271763482803
1914-04-15,8.12,0.46,0.5933,9.8,0.0418,0.98989898989899,0.9806823923203232,1.0029329009491093
1914-05-15,8.17,0.455,0.5842,9.9,0.04186666666666666,1.010204081632653,1.0107985983402774,1.0029386254775097
1914-06-15,8.13,0.45,0.575,9.9,0.041933333333333336,1.0,0.999716585293148,1.002944349933517
1914-07-15,7.68,0.445,0.5658,10.0,0.042,1.0101010101010102,0.9494780055222426,1.0029500743171667
1914-08-15,7.68,0.44,0.5567,10.2,0.04206666666666667,1.02,1.0047743055555556,1.0029557986284943
1914-09-15,7.68,0.435,0.5475,10.2,0.04213333333333333,1.0,1.0047200520833333,1.0029615228675348
1914-10-15,7.68,0.43,0.5383,10.1,0.04220000000000001,0.9901960784313726,1.0046657986111112,1.0029672470343234
1914-11-15,7.68,0.425,0.5292,10.2,0.04226666666666667,1.00990099009901,1.0046115451388888,1.0029729711288962
1914-12-15,7.35,0.42,0.52,10.1,0.042333333333333334,0.9901960784313726,0.9617931547619047,1.0029786951512878
1915-01-15,7.48,0.4208,0.55,10.1,0.0424,1.0,1.0223751318709302,1.0029844191015338
1915-02-15,7.38,0.4217,0.58,10.0,0.04224166666666667,0.9900990099009901,0.9913927594935485,1.0048247603205065
1915-03-15,7.57,0.4225,0.61,9.9,0.04208333333333334,0.99,1.0303962922390122,1.004812516974304
1915-04-15,8.14,0.4233,0.64,10.0,0.041925,1.0101010101010102,1.0796307639752158,1.0048002745963744
1915-05-15,7.95,0.4242,0.67,10.1,0.04176666666666667,1.01,0.9811050175389797,1.0047880331878425
1915-06-15,8.04,0.425,0.7,10.1,0.04160833333333333,1.0,1.0157258127600985,1.0047757927498353
1915-07-15,8.01,0.4258,0.73,10.1,0.041449999999999994,1.0,1.0006985360339378,1.0047635532834813
1915-08-15,8.35,0.4267,0.76,10.1,0.041291666666666664,1.0,1.0467054243572778,1.00475131478991
1915-09-15,8.66,0.4275,0.79,10.1,0.041133333333333334,1.0,1.041239489842486,1.0047390772702525
1915-10-15,9.14,0.4283,0.82,10.2,0.040975000000000004,1.00990099009901,1.0593322480851286,1.0047268407256416
1915-11-15,9.46,0.4292,0.85,10.3,0.04081666666666667,1.0098039215686276,1.0387917724905666,1.0047146051572111
1915-12-15,9.48,0.43,0.88,10.3,0.04065833333333333,1.0,1.0058940523872817,1.0047023705660962
1916-01-15,9.33,0.4408,0.9342,10.4,0.0405,1.0097087378640777,0.9881143355900163,1.004690136953434
1916-02-15,9.2,0.4517,0.9883,10.4,0.04064999999999999,1.0,0.9901579378116407,1.002142443157255
1916-03-15,9.17,0.4625,1.042,10.5,0.0408,1.0096153846153846,1.000942147519479,1.0021558047015529
1916-04-15,9.07,0.4733,1.097,10.6,0.04095,1.0095238095238095,0.9934434596700729,1.0021691654147675
1916-05-15,9.27,0.4842,1.151,10.7,0.0411,1.0094339622641508,1.0264034674573526,1.002182525297813
1916-06-15,9.36,0.495,1.205,10.8,0.04125,1.0093457943925235,1.014115789146129,1.002195884351603
1916-07-15,9.23,0.5058,1.259,10.8,0.041400000000000006,1.0,0.9906777416636573,1.0022092425770504
1916-08-15,9.3,0.5167,1.313,10.9,0.041550000000000004,1.0092592592592593,1.0122138936458562,1.0022225999750665
1916-09-15,9.68,0.5275,1.368,11.1,0.0417,1.018348623853211,1.0454013651915044,1.0022359565465615
1916-10-15,9.98,0.5383,1.422,11.3,0.041850000000000005,1.018018018018018,1.035486558516482,1.002249312292445
1916-11-15,10.21,0.5492,1.476,11.5,0.042,1.0176991150442478,1.027528625648293,1.0022626672136252
1916-12-15,9.8,0.56,1.53,11.6,0.04215,1.008695652173913,0.9646051956531878,1.0022760213110091
1917-01-15,9.57,0.5708,1.509,11.7,0.042300000000000004,1.0086206896551724,0.9815010058359811,1.0022893745855028
1917-02-15,9.03,0.5817,1.488,12.0,0.04258333333333333,1.0256410256410258,0.9489418847658623,1.0012176921591276
1917-03-15,9.31,0.5925,1.468,12.0,0.04286666666666667,1.0,1.036311189102324,1.001244337906366
1917-04-15,9.17,0.6033,1.447,12.6,0.043150000000000015,1.05,0.9904449578143831,1.0012709781369187
1917-05-15,8.86,0.6142,1.426,12.8,0.04343333333333334,1.015873015873016,0.9719710111570347,1.0012976128622355
1917-06-15,9.04,0.625,1.405,13.0,0.04371666666666667,1.015625,1.0260774577665022,1.0013242420937407
1917-07-15,8.79,0.6358,1.384,12.8,0.044000000000000004,0.9846153846153847,0.9783728157164383,1.0013508658428334
1917-08-15,8.53,0.6467,1.363,13.0,0.044283333333333334,1.015625,0.9767388304945271,1.001377484120887
1917-09-15,8.12,0.6575,1.343,13.3,0.04456666666666667,1.0230769230769232,0.9586820915555452,1.0014040969392493
1917-10-15,7.68,0.6683,1.322,13.5,0.04485,1.0150375939849623,0.9530643269789957,1.0014307043092436
1917-11-15,7.04,0.6792,1.301,13.5,0.04513333333333334,1.0,0.9247064393939395,1.0014573062421672
1917-12-15,6.8,0.69,1.28,13.7,0.04541666666666667,1.0148148148148148,0.974364973262032,1.0014839027492928
1918-01-15,7.21,0.68,1.256,14.0,0.045700000000000005,1.0218978102189782,1.068153572108455,1.0015104938418673
1918-02-15,7.43,0.67,1.232,14.1,0.04564166666666667,1.0071428571428571,1.0380277566736296,1.004276683046484
1918-03-15,7.28,0.66,1.208,14.0,0.04558333333333334,0.9929078014184397,0.9873665197521188,1.0042719482056244
1918-04-15,7.21,0.65,1.183,14.2,0.045525,1.0142857142857142,0.9978973292080088,1.004267213411959
1918-05-15,7.44,0.64,1.159,14.5,0.04546666666666667,1.0211267605633803,1.0390685974776173,1.0042624786655083
1918-06-15,7.45,0.63,1.135,14.7,0.045408333333333335,1.013793103448276,1.008391065887277,1.004257743966292
1918-07-15,7.51,0.62,1.111,15.1,0.04535,1.0272108843537415,1.0149334072094776,1.004253009314331
1918-08-15,7.58,0.61,1.087,15.4,0.04529166666666667,1.0198675496688743,1.0160271499624658,1.0042482747096446
1918-09-15,7.54,0.6,1.063,15.7,0.045233333333333334,1.0194805194805194,1.0013542548798668,1.0042435401522536
1918-10-15,7.86,0.59,1.038,16.0,0.045175,1.019108280254777,1.0486956194050168,1.004238805642178
1918-11-15,8.06,0.58,1.014,16.3,0.045116666666666666,1.01875,1.0314419841014277,1.004234071179438
1918-12-15,7.9,0.57,0.99,16.5,0.04505833333333333,1.0122699386503067,0.986161541602538,1.004229336764054
1919-01-15,7.85,0.5667,0.985,16.5,0.045,1.0,0.9996868096428282,1.004224602396046
1919-02-15,7.88,0.5633,0.98,16.2,0.045391666666666663,0.9818181818181818,1.0097787203487558,1.0006017304889985
1919-03-15,8.12,0.56,0.975,16.4,0.04578333333333333,1.0123456790123457,1.0362039792286597,1.000640062760369
1919-04-15,8.39,0.5567,0.97,16.7,0.046174999999999994,1.0182926829268293,1.0387806316065535,1.000678380767344
1919-05-15,8.97,0.5533,0.965,16.9,0.046566666666666666,1.0119760479041915,1.0742701989902332,1.0007166845507662
1919-06-15,9.21,0.55,0.96,16.9,0.04695833333333333,1.0,1.031732327688991,1.0007549741513528
1919-07-15,9.51,0.5467,0.955,17.4,0.047349999999999996,1.029585798816568,1.0373638612307061,1.0007932496096954
1919-08-15,8.87,0.5433,0.95,17.7,0.04774166666666666,1.017241379310345,0.9378067026105553,1.000831510966261
1919-09-15,9.01,0.54,0.945,17.8,0.04813333333333333,1.0056497175141244,1.0207779906329808,1.000869758261392
1919-10-15,9.47,0.5367,0.94,18.1,0.04852499999999999,1.0168539325842696,1.0557771928878743,1.0009079915353065
1919-11-15,9.19,0.5333,0.935,18.5,0.048916666666666664,1.022099447513812,0.9752688184707141,1.0009462108280986
1919-12-15,8.92,0.53,0.93,18.9,0.04930833333333333,1.0216216216216216,0.9755716594205374,1.0009844161797403
1920-01-15,8.83,0.5283,0.9192,19.3,0.049699999999999994,1.0211640211640214,0.9948961576159546,1.0010226076300792
1920-02-15,8.1,0.5267,0.9083,19.5,0.0498,1.0103626943005182,0.9227460175980686,1.0033540058933785
1920-03-15,8.67,0.525,0.8975,19.7,0.0499,1.0102564102564102,1.07541650647187,1.0033627003882541
1920-04-15,8.6,0.5233,0.8867,20.3,0.05,1.0304568527918783,0.9969969186717094,1.0033713946527585
1920-05-15,8.06,0.5217,0.8758,20.6,0.0501,1.0147783251231528,0.942603222921115,1.0033800886870603
1920-06-15,7.92,0.52,0.865,20.9,0.050199999999999995,1.0145631067961163,0.9881016534242341,1.0033887824913272
1920-07-15,7.91,0.5183,0.8542,20.8,0.05029999999999999,0.9952153110047848,1.0041977614322748,1.0033974760657274
1920-08-15,7.6,0.5167,0.8433,20.3,0.05039999999999999,0.9759615384615384,0.9664746725774612,1.0034061694104284
1920-09-15,7.87,0.515,0.8325,20.0,0.050499999999999996,0.9852216748768473,1.0409795135870172,1.003414862525598
1920-10-15,7.88,0.5133,0.8217,19.9,0.050600000000000006,0.9949999999999999,1.0066989475228814,1.0034235554114042
1920-11-15,7.48,0.5117,0.8108,19.8,0.050699999999999995,0.9949748743718594,0.9549393362559607,1.003432248068014
1920-12-15,6.81,0.51,0.8,19.4,0.05079999999999999,0.9797979797979797,0.9166686298067483,1.0034409404955946
1921-01-15,7.11,0.5058,0.7575,19.0,0.0509,0.9793814432989691,1.0499811334783176,1.0034496326943136
1921-02-15,7.06,0.5017,0.715,18.4,0.05024166666666666,0.9684210526315788,0.9988895114410139,1.0094166102536604
1921-03-15,6.88,0.4975,0.6725,18.3,0.04958333333333333,0.9945652173913044,0.9805301698344203,1.009377395755908
1921-04-15,6.91,0.4933,0.63,18.1,0.048925,0.9890710382513661,1.0103095726898441,1.009338247140813
1921-05-15,7.12,0.4892,0.5875,17.7,0.04826666666666666,0.9779005524861877,1.0361163934914932,1.009299164726094
1921-06-15,6.55,0.485,0.545,17.6,0.047608333333333336,0.9943502824858759,0.9261143036852789,1.0092601488311195
1921-07-15,6.53,0.4808,0.5025,17.7,0.046950000000000006,1.0056818181818181,1.0030823484485387,1.0092211997769156
1921-08-15,6.45,0.4767,0.46,17.7,0.04629166666666666,1.0,0.993907766183506,1.009182317886176
1921-09-15,6.61,0.4725,0.4175,17.5,0.04563333333333333,0.9887005649717514,1.0307630850602212,1.0091435034832696
1921-10-15,6.7,0.4683,0.375,17.5,0.044974999999999994,1.0,1.019440360602434,1.0091047568942517
1921-11-15,7.06,0.4642,0.3325,17.4,0.044316666666666664,0.9942857142857142,1.05921056896819,1.0090660784468715
1921-12-15,7.31,0.46,0.29,17.3,0.04365833333333333,0.9942528735632186,1.040654722920857,1.009027468470582
1922-01-15,7.3,0.4642,0.3233,16.9,0.043,0.9768786127167629,1.0039310977019034,1.0089889272965487
1922-02-15,7.46,0.4683,0.3567,16.9,0.04305,1.0,1.027149041463146,1.0031770428820859
1922-03-15,7.74,0.4725,0.39,16.7,0.043100000000000006,0.9881656804733728,1.0426207213666687,1.003181303840806
1922-04-15,8.21,0.4767,0.4233,16.7,0.043149999999999994,1.0,1.0655621256613383,1.0031855647692602
1922-05-15,8.53,0.4808,0.4567,16.7,0.0432,1.0,1.0436740048140378,1.0031898256674596
1922-06-15,8.45,0.485,0.49,16.7,0.043250000000000004,1.0,0.9954043739348997,1.0031940865354156
1922-07-15,8.51,0.4892,0.5233,16.8,0.0433,1.005988023952096,1.0118910343325058,1.003198347373139
1922-08-15,8.83,0.4933,0.5567,16.6,0.04335,0.9880952380952381,1.042258350600342,1.0032026081806409
1922-09-15,9.06,0.4975,0.59,16.6,0.0434,1.0,1.030623540100517,1.0032068689579323
1922-10-15,9.26,0.5017,0.6233,16.7,0.043449999999999996,1.006024096385542,1.0265899939925334,1.0032111297050248
1922-11-15,8.8,0.5058,0.6567,16.8,0.0435,1.005988023952096,0.9551137468093464,1.0032153904219288
1922-12-15,8.78,0.51,0.69,16.9,0.04355,1.005952380952381,1.0025678194243113,1.0032196511086557
1923-01-15,8.9,0.5117,0.7142,16.8,0.0436,0.9940828402366865,1.0184586244699823,1.0032239117652164
1923-02-15,9.28,0.5133,0.7383,16.8,0.04335,1.0,1.047306004213483,1.0056619590967957
1923-03-15,9.43,0.515,0.7625,16.8,0.0431,1.0,1.0207148712229253,1.0056434807959702
1923-04-15,9.1,0.5167,0.7867,16.9,0.04285,1.005952380952381,0.9697369872086202,1.0056250062783691
1923-05-15,8.67,0.5183,0.8108,16.9,0.0426,1.0,0.9577289905404093,1.005606535550935
1923-06-15,8.34,0.52,0.835,17.0,0.04234999999999999,1.0059171597633136,0.9671335595883155,1.005588068620623
1923-07-15,8.06,0.5217,0.8592,17.2,0.0421,1.011764705882353,0.971820779108723,1.005569605494403
1923-08-15,8.1,0.5233,0.8833,17.1,0.04185,0.994186046511628,1.0103465240122944,1.0055511461792581
1923-09-15,8.15,0.525,0.9075,17.2,0.0416,1.0058479532163742,1.011540937665682,1.0055326906821853
1923-10-15,8.03,0.5267,0.9317,17.3,0.04135,1.005813953488372,0.9907420345992913,1.005514239010195
1923-11-15,8.27,0.5283,0.9558,17.3,0.0411,1.0,1.0352113785818298,1.005495791170312
1923-12-15,8.55,0.53,0.98,17.3,0.04085,1.0,1.0390230076063465,1.0054773471695746
1924-01-15,8.83,0.5317,0.9758,17.3,0.0406,1.0,1.037766469306524,1.0054589070150355
1924-02-15,8.87,0.5333,0.9717,17.2,0.04043333333333333,0.9942196531791907,1.0095403457857572,1.0047542252941093
1924-03-15,8.7,0.535,0.9675,17.1,0.040266666666666666,0.994186046511628,0.9859587939025601,1.00474140261019
1924-04-15,8.5,0.5367,0.9633,17.0,0.0401,0.9941520467836257,0.982273258958756,1.0047285810707762
1924-05-15,8.47,0.5383,0.9592,17.0,0.039933333333333335,1.0,1.0017667314859828,1.0047157606772699
1924-06-15,8.63,0.54,0.955,17.0,0.039766666666666665,1.0,1.0241045691904218,1.004702941431075
1924-07-15,9.03,0.5417,0.9508,17.1,0.039599999999999996,1.0058823529411764,1.051349019212812,1.0046901233335968
1924-08-15,9.34,0.5433,0.9467,17.0,0.03943333333333333,0.9941520467836257,1.0391774414810493,1.0046773063862429
1924-09-15,9.25,0.545,0.9425,17.1,0.039266666666666665,1.0058823529411764,0.9952739356058414,1.0046644905904216
1924-10-15,9.13,0.5467,0.9383,17.2,0.0391,1.0058479532163742,0.9920169868663846,1.0046516759475448
1924-11-15,9.64,0.5483,0.9342,17.2,0.038933333333333334,1.0,1.0605996022945043,1.0046388624590255
1924-12-15,10.16,0.55,0.93,17.3,0.03876666666666667,1.005813953488372,1.058453063569336,1.0046260501262774
1925-01-15,10.58,0.5542,0.9567,17.3,0.038599999999999995,1.0,1.0457037370564974,1.0046132389507183
1925-02-15,10.67,0.5583,0.9833,17.2,0.038450000000000005,0.9942196531791907,1.0128669723957955,1.0044619555616217
1925-03-15,10.39,0.5625,1.01,17.3,0.0383,1.005813953488372,0.9782697501292156,1.0044503302464867
1925-04-15,10.28,0.5667,1.037,17.2,0.038149999999999996,0.9942196531791907,0.9940067686116926,1.0044387057778408
1925-05-15,10.61,0.5708,1.063,17.3,0.038,1.005813953488372,1.0365843592724482,1.004427082156618
1925-06-15,10.8,0.575,1.09,17.5,0.03785,1.0115606936416184,1.0223443627023192,1.0044154593837535
1925-07-15,11.1,0.5792,1.117,17.7,0.0377,1.0114285714285713,1.032126126126126,1.0044038374601838
1925-08-15,11.25,0.5833,1.143,17.7,0.03755,1.0,1.0178342542542544,1.004392216386846
1925-09-15,11.51,0.5875,1.17,17.7,0.0374,1.0,1.0273646587508447,1.0043805961646788
1925-10-15,11.89,0.5917,1.197,17.7,0.03725,1.0,1.0371618120979138,1.0043689767946216
1925-11-15,12.26,0.5958,1.223,18.0,0.0371,1.0169491525423728,1.0351683423497338,1.0043573582776149
1925-12-15,12.46,0.6,1.25,17.9,0.036950000000000004,0.9944444444444444,1.0203260547945925,1.004345740614601
1926-01-15,12.65,0.6075,1.249,17.9,0.0368,1.0,1.0192507724322575,1.0043341238065224
1926-02-15,12.67,0.615,1.248,17.9,0.03651666666666667,1.0,1.0056260158289945,1.0054402968180527
1926-03-15,11.81,0.6225,1.248,17.8,0.03623333333333333,0.9944134078212292,0.9365155895068391,1.00541984704095
1926-04-15,11.48,0.63,1.247,17.9,0.03595,1.0056179775280898,0.976630749055162,1.00539940305604
1926-05-15,11.56,0.6375,1.246,17.8,0.035666666666666666,0.9944134078212292,1.0115642293502767,1.005378964875415
1926-06-15,12.11,0.645,1.245,17.7,0.035383333333333336,0.99438202247191,1.05201633526583,1.0053585325111942
1926-07-15,12.62,0.6525,1.244,17.5,0.0351,0.9887005649717514,1.0464225924927468,1.0053381059755246
1926-08-15,13.12,0.66,1.243,17.4,0.03481666666666666,0.9942857142857142,1.0438117245177998,1.0053176852805792
1926-09-15,13.32,0.6675,1.242,17.5,0.03453333333333333,1.0057471264367817,1.0194199534900756,1.005297270438559
1926-10-15,13.02,0.675,1.242,17.6,0.034249999999999996,1.0057142857142858,0.9817977539751732,1.005276861461693
1926-11-15,13.19,0.6825,1.241,17.7,0.033966666666666666,1.0056818181818181,1.0173688144092776,1.0052564583622363
1926-12-15,13.49,0.69,1.24,17.7,0.03368333333333333,1.0,1.0270069200165681,1.0052360611524727
1927-01-15,13.4,0.6967,1.229,17.5,0.0334,0.9887005649717514,0.9976611028438238,1.0052156698447128
1927-02-15,13.66,0.7033,1.218,17.4,0.03339166666666666,0.9942857142857142,1.0236934926392927,1.0028541809859757
1927-03-15,13.87,0.71,1.208,17.3,0.033383333333333334,0.9942528735632186,1.0196391543450778,1.0028534893296104
1927-04-15,14.21,0.7167,1.197,17.3,0.033375,1.0,1.0287163641778718,1.0028527976733954
1927-05-15,14.7,0.7233,1.186,17.4,0.03336666666666667,1.005780346820809,1.038583098756744,1.002852106017331
1927-06-15,14.89,0.73,1.175,17.6,0.03335833333333334,1.0114942528735633,1.0170106860742956,1.0028514143614171
1927-07-15,15.22,0.7367,1.164,17.3,0.03335,0.9829545454545454,1.026196143231118,1.002850722705654
1927-08-15,16.03,0.7433,1.153,17.2,0.033341666666666665,0.9942196531791907,1.0570835570569748,1.0028500310500412
1927-09-15,16.94,0.75,1.143,17.3,0.03333333333333333,1.005813953488372,1.060458051277821,1.0028493393945788
1927-10-15,16.68,0.7567,1.132,17.4,0.033325,1.005780346820809,0.9884321875439435,1.002848647739267
1927-11-15,17.06,0.7633,1.121,17.3,0.03331666666666667,0.9942528735632186,1.026510281809722,1.002847956084106
1927-12-15,17.46,0.77,1.11,17.3,0.033308333333333336,1.0,1.0271217256705105,1.0028472644290953
1928-01-15,17.53,0.7767,1.133,17.3,0.0333,1.0,1.0077014056740563,1.0028465727742353
1928-02-15,17.32,0.7833,1.155,17.1,0.033525,0.9884393063583815,0.9917893006577968,1.000863317276399
1928-03-15,18.25,0.79,1.177,17.1,0.03375,1.0,1.0573024560515465,1.0008840964980432
1928-04-15,19.4,0.7967,1.2,17.1,0.033975,1.0,1.0664359494892435,1.0009048727654835
1928-05-15,20.0,0.8033,1.222,17.2,0.0342,1.0058479532163742,1.0342749183848798,1.000925646083613
1928-06-15,19.02,0.81,1.245,17.1,0.034425,0.994186046511628,0.9545488958990536,1.000946416457318
1928-07-15,19.16,0.8167,1.268,17.1,0.03465,1.0,1.0109127780558427,1.0009671838914758
1928-08-15,19.78,0.8233,1.29,17.1,0.034874999999999996,1.0,1.0358276523667087,1.0009879483909543
1928-09-15,21.17,0.83,1.312,17.3,0.0351,1.0116959064327484,1.0735402050487979,1.001008709960613
1928-10-15,21.6,0.8367,1.335,17.2,0.035324999999999995,0.9942196531791907,1.0235397711865148,1.0010294686053032
1928-11-15,23.06,0.8433,1.357,17.2,0.03555,1.0,1.0706400774147953,1.0010502243298673
1928-12-15,23.15,0.85,1.38,17.1,0.035775,0.994186046511628,1.006962617318455,1.0010709771391393
1929-01-15,24.86,0.86,1.399,17.1,0.036000000000000004,1.0,1.0767489011176774,1.0010917270379438
1929-02-15,24.99,0.87,1.418,17.1,0.035741666666666665,1.0,1.0081304444545316,1.005172088928775
1929-03-15,25.43,0.88,1.438,17.0,0.03548333333333333,0.9941520467836257,1.0204907759407342,1.0051532021961926
1929-04-15,25.28,0.89,1.457,16.9,0.035225,0.9941176470588234,0.9970352629913173,1.0051343198781877
1929-05-15,25.66,0.9,1.476,17.0,0.03496666666666667,1.0059171597633136,1.0179544826701659,1.0051154419831654
1929-06-15,26.15,0.91,1.495,17.1,0.034708333333333334,1.0058823529411764,1.0219958053220348,1.0050965685195483
1929-07-15,28.48,0.92,1.514,17.3,0.03445,1.0116959064327484,1.0917932859976656,1.0050776994957769
1929-08-15,30.1,0.93,1.533,17.3,0.03419166666666666,1.0,1.059456773302475,1.005058834920308
1929-09-15,31.3,0.94,1.552,17.3,0.033933333333333336,1.0,1.0423697720413674,1.005039974801616
1929-10-15,27.99,0.95,1.572,17.3,0.033675,1.0,0.8970775923700118,1.0050211191481935
1929-11-15,20.58,0.96,1.591,17.3,0.03341666666666667,1.0,0.7391498629768858,1.0050022679685486
1929-12-15,21.4,0.97,1.61,17.2,0.03315833333333333,0.9942196531791907,1.0436217677992425,1.004983421271209
1930-01-15,21.71,0.9708,1.557,17.1,0.0329,0.994186046511628,1.0182123746755232,1.0049645790647181
1930-02-15,23.07,0.9717,1.503,17.0,0.03294166666666667,0.9941520467836257,1.0661539125410278,1.0023866745441654
1930-03-15,23.94,0.9725,1.45,16.9,0.03298333333333334,0.9941176470588234,1.0410965125029017,1.002390216660541
1930-04-15,25.46,0.9733,1.397,17.0,0.033025,1.0059171597633136,1.0666777796481253,1.0023937587580491
1930-05-15,23.94,0.9742,1.343,16.9,0.03306666666666667,0.9941176470588234,0.943689624143277,1.0023973008366955
1930-06-15,21.52,0.975,1.29,16.8,0.03310833333333333,0.9940828402366865,0.9026895091663483,1.0024008428964863
1930-07-15,21.06,0.9758,1.237,16.6,0.033150000000000006,0.9880952380952381,0.9824857255660643,1.0024043849374267
1930-08-15,20.79,0.9767,1.183,16.5,0.03319166666666667,0.9939759036144578,0.991094430261097,1.002407926959523
1930-09-15,20.78,0.9775,1.13,16.6,0.03323333333333333,1.006060606060606,1.003439034809343,1.0024114689627808
1930-10-15,17.92,0.9783,1.077,16.5,0.033275,0.9939759036144578,0.8669170473734189,1.0024150109472056
1930-11-15,16.62,0.9792,1.023,16.4,0.03331666666666667,0.9939393939393939,0.9323651044352759,1.0024185529128038
1930-12-15,15.51,0.98,0.97,16.1,0.03335833333333332,0.9817073170731709,0.9384784165489288,1.0024220948595808
1931-01-15,15.98,0.9667,0.94,15.9,0.0334,0.9875776397515528,1.035344227633026,1.0024256367875422
1931-02-15,17.2,0.9533,0.91,15.7,0.03368333333333333,0.9874213836477986,1.0809641333401248,1.0003778277364161
1931-03-15,17.53,0.94,0.88,15.6,0.033966666666666666,0.9936305732484076,1.0236545766504377,1.0004046527488748
1931-04-15,15.86,0.9267,0.85,15.5,0.034249999999999996,0.9935897435897436,0.9096039081624797,1.0004314718716403
1931-05-15,14.33,0.9133,0.82,15.3,0.03453333333333333,0.9870967741935485,0.9088420141990263,1.0004582851169965
1931-06-15,13.87,0.9,0.79,15.1,0.03481666666666666,0.9869281045751633,0.9733068655157476,1.0004850924971989
1931-07-15,14.33,0.8867,0.76,15.1,0.0351,1.0,1.0383215362704863,1.0005118940244755
1931-08-15,13.9,0.8733,0.73,15.1,0.035383333333333336,1.0,0.9752286331437292,1.0005386897110278
1931-09-15,11.83,0.86,0.7,15.0,0.035666666666666666,0.9933774834437087,0.8571371812102305,1.0005654795690295
1931-10-15,10.25,0.8467,0.67,14.9,0.03595,0.9933333333333334,0.8733249908940341,1.0005922636106266
1931-11-15,10.39,0.8333,0.64,14.7,0.03623333333333333,0.9865771812080536,1.0203420463704156,1.000619041847939
1931-12-15,8.44,0.82,0.61,14.6,0.03651666666666667,0.9931972789115646,0.8204159045260131,1.0006458142930583
1932-01-15,8.3,0.7933,0.5933,14.3,0.0368,0.9794520547945206,0.9913771817126327,1.0006725809580503
1932-02-15,8.23,0.7667,0.5767,14.1,0.03649166666666667,0.9860139860139859,0.9993295295397873,1.005650038073073
1932-03-15,8.26,0.74,0.56,14.0,0.03618333333333334,0.9929078014184397,1.0111108986296908,1.0056280883647266
1932-04-15,6.28,0.7133,0.5433,13.9,0.035875000000000004,0.9928571428571429,0.769755790446374,1.0056061461238126
1932-05-15,5.51,0.6867,0.5267,13.7,0.03556666666666666,0.9856115107913669,0.887774197463789,1.0055842113672975
1932-06-15,4.77,0.66,0.51,13.6,0.035258333333333336,0.9927007299270073,0.8772291279054283,1.0055622841121905
1932-07-15,5.01,0.6333,0.4933,13.6,0.03495,1.0,1.0608483975445335,1.0055403643755418
1932-08-15,7.53,0.6067,0.4767,13.5,0.03464166666666667,0.9926470588235294,1.5097082660707803,1.005518452174443
1932-09-15,8.26,0.58,0.46,13.4,0.034333333333333334,0.9925925925925926,1.1027970442684467,1.0054965475260271
1932-10-15,7.12,0.5533,0.4433,13.3,0.034025,0.9925373134328358,0.8684613616680723,1.00547465044747
1932-11-15,7.05,0.5267,0.4267,13.2,0.033716666666666666,0.9924812030075187,0.9963943076473557,1.0054527609559885
1932-12-15,6.82,0.5,0.41,13.1,0.03340833333333334,0.9924242424242424,0.9734853684407563,1.0054308790688418
1933-01-15,7.09,0.495,0.4125,12.9,0.0331,0.984732824427481,1.0454074964118643,1.0054090048033315
1933-02-15,6.25,0.49,0.415,12.7,0.032941666666666675,0.9844961240310077,0.8880566055477198,1.0041073033988384
1933-03-15,6.23,0.485,0.4175,12.6,0.03278333333333333,0.9921259842519685,1.0032874264312466,1.0040951188802287
1933-04-15,6.89,0.48,0.42,12.6,0.032624999999999994,1.0,1.1117445200548868,1.0040829353984424
1933-05-15,8.87,0.475,0.4225,12.6,0.032466666666666665,1.0,1.291835612396226,1.0040707529546908
1933-06-15,10.39,0.47,0.425,12.7,0.032308333333333335,1.007936507936508,1.175133799121015,1.0040585715501866
1933-07-15,11.23,0.465,0.4275,13.1,0.03215,1.031496062992126,1.0842975470454586,1.0040463911861446
1933-08-15,10.67,0.46,0.43,13.2,0.03199166666666667,1.0076335877862594,0.9537261980964875,1.0040342118637797
1933-09-15,10.58,0.455,0.4325,13.2,0.03183333333333334,1.0,0.9951489418181582,1.0040220335843102
1933-10-15,9.55,0.45,0.435,13.2,0.031675,1.0,0.9065732044062195,1.0040098563489546
1933-11-15,9.78,0.445,0.4375,13.2,0.031516666666666665,1.0,1.0278755215080817,1.0039976801589328
1933-12-15,9.97,0.44,0.44,13.2,0.031358333333333335,1.0,1.0231051026289504,1.0039855050154673
1934-01-15,10.54,0.4408,0.4442,13.2,0.031200000000000002,1.0,1.0606566505335104,1.0039733309197816
1934-02-15,11.32,0.4417,0.4483,13.3,0.030924999999999998,1.0075757575757578,1.0772554146188285,1.0049654246357922
1934-03-15,10.74,0.4425,0.4525,13.3,0.03065,1.0,0.9521966773265952,1.0049455958129638
1934-04-15,10.92,0.4433,0.4567,13.3,0.030375000000000006,1.0,1.0201427130442493,1.0049257725086418
1934-05-15,9.81,0.4442,0.4608,13.3,0.030100000000000002,1.0,0.9021250088681282,1.0049059547340418
1934-06-15,9.94,0.445,0.465,13.4,0.029825,1.0075187969924813,1.016982501533154,1.004886142500403
1934-07-15,9.47,0.4458,0.4692,13.4,0.02955,1.0,0.9566392122534575,1.0048663358189895
1934-08-15,9.1,0.4467,0.4733,13.4,0.029275000000000002,1.0,0.9650199096046508,1.0048465347010906
1934-09-15,8.88,0.4475,0.4775,13.6,0.029000000000000005,1.0149253731343284,0.9800236878361879,1.0048267391580192
1934-10-15,8.95,0.4483,0.4817,13.5,0.028724999999999997,0.9926470588235294,1.0120569983391212,1.0048069492011138
1934-11-15,9.2,0.4492,0.4858,13.5,0.028449999999999996,1.0,1.032001801473565,1.0047871648417364
1934-12-15,9.26,0.45,0.49,13.4,0.028175,0.9925925925925926,1.0105714151563527,1.0047673860912751
1935-01-15,9.26,0.45,0.57,13.6,0.0279,1.0149253731343284,1.0040496760259179,1.004747612961142
1935-02-15,8.98,0.45,0.65,13.7,0.027783333333333333,1.0073529411764706,0.9739383655543637,1.0033436194737917
1935-03-15,8.41,0.45,0.73,13.7,0.027666666666666666,1.0,0.9409845898800082,1.003334464182337
1935-04-15,9.04,0.446667,0.756667,13.8,0.027549999999999998,1.0072992700729928,1.0790283259828164,1.0033253093216425
1935-05-15,9.75,0.443333,0.783333,13.8,0.02743333333333333,1.0,1.0823289939490206,1.0033161548920804
1935-06-15,10.12,0.44,0.81,13.7,0.02731666666666667,0.9927536231884057,1.041571906354515,1.0033070008940228
1935-07-15,10.65,0.44,0.793333,13.7,0.027200000000000002,1.0,1.055814421001194,1.0032978473278418
1935-08-15,11.37,0.44,0.776667,13.7,0.02708333333333333,1.0,1.0708304945474665,1.0032886941939105
1935-09-15,11.61,0.44,0.76,13.7,0.026966666666666667,1.0,1.0242663763761717,1.0032795414926021
1935-10-15,11.92,0.45,0.76,13.7,0.02685,1.0,1.029847092878738,1.00327038922429
1935-11-15,13.04,0.46,0.76,13.8,0.026733333333333335,1.0072992700729928,1.09689940434526,1.0032612373893477
1935-12-15,13.04,0.47,0.76,13.8,0.026616666666666667,1.0,1.0030035787321063,1.0032520859881497
1936-01-15,13.76,0.48,0.77,13.8,0.0265,1.0,1.0581217006705665,1.0032429350210708
1936-02-15,14.55,0.49,0.78,13.8,0.026525,1.0,1.0602192053597592,1.0019887425439473
1936-03-15,14.86,0.5,0.79,13.7,0.026550000000000004,0.9927536231884057,1.0241097898831244,1.001990852111945
1936-04-15,14.88,0.516667,0.82,13.7,0.026574999999999998,1.0,1.0042394154054932,1.001992961675669
1936-05-15,14.09,0.533333,0.85,13.7,0.026600000000000002,1.0,0.9500629255477461,1.00199507123512
1936-06-15,14.69,0.55,0.88,13.8,0.026625,1.0072992700729928,1.0457034287828109,1.001997180790299
1936-07-15,15.56,0.57,0.9,13.9,0.02665,1.0072463768115942,1.062276661107621,1.0019992903412065
1936-08-15,15.87,0.59,0.92,14.0,0.026675000000000004,1.0071942446043165,1.0230209678142188,1.0020013998878436
1936-09-15,16.05,0.61,0.94,14.0,0.026699999999999998,1.0,1.0145093408869181,1.002003509430211
1936-10-15,16.89,0.646667,0.966667,14.0,0.026725000000000002,1.0,1.055527029809893,1.0020056189683093
1936-11-15,17.36,0.683333,0.993333,14.0,0.02675,1.0,1.0311073249703968,1.0020077285021398
1936-12-15,17.06,0.72,1.02,14.0,0.026774999999999997,1.0,0.9862358928368836,1.0020098380317026
1937-01-15,17.59,0.73,1.05,14.1,0.0268,1.0071428571428571,1.0345252273741632,1.0020119475569988
1937-02-15,18.11,0.74,1.08,14.1,0.026699999999999998,1.0,1.0329673681574718,1.0031109622791559
1937-03-15,18.09,0.75,1.11,14.2,0.026600000000000002,1.0070921985815602,1.0023505852539865,1.0031030483928531
1937-04-15,17.01,0.78,1.13,14.3,0.026500000000000003,1.0070422535211268,0.944119789061746,1.0030951347799655
1937-05-15,16.25,0.81,1.15,14.4,0.0264,1.0069930069930069,0.9594742459186903,1.0030872214406943
1937-06-15,15.64,0.84,1.17,14.4,0.0263,1.0,0.9669372417863467,1.0030793083752427
1937-07-15,16.57,0.816667,1.18667,14.5,0.0262,1.0069444444444444,1.0635700721087678,1.0030713955838133
1937-08-15,16.74,0.793333,1.20333,14.5,0.0261,1.0,1.0142087932619708,1.003063483066609
1937-09-15,14.37,0.77,1.22,14.6,0.026000000000000002,1.006896551724138,0.8628882603392672,1.0030555708238325
1937-10-15,12.28,0.78,1.19,14.6,0.0259,1.0,0.859851266776831,1.0030476588556871
1937-11-15,11.2,0.79,1.16,14.5,0.0258,0.9931506849315068,0.9179300934543198,1.0030397471623762
1937-12-15,11.02,0.8,1.13,14.4,0.025699999999999997,0.993103448275862,0.989978178204131,1.0030318357441035
1938-01-15,11.31,0.793333,1.07667,14.2,0.0256,0.986111111111111,1.0321611549319807,1.003023924601072
1938-02-15,11.04,0.786667,1.02333,14.1,0.025433333333333336,0.9929577464788732,0.982065326691622,1.0036049369951836
1938-03-15,10.31,0.78,0.97,14.1,0.025266666666666663,1.0,0.9401813702750953,1.0035922231542538
1938-04-15,9.89,0.766667,0.903333,14.2,0.025099999999999997,1.0070921985815602,0.9657228027294745,1.0035795105916847
1938-05-15,9.98,0.753333,0.836667,14.1,0.02493333333333333,0.9929577464788732,1.0153904568236574,1.0035667993090547
1938-06-15,10.21,0.74,0.77,14.1,0.024766666666666666,1.0,1.0290859224161677,1.0035540893079442
1938-07-15,12.24,0.713333,0.72,14.1,0.0246,1.0,1.2036812516737296,1.0035413805899358
1938-08-15,12.31,0.686667,0.67,14.1,0.024433333333333335,1.0,1.0103673904790726,1.0035286731566142
1938-09-15,11.75,0.66,0.62,14.1,0.02426666666666667,1.0,0.9591893807145202,1.0035159670095661
1938-10-15,13.06,0.61,0.626667,14.0,0.024099999999999996,0.9929078014184397,1.1153816536878347,1.0035032621503803
1938-11-15,13.07,0.56,0.633333,14.0,0.02393333333333333,1.0,1.0043362145091437,1.003490558580648
1938-12-15,12.69,0.51,0.64,14.0,0.023766666666666665,1.0,0.9742748780133402,1.0034778563019617
1939-01-15,12.5,0.513333,0.663333,14.0,0.0236,1.0,0.9884498007722617,1.0034651553159173
1939-02-15,12.4,0.516667,0.686667,13.9,0.023474999999999996,0.9928571428571429,0.9954722244623656,1.0030807853192303
1939-03-15,12.39,0.52,0.71,13.9,0.02335,1.0,1.0026909925625072,1.0030710380313692
1939-04-15,10.83,0.523333,0.726667,13.8,0.023225,0.9928057553956835,0.8781188871859995,1.0030612912905272
1939-05-15,11.23,0.526667,0.743333,13.8,0.0231,1.0,1.040842626287916,1.003051545097212
1939-06-15,11.43,0.53,0.76,13.8,0.022975000000000002,1.0,1.0216735393234646,1.0030417994519303
1939-07-15,11.71,0.54,0.776667,13.8,0.022850000000000002,1.0,1.0283398072252072,1.0030320543551907
1939-08-15,11.54,0.55,0.793333,13.8,0.022725,1.0,0.9894541862584181,1.0030223098075013
1939-09-15,12.77,0.56,0.81,14.1,0.0226,1.0217391304347825,1.110240186890943,1.0030125658093714
1939-10-15,12.9,0.58,0.84,14.0,0.022475000000000002,0.9929078014184397,1.0139268796577898,1.0030028223613099
1939-11-15,12.67,0.6,0.87,14.0,0.022350000000000002,1.0,0.9861168725488396,1.0029930794638278
1939-12-15,12.37,0.62,0.9,14.0,0.022225,1.0,0.980498792280549,1.0029833371174348
1940-01-15,12.3,0.623333,0.93,13.9,0.022099999999999998,0.9928571428571429,0.9985642712447943,1.0029735953226422
1940-02-15,12.22,0.626667,0.96,14.0,0.021883333333333334,1.0071942446043165,0.9977694415059944,1.0037876506640477
1940-03-15,12.15,0.63,0.99,14.0,0.02166666666666667,1.0,0.9985926734153684,1.0037716278709305
1940-04-15,12.27,0.636667,1.00667,14.0,0.02145,1.0,1.014200551631501,1.0037556079623042
1940-05-15,10.58,0.643333,1.02333,14.0,0.021233333333333337,1.0,0.8673328988164842,1.0037395909428082
1940-06-15,9.67,0.65,1.04,14.1,0.021016666666666666,1.0071428571428571,0.9195901745633634,1.0037235768170905
1940-07-15,9.99,0.656667,1.05333,14.0,0.0208,0.9929078014184397,1.0385697399312446,1.0037075655898062
1940-08-15,10.2,0.663333,1.06667,14.0,0.020583333333333335,1.0,1.0264404082759229,1.0036915572656193
1940-09-15,10.63,0.67,1.08,14.0,0.020366666666666665,1.0,1.04740929297401,1.0036755518492013
1940-10-15,10.73,0.67,1.07,14.0,0.02015,1.0,1.0146108170648347,1.0036595493452318
1940-11-15,10.98,0.67,1.06,14.0,0.019933333333333334,1.0,1.0283841642660185,1.0036435497583989
1940-12-15,10.53,0.67,1.05,14.1,0.019716666666666664,1.0071428571428571,0.9643187043004893,1.003627553093398
1941-01-15,10.55,0.673333,1.05333,14.1,0.0195,1.0,1.007217921330615,1.003611559354933
1941-02-15,9.89,0.676667,1.05667,14.1,0.019925,1.0,0.9431423676635726,0.997771631787908
1941-03-15,9.95,0.68,1.06,14.2,0.02035,1.0070921985815602,1.0117618764533822,0.9978149541033811
1941-04-15,9.64,0.683333,1.07,14.3,0.020775000000000002,1.0070422535211268,0.9747513182701197,0.997858254435054
1941-05-15,9.43,0.686667,1.08,14.4,0.0212,1.0069930069930069,0.9842838747398388,0.9979015328521585
1941-06-15,9.76,0.69,1.09,14.7,0.021625000000000002,1.0208333333333333,1.0408860912156876,0.9979447894236926
1941-07-15,10.26,0.693333,1.12333,14.7,0.02205,1.0,1.0568608678458442,0.9979880242184215
1941-08-15,10.21,0.696667,1.15667,14.9,0.022474999999999995,1.0136054421768708,1.000812854853152,0.9980312373048791
1941-09-15,10.24,0.7,1.19,15.1,0.0229,1.0134228187919463,1.008634910371776,0.9980744287513681
1941-10-15,9.83,0.703333,1.18,15.3,0.023325,1.0132450331125828,0.965923407828925,0.9981175986259618
1941-11-15,9.37,0.706667,1.17,15.4,0.023750000000000004,1.0065359477124183,0.9594893124507592,0.9981607469965035
1941-12-15,8.76,0.71,1.16,15.5,0.024175,1.0064935064935066,0.941652798285925,0.9982038739306083
1942-01-15,8.93,0.703333,1.12,15.7,0.0246,1.0129032258064516,1.0259697838848068,0.9982469794956638
1942-02-15,8.65,0.696667,1.08,15.8,0.024608333333333333,1.0063694267515924,0.9753566449283337,1.0019761283668998
1942-03-15,8.18,0.69,1.04,16.0,0.02461666666666667,1.0126582278481011,0.9526940797376938,1.0019768257631356
1942-04-15,7.84,0.68,1.02,16.1,0.024624999999999998,1.00625,0.9656630989804235,1.0019775231592112
1942-05-15,7.93,0.67,1.0,16.3,0.024633333333333333,1.0124223602484472,1.018520365270951,1.001978220555126
1942-06-15,8.33,0.66,0.98,16.3,0.024641666666666662,1.0,1.0570440029731945,1.0019789179508802
1942-07-15,8.64,0.646667,0.966667,16.4,0.02465,1.0061349693251533,1.0434520290870977,1.0019796153464742
1942-08-15,8.59,0.633333,0.953333,16.5,0.024658333333333338,1.0060975609756098,1.0003570549303669,1.0019803127419074
1942-09-15,8.68,0.62,0.94,16.5,0.024666666666666667,1.0,1.01642968013748,1.0019810101371802
1942-10-15,9.32,0.61,0.97,16.7,0.024675000000000002,1.012121212121212,1.0791869392087448,1.0019817075322923
1942-11-15,9.47,0.6,1.0,16.8,0.02468333333333334,1.005988023952096,1.021374251646265,1.001982404927244
1942-12-15,9.52,0.59,1.03,16.9,0.024691666666666667,1.005952380952381,1.0104443968717371,1.0019831023220354
1943-01-15,10.09,0.59,1.04333,16.9,0.024700000000000003,1.0,1.0647467609442192,1.001983799716666
1943-02-15,10.69,0.59,1.05667,16.9,0.024708333333333332,1.0,1.0640641306507723,1.0019844971111362
1943-03-15,11.07,0.59,1.07,17.2,0.024716666666666668,1.017751479289941,1.0399886737148216,1.001985194505446
1943-04-15,11.44,0.59,1.08,17.4,0.024725,1.0116279069767442,1.0377214531177945,1.0019858918995956
1943-05-15,11.89,0.59,1.09,17.5,0.024733333333333336,1.0057471264367817,1.0434707918938364,1.0019865892935844
1943-06-15,12.1,0.59,1.1,17.5,0.024741666666666672,1.0,1.0217252616384813,1.001987286687413
1943-07-15,12.35,0.593333,1.09333,17.4,0.02475,0.9942857142857142,1.0246647535160216,1.001987984081081
1943-08-15,11.74,0.596667,1.08667,17.3,0.02475833333333333,0.9942528735632186,0.954842572798626,1.0019886814745889
1943-09-15,11.99,0.6,1.08,17.4,0.024766666666666666,1.005780346820809,1.0254648606945311,1.0019893788679362
1943-10-15,11.88,0.603333,1.03333,17.4,0.024775000000000002,1.0,0.9950578219117784,1.0019900762611231
1943-11-15,11.33,0.606667,0.986667,17.4,0.024783333333333334,1.0,0.9581658028505114,1.0019907736541496
1943-12-15,11.48,0.61,0.94,17.4,0.02479166666666667,1.0,1.017667178704948,1.0019914710470157
1944-01-15,11.85,0.613333,0.936667,17.4,0.0248,1.0,1.036543136746105,1.0019921684397215
1944-02-15,11.77,0.616667,0.933333,17.4,0.024708333333333332,1.0,0.9976150383224174,1.002878865110834
1944-03-15,12.1,0.62,0.93,17.4,0.02461666666666667,1.0,1.032307355629361,1.0028715832721735
1944-04-15,11.89,0.623333,0.926667,17.5,0.024525,1.0057471264367817,0.9870133763470009,1.0028643016472265
1944-05-15,12.1,0.626667,0.923333,17.5,0.024433333333333335,1.0,1.0219777891866906,1.0028570202361378
1944-06-15,12.67,0.63,0.92,17.6,0.024341666666666664,1.0057142857142858,1.0512510844253689,1.002849739039053
1944-07-15,13.0,0.633333,0.913333,17.7,0.024249999999999997,1.0056818181818181,1.0301056043500698,1.002842458056117
1944-08-15,12.81,0.636667,0.906667,17.7,0.024158333333333334,1.0,0.9895263471046258,1.0028351772874757
1944-09-15,12.6,0.64,0.9,17.7,0.024066666666666667,1.0,0.9878393616098534,1.0028278967332744
1944-10-15,12.91,0.64,0.91,17.7,0.023975,1.0,1.0287343390751602,1.0028206163936593
1944-11-15,12.82,0.64,0.92,17.7,0.023883333333333336,1.0,0.9971888263601807,1.0028133362687752
1944-12-15,13.1,0.64,0.93,17.8,0.023791666666666666,1.0056497175141244,1.0259121204542838,1.0028060563587688
1945-01-15,13.49,0.643333,0.94,17.8,0.023700000000000002,1.0,1.0337451275282605,1.0027987766637856
1945-02-15,13.94,0.646667,0.95,17.8,0.02355,1.0,1.037223818939335,1.003311460745167
1945-03-15,13.93,0.65,0.96,17.8,0.023400000000000004,1.0,1.0031711299546169,1.0032999242570797
1945-04-15,14.28,0.65,0.973333,17.8,0.023250000000000003,1.0,1.0289188120809463,1.0032883887138917
1945-05-15,14.82,0.65,0.986667,17.9,0.0231,1.0056179775280898,1.0414700968106543,1.0032768541166541
1945-06-15,15.09,0.65,1.0,18.1,0.022949999999999998,1.011173184357542,1.021808197150878,1.0032653204664193
1945-07-15,14.78,0.653333,0.996667,18.1,0.0228,1.0,0.9831402484842859,1.0032537877642405
1945-08-15,14.83,0.656667,0.993333,18.1,0.02265,1.0,1.0070729195884436,1.0032422560111722
1945-09-15,15.84,0.66,0.99,18.1,0.0225,1.0,1.07157741440024,1.0032307252082708
1945-10-15,16.5,0.66,0.98,18.1,0.022350000000000002,1.0,1.0450000000000002,1.0032191953565934
1945-11-15,17.04,0.66,0.97,18.1,0.022199999999999998,1.0,1.0359549722577892,1.0032076664571983
1945-12-15,17.33,0.66,0.96,18.2,0.02205,1.005524861878453,1.0201924665902706,1.0031961385111452
1946-01-15,18.02,0.666667,0.94,18.2,0.0219,1.0,1.0428983448510654,1.0031846115194956
1946-02-15,18.07,0.673333,0.92,18.1,0.021949999999999997,0.9945054945054946,1.0058799013875215,1.0013760709742439
1946-03-15,17.53,0.68,0.9,18.3,0.022000000000000002,1.011049723756906,0.9733487684379681,1.001380345752945
1946-04-15,18.66,0.68,0.88,18.4,0.02205,1.0054644808743167,1.0674977229867972,1.0013846204962848
1946-05-15,18.7,0.68,0.86,18.5,0.022099999999999998,1.0054347826086958,1.0051739257527037,1.0013888952042764
1946-06-15,18.58,0.68,0.84,18.7,0.02215,1.0108108108108107,0.9966327621174705,1.001393169876933
1946-07-15,18.05,0.683333,0.856667,19.8,0.022199999999999998,1.0588235294117647,0.9746295193105705,1.0013974445142673
1946-08-15,17.7,0.686667,0.873333,20.2,0.022250000000000002,1.02020202020202,0.9838423137627744,1.0014017191162925
1946-09-15,15.09,0.69,0.89,20.4,0.0223,1.00990099009901,0.8563528433916276,1.0014059936830222
1946-10-15,14.75,0.696667,0.946667,20.8,0.02235,1.019607843137255,0.981404493951545,1.001410268214469
1946-11-15,14.69,0.703333,1.00333,21.3,0.022400000000000003,1.0240384615384615,0.999922066108233,1.001414542710646
1946-12-15,15.13,0.71,1.06,21.5,0.02245,1.0093896713615023,1.0338629015216585,1.0014188171715663
1947-01-15,15.21,0.713333,1.13,21.5,0.0225,1.0,1.0091957539334389,1.001423091597243
1947-02-15,15.8,0.716667,1.2,21.5,0.022658333333333332,1.0,1.0425701588000067,1.0004582310166437
1947-03-15,15.16,0.72,1.27,21.9,0.022816666666666666,1.0186046511627906,0.9634514545272369,1.0004725041912648
1947-04-15,14.6,0.733333,1.32667,21.9,0.022975,1.0,0.9672463766551005,1.000486776249777
1947-05-15,14.34,0.746667,1.38333,21.9,0.023133333333333336,1.0,0.9865308498595747,1.0005010471934899
1947-06-15,14.84,0.76,1.44,22.0,0.023291666666666665,1.0045662100456623,1.039135248320533,1.0005153170237104
1947-07-15,15.77,0.77,1.47667,22.2,0.02345,1.009090909090909,1.0667373708196382,1.0005295857417447
1947-08-15,15.46,0.78,1.51333,22.5,0.02360833333333333,1.0135135135135136,0.9845468207684691,1.0005438533488968
1947-09-15,15.06,0.79,1.55,23.0,0.02376666666666667,1.0222222222222221,0.9784981820597444,1.0005581198464697
1947-10-15,15.45,0.806667,1.57,23.0,0.023925000000000002,1.0,1.030247369035186,1.000572385235764
1947-11-15,15.27,0.823333,1.59,23.1,0.02408333333333333,1.0043478260869565,0.9928427092804174,1.000586649518079
1947-12-15,15.03,0.84,1.61,23.4,0.02424166666666667,1.0129870129870129,0.9889402596248237,1.0006009126947126
1948-01-15,14.83,0.843333,1.64333,23.7,0.024399999999999998,1.0128205128205128,0.9914321708684228,1.0006151747669607
1948-02-15,14.1,0.846667,1.67667,23.5,0.024291666666666666,0.9915611814345991,0.9557793972388408,1.002995124296659
1948-03-15,14.3,0.85,1.71,23.4,0.02418333333333333,0.9957446808510638,1.0191377771165004,1.0029865965945013
1948-04-15,15.4,0.85,1.76,23.8,0.024075000000000003,1.0170940170940173,1.081522644022644,1.002978069246241
1948-05-15,16.15,0.85,1.81,23.9,0.023966666666666664,1.004201680672269,1.0530872636135793,1.002969542252163
1948-06-15,16.82,0.85,1.86,24.1,0.023858333333333332,1.0083682008368202,1.0456973245522003,1.0029610156125504
1948-07-15,16.42,0.856667,1.93,24.4,0.02375,1.012448132780083,0.98056646783212,1.0029524893276887
1948-08-15,15.94,0.863333,2.0,24.5,0.02364166666666667,1.0040983606557377,0.9752808083665856,1.0029439633978623
1948-09-15,15.76,0.87,2.07,24.5,0.023533333333333337,1.0,0.9933079075084867,1.0029354378233566
1948-10-15,16.19,0.89,2.14333,24.4,0.023424999999999998,0.9959183673469387,1.0318652810481288,1.0029269126044569
1948-11-15,15.29,0.91,2.21667,24.2,0.023316666666666666,0.9918032786885246,0.9493697983384306,1.0029183877414487
1948-12-15,15.19,0.93,2.29,24.1,0.023208333333333334,0.9958677685950414,0.998561818448766,1.0029098632346178
1949-01-15,15.36,0.946667,2.32,24.0,0.0231,0.9958506224066389,1.0163275705823744,1.0029013390842503
1949-02-15,14.77,0.963333,2.35,23.8,0.023108333333333335,0.9916666666666667,0.9670237312401263,1.0018505944189815
1949-03-15,14.91,0.98,2.38,23.8,0.023116666666666664,1.0,1.0149559812799918,1.0018512918442815
1949-04-15,14.89,0.993333,2.38667,23.9,0.023125,1.004201680672269,1.0042179031317973,1.0018519892694189
1949-05-15,14.78,1.00667,2.39333,23.8,0.023133333333333336,0.99581589958159,0.9982883486190869,1.0018526866943942
1949-06-15,13.97,1.02,2.4,23.9,0.023141666666666668,1.004201680672269,0.9512806778104639,1.0018533841192072
1949-07-15,14.76,1.02667,2.39667,23.7,0.02315,0.9916317991631799,1.0623462151361254,1.0018540815438577
1949-08-15,15.29,1.03333,2.39333,23.8,0.023158333333333333,1.0042194092827006,1.0415396990611503,1.0018547789683458
1949-09-15,15.49,1.04,2.39,23.9,0.023166666666666665,1.004201680672269,1.018675452266862,1.0018554763926717
1949-10-15,15.89,1.07333,2.36667,23.7,0.023174999999999998,0.9916317991631799,1.0314520711982789,1.0018561738168354
1949-11-15,16.11,1.10667,2.34333,23.8,0.023183333333333334,1.0042194092827006,1.0195697356203164,1.0018568712408367
1949-12-15,16.54,1.14,2.32,23.6,0.023191666666666663,0.9915966386554622,1.0324351477185643,1.0018575686646758
1950-01-15,16.88,1.15,2.33667,23.5,0.0232,0.9957627118644067,1.026233557501466,1.0018582660883524
1950-02-15,17.21,1.16,2.35333,23.5,0.023408333333333333,1.0,1.02516665243856,1.0000758740224156
1950-03-15,17.35,1.17,2.37,23.6,0.023616666666666668,1.0042553191489363,1.013754401887516,1.000095093304616
1950-04-15,17.84,1.18,2.42667,23.6,0.023825,1.0,1.033754033074441,1.000114310059318
1950-05-15,18.44,1.19,2.48333,23.7,0.024033333333333334,1.0042372881355932,1.0390100888754867,1.0001335242904204
1950-06-15,18.74,1.2,2.54,23.8,0.024241666666666665,1.0042194092827006,1.0216051597728477,1.0001527360018148
1950-07-15,17.38,1.24333,2.6,24.1,0.02445,1.0126050420168067,0.9333894594698045,1.0001719451973872
1950-08-15,18.43,1.28667,2.66,24.3,0.024658333333333334,1.008298755186722,1.0662320934747034,1.0001911518810165
1950-09-15,19.08,1.33,2.72,24.4,0.024866666666666662,1.0041152263374484,1.0410774587433593,1.0002103560565756
1950-10-15,19.87,1.37667,2.76,24.6,0.025075,1.0081967213114755,1.0471782659087001,1.0002295577279305
1950-11-15,19.83,1.42333,2.8,24.7,0.025283333333333335,1.0040650406504064,1.0039682983729423,1.0002487568989418
1950-12-15,19.75,1.47,2.84,25.0,0.02549166666666667,1.0121457489878543,1.0021682401680105,1.0002679535734627
1951-01-15,21.21,1.48667,2.83667,25.4,0.025699999999999997,1.016,1.0797651240259651,1.0002871477553403
1951-02-15,22.0,1.50333,2.83333,25.7,0.025791666666666668,1.0118110236220472,1.042941013619219,1.0013336717700534
1951-03-15,21.63,1.52,2.83,25.8,0.025883333333333335,1.0038910505836576,0.9890378822903094,1.0013416649825615
1951-04-15,21.92,1.53333,2.79333,25.8,0.025975,1.0,1.0192365701803896,1.0013496579833507
1951-05-15,21.93,1.54667,2.75667,25.9,0.026066666666666665,1.003875968992248,1.00633350336117,1.0013576507725652
1951-06-15,21.55,1.56,2.72,25.9,0.026158333333333332,1.0,0.9887046212214989,1.001365643350348
1951-07-15,21.93,1.54667,2.65,25.9,0.02625,1.0,1.0235107096544618,1.0013736357168426
1951-08-15,22.89,1.53333,2.58,25.9,0.026341666666666666,1.0,1.0493578909481438,1.0013816278721923
1951-09-15,23.48,1.52,2.51,26.1,0.026433333333333336,1.007722007722008,1.0311701099175896,1.0013896198165402
1951-10-15,23.36,1.48333,2.48667,26.2,0.026525000000000003,1.0038314176245209,1.0001808271077883,1.0013976115500296
1951-11-15,22.71,1.44667,2.46333,26.4,0.026616666666666667,1.0076335877862594,0.9774831486541644,1.001405603072803
1951-12-15,23.41,1.41,2.44,26.5,0.026708333333333334,1.003787878787879,1.0358426483580745,1.0014135943850035
1952-01-15,24.19,1.41333,2.42667,26.5,0.0268,1.0,1.0381879451688798,1.0014215854867738
1952-02-15,23.75,1.41667,2.41333,26.3,0.026924999999999998,0.9924528301886792,0.9867814374941073,1.0011374755975477
1952-03-15,23.81,1.42,2.4,26.3,0.02705,1.0,1.0074962163914616,1.0011485462107035
1952-04-15,23.74,1.43,2.38,26.4,0.027175,1.0038022813688212,1.0020797161984307,1.0011596162916208
1952-05-15,23.73,1.44,2.36,26.4,0.027300000000000005,1.0,1.0046356600210669,1.0011706858407918
1952-06-15,24.38,1.45,2.34,26.5,0.027425,1.003787878787879,1.0323477358594275,1.0011817548587076
1952-07-15,25.08,1.45,2.34667,26.7,0.027549999999999998,1.0075471698113208,1.0335299750669336,1.0011928233458594
1952-08-15,25.18,1.45,2.35333,26.7,0.027675,1.0,1.0087860229315437,1.001203891302737
1952-09-15,24.78,1.45,2.36,26.7,0.027800000000000002,1.0,0.9889906207723012,1.0012149587298307
1952-10-15,24.26,1.43667,2.37333,26.7,0.027925,1.0,0.9839503102154691,1.0012260256276297
1952-11-15,25.03,1.42333,2.38667,26.7,0.028050000000000002,1.0,1.0364782357076976,1.0012370919966231
1952-12-15,26.04,1.41,2.4,26.7,0.028175,1.0,1.0448638668927548,1.0012481578372994
1953-01-15,26.18,1.41,2.41,26.6,0.028300000000000002,0.9962546816479402,1.0098645029859452,1.0012592231501458
1953-02-15,25.86,1.41,2.42,26.5,0.028008333333333333,0.9962406015037594,0.9923206257824791,1.0049021516393284
1953-03-15,25.99,1.41,2.43,26.6,0.027716666666666664,1.0037735849056604,1.0095480384358668,1.0048813862315422
1953-04-15,24.71,1.41333,2.45667,26.6,0.028300000000000002,1.0,0.9555166786979833,0.997229152478459
1953-05-15,24.84,1.41667,2.48333,26.7,0.0305,1.0037593984962405,1.01001367821914,0.9833967406665
1953-06-15,23.95,1.42,2.51,26.8,0.0311,1.00374531835206,0.9691115414225153,0.997385021185046
1953-07-15,24.29,1.42,2.52333,26.8,0.029300000000000003,1.0,1.0190679314809195,1.0181944020504552
1953-08-15,24.39,1.42,2.53667,26.9,0.029500000000000002,1.003731343283582,1.008968635727252,1.0007096774291473
1953-09-15,23.27,1.42,2.55,26.9,0.0287,1.0,0.9591647721376225,1.009412710229861
1953-10-15,23.97,1.43,2.53667,27.0,0.026600000000000002,1.0037174721189592,1.0350531423363385,1.020830682916586
1953-11-15,24.5,1.44,2.52333,26.9,0.0268,0.9962962962962962,1.0270089312320674,1.0004622471226583
1953-12-15,24.83,1.45,2.51,26.9,0.0259,1.0,1.018335812778595,1.0101622630345173
1954-01-15,25.46,1.45667,2.52333,26.9,0.0248,1.0,1.0301403716653186,1.0119004326234204
1954-02-15,26.02,1.46333,2.53667,26.9,0.024700000000000003,1.0,1.0266818419382113,1.0029527367333413
1954-03-15,26.57,1.47,2.55,26.9,0.023700000000000002,1.0,1.0257480494000593,1.0109616545140248
1954-04-15,27.63,1.46333,2.57333,26.8,0.0229,0.996282527881041,1.044308087648798,1.0091250948993855
1954-05-15,28.73,1.45667,2.59667,26.9,0.023700000000000002,1.003731343283582,1.0440369699029957,0.99478567638878
1954-06-15,28.96,1.45,2.62,26.9,0.023799999999999998,1.0,1.0121779908226654,1.0010850953407302
1954-07-15,30.13,1.45667,2.62333,26.9,0.023,1.0,1.0444293997038003,1.009129990637565
1954-08-15,30.73,1.46333,2.62667,26.9,0.0236,1.0,1.0238819521974543,0.9965721075293651
1954-09-15,31.45,1.47,2.63,26.8,0.023799999999999998,0.996282527881041,1.0273249446303179,1.000186857348127
1954-10-15,32.18,1.49333,2.67667,26.8,0.024300000000000002,1.0,1.0270785743563549,0.9975444755920073
1954-11-15,33.44,1.51667,2.72333,26.8,0.0248,1.0,1.0429343348488072,0.9975967730499604
1954-12-15,34.97,1.54,2.77,26.7,0.025099999999999997,0.9962686567164178,1.0494234007367444,0.9994135476016343
1955-01-15,35.6,1.54667,2.83333,26.7,0.026099999999999998,1.0,1.0216359240170012,0.9932901693339111
1955-02-15,36.79,1.55333,2.89667,26.7,0.0265,1.0,1.0369454269245528,0.9986611275468054
1955-03-15,36.5,1.56,2.96,26.7,0.0268,1.0,0.995679067048446,0.9995767040173207
1955-04-15,37.76,1.56333,3.04667,26.7,0.0275,1.0,1.037970693601985,0.9961133510154234
1955-05-15,37.6,1.56667,3.13333,26.7,0.0276,1.0,0.999234941474336,1.0014178004737726
1955-06-15,39.78,1.57,3.22,26.7,0.0278,1.0,1.0612676458108248,1.000553933967729
1955-07-15,42.69,1.58667,3.29333,26.8,0.028999999999999998,1.00374531835206,1.0762496088818791,0.9918999867044004
1955-08-15,42.43,1.60333,3.36667,26.8,0.0297,1.0,0.9970585515520113,0.9963604649378234
1955-09-15,44.34,1.62,3.44,26.9,0.0297,1.003731343283582,1.0480599742886239,1.002475
1955-10-15,42.11,1.62667,3.5,26.9,0.0288,1.0,0.9529258999000298,1.01029495024253
1955-11-15,44.95,1.63333,3.56,26.9,0.028900000000000002,1.0,1.0704704624134032,1.0015315301225005
1955-12-15,45.37,1.64,3.62,26.8,0.0296,0.996282527881041,1.0123559847270687,0.996349252239216
1956-01-15,44.15,1.67,3.64333,26.8,0.028999999999999998,1.0,0.9762621174516348,1.0076750066477997
1956-02-15,44.43,1.7,3.66667,26.8,0.028399999999999998,1.0,1.0095305521293287,1.0076399065672401
1956-03-15,47.49,1.73,3.69,26.8,0.0296,1.0,1.0719081103443269,0.9919796705053225
1956-04-15,48.05,1.75333,3.66,26.9,0.0318,1.003731343283582,1.0148327643872228,0.9836215765569846
1956-05-15,46.54,1.77667,3.63,27.0,0.030699999999999998,1.0037174721189592,0.9717556615130917,1.0121218025733558
1956-06-15,46.27,1.8,3.6,27.2,0.03,1.0074074074074073,0.9974403802571722,1.0086059081840935
1956-07-15,48.78,1.81333,3.55333,27.4,0.0311,1.0073529411764706,1.0573446152506876,0.9930461499503622
1956-08-15,48.49,1.82667,3.50667,27.3,0.0333,0.9963503649635037,0.9971941960660068,0.983879787601878
1956-09-15,46.84,1.84,3.46,27.4,0.0338,1.0036630036630036,0.9692459208019567,0.9985323267440575
1956-10-15,46.24,1.80667,3.44333,27.5,0.0334,1.0036496350364965,0.9904464007789407,1.0062172201729276
1956-11-15,45.76,1.77333,3.42667,27.5,0.0349,1.0,0.9928487805717207,0.9901211469552511
1956-12-15,46.44,1.74,3.41,27.6,0.0359,1.0036363636363637,1.0179824482150064,0.9945065046801738
1957-01-15,45.43,1.73667,3.40667,27.6,0.0346,1.0,0.9814371225535002,1.013981081890989
1957-02-15,43.47,1.73333,3.40333,27.7,0.0334,1.0036231884057971,0.9601795497937109,1.0130849938521163
1957-03-15,44.03,1.73,3.4,27.8,0.0341,1.0036101083032491,1.0161567303511039,0.9968519912730543
1957-04-15,45.05,1.73,3.40667,27.9,0.0348,1.0035971223021583,1.026366171149745,0.9969298624525882
1957-05-15,46.78,1.73,3.41333,28.0,0.036000000000000004,1.0035842293906811,1.0414835771442654,0.9928225442023677
1957-06-15,47.55,1.73,3.42,28.1,0.038,1.0035714285714286,1.01949192190155,0.9863611268006504
1957-07-15,48.51,1.74,3.43667,28.3,0.0393,1.00711743772242,1.0231783488655954,0.9924169814723148
1957-08-15,45.84,1.75,3.45333,28.3,0.0393,1.0,0.9481411575418682,1.003275
1957-09-15,43.98,1.76,3.47,28.3,0.0392,1.0,0.9627589329435003,1.0041022854235697
1957-10-15,41.24,1.77,3.43667,28.3,0.0397,1.0,0.9412755787063074,0.9991398911708562
1957-11-15,40.35,1.78,3.40333,28.4,0.037200000000000004,1.0035335689045937,0.9820951775424461,1.0241850643464903
1957-12-15,40.33,1.79,3.37,28.4,0.0321,1.0,1.003202989832027,1.046724343300632
1958-01-15,41.12,1.78333,3.29333,28.6,0.030899999999999997,1.0070422535211268,1.0232024724213067,1.012998076892184
1958-02-15,41.26,1.77667,3.21667,28.6,0.0305,1.0,1.0069930316778921,1.0060225623030605
1958-03-15,42.11,1.77,3.14,28.8,0.0298,1.0069930069930069,1.0241037973509124,1.0085949909007794
1958-04-15,42.34,1.75667,3.07,28.9,0.0288,1.003472222222222,1.008919352865857,1.0111721669361444
1958-05-15,43.7,1.74333,3.0,28.9,0.0292,1.0,1.0354453537560708,0.9989310758352514
1958-06-15,44.75,1.73,2.93,28.9,0.0297,1.0,1.0272490614439913,0.9981074749555882
1958-07-15,45.98,1.73,2.91333,29.0,0.032,1.0034602076124568,1.0306214547171753,0.9827919620396716
1958-08-15,47.7,1.73,2.89667,28.9,0.0354,0.996551724137931,1.0404299304926732,0.9740331889550379
1958-09-15,48.96,1.73,2.88,28.9,0.037599999999999995,1.0,1.0293596749496445,0.984612902465241
1958-10-15,50.95,1.73667,2.88333,28.9,0.038,1.0,1.043485905700193,0.9998055586934633
1958-11-15,52.5,1.74333,2.88667,29.0,0.0374,1.0034602076124568,1.0331891728118137,1.0081723846587152
1958-12-15,53.49,1.75,2.89,28.9,0.038599999999999995,0.996551724137931,1.0215835091561396,0.9931613462214953
1959-01-15,55.62,1.75667,2.96333,29.0,0.04019999999999999,1.0034602076124568,1.0424524791371004,0.9900417709727501
1959-02-15,54.77,1.76333,3.03667,28.9,0.039599999999999996,0.996551724137931,0.9874006590897558,1.0083044440009485
1959-03-15,56.16,1.77,3.11,28.9,0.039900000000000005,1.0,1.0280052815399492,1.0008262458748378
1959-04-15,57.1,1.77667,3.20667,29.0,0.0412,1.0034602076124568,1.019330813512556,0.9926701834676641
1959-05-15,57.96,1.78333,3.30333,29.0,0.0431,1.0,1.0176253200115464,0.9879978792839603
1959-06-15,57.46,1.79,3.4,29.1,0.0434,1.003448275862069,0.9939693697563066,1.0011578804142613
1959-07-15,59.74,1.79667,3.41,29.2,0.044000000000000004,1.0034364261168385,1.0421860125895357,0.9987626178632549
1959-08-15,59.4,1.80333,3.42,29.2,0.0443,1.0,0.996838595149689,1.0012430134415276
1959-09-15,57.05,1.81,3.43,29.3,0.046799999999999994,1.0034246575342467,0.9630815900754551,0.9837265771184592
1959-10-15,57.0,1.81667,3.41667,29.4,0.0453,1.0034129692832763,1.0017795261030902,1.015962313456079
1959-11-15,57.23,1.82333,3.40333,29.4,0.0453,1.0,1.006690061800491,1.003775
1959-12-15,59.06,1.83,3.39,29.4,0.046900000000000004,1.0,1.0345583561178244,0.9910032331140745
1960-01-15,58.03,1.86667,3.39,29.3,0.0472,0.9965986394557824,0.985240718968086,1.001516936169675
1960-02-15,55.78,1.90333,3.39,29.4,0.0449,1.0034129692832763,0.9640704588075583,1.022463132286659
1960-03-15,55.02,1.94,3.39,29.4,0.0425,1.0,0.989313370276341,1.0232934905652165
1960-04-15,55.73,1.94333,3.34667,29.5,0.042800000000000005,1.0034013605442178,1.0158102689670028,1.0011010924713306
1960-05-15,55.22,1.94667,3.30333,29.5,0.0435,1.0,0.9937864839761714,0.9978904659070029
1960-06-15,57.26,1.95,3.26,29.6,0.0415,1.0033898305084745,1.0397810687836404,1.019994143098555
1960-07-15,55.84,1.95,3.26333,29.6,0.039,1.0,0.9781109385680559,1.024159815737297
1960-08-15,56.51,1.95,3.26667,29.6,0.038,1.0,1.01487416457467,1.0115694365996748
1960-09-15,54.81,1.95,3.27,29.6,0.038,1.0,0.9728816163273903,1.0031666666666668
1960-10-15,53.73,1.95,3.27,29.8,0.038900000000000004,1.0067567567567568,0.9833199476675476,0.9957106472068357
1960-11-15,55.47,1.95,3.27,29.8,0.0393,1.0,1.035313654384536,0.9999340712222508
1960-12-15,56.8,1.95,3.27,29.8,0.0384,1.0,1.0268378399566318,1.0107484821754793
1961-01-15,59.72,1.94667,3.21,29.8,0.0384,1.0,1.0541248354999386,1.0032
1961-02-15,62.17,1.94333,3.15,29.8,0.0378,1.0,1.0436296426466865,1.008196341259272
1961-03-15,64.12,1.94,3.09,29.8,0.0374,1.0,1.0338869246255706,1.0064871453280322
1961-04-15,65.83,1.94,3.07,29.8,0.0378,1.0,1.0291245666489361,0.9997857724938187
1961-05-15,66.5,1.94,3.05,29.8,0.0371,1.0,1.0126088082122364,1.0089982275177587
1961-06-15,65.62,1.94,3.03,29.8,0.0388,1.0,0.9892305970656603,0.9890014858303001
1961-07-15,65.44,1.94667,3.03667,30.0,0.0392,1.006711409395973,0.9997358840450016,0.999924191639054
1961-08-15,67.79,1.95333,3.04333,29.9,0.0404,0.9966666666666666,1.038311960188429,0.9933947098726744
1961-09-15,67.26,1.96,3.05,30.0,0.0398,1.0033444816053512,0.9946101250719899,1.008316485345129
1961-10-15,68.0,1.98,3.09667,30.0,0.0392,1.0,1.0134285520631088,1.0082803792080857
1961-11-15,71.08,2.0,3.14333,30.0,0.0394,1.0,1.0476388934864884,1.0016136415714405
1961-12-15,71.74,2.02,3.19,30.0,0.0406,1.0,1.0116317485289557,0.9934205796611625
1962-01-15,69.07,2.02667,3.25,30.0,0.0408,1.0,0.9652274577619822,1.001741072935404
1962-02-15,70.22,2.03333,3.31,30.1,0.0404,1.0033333333333334,1.019062822680079,1.0066906522646641
1962-03-15,70.29,2.04,3.37,30.1,0.0393,1.0,1.003415418703788,1.0124625541388106
1962-04-15,68.05,2.04667,3.40333,30.2,0.0384,1.0033222591362125,0.9706383555991243,1.0107484821754793
1962-05-15,62.99,2.05333,3.43667,30.2,0.0387,1.0,0.9283593857855127,1.0007123340691988
1962-06-15,55.63,2.06,3.47,30.2,0.0391,1.0,0.8862419214578865,0.9999143110592255
1962-07-15,56.97,2.06667,3.49,30.3,0.0401,1.0033112582781458,1.027110760893199,0.9950201802420101
1962-08-15,58.52,2.07333,3.51,30.3,0.0398,1.0,1.030159754241929,1.0058165760058977
1962-09-15,58.0,2.08,3.53,30.4,0.0398,1.0033003300330032,0.9941026547560122,1.0033166666666666
1962-10-15,56.17,2.09667,3.57667,30.4,0.0393,1.0,0.9715588776067725,1.0074511609721866
1962-11-15,60.04,2.11333,3.62333,30.4,0.0392,1.0,1.0718312133221295,1.0041022854235697
1962-12-15,62.64,2.13,3.67,30.4,0.038599999999999995,1.0,1.0461381163090082,1.0082443268892525
1963-01-15,65.06,2.13667,3.68333,30.4,0.0383,1.0,1.0413702552884674,1.0057089938263064
1963-02-15,65.92,2.14333,3.69667,30.4,0.0392,1.0,1.015928076476985,0.9957460978545383
1963-03-15,65.67,2.15,3.71,30.5,0.0393,1.0032894736842106,0.998935812176012,1.0024397678055628
1963-04-15,68.76,2.16667,3.75333,30.5,0.0397,1.0,1.0496793337832977,0.9999735796033518
1963-05-15,70.14,2.18333,3.79667,30.5,0.0393,1.0,1.022663822380171,1.0066159287777492
1963-06-15,70.11,2.2,3.84,30.6,0.039900000000000005,1.0032786885245901,1.0021872224335078,0.9983274917496758
1963-07-15,69.07,2.20333,3.88,30.7,0.04019999999999999,1.0032679738562091,0.987824497164965,1.0008547070573908
1963-08-15,70.98,2.20667,3.92,30.7,0.04,1.0,1.0302438235877405,1.0049983997698217
1963-09-15,72.85,2.21,3.96,30.7,0.0408,1.0,1.0288734750457995,0.9967642917416156
1963-10-15,73.03,2.23333,3.98,30.8,0.041100000000000005,1.003257328990228,1.0050192466495766,1.0009400505956259
1963-11-15,72.62,2.25667,4.0,30.8,0.0412,1.0,0.9969754561707066,1.002605398728282
1963-12-15,74.17,2.28,4.02,30.9,0.041299999999999996,1.0032467532467533,1.0239056649950073,1.0026141136791635
1964-01-15,76.45,2.29667,4.07333,30.9,0.0417,1.0,1.0332436468695536,1.000170884124164
1964-02-15,77.39,2.31333,4.12667,30.9,0.0415,1.0,1.0147866052586632,1.0051119143098555
1964-03-15,78.8,2.33,4.18,30.9,0.042199999999999994,1.0,1.0206834521855046,0.9977477605270635
1964-04-15,79.94,2.34667,4.23,30.9,0.042300000000000004,1.0,1.0169132877047804,1.0027012497236685
1964-05-15,80.72,2.36333,4.28,30.9,0.042,1.0,1.0121971614803975,1.0059746655727495
1964-06-15,80.24,2.38,4.33,31.0,0.0417,1.0032362459546926,0.9965252697474145,1.005953086906877
1964-07-15,83.22,2.4,4.37667,31.1,0.04190000000000001,1.0032258064516129,1.0395418526923437,1.0018411298103476
1964-08-15,82.0,2.42,4.42333,31.0,0.04190000000000001,0.9967845659163986,0.9877994120784755,1.0034916666666667
1964-09-15,83.41,2.44,4.47,31.1,0.042,1.0032258064516129,1.0196328792145373,1.0026751114757502
1964-10-15,84.85,2.46,4.49667,31.1,0.04190000000000001,1.0,1.019680145297558,1.0043169350948262
1964-11-15,85.44,2.48,4.52333,31.2,0.0415,1.0032154340836013,1.0093722986955758,1.0067654952863778
1964-12-15,83.96,2.5,4.55,31.2,0.0418,1.0,0.9851592429425106,1.001006387604325
1965-01-15,86.12,2.51667,4.59333,31.2,0.04190000000000001,1.0,1.02816177216353,1.0026663982385071
1965-02-15,86.75,2.53333,4.63667,31.2,0.0421,1.0,1.0097489281716239,1.0018593156044775
1965-03-15,86.83,2.55,4.68,31.3,0.0421,1.0032051282051282,1.0033695010389974,1.0035083333333332
1965-04-15,87.97,2.57,4.73333,31.4,0.042,1.0031948881789137,1.015563644923378,1.0043248885242497
1965-05-15,89.28,2.59,4.78667,31.4,0.0421,1.0,1.017308928316295,1.0026838244689054
1965-06-15,85.04,2.61,4.84,31.6,0.0421,1.0063694267515924,0.9550665805170327,1.0035083333333332
1965-07-15,84.91,2.62667,4.88667,31.6,0.042,1.0,1.001049203823767,1.0043248885242497
1965-08-15,86.49,2.64333,4.93333,31.6,0.0425,1.0,1.0211547929442721,0.9994267033544687
1965-09-15,89.38,2.66,4.98,31.6,0.0429,1.0,1.0358943152816382,1.0002890785937626
1965-10-15,91.39,2.68,5.05,31.7,0.0435,1.0031645569620253,1.0249319916913044,0.9987096850631453
1965-11-15,92.15,2.7,5.12,31.7,0.044500000000000005,1.0,1.0107576795042883,0.9955536354164565
1965-12-15,91.73,2.72,5.19,31.8,0.0462,1.003154574132492,0.9979132338044072,0.9900944367511093
1966-01-15,93.32,2.74,5.24,31.8,0.0461,1.0,1.019780256798611,1.0046511872507633
1966-02-15,92.69,2.76,5.29,32.0,0.0483,1.0062893081761006,0.9957304251546748,0.9863933356402029
1966-03-15,88.88,2.78,5.34,32.1,0.0487,1.003125,0.9615017528562652,1.0008584047880462
1966-04-15,91.6,2.79667,5.38,32.3,0.0475,1.0062305295950154,1.033147337962508,1.013610710854217
1966-05-15,86.78,2.81333,5.42,32.3,0.0478,1.0,0.9500815048124841,1.0015735354064421
1966-06-15,86.06,2.83,5.46,32.4,0.0481,1.0030959752321982,0.9944434936090921,1.0016018255435386
1966-07-15,85.84,2.85,5.47667,32.5,0.050199999999999995,1.0030864197530864,1.0002104193654096,0.9874977656512033
1966-08-15,80.65,2.87,5.49333,32.7,0.052199999999999996,1.0061538461538462,0.9425041653449846,0.9886022105411131
1966-09-15,77.81,2.89,5.51,32.7,0.0518,1.0,0.9678812591297643,1.0074719244872563
1966-10-15,77.13,2.88333,5.52333,32.9,0.0501,1.0061162079510702,0.9943759909359438,1.0176884923199758
1966-11-15,80.99,2.87667,5.53667,32.9,0.0516,1.0,1.0530052803904526,0.9924570753684406
1966-12-15,81.33,2.87,5.55,32.9,0.0484,1.0,1.007138743432619,1.0296677221876172
1967-01-15,84.45,2.88,5.51667,32.9,0.0458,1.0,1.0412041462550112,1.024893083592304
1967-02-15,87.36,2.89,5.48333,32.9,0.0463,1.0,1.0372150511443363,0.9998144272769061
1967-03-15,89.42,2.9,5.45,33.0,0.0454,1.0030395136778116,1.026283188033915,1.0110923760663435
1967-04-15,90.96,2.9,5.41,33.1,0.045899999999999996,1.0030303030303032,1.0198789434645146,0.999773695478208
1967-05-15,92.59,2.9,5.37,33.2,0.048499999999999995,1.0030211480362539,1.0205300379017472,0.9832232002389101
1967-06-15,91.43,2.9,5.33,33.3,0.050199999999999995,1.003012048192771,0.990114837073034,0.990675969019228
1967-07-15,93.01,2.90667,5.32,33.4,0.0516,1.003003003003003,1.0198852429671628,0.9932466036772112
1967-08-15,94.49,2.91333,5.31,33.5,0.0528,1.0029940119760479,1.0184816134606542,0.9949768944912011
1967-09-15,95.81,2.92,5.3,33.6,0.053,1.0029850746268658,1.0165094810552042,1.0028475659233145
1967-10-15,95.66,2.92,5.31,33.7,0.0548,1.0029761904761905,1.0009781326899478,0.9905587972580341
1967-11-15,92.66,2.92,5.32,33.8,0.0575,1.0029673590504449,0.9712650177499131,0.9840328083323846
1967-12-15,95.3,2.92,5.33,33.9,0.057,1.002958579881657,1.0310445986926973,1.0086028470289514
1968-01-15,95.04,2.93,5.36667,34.1,0.0553,1.0058997050147493,0.9998408670622514,1.0178082885557038
1968-02-15,90.75,2.94,5.40333,34.2,0.0556,1.002932551319648,0.9575608356290174,1.0023070661168354
1968-03-15,89.09,2.95,5.44,34.3,0.0574,1.002923976608187,0.984467370879171,0.9909379002186924
1968-04-15,95.67,2.96333,5.48333,34.4,0.0564,1.0029154518950438,1.0764391044809958,1.0124264398727107
1968-05-15,97.87,2.97667,5.52667,34.5,0.0587,1.002906976744186,1.0255302585581938,0.9873027828991997
1968-06-15,100.5,2.99,5.57,34.7,0.0572,1.0057971014492755,1.0293516520459587,1.0163148611215786
1968-07-15,100.3,3.00333,5.6,34.9,0.055,1.0057636887608068,1.0005052393813583,1.021688674251447
1968-08-15,98.11,3.01667,5.63,35.0,0.0542,1.002865329512894,0.9807278229948486,1.0107592164242687
1968-09-15,101.3,3.03,5.66,35.1,0.0546,1.002857142857143,1.0350071207620675,1.0014343386914342
1968-10-15,103.8,3.04333,5.69333,35.3,0.0558,1.0056980056980056,1.0271224350701635,0.995353282261433
1968-11-15,105.4,3.05667,5.72667,35.4,0.057,1.0028328611898016,1.01783098020021,0.9955031671305166
1968-12-15,106.5,3.07,5.76,35.5,0.0603,1.0028248587570623,1.0128386235608888,0.9799681311048426
1969-01-15,102.0,3.08,5.78,35.6,0.0604,1.0028169014084507,0.9602628187425204,1.0042743721427063
1969-02-15,101.5,3.09,5.8,35.8,0.061900000000000004,1.0056179775280898,0.9976349850284941,0.993849552665179
1969-03-15,99.3,3.1,5.82,36.1,0.063,1.0083798882681565,0.980926667295039,0.9969972377953585
1969-04-15,101.3,3.11,5.82667,36.3,0.0617,1.005540166204986,1.0226993942792042,1.0149513143872935
1969-05-15,104.6,3.12,5.83333,36.4,0.0632,1.0027548209366393,1.0350621650852494,0.9940228616479654
1969-06-15,99.14,3.13,5.84,36.6,0.06570000000000001,1.0054945054945055,0.9504321068133045,0.9869411041344656
1969-07-15,94.71,3.13667,5.85667,36.8,0.0672,1.0054644808743167,0.9580756049894505,0.9945528165929953
1969-08-15,94.18,3.14333,5.87333,37.0,0.0669,1.0054347826086958,0.997185284163935,1.0077873518282336
1969-09-15,94.51,3.15,5.89,37.1,0.0716,1.0027027027027027,1.0062814125114126,0.9720122188789899
1969-10-15,95.52,3.15333,5.85333,37.3,0.071,1.0053908355795147,1.013437720548768,1.0102626311951657
1969-11-15,96.21,3.15667,5.81667,37.5,0.07139999999999999,1.0053619302949062,1.0099578019937192,1.0030577397679874
1969-12-15,91.11,3.16,5.78,37.7,0.0765,1.0053333333333334,0.9498812364306937,0.9703055953982875
1970-01-15,90.31,3.16333,5.73,37.8,0.0779,1.0026525198938991,0.9941383601953446,0.9966498460235473
1970-02-15,87.16,3.16667,5.68,38.0,0.0724,1.0052910052910053,0.9681477824713685,1.0456290941981528
1970-03-15,88.65,3.17,5.63,38.2,0.0707,1.0052631578947369,1.0200748811421059,1.0182213632352755
1970-04-15,85.95,3.17333,5.59333,38.5,0.0739,1.007853403141361,0.9726198681699213,0.9832704495872859
1970-05-15,76.06,3.17667,5.55667,38.6,0.0791,1.0025974025974027,0.8884135437111664,0.9702245042832197
1970-06-15,75.59,3.18,5.52,38.8,0.0784,1.0051813471502589,0.9973264226232297,1.0114436662236015
1970-07-15,75.72,3.18333,5.46667,39.0,0.0746,1.0051546391752577,1.0052232048936462,1.03331366508767
1970-08-15,77.92,3.18667,5.41333,39.0,0.0753,1.0,1.0324624683971588,1.0012985538330113
1970-09-15,82.58,3.19,5.36,39.2,0.0739,1.005128205128205,1.063024028801474,1.0161717824722292
1970-10-15,84.37,3.17333,5.28333,39.4,0.0733,1.0051020408163265,1.0248102894183808,1.01041100375999
1970-11-15,84.28,3.15667,5.20667,39.6,0.0684,1.0050761421319798,1.0020544831398026,1.0415979034725966
1970-12-15,90.05,3.14,5.13,39.8,0.0639,1.005050505050505,1.0713680617063013,1.0389521140703375
1971-01-15,93.49,3.13,5.16,39.8,0.062400000000000004,1.0,1.0409909591552389,1.0164837269791476
1971-02-15,97.11,3.12,5.19,39.9,0.0611,1.0025125628140703,1.041398094964806,1.0149274938342485
1971-03-15,99.6,3.11,5.22,40.0,0.057,1.0025062656641603,1.0282431006075583,1.0363433456374018
1971-04-15,103.0,3.10667,5.25333,40.1,0.0583,1.0025,1.036650033239755,0.9948990144946469
1971-05-15,101.6,3.10333,5.28667,40.3,0.0639,1.0049875311720697,0.9889531492081389,0.9634779247124688
1971-06-15,99.72,3.1,5.32,40.6,0.0652,1.0074441687344915,0.9840866499689945,0.9957744409077353
1971-07-15,99.0,3.09667,5.35667,40.7,0.0673,1.0024630541871922,0.9953864079726263,0.9901490700365386
1971-08-15,97.24,3.09333,5.39333,40.8,0.0658,1.0024570024570023,0.9848731631930161,1.0165987724316732
1971-09-15,99.4,3.09,5.43,40.8,0.061399999999999996,1.0,1.024803624296168,1.0383628129895728
1971-10-15,97.29,3.08333,5.52,40.9,0.0593,1.0024509803921569,0.9814136489371699,1.0209581461066832
1971-11-15,92.78,3.07667,5.61,40.9,0.0581,1.0,0.9564071553615814,1.0140431038841249
1971-12-15,99.17,3.07,5.7,41.1,0.0593,1.0048899755501224,1.071452347072496,0.9957893927009428
1972-01-15,103.3,3.07,5.73667,41.1,0.059500000000000004,1.0,1.0441222643260128,1.0034343139468946
1972-02-15,105.2,3.07,5.77333,41.3,0.0608,1.0048661800486618,1.0208249058018226,0.9952177125391061
1972-03-15,107.7,3.07,5.81,41.4,0.060700000000000004,1.0024213075060533,1.0261396841199737,1.0058162822033925
1972-04-15,108.8,3.07,5.86333,41.5,0.061900000000000004,1.002415458937198,1.0125649654882845,0.9961113087988099
1972-05-15,107.7,3.07,5.91667,41.6,0.0613,1.002409638554217,0.9922651314471936,1.0096439131789816
1972-06-15,108.0,3.07,5.97,41.7,0.0611,1.0024038461538463,1.005154342480828,1.0066048708462945
1972-07-15,107.2,3.07333,6.02667,41.9,0.0611,1.0047961630695443,0.9949816861871199,1.0050916666666667
1972-08-15,111.0,3.07667,6.08333,42.0,0.0621,1.0023866348448687,1.0377575735063422,0.9976425001938755
1972-09-15,109.4,3.08,6.14,42.1,0.0655,1.0023809523809524,0.9879317159938733,0.9802300078289461
1972-10-15,109.6,3.10333,6.23333,42.3,0.06480000000000001,1.0047505938242278,1.0041877414602765,1.0106101290251273
1972-11-15,115.1,3.12667,6.32667,42.4,0.06280000000000001,1.0023640661938535,1.0524462161856505,1.02025165444258
1972-12-15,117.5,3.15,6.42,42.5,0.0636,1.0023584905660379,1.0230854760892472,0.9993139096567132
1973-01-15,118.4,3.15667,6.54667,42.6,0.0646,1.0023529411764707,1.0098813298171843,0.9979337173654541
1973-02-15,114.2,3.16333,6.67333,42.9,0.0664,1.0070422535211268,0.9668353530632208,0.992229997568609
1973-03-15,112.4,3.17,6.8,43.3,0.06709999999999999,1.0093240093240092,0.9865884158818996,1.000434048497036
1973-04-15,110.3,3.18667,6.94333,43.6,0.0667,1.0069284064665127,0.9837243037967195,1.0085107310833807
1973-05-15,107.2,3.20333,7.08667,43.9,0.06849999999999999,1.0068807339449541,0.9743849830840697,0.9925271276871244
1973-06-15,104.8,3.22,7.23,44.2,0.069,1.0068337129840548,0.9801723728684819,1.00209656571787
1973-07-15,105.8,3.23667,7.38333,44.3,0.0713,1.0022624434389138,1.012091346736605,0.9893039185502172
1973-08-15,103.8,3.25333,7.53667,45.1,0.07400000000000001,1.0180586907449212,0.9837082660568225,0.986863390611353
1973-09-15,105.6,3.27,7.69,45.2,0.0709,1.0022172949002217,1.0199215328866702,1.02837228202007
1973-10-15,109.8,3.30667,7.84667,45.6,0.0679,1.008849557522124,1.0422823432411548,1.0276848931528808
1973-11-15,102.0,3.34333,8.00333,45.9,0.0673,1.006578947368421,0.9316932273920497,1.010025265703846
1973-12-15,94.78,3.38,8.16,46.2,0.0674,1.0065359477124185,0.9321874806052406,1.0048808345672966
1974-01-15,96.11,3.4,8.22667,46.6,0.0699,1.0086580086580086,1.016980507266902,0.9876296186505951
1974-02-15,93.45,3.42,8.29333,47.2,0.0696,1.0128755364806867,0.9753731386905689,1.0079863119698655
1974-03-15,97.44,3.44,8.36,47.8,0.0721,1.0127118644067796,1.0456386106037403,0.9879867457350567
1974-04-15,92.46,3.46,8.48667,48.0,0.0751,1.00418410041841,0.952010091258564,0.9849122383516892
1974-05-15,89.67,3.48,8.61333,48.6,0.0758,1.0125,0.9730588696154413,1.0013509703659778
1974-06-15,89.79,3.5,8.74,49.0,0.0754,1.008230452674897,1.0045865603685529,1.0091257867704921
1974-07-15,79.31,3.53,8.86333,49.4,0.0781,1.0081632653061223,0.8869922904912313,0.9875440139086913
1974-08-15,76.03,3.56,8.98667,50.0,0.08039999999999999,1.0121457489878543,0.9625452669703214,0.9907039931298527
1974-09-15,68.12,3.59,9.11,50.6,0.08039999999999999,1.012,0.9003538798555557,1.0067
1974-10-15,69.44,3.59333,9.03667,51.1,0.079,1.0098814229249011,1.0236898409812965,1.0163786998304392
1974-11-15,71.74,3.59667,8.96333,51.5,0.0768,1.0078277886497065,1.037300019174464,1.0219392181458122
1974-12-15,67.07,3.6,8.89,51.9,0.07429999999999999,1.007766990291262,0.9393767580683837,1.0240418331547212
1975-01-15,72.56,3.62333,8.74333,52.1,0.075,1.0038535645472062,1.0860160818787652,1.0012670878255827
1975-02-15,80.1,3.64667,8.59667,52.5,0.0739,1.0076775431861804,1.107707874448101,1.0140260433710373
1975-03-15,83.78,3.67,8.45,52.7,0.07730000000000001,1.003809523809524,1.0495930054607676,0.9824782398790326
1975-04-15,84.72,3.68333,8.28667,52.9,0.0823,1.0037950664136621,1.0148429041137426,0.9723658671225883
1975-05-15,90.1,3.69667,8.12333,53.2,0.0806,1.005671077504726,1.0669223486599193,1.0185296756959408
1975-06-15,92.4,3.71,7.96,53.6,0.0786,1.0075187969924813,1.0288731516048386,1.0205674603036208
1975-07-15,92.49,3.71,7.89333,54.2,0.0806,1.0111940298507462,1.0043167296897428,0.9928190089851678
1975-08-15,85.71,3.71,7.82667,54.3,0.084,1.0018450184501844,0.9303019026145022,0.9837144735673675
1975-09-15,84.67,3.71,7.76,54.6,0.0843,1.0055248618784531,0.9915174910156871,1.0049730154185583
1975-10-15,88.57,3.7,7.82667,54.9,0.0814,1.0054945054945055,1.0495424176384662,1.026866052267343
1975-11-15,90.07,3.69,7.89333,55.3,0.0805,1.0072859744990892,1.0203497683528646,1.0129649589991294
1975-12-15,88.7,3.68,7.96,55.5,0.08,1.003616636528029,0.9882469549446844,1.0101500273076007
1976-01-15,96.86,3.68333,8.19333,55.6,0.0774,1.0018018018018018,1.0951644370067157,1.0247670767500967
1976-02-15,100.6,3.68667,8.42667,55.8,0.0779,1.0035971223021583,1.0416663319022472,1.0029767307226956
1976-03-15,101.1,3.69,8.66,55.9,0.07730000000000001,1.0017921146953406,1.0080117219531477,1.0106705066880137
1976-04-15,101.9,3.71333,8.85667,56.1,0.0756,1.003577817531306,1.0109497010072714,1.0183699811326354
1976-05-15,101.2,3.73667,9.05333,56.5,0.079,1.0071301247771836,0.9962074881678283,0.9827945861260761
1976-06-15,101.8,3.76,9.25,56.8,0.0786,1.0053097345132742,1.0090067843377828,1.0093534920607241
1976-07-15,104.2,3.79,9.35,57.1,0.0783,1.0052816901408452,1.026606668577254,1.0086303338925784
1976-08-15,103.3,3.82,9.45,57.4,0.07769999999999999,1.0052539404553416,0.9944444031540111,1.010696557573509
1976-09-15,105.5,3.85,9.55,57.6,0.0759,1.0034843205574913,1.024338266892393,1.0190884151617052
1976-10-15,101.9,3.91667,9.67,57.9,0.0741,1.0052083333333333,0.9690798112714663,1.0190382702813852
1976-11-15,101.2,3.98333,9.79,58.0,0.0729,1.001727115716753,0.9964106008160497,1.0146953104507799
1976-12-15,104.7,4.05,9.91,58.2,0.0687,1.003448275862069,1.0378084759391597,1.0364542017784242
1977-01-15,103.8,4.09667,9.96667,58.5,0.0721,1.0051546391752577,0.9946929244349852,0.981498974199677
1977-02-15,101.0,4.14333,10.0233,59.1,0.0739,1.0102564102564102,0.9764436372784677,0.9932838987261817
1977-03-15,100.6,4.19,10.08,59.5,0.0746,1.0067681895093061,0.9995104455773609,1.0012251143259554
1977-04-15,99.05,4.24667,10.1933,60.0,0.0737,1.0084033613445378,0.9881652789137629,1.01258447310105
1977-05-15,98.76,4.30333,10.3067,60.3,0.0746,1.005,1.0007033201646574,0.9997989565143238
1977-06-15,99.29,4.36,10.42,60.7,0.0728,1.0066334991708128,1.009025859626026,1.019002754708477
1977-07-15,100.2,4.40667,10.5167,61.0,0.0733,1.0049423393739703,1.012829967220861,1.0025227746444527
1977-08-15,97.75,4.45333,10.6133,61.2,0.07400000000000001,1.0032786885245901,0.9793454324598884,1.001162113615289
1977-09-15,96.23,4.5,10.71,61.4,0.07339999999999999,1.0032679738562091,0.9883470415216314,1.010417468811627
1977-10-15,93.74,4.55667,10.77,61.6,0.07519999999999999,1.003257328990228,0.9781752988204708,0.9934645519689331
1977-11-15,94.28,4.61333,10.83,61.9,0.0758,1.00487012987013,1.0098382997292965,1.0020603555517904
1977-12-15,93.82,4.67,10.89,62.1,0.07690000000000001,1.0032310177705979,0.9992689303465555,0.9986420755647106
1978-01-15,90.25,4.71333,10.9,62.5,0.0796,1.0064412238325282,0.9663005171156415,0.9877908794939894
1978-02-15,88.98,4.75667,10.91,62.9,0.0803,1.0064,0.9903827897820939,1.0018212299464009
1978-03-15,88.82,4.8,10.92,63.4,0.08039999999999999,1.0079491255961843,1.00270533331572,1.0060045214404285
1978-04-15,92.71,4.83667,11.0233,63.9,0.0815,1.0078864353312302,1.0481439326249335,0.999177340614693
1978-05-15,97.41,4.87333,11.1267,64.5,0.08349999999999999,1.0093896713615023,1.0548648055346816,0.9932317740063791
1978-06-15,97.66,4.91,11.23,65.2,0.08460000000000001,1.0108527131782947,1.0067561773967886,0.999535647956449
1978-07-15,97.19,4.94667,11.3433,65.7,0.0864,1.0076687116564418,0.9994287933855532,0.9949973503078317
1978-08-15,103.9,4.98333,11.4567,66.0,0.08410000000000001,1.004566210045662,1.0730369207477968,1.02275360563633
1978-09-15,103.9,5.02,11.57,66.5,0.0842,1.0075757575757576,1.0040263073468079,1.0063323807979747
1978-10-15,100.6,5.03667,11.8233,67.1,0.0864,1.0090225563909774,0.9724108828979922,0.9922856503762386
1978-11-15,94.71,5.05333,12.0767,67.4,0.08810000000000001,1.0044709388971687,0.9458976108330834,0.9958995025125631
1978-12-15,96.11,5.07,12.33,67.7,0.0901,1.0044510385756675,1.0191779705795658,0.99415994176762
1979-01-15,99.71,5.11333,12.6533,68.3,0.091,1.0088626292466765,1.041730581916323,1.0015992322523473
1979-02-15,98.23,5.15667,12.9767,69.1,0.091,1.0117130307467057,0.9895316115886025,1.0075833333333333
1979-03-15,100.1,5.2,13.3,69.8,0.09119999999999999,1.0101302460202606,1.0233659584163501,1.006271315745828
1979-04-15,102.1,5.24667,13.5267,70.6,0.09179999999999999,1.011461318051576,1.0242623167478946,1.0036739665146168
1979-05-15,99.73,5.29333,13.7533,71.5,0.0925,1.0127478753541077,0.9812105138411747,1.0030832107389458
1979-06-15,101.7,5.34,13.98,72.3,0.0891,1.0111888111888112,1.0241289485544105,1.0302130019339983
1979-07-15,102.7,5.39667,14.1967,73.1,0.0895,1.0110650069156293,1.01421183390157,1.0047819054687859
1979-08-15,107.4,5.45333,14.4133,73.8,0.09029999999999999,1.009575923392613,1.0499956859320387,1.0021901320354079
1979-09-15,108.6,5.51,14.63,74.6,0.0933,1.010840108401084,1.0154012383784135,0.9880192708346631
1979-10-15,104.5,5.55667,14.7067,75.2,0.10300000000000001,1.0080428954423593,0.9666779334637448,0.9472212865778711
1979-11-15,103.7,5.60333,14.7833,75.9,0.1065,1.009308510638298,0.9968473343161094,0.9870485679970449
1979-12-15,107.8,5.65,14.86,76.7,0.1039,1.0105401844532278,1.0439047824793106,1.0250453405687179
1980-01-15,110.9,5.7,15.0033,77.8,0.10800000000000001,1.014341590612777,1.0330400952905139,0.9835874227328171
1980-02-15,115.3,5.75,15.1467,78.9,0.1241,1.01413881748072,1.043831208611192,0.9167713872012614
1980-03-15,104.7,5.8,15.29,80.1,0.1275,1.015209125475285,0.9126822792195546,0.9911264924859042
1980-04-15,103.0,5.84667,15.1733,81.0,0.11470000000000001,1.0112359550561798,0.988493448294248,1.0867790736135492
1980-05-15,107.7,5.89333,15.0567,81.8,0.1018,1.0098765432098764,1.0501910571286055,1.0904916595883043
1980-06-15,114.6,5.94,14.94,82.7,0.0978,1.011002444987775,1.0683862240954367,1.0340022506269135
1980-07-15,119.8,5.98333,14.84,82.7,0.1025,1.0,1.0495372451395142,0.9787484720722729
1980-08-15,123.5,6.02667,14.74,83.3,0.111,1.0072551390568318,1.034951386960724,0.9572015871093613
1980-09-15,126.5,6.07,14.64,84.0,0.1151,1.0084033613445378,1.0282901804526519,0.9848965090581123
1980-10-15,130.2,6.1,14.7,84.8,0.1175,1.0095238095238095,1.0331532617296992,0.9954739266773156
1980-11-15,135.7,6.13,14.76,85.5,0.1268,1.008254716981132,1.0460071348766764,0.9570863257964476
1980-12-15,133.5,6.16,14.82,86.3,0.1284,1.0093567251461988,0.9876329606414974,1.001556415857782
1981-01-15,133.0,6.2,14.74,87.0,0.1257,1.0081112398609502,1.0001393934273888,1.026068600485207
1981-02-15,128.4,6.24,14.66,87.9,0.1319,1.010344827586207,0.9694633780713466,0.9760390328995907
1981-03-15,133.2,6.28,14.58,88.5,0.13119999999999998,1.0068259385665528,1.041312106499022,1.0148903201050303
1981-04-15,134.4,6.31667,14.7233,89.1,0.1368,1.006779661016949,1.0129255950705172,0.9804205249951673
1981-05-15,131.7,6.35333,14.8667,89.8,0.141,1.0078563411896746,0.9839307914813609,0.9888851190726556
1981-06-15,132.3,6.39,15.01,90.6,0.13470000000000001,1.0089086859688197,1.0085807519666943,1.0463593493703658
1981-07-15,129.1,6.43333,15.0967,91.6,0.14279999999999998,1.011037527593819,0.9799652260430809,0.9681037321716047
1981-08-15,129.6,6.47667,15.1833,92.3,0.1494,1.00764192139738,1.0080374921554494,0.9776397695601062
1981-09-15,118.3,6.52,15.27,93.2,0.1532,1.009750812567714,0.9174014850296902,0.9930060803479356
1981-10-15,119.8,6.55667,15.3,93.4,0.1515,1.002145922746781,1.0172404725272373,1.0215212942954377
1981-11-15,122.9,6.59333,15.33,93.7,0.13390000000000002,1.0032119914346895,1.0303471211964794,1.1096145850949148
1981-12-15,123.8,6.63,15.36,94.0,0.13720000000000002,1.0032017075773745,1.0117858701467366,0.993205545699074
1982-01-15,117.3,6.66,15.1767,94.3,0.1459,1.003191489361702,0.9522274190282983,0.9656655270023099
1982-02-15,114.5,6.69,14.9933,94.6,0.14429999999999998,1.0031813361611877,0.9809985779008775,1.020627156168919
1982-03-15,110.8,6.72,14.81,94.5,0.1386,0.9989429175475688,0.9727397411441994,1.0428661289585934
1982-04-15,116.3,6.75,14.5967,94.9,0.1387,1.0042328042328044,1.054475618576382,1.0110091374567456
1982-05-15,116.4,6.78,14.3833,95.8,0.1362,1.0094836670179135,1.0057137971178933,1.0252120049856983
1982-06-15,109.7,6.81,14.17,97.0,0.14300000000000002,1.012526096033403,0.9476130621783245,0.9751772774213812
1982-07-15,109.4,6.82333,13.9667,97.5,0.13949999999999999,1.0051546391752577,1.0024628085252172,1.0307882392309298
1982-08-15,109.7,6.83667,13.7633,97.7,0.1306,1.0020512820512821,1.0079356897821714,1.0613108856611058
1982-09-15,122.4,6.85,13.56,97.9,0.1234,1.0020470829068577,1.120433953612844,1.0522439058885051
1982-10-15,132.7,6.85667,13.2533,98.2,0.1091,1.003064351378958,1.0884561984376768,1.0973310843205644
1982-11-15,138.1,6.86333,12.9467,98.0,0.10550000000000001,0.9979633401221996,1.044834814986501,1.0313334416590618
1982-12-15,139.4,6.87,12.64,97.6,0.1054,0.9959183673469387,1.0135203551581882,1.0094097494049137
1983-01-15,144.3,6.88333,12.5667,97.8,0.10460000000000001,1.0020491803278688,1.0391257726742305,1.0137444017589852
1983-02-15,146.8,6.89667,12.4933,97.9,0.1072,1.0010224948875257,1.0212400207310117,0.9927655499078407
1983-03-15,151.9,6.91,12.42,97.9,0.1051,1.0,1.0385320156013536,1.0219291965952506
1983-04-15,157.7,6.92,12.4767,98.6,0.10400000000000001,1.0071501532175688,1.041839747333466,1.0155967934280001
1983-05-15,164.1,6.93,12.5333,99.2,0.1038,1.0060851926977687,1.0441025817887155,1.0099110553011492
1983-06-15,166.4,6.94,12.59,99.5,0.1085,1.003024193548387,1.0174914048949986,0.9799692478682503
1983-07-15,167.0,6.96,12.8267,99.9,0.11380000000000001,1.0040201005025127,1.0070788231229848,0.9773934618301154
1983-08-15,162.4,6.98,13.0633,100.2,0.1185,1.003003003003003,0.9760367811175679,0.9819475277944637
1983-09-15,167.2,7.0,13.3,100.7,0.1165,1.0049900199600799,1.0330454859719833,1.02168748648871
1983-10-15,167.7,7.03,13.5433,101.0,0.11539999999999999,1.002979145978153,1.0064837719060487,1.0162342429761084
1983-11-15,165.2,7.06,13.7867,101.2,0.11689999999999999,1.001980198019802,0.9886537667430455,1.0007716383960332
1983-12-15,164.4,7.09,14.03,101.3,0.1183,1.00098814229249,0.9987512617113323,1.00153288895966
1984-01-15,166.4,7.12,14.44,101.9,0.1167,1.005923000987167,1.0157311552498598,1.019300671771884
1984-02-15,157.3,7.15,14.85,102.4,0.1184,1.0049067713444553,0.9491003787878788,0.9997612207231744
1984-03-15,157.4,7.18,15.26,102.6,0.1232,1.0019531249999998,1.0044370832663545,0.9822708969285286
1984-04-15,157.6,7.22333,15.5733,103.1,0.1263,1.0048732943469785,1.0050900907123907,0.9926632894118963
1984-05-15,156.6,7.26667,15.8867,103.4,0.1341,1.0029097963142581,0.9975217178224668,0.967574625947572
1984-06-15,153.1,7.31,16.2,103.7,0.1356,1.0029013539651837,0.9816289447626865,1.002963600399204
1984-07-15,151.1,7.33333,16.32,104.1,0.1336,1.0038572806171648,0.9909810559093247,1.0223345037602425
1984-08-15,164.4,7.35667,16.44,104.5,0.1272,1.0038424591738713,1.091750228108899,1.0473461373673554
1984-09-15,166.1,7.38,16.56,105.0,0.1252,1.0047846889952152,1.014043221405333,1.0220068313115935
1984-10-15,164.8,7.43,16.5867,105.3,0.1216,1.002857142857143,0.995930468812409,1.0312631982238996
1984-11-15,166.3,7.48,16.6133,105.3,0.1157,1.0,1.012850187889084,1.045093354906398
1984-12-15,164.5,7.53,16.64,105.3,0.115,1.0,0.9929907772784015,1.0138012689400115
1985-01-15,171.6,7.57333,16.5567,105.5,0.11380000000000001,1.0018993352326686,1.0468388962839759,1.0167489646170806
1985-02-15,180.9,7.61667,16.4733,106.0,0.1151,1.004739336492891,1.057704496843676,1.0017614947420033
1985-03-15,179.4,7.66,16.39,106.4,0.1186,1.0037735849056604,0.9952662828555107,0.9890945507433508
1985-04-15,180.6,7.68667,16.13,106.9,0.1143,1.0046992481203008,1.010235783993279,1.0355079850328706
1985-05-15,184.9,7.71333,15.87,107.3,0.1085,1.0037418147801682,1.0272858758917305,1.0449182685881166
1985-06-15,188.9,7.74,15.61,107.6,0.1016,1.0027958993476234,1.0250478203346864,1.0523676761258196
1985-07-15,192.5,7.77333,15.4833,107.8,0.10310000000000001,1.0018587360594795,1.0224227804101669,0.9991065812940075
1985-08-15,188.3,7.80667,15.3567,108.0,0.1033,1.0018552875695732,0.9816367084278795,1.0073446919224527
1985-09-15,184.1,7.84,15.23,108.3,0.10369999999999999,1.0027777777777778,0.9812439632304785,1.006118522872938
1985-10-15,186.2,7.86,15.0233,108.7,0.1024,1.0036934441366574,1.014924566985089,1.0167773886029143
1985-11-15,197.5,7.88,14.8167,109.0,0.0978,1.0027598896044159,1.064012327382652,1.0378800882209505
1985-12-15,207.3,7.9,14.61,109.3,0.0926,1.0027522935779816,1.0527960048931309,1.042060340751092
1986-01-15,208.2,7.94,14.58,109.6,0.0919,1.0027447392497713,1.0075195679504056,1.0122950950495166
1986-02-15,219.4,7.98,14.55,109.3,0.087,0.9972627737226277,1.0568254220531588,1.0403840506745583
1986-03-15,232.3,8.02,14.52,108.8,0.07780000000000001,0.9954254345837146,1.0616737451558165,1.0711860100910975
1986-04-15,238.0,8.04667,14.5833,108.6,0.073,0.9981617647058824,1.0273546978169228,1.0405495915191831
1986-05-15,238.5,8.07333,14.6467,108.9,0.0771,1.0027624309392267,1.0049217103570989,0.9775029983833519
1986-06-15,245.3,8.1,14.71,109.5,0.078,1.0055096418732783,1.0312632629706833,1.0001758385919832
1986-07-15,240.2,8.14333,14.7567,109.5,0.073,1.0,0.9820343224887105,1.04198568561026
1986-08-15,245.0,8.18667,14.8033,109.7,0.0717,1.001826484018265,1.022767928843311,1.0153625646179005
1986-09-15,238.3,8.23,14.85,110.2,0.0745,1.0045578851412944,0.975531086123077,0.9862334703333121
1986-10-15,237.4,8.24667,14.7267,110.3,0.07429999999999999,1.0009074410163339,0.9991180352855685,1.0076196799857111
1986-11-15,245.1,8.26333,14.6033,110.4,0.0725,1.00090661831369,1.035244219075228,1.0189946428857057
1986-12-15,248.6,8.28,14.48,110.5,0.0711,1.0009057971014492,1.0170554288019436,1.0160611614823467
1987-01-15,264.5,8.3,14.6867,111.2,0.0708,1.0063348416289593,1.0665731625774786,1.0080748793652536
1987-02-15,280.9,8.32,14.8933,111.6,0.0725,1.0035971223021583,1.064472037511976,0.993808300237574
1987-03-15,292.5,8.34,15.1,112.1,0.0725,1.0044802867383513,1.043671903192729,1.0060416666666667
1987-04-15,289.3,8.4,14.8733,112.7,0.0802,1.0053523639607493,0.99147946265817,0.9530855603413604
1987-05-15,289.1,8.46,14.6467,113.1,0.0861,1.0035492457852706,1.0017472786744277,0.9671265490975747
1987-06-15,301.4,8.52,14.42,113.5,0.084,1.0035366931918657,1.0449015054156354,1.0213822369142729
1987-07-15,310.1,8.56667,14.9,113.8,0.08449999999999999,1.0026431718061675,1.0311674209470427,1.0036245997527262
1987-08-15,329.4,8.61333,15.38,114.4,0.0876,1.0052724077328647,1.0644170329796467,0.9863907606696709
1987-09-15,318.7,8.66,15.86,115.0,0.0942,1.0052447552447552,0.9697811045136502,0.964550452004152
1987-10-15,280.2,8.71,16.4067,115.3,0.09519999999999999,1.0026086956521738,0.8817871483537727,1.001400087335864
1987-11-15,245.0,8.76,16.9533,115.4,0.0886,1.0008673026886383,0.8773550379466563,1.0517122160466406
1987-12-15,241.0,8.81,17.5,115.4,0.08990000000000001,1.0,0.9867198041042143,0.9988079091128531
1988-01-15,250.5,8.85667,17.8633,115.7,0.0867,1.0025996533795494,1.042365417808919,1.0288910561544988
1988-02-15,258.1,8.90333,18.2267,116.0,0.0821,1.0025929127052722,1.0332139597403411,1.0386018497226297
1988-03-15,265.7,8.95,18.59,116.5,0.0837,1.0043103448275863,1.0322530017399862,0.996003102263147
1988-04-15,262.6,9.04333,19.6167,117.1,0.0872,1.0051502145922746,0.9912025112130579,0.9836195033512467
1988-05-15,256.1,9.13667,20.6433,117.5,0.0909,1.0034158838599487,0.9782205398507441,0.9829633631845047
1988-06-15,270.7,9.23,21.67,118.0,0.0892,1.004255319148936,1.059850379709356,1.0188225342441835
1988-07-15,269.1,9.30667,22.0233,118.5,0.0906,1.0042372881355932,0.9969714336557469,0.9982257457349892
1988-08-15,263.7,9.38333,22.3767,119.0,0.0926,1.0042194092827004,0.982898389725749,0.99450756124958
1988-09-15,268.0,9.46,22.73,119.8,0.0898,1.0067226890756302,1.0192479510864336,1.0261946831958766
1988-10-15,277.4,9.55,23.0733,120.2,0.08800000000000001,1.003338898163606,1.0379435285719922,1.019453682867119
1988-11-15,271.0,9.64,23.4167,120.3,0.08960000000000001,1.0008319467554077,0.9798929525704775,0.996765461820439
1988-12-15,276.5,9.75,23.75,120.5,0.0911,1.00166251039069,1.023233720131053,0.9976223510959419
1989-01-15,285.4,9.81333,24.16,121.1,0.0909,1.0049792531120332,1.035053438259934,1.0089053587467836
1989-02-15,294.0,9.89667,24.56,121.6,0.0917,1.004128819157721,1.0329383250325357,1.0023380655907361
1989-03-15,292.7,10.01,24.96,122.3,0.09359999999999999,1.0057565789473684,0.9984281344926081,0.9953037137200605
1989-04-15,302.3,10.0867,25.0467,123.1,0.09179999999999999,1.0065412919051513,1.0355786303883716,1.0195781004561493
1989-05-15,313.9,10.1933,25.1333,123.8,0.0886,1.0056864337936637,1.0410785677210972,1.0288761249519065
1989-06-15,323.7,10.37,25.22,124.1,0.0828,1.0024232633279482,1.0338897867714314,1.0468259771264279
1989-07-15,331.9,10.4233,24.71,124.4,0.0802,1.0024174053182917,1.0279491760585346,1.0247812826552982
1989-08-15,346.6,10.5467,24.2,124.6,0.08109999999999999,1.0016077170418005,1.0468262009981062,1.0005177610455462
1989-09-15,347.3,10.73,23.69,125.0,0.0819,1.0032102728731942,1.0045942424419148,1.0012967685611698
1989-10-15,347.4,10.7967,23.4267,125.6,0.0801,1.0048,1.0028778174828734,1.0192097222529728
1989-11-15,340.2,10.9233,23.1633,125.9,0.0787,1.0023885350318473,0.9819503168663359,1.016366337692261
1989-12-15,348.6,11.06,22.87,126.1,0.0784,1.0015885623510723,1.0273352669939015,1.008637761714877
1990-01-15,339.97,11.14,22.49,127.4,0.0821,1.0103092783505156,0.9779744655678252,0.9812954324694788
1990-02-15,330.45,11.23,22.08,128.0,0.08470000000000001,1.0047095761381475,0.9748295259658307,0.9893046851471282
1990-03-15,338.46,11.32,21.67,128.7,0.0859,1.00546875,1.0270268070538575,0.9990059764912145
1990-04-15,338.18,11.4367,21.5333,128.9,0.08789999999999999,1.0015540015540016,1.0019909219077117,0.9938522560194283
1990-05-15,350.25,11.5533,21.3967,129.2,0.0876,1.0023273855702093,1.038439874372238,1.0093234747739028
1990-06-15,360.39,11.66,21.26,129.9,0.0848,1.0054179566563468,1.031646902706064,1.0261778569788274
1990-07-15,360.03,11.7267,21.42,130.4,0.08470000000000001,1.0038491147036182,1.0017153698592396,1.0077411659558797
1990-08-15,330.75,11.7833,21.58,131.6,0.0875,1.00920245398773,0.9216422773389864,0.9883979179630458
1990-09-15,315.41,11.83,21.74,132.7,0.0889,1.0083586626139818,0.956746120773396,0.9980171251533033
1990-10-15,307.12,11.9267,21.6067,133.5,0.0872,1.0060286360211004,0.9769529168151045,1.018752431705585
1990-11-15,315.29,12.0133,21.4733,133.8,0.0839,1.002247191011236,1.0297771781767167,1.0296019457536376
1990-12-15,328.75,12.09,21.34,133.8,0.0808,1.0,1.045755494820569,1.0282562596708575
1991-01-15,325.49,12.1067,21.1833,134.6,0.0809,1.005979073243647,0.9931832589850592,1.0060476759128048
1991-02-15,362.26,12.1133,21.0267,134.8,0.0785,1.0014858841010403,1.1157546518717254,1.0233698541279974
1991-03-15,372.28,12.11,20.94,135.0,0.08109999999999999,1.0014836795252224,1.030370465187077,0.9887300133908372
1991-04-15,379.68,12.13,20.3633,135.2,0.08039999999999999,1.0014814814814814,1.022539841231581,1.0115683499170016
1991-05-15,377.99,12.14,19.8567,135.6,0.08070000000000001,1.002958579881657,0.9982253209183846,1.004641244030804
1991-06-15,378.29,12.15,19.41,136.0,0.0828,1.0029498525073748,1.0034701898055383,0.9924440427645692
1991-07-15,380.23,12.1933,18.84,136.2,0.0827,1.0014705882352941,1.007800692513147,1.0075803393006457
1991-08-15,389.4,12.2367,18.33,136.6,0.079,1.0029368575624082,1.026735690095921,1.0324710876471133
1991-09-15,387.2,12.28,17.82,137.2,0.0765,1.0043923865300146,0.9969931888219639,1.024056080687114
1991-10-15,386.88,12.2533,17.2033,137.4,0.0753,1.001457725947522,1.001812894944539,1.0148060505719805
1991-11-15,385.92,12.2267,16.5867,137.8,0.0742,1.002911208151383,1.0001587733226103,1.01404081259555
1991-12-15,388.51,12.2,15.97,137.9,0.0709,1.0007256894049346,1.0093280707487162,1.0298215690321175
1992-01-15,416.08,12.24,16.0467,138.1,0.0703,1.0014503263234227,1.0734148760087958,1.0102175983664976
1992-02-15,412.56,12.28,16.1233,138.6,0.07339999999999999,1.00362056480811,0.9940205357330051,0.9838958555843723
1992-03-15,407.36,12.32,16.19,139.3,0.0754,1.0050505050505052,0.9899160660065766,0.9920710661475401
1992-04-15,407.41,12.32,16.4833,139.5,0.0748,1.0014357501794686,1.0026427255191195,1.0105081015321857
1992-05-15,414.81,12.32,16.7667,139.7,0.0739,1.0014336917562723,1.020638549505607,1.0125955506369093
1992-06-15,408.27,12.32,17.05,140.2,0.0726,1.003579098067287,0.9867484213158868,1.0154008590577357
1992-07-15,415.05,12.3433,17.38,140.5,0.0684,1.0021398002853068,1.0190849330688545,1.03646963154794
1992-08-15,417.93,12.3667,17.71,140.9,0.0659,1.002846975088968,1.0094047865231852,1.0240092395926397
1992-09-15,418.48,12.4,18.04,141.3,0.0642,1.0028388928317957,1.0037852636655402,1.018036742706681
1992-10-15,412.5,12.3867,18.39,141.8,0.0659,1.0035385704175512,0.98821255289272,0.992899717077005
1992-11-15,422.84,12.3833,18.74,142.0,0.0687,1.001410437235543,1.027507168196008,0.9852388654810507
1992-12-15,435.64,12.39,19.09,141.9,0.0677,0.9992957746478873,1.0326415737028563,1.0129903009542003
1993-01-15,435.23,12.4133,19.34,142.6,0.066,1.0049330514446793,1.0014356260729567,1.0180864050206684
1993-02-15,441.7,12.4467,19.59,143.1,0.0626,1.0035063113604488,1.0172139599267567,1.0307704492372398
1993-03-15,450.16,12.48,19.84,143.6,0.059800000000000006,1.0034940600978337,1.0214635611259935,1.0262910980776954
1993-04-15,443.08,12.4933,19.67,144.0,0.059699999999999996,1.0027855153203342,0.9866219661040129,1.0057363307485325
1993-05-15,445.25,12.5067,19.5,144.2,0.0604,1.0013888888888889,1.0072382990497277,0.9997206049989439
1993-06-15,448.06,12.52,19.33,144.4,0.0596,1.0013869625520113,1.0086396183888537,1.0110600275750603
1993-07-15,447.29,12.52,19.69,144.4,0.0581,1.0,1.000614045906707,1.0163434631884896
1993-08-15,454.13,12.52,20.05,144.8,0.056799999999999996,1.002770083102493,1.0175895255658127,1.0147597140646087
1993-09-15,459.24,12.52,20.41,145.1,0.0536,1.0020718232044197,1.0135241540536073,1.0295044429696492
1993-10-15,463.9,12.54,20.9,145.7,0.0533,1.0041350792556858,1.0123998403765921,1.0067921349545939
1993-11-15,462.89,12.56,21.39,145.8,0.0572,1.0006863417982157,1.000083962997604,0.9747413610838956
1993-12-15,465.95,12.58,21.89,145.8,0.057699999999999994,1.0,1.008860525587198,1.000967538276105
1994-01-15,472.99,12.6233,22.1567,146.2,0.0575,1.0027434842249656,1.01733294243899,1.0063293598766134
1994-02-15,471.58,12.6667,22.4333,146.7,0.059699999999999996,1.0034199726402189,0.9992573086081779,0.9882257235322879
1994-03-15,463.81,12.71,22.71,147.2,0.06480000000000001,1.003408316291752,0.9858070961633577,0.9674404885312152
1994-04-15,447.23,12.7533,23.54,147.4,0.0697,1.001358695652174,0.9666289534132743,0.9701141858422886
1994-05-15,450.9,12.7967,24.37,147.5,0.0718,1.0006784260515604,1.0105710976667475,0.9908254105299076
1994-06-15,454.83,12.84,25.2,148.0,0.071,1.0033898305084745,1.011068428848172,1.0117112860379984
1994-07-15,451.4,12.87,25.91,148.4,0.073,1.0027027027027027,0.9948346623560395,0.9917223924225627
1994-08-15,464.24,12.9,26.62,149.0,0.0724,1.0040431266846361,1.030760450895069,1.0103528708822227
1994-09-15,466.96,12.92,27.33,149.4,0.0746,1.0026845637583892,1.0081647319924445,0.9905289307387174
1994-10-15,463.81,13.0133,28.42,149.5,0.0774,1.000669344042838,0.9955923563745117,0.9867239173460497
1994-11-15,461.01,13.0967,29.51,149.7,0.0796,1.0013377926421403,0.996330437821461,0.9912802227975714
1994-12-15,455.19,13.17,30.6,149.7,0.0781,1.0,0.9897866260860425,1.0170440663470233
1995-01-15,465.25,13.18,31.25,150.3,0.07780000000000001,1.0040080160320644,1.0244613992168348,1.0085932032276081
1995-02-15,481.92,13.18,31.9,150.9,0.0747,1.0039920159680638,1.0381092769497569,1.0283208712376775
1995-03-15,493.15,13.17,32.55,151.4,0.07200000000000001,1.0033134526176275,1.0255281120440338,1.025471790401501
1995-04-15,507.91,13.2433,33.1767,151.9,0.0706,1.0033025099075297,1.0321028838709598,1.0160416345932668
1995-05-15,523.81,13.3067,33.8033,152.2,0.0663,1.0019749835418037,1.0334217317925745,1.0373191802838746
1995-06-15,539.35,13.36,34.43,152.5,0.0617,1.0019710906701709,1.0317314588530602,1.0398527278319616
1995-07-15,557.37,13.44,34.68,152.5,0.06280000000000001,1.0,1.0354200239956415,0.9969732567232477
1995-08-15,559.11,13.51,34.93,152.9,0.0649,1.0026229508196722,1.0051354210667305,0.9897848429737056
1995-09-15,578.77,13.58,35.18,153.2,0.062,1.001962066710268,1.0371183229548413,1.0270206096393888
1995-10-15,582.92,13.65,34.7733,153.7,0.0604,1.0032637075718016,1.009121761255455,1.0171767123833662
1995-11-15,595.53,13.72,34.3667,153.6,0.0593,0.9993493819128172,1.0235523295094195,1.0133312511352468
1995-12-15,614.57,13.79,33.96,153.5,0.0571,0.9993489583333334,1.0338413922411893,1.0217032703261322
1996-01-15,614.42,13.8933,33.9867,154.4,0.0565,1.0058631921824104,1.001640264983177,1.0093421193854657
1996-02-15,649.54,13.9967,34.0133,154.9,0.0581,1.003238341968912,1.058955317204197,0.9925730837100556
1996-03-15,647.07,14.1,34.04,155.7,0.06269999999999999,1.0051646223369914,0.9980131865904837,0.9706675532243833
1996-04-15,647.17,14.1567,34.33,156.3,0.06509999999999999,1.0038535645472064,1.0019774409417594,0.9875853314993607
1996-05-15,661.23,14.2133,34.62,156.6,0.0674,1.001919385796545,1.0235166284069364,0.9886925283811553
1996-06-15,668.5,14.27,34.91,156.7,0.0691,1.0006385696040867,1.0127735196043555,0.993342094514604
1996-07-15,644.07,14.4,35.2733,157.0,0.0687,1.001914486279515,0.9653186489029965,1.0086515906455642
1996-08-15,662.68,14.53,35.6367,157.3,0.0664,1.0019108280254778,1.0307215513505963,1.0225320401438143
1996-09-15,674.88,14.66,36.0,157.8,0.0683,1.003178639542276,1.0202202907085176,0.991765967240875
1996-10-15,701.46,14.74,36.91,158.3,0.0653,1.003168567807351,1.0411358891068316,1.0277215907268833
1996-11-15,735.67,14.82,37.82,158.6,0.062,1.0018951358180668,1.0504484507200584,1.0300349466011436
1996-12-15,743.25,14.9,38.73,158.6,0.063,1.0,1.0119741237074316,0.9977474889048714
1997-01-15,766.22,14.9533,39.2333,159.1,0.0658,1.0031525851197982,1.0325311161520567,0.9847345136830992
1997-02-15,798.39,15.0067,39.7367,159.6,0.0642,1.0031426775612822,1.0435516807803422,1.017290463723935
1997-03-15,792.16,15.06,40.24,160.0,0.0669,1.0025062656641603,0.9937810719559125,0.9856638335458981
1997-04-15,763.93,15.0933,40.3433,160.2,0.0689,1.00125,0.9660097131565489,0.9911215281859731
1997-05-15,833.09,15.1267,40.4467,160.1,0.06709999999999999,0.9993757802746567,1.092044966841548,1.0188541133885742
1997-06-15,876.29,15.16,40.55,160.3,0.0649,1.0012492192379763,1.0532968257709578,1.021775799424372
1997-07-15,925.29,15.2167,40.58,160.5,0.0622,1.0012476606363068,1.0572880057589382,1.0255120634859547
1997-08-15,927.24,15.2733,40.61,160.8,0.063,1.0018691588785047,1.0034800963314998,0.9992479911238971
1997-09-15,937.02,15.33,40.64,161.2,0.0621,1.0024875621890545,1.0119107957952007,1.011954249825512
1997-10-15,951.16,15.3867,40.3333,161.6,0.0603,1.002481389578164,1.0164384574165046,1.0186923830337222
1997-11-15,938.92,15.4433,40.0267,161.5,0.0588,0.9993811881188119,0.9885021642685321,1.0163658916148466
1997-12-15,962.37,15.5,39.72,161.3,0.0581,0.9987616099071208,1.0263176763927386,1.010209171710184
1998-01-15,963.36,15.55,39.66,161.6,0.0554,1.0018598884066956,1.0023738288455,1.0255718855188045
1998-02-15,1023.74,15.6,39.6,161.9,0.0557,1.0018564356435644,1.063946319377156,1.0023164436723409
1998-03-15,1076.83,15.64,39.54,162.2,0.0565,1.0018529956763433,1.0530692131197454,0.9985299519304902
1998-04-15,1112.2,15.75,39.35,162.5,0.0564,1.001849568434032,1.0340265038052519,1.005472643987271
1998-05-15,1108.42,15.85,39.16,162.8,0.0565,1.0018461538461538,0.9977929668386558,1.0039360356579778
1998-06-15,1108.39,15.95,38.97,163.0,0.055,1.0012285012285012,1.0011721212557252,1.0162460657775019
1998-07-15,1156.58,16.0167,38.6767,163.2,0.0546,1.0012269938650307,1.0446315037306566,1.0076656613085657
1998-08-15,1074.62,16.0833,38.3833,163.4,0.053399999999999996,1.0012254901960784,0.9303831089881703,1.0138476347782648
1998-09-15,1020.64,16.14,38.09,163.6,0.0481,1.0012239902080782,0.9510860907820031,1.046523304286372
1998-10-15,1032.47,16.1667,37.9633,164.0,0.0453,1.0024449877750612,1.0128956228932713,1.0265246517846809
1998-11-15,1144.43,16.1833,37.8367,164.0,0.0483,1.0,1.1096173966248724,0.9799818213275495
1998-12-15,1190.05,16.2,37.71,163.9,0.04650000000000001,0.999390243902439,1.0409970451604071,1.0184197701216913
1999-01-15,1248.77,16.28333333,37.93333333,164.3,0.0472,1.0024405125076266,1.0504290893964585,0.9982950732847972
1999-02-15,1246.58,16.36666667,38.15666667,164.5,0.05,1.0012172854534387,0.9993403789154127,0.9818990502772408
1999-03-15,1281.66,16.45,38.38,165.0,0.052300000000000006,1.0030395136778116,1.0292105701936525,0.9862565560679946
1999-04-15,1334.76,16.45,39.26,166.2,0.0518,1.007272727272727,1.042457670714834,1.0082607389424036
1999-05-15,1332.07,16.45,40.14,166.2,0.0554,1.0,0.9990137564899516,0.9766763748638161
1999-06-15,1322.55,16.45,41.02,166.2,0.059000000000000004,1.0,0.9938897361904218,0.9774230772606366
1999-07-15,1380.99,16.513333333333335,42.0,166.7,0.0579,1.0030084235860408,1.0451838324247364,1.0132671951731962
1999-08-15,1327.49,16.576666666666668,42.98,167.1,0.0594,1.0023995200959808,0.9623002781349086,0.9935147576845184
1999-09-15,1318.17,16.64,43.96,167.9,0.0592,1.004787552363854,0.9940311949363547,1.0064593927767538
1999-10-15,1300.01,16.656666666666666,45.36333333333334,168.2,0.0611,1.0017867778439546,0.9872910515902944,0.990716226960201
1999-11-15,1391.0,16.673333333333332,46.76666666666667,168.3,0.0603,1.0005945303210466,1.0709906509938987,1.0110993924594323
1999-12-15,1428.68,16.69,48.17,168.3,0.06280000000000001,1.0,1.0280619349397215,0.986460431946775
2000-01-15,1425.59,16.713333333333335,49.09666666666667,168.8,0.0666,1.0029708853238266,0.9988141477843261,0.977489882022132
2000-02-15,1388.87,16.736666666666668,50.02333333333333,169.8,0.0652,1.0059241706161137,0.9752464572196202,1.0158352174839775
2000-03-15,1442.21,16.76,50.95,171.2,0.0626,1.0082449941107183,1.0393737434623316,1.024757794514752
2000-04-15,1461.36,16.740000000000002,51.27333333333333,171.3,0.0599,1.000584112149533,1.014232822956999,1.0255292885362148
2000-05-15,1418.48,16.72,51.59666666666667,171.5,0.0644,1.0011675423234092,0.9716397418576739,0.9718137722847329
2000-06-15,1461.96,16.7,51.92,172.4,0.061,1.0052478134110787,1.031604447897304,1.0308192411772683
2000-07-15,1473.0,16.583333333333332,52.51333333333334,172.8,0.0605,1.0023201856148491,1.0084896897982765,1.0088347843528398
2000-08-15,1485.46,16.46666666666667,53.10666666666666,172.8,0.0583,1.0,1.0093826965768968,1.0217125652141874
2000-09-15,1468.05,16.35,53.7,173.7,0.057999999999999996,1.0052083333333333,0.9892078267029383,1.007134721092478
2000-10-15,1390.14,16.323333333333334,52.46666666666667,174.0,0.0574,1.001727115716753,0.9479081190409363,1.0093984777048801
2000-11-15,1378.04,16.296666666666667,51.23333333333333,174.1,0.0572,1.0005747126436781,0.9922813386280547,1.0063064259273216
2000-12-15,1330.93,16.27,50.0,174.0,0.0524,0.9994256174612293,0.96683247570407,1.0421272270690347
2001-01-15,1335.63,16.169999999999998,48.48,175.1,0.0516,1.0063218390804598,1.00454025247774,1.010616226470165
2001-02-15,1305.75,16.07,46.96,175.8,0.051,1.0039977155910909,0.9786541267818394,1.0090000520139732
2001-03-15,1185.85,15.97,45.44,176.2,0.0489,1.0022753128555175,0.9092976392418317,1.0208593540554756
2001-04-15,1189.84,15.876666666666663,42.556666666666665,176.9,0.051399999999999994,1.003972758229285,1.0044766360261164,0.9845272565205624
2001-05-15,1270.37,15.783333333333331,39.67333333333333,177.7,0.053899999999999997,1.0045223289994347,1.0687167190796314,0.984957326473298
2001-06-15,1238.71,15.69,36.79,178.0,0.0528,1.0016882386043895,0.9761336604242231,1.0130378467163987
2001-07-15,1204.45,15.706666666666669,33.96333333333333,177.5,0.0524,0.9971910112359551,0.9734289055572082,1.0075133800335305
2001-08-15,1178.5,15.723333333333333,31.136666666666667,177.5,0.049699999999999994,1.0,0.979566714650428,1.0256432651316532
2001-09-15,1044.64,15.74,28.31,178.3,0.0473,1.0045070422535212,0.8876705502082146,1.0232640309198087
2001-10-15,1076.59,15.740000000000002,27.10333333333333,177.7,0.045700000000000005,0.9966348850252382,1.0318030520447312,1.0167843681086708
2001-11-15,1129.68,15.740000000000002,25.896666666666665,177.4,0.04650000000000001,0.9983117613956107,1.0504742047505258,0.9974106577236928
2001-12-15,1144.93,15.74,24.69,176.7,0.0509,0.9960541149943629,1.0146450285057391,0.9693921718831334
2002-01-15,1140.21,15.736666666666668,24.69333333333333,177.1,0.0504,1.0022637238256933,0.997027606490369,1.0081691529478585
2002-02-15,1100.67,15.733333333333334,24.69666666666667,177.8,0.049100000000000005,1.0039525691699607,0.9665133711403177,1.014472539792225
2002-03-15,1153.79,15.73,24.7,178.8,0.0528,1.0056242969628797,1.049397624288096,0.9753454246812037
2002-04-15,1111.93,15.833333333333332,25.38,179.8,0.0521,1.005592841163311,0.9649061931426657,1.009855884314618
2002-05-15,1079.25,15.936666666666667,26.06,179.8,0.0516,1.0,0.9718401962886546,1.008247641543853
2002-06-15,1014.02,16.04,26.74,179.9,0.0493,1.0005561735261401,0.94087806524909,1.0224578109766422
2002-07-15,903.59,15.96,27.84,180.1,0.04650000000000001,1.0011117287381879,0.8925687290541482,1.0265001979670754
2002-08-15,912.55,15.88,28.94,180.7,0.0426,1.0033314825097168,1.011366150576738,1.0356319545945862
2002-09-15,867.81,15.8,30.04,181.0,0.0387,1.0016602102933039,0.9524897786431397,1.0358896571004164
2002-10-15,854.63,15.89,29.223333333333333,181.3,0.0394,1.001657458563536,0.9863617471613361,0.9974394121667084
2002-11-15,909.93,15.98,28.406666666666663,181.3,0.0405,1.0,1.0661698466965386,0.9942382590603536
2002-12-15,899.18,16.07,27.59,180.9,0.0403,0.9977937120794264,0.9896752243091002,1.005021093799883
2003-01-15,895.84,16.119999999999997,28.5,181.7,0.0405,1.0044223327805417,0.9977850282953059,1.0017137743746096
2003-02-15,837.03,16.169999999999998,29.41,183.1,0.039,1.007705008255366,0.9359619751163193,1.0157958894423782
2003-03-15,846.63,16.22,30.32,184.2,0.0381,1.00600764609503,1.0130656488042988,1.0107339868593723
2003-04-15,890.03,16.203333333333333,31.73,183.8,0.039599999999999996,0.9978284473398481,1.0527791774340094,0.9907888899976284
2003-05-15,935.96,16.186666666666667,33.13999999999999,183.5,0.035699999999999996,0.9983677910772578,1.0530461842753518,1.0360979624323534
2003-06-15,988.0,16.17,34.55,183.7,0.0333,1.0010899182561308,1.056964533091919,1.0233879589797694
2003-07-15,992.54,16.310000000000002,35.89333333333333,183.9,0.0398,1.0010887316276538,1.0059645239587185,0.9491519643166598
2003-08-15,989.53,16.450000000000003,37.236666666666665,184.6,0.044500000000000005,1.0038064165307232,0.9983527144499693,0.9653812531240127
2003-09-15,1019.44,16.59,38.58,185.2,0.042699999999999995,1.0032502708559046,1.0315826078554748,1.018358581717169
2003-10-15,1038.73,16.85666666666667,41.96666666666667,185.0,0.0429,0.9989200863930886,1.0202744992058892,1.0019320392968813
2003-11-15,1049.9,17.123333333333335,45.35333333333333,184.5,0.043,0.9972972972972973,1.0121126404625802,1.002762230452845
2003-12-15,1080.64,17.39,48.74,184.3,0.042699999999999995,0.9989159891598917,1.0306200052557755,1.006025041397306
2004-01-15,1132.52,17.6,49.82666666666668,185.2,0.0415,1.0048833423765597,1.049303634537455,1.0133798191924663
2004-02-15,1143.36,17.810000000000002,50.91333333333333,186.2,0.0408,1.0053995680345573,1.0108696495753984,1.0092062447260863
2004-03-15,1123.98,18.02,52.0,187.4,0.0383,1.0064446831364124,0.9843859841636584,1.0241693929969982
2004-04-15,1133.36,18.21333333333333,53.38333333333333,188.0,0.0435,1.0032017075773745,1.0096845283992653,0.9610256038805927
2004-05-15,1102.78,18.406666666666663,54.76666666666667,189.1,0.0472,1.0058510638297873,0.9744092111098228,0.9741311016482136
2004-06-15,1132.76,18.6,56.15,189.7,0.0473,1.0031729243786356,1.028554178701518,1.003136568156119
2004-07-15,1105.85,18.78666666666667,56.69,189.4,0.045,0.9984185556141276,0.9776595678986272,1.022462894472665
2004-08-15,1088.94,18.973333333333333,57.23,189.5,0.042800000000000005,1.0005279831045406,0.9861605678607716,1.0216475440991304
2004-09-15,1117.66,19.16,57.77,189.9,0.041299999999999996,1.0021108179419524,1.0278028521778142,1.0158549614792147
2004-10-15,1117.21,19.25333333333333,58.03,190.9,0.040999999999999995,1.0052659294365456,1.001033490235996,1.0059027623973764
2004-11-15,1168.94,19.346666666666668,58.29,191.0,0.04190000000000001,1.000523834468308,1.0476820609495412,0.9960642508132306
2004-12-15,1199.21,19.44,58.55,190.3,0.042300000000000004,0.9963350785340315,1.027246144866131,1.0002299988946743
2005-01-15,1181.41,19.703333333333333,59.10666666666666,190.7,0.042199999999999994,1.002101944298476,0.9865467125843107,1.0043407961151816
2005-02-15,1199.63,19.96666666666667,59.66333333333333,191.8,0.0417,1.005768222338752,1.0168092514176406,1.0076051448447947
2005-03-15,1194.9,20.23,60.22,193.3,0.045,1.0078206465067778,0.9974679748657059,0.9769010644522634
2005-04-15,1164.43,20.46333333333333,61.23333333333333,194.6,0.0434,1.00672529746508,0.9759644324285529,1.016730193346162
2005-05-15,1178.28,20.696666666666665,62.24666666666667,194.4,0.0414,0.998972250770812,1.01335799413439,1.0199934323059945
2005-06-15,1202.25,20.93,63.26,194.5,0.04,1.000514403292181,1.021793964201835,1.0149887983887527
2005-07-15,1222.24,21.11,64.33,195.4,0.0418,1.0046272493573265,1.018066454659769,0.9886216589592828
2005-08-15,1224.27,21.29,65.39999999999999,196.4,0.0426,1.0051177072671442,1.0031100478351016,0.996969086237008
2005-09-15,1225.92,21.47,66.47,198.8,0.042,1.0122199592668024,1.0028071900620221,1.0084493311454992
2005-10-15,1191.96,21.72,67.58999999999999,199.2,0.0446,1.0020120724346075,0.9738168628532126,0.9825241660843113
2005-11-15,1237.37,21.97,68.71,197.6,0.0454,0.9919678714859438,1.039576532717837,0.9972864064595465
2005-12-15,1262.07,22.22,69.83,196.8,0.0447,0.9959514170040487,1.0214288593203396,1.0094280596019605
2006-01-15,1278.73,22.406666666666663,70.77666666666666,198.3,0.044199999999999996,1.0076219512195121,1.0146607517973179,1.0077662937165663
2006-02-15,1276.65,22.593333333333334,71.72333333333334,198.7,0.045700000000000005,1.0020171457387794,0.9998481660084614,0.9916433007314546
2006-03-15,1293.74,22.78,72.67,199.8,0.0472,1.0055359838953197,1.014853919866933,0.9918513475150416
2006-04-15,1302.17,23.0,73.27666666666666,201.5,0.0499,1.0085085085085084,1.0079878944243452,0.9826762438161937
2006-05-15,1290.01,23.22,73.88333333333333,202.5,0.051100000000000007,1.0049627791563276,0.9921617299266652,0.9947625302033416
2006-06-15,1253.17,23.44,74.49,202.9,0.051100000000000007,1.0019753086419754,0.9730007956128766,1.0042583333333333
2006-07-15,1260.24,23.66,75.85,203.5,0.0509,1.0029571217348447,1.007206209479008,1.0058257346113726
2006-08-15,1287.15,23.88,77.21,203.9,0.048799999999999996,1.001965601965602,1.022899126958413,1.0208586536873652
2006-09-15,1317.74,24.1,78.57,202.9,0.0472,0.9950956351152526,1.025289757921196,1.0168207848728446
2006-10-15,1363.38,24.36,79.55,201.8,0.0473,0.9945786101527847,1.0361240035801413,1.003136568156119
2006-11-15,1388.64,24.62,80.53,201.5,0.046,0.9985133795837462,1.0200049479285207,1.014361911467558
2006-12-15,1416.42,24.88,81.51,201.8,0.045599999999999995,1.0014888337468983,1.0214689692115793,1.0070454926570303
2007-01-15,1424.16,25.08333333333333,82.05666666666667,202.416,0.047599999999999996,1.0030525272547075,1.0069322076590728,0.9878867009347673
2007-02-15,1444.8,25.286666666666665,82.60333333333334,203.499,0.0472,1.0053503675598767,1.015951240764815,1.007155196218211
2007-03-15,1406.95,25.49,83.15,205.352,0.045599999999999995,1.0091056958510853,0.9753123694263847,1.0167819706281211
2007-04-15,1463.64,25.71666666666667,83.74000000000001,206.686,0.046900000000000004,1.006496162686509,1.041757027822651,0.9934229394051856
2007-05-15,1511.14,25.94333333333333,84.33000000000001,207.949,0.0475,1.0061107186747047,1.0338840066980084,0.9991321445728915
2007-06-15,1514.19,26.17,84.92,208.352,0.051,1.0019379751766058,1.0034586077584864,0.9765413632518222
2007-07-15,1520.71,26.440000000000005,82.81333333333333,208.299,0.05,0.9997456227921978,1.005754817166669,1.0121193868057474
2007-08-15,1454.62,26.71,80.70666666666666,207.917,0.0467,0.998166097772913,0.958070219214296,1.0305327416482333
2007-09-15,1497.12,26.98,78.6,208.49,0.0452,1.002755907405359,1.0307190249074925,1.0159595592642854
2007-10-15,1539.66,27.230000000000004,74.46000000000001,208.936,0.0453,1.0021391913281212,1.0298883661825793,1.0029625124362613
2007-11-15,1463.39,27.480000000000004,70.32000000000001,210.177,0.0415,1.0059396178734157,0.9520279489286094,1.0348763718872547
2007-12-15,1479.22,27.73,66.18,210.036,0.040999999999999995,0.9993291368703522,1.0123795459527207,1.0075601595511832
2008-01-15,1378.76,27.92,64.25,211.08,0.0374,1.0049705764726047,0.933773335666482,1.0334509746189573
2008-02-15,1354.87,28.11,62.32,211.693,0.0374,1.0029041121849536,0.9844017846265167,1.0031166666666667
2008-03-15,1316.94,28.3,60.39,213.528,0.0351,1.0086682129309896,0.9737954616635447,1.0225137426248454
2008-04-15,1370.47,28.436666666666667,57.383333333333326,214.823,0.0368,1.0060647783897194,1.0423763890818283,0.9887021524149685
2008-05-15,1403.22,28.57333333333333,54.376666666666665,216.632,0.0388,1.0084208860317563,1.0255938020805617,0.9864899833297648
2008-06-15,1341.25,28.71,51.37,218.815,0.040999999999999995,1.0100769969348942,0.9576210723058971,0.9851852979747944
2008-07-15,1257.33,28.756666666666668,49.56333333333333,219.964,0.0401,1.0052510111281219,0.939337435175955,1.0108310044488575
2008-08-15,1281.47,28.80333333333333,47.75666666666667,219.086,0.038900000000000004,0.9960084377443582,1.0210724805473468,1.0132830259464412
2008-09-15,1216.95,28.85,45.95,218.783,0.0369,0.9986169814593355,0.9516271393563899,1.01996657666936
2008-10-15,968.8,28.696666666666665,35.593333333333334,216.573,0.0381,0.9898986667154213,0.7985569851755165,0.9930963508541701
2008-11-15,883.04,28.543333333333333,25.236666666666668,212.425,0.0353,0.9808471046714041,0.9141717790530726,1.0267666107236182
2008-12-15,877.56,28.39,14.88,210.228,0.0242,0.9896575261857126,0.9964900876359362,1.10153160175653
2009-01-15,865.58,28.013333333333332,12.206666666666669,211.143,0.0252,1.004352417375421,0.98904548311339,0.9931771721455931
2009-02-15,805.23,27.63666666666667,9.533333333333331,212.193,0.0287,1.0049729330359047,0.9331380853093799,0.9716746010776912
2009-03-15,757.13,27.26,6.86,212.709,0.0282,1.0024317484554155,0.9432658796159217,1.0067485162316827
2009-04-15,848.15,26.703333333333333,7.076666666666666,213.24,0.029300000000000003,1.002496368277788,1.1228408199904463,0.9928149950432403
2009-05-15,902.41,26.14666666666667,7.293333333333333,213.856,0.0329,1.0028887638341775,1.0663890549073927,0.9717643067970458
2009-06-15,926.12,25.59,7.51,215.693,0.037200000000000004,1.0085898922639533,1.02857670564613,0.9668336893240363
2009-07-15,935.82,25.026666666666664,9.186666666666667,215.351,0.0356,0.9984144130778467,1.012702390909634,1.0165619047085281
2009-08-15,1009.73,24.46333333333333,10.863333333333332,215.834,0.0359,1.0022428500448106,1.0809978300230674,1.0004461180707187
2009-09-15,1044.55,23.9,12.54,215.969,0.034,1.000625480693496,1.0363911883373846,1.019098619218168
2009-10-15,1067.66,23.40333333333333,25.35,216.177,0.0339,1.0009631011858184,1.0239510440890474,1.0036814677018018
2009-11-15,1088.07,22.906666666666663,38.16,216.33,0.034,1.0007077533687674,1.0208709532819817,1.0019772656551842
2009-12-15,1110.38,22.41,50.97,215.949,0.0359,0.9982388018305367,1.022186052163811,0.9868698588923303
2010-01-15,1123.58,22.24,54.28999999999999,216.687,0.0373,1.0034174735701484,1.0135373116166198,0.9913061794275658
2010-02-15,1089.16,22.07,57.61,216.741,0.0369,1.0002492073820766,0.9710543874304969,1.006453315333872
2010-03-15,1152.05,21.9,60.93,217.631,0.0373,1.0041062835365713,1.0593258785657775,0.9997362893602569
2010-04-15,1197.32,21.946666666666665,62.986666666666665,218.009,0.0385,1.0017368849106973,1.0408226549387554,0.9931483531630868
2010-05-15,1125.06,21.99333333333333,65.04333333333332,218.178,0.0342,1.0007751973542378,0.9412775973446754,1.0396265415131736
2010-06-15,1083.36,22.04,67.1,217.965,0.032,0.9990237329153261,0.9646306530006612,1.0216772537011838
2010-07-15,1079.8,22.14333333333333,68.68666666666667,218.011,0.0301,1.0002110430573716,0.9984228340410345,1.0190737175564093
2010-08-15,1087.28,22.246666666666663,70.27333333333333,218.312,0.027000000000000003,1.001380664278408,1.0086322790912017,1.0296758728724353
2010-09-15,1122.08,22.35,71.86,218.439,0.0265,1.0005817362307157,1.0336663386974039,1.0066423405664935
2010-10-15,1171.58,22.476666666666667,73.69,218.711,0.0254,1.001245198888477,1.0457132448375068,1.0119224678903758
2010-11-15,1198.89,22.60333333333333,75.52,218.803,0.0276,1.0004206464238194,1.0248815305588186,0.9828916104229974
2010-12-15,1241.53,22.73,77.35,219.179,0.0329,1.001718440789203,1.0370919033799637,0.9571361090808358
2011-01-15,1282.62,22.96333333333333,78.67,220.223,0.0339,1.0047632300539742,1.03458821509502,0.9942603229819821
2011-02-15,1321.12,23.196666666666665,79.99000000000001,221.309,0.0358,1.0049313650254514,1.0314798791272601,0.9868540179472737
2011-03-15,1304.49,23.43,81.31,223.467,0.0341,1.0097510720305094,0.9889089492332616,1.017388021194011
2011-04-15,1331.51,23.73333333333333,82.16333333333334,224.906,0.0346,1.006439429535457,1.022198440177474,0.9986149685034658
2011-05-15,1338.31,24.036666666666665,83.01666666666667,225.964,0.0317,1.0047041875272336,1.0066036890148007,1.027736355735083
2011-06-15,1287.29,24.34,83.87,225.722,0.03,0.9989290329433007,0.9634529545357116,1.0173286341613692
2011-07-15,1325.19,24.62,84.90666666666667,225.922,0.03,1.0008860456667936,1.0309899010105892,1.0025
2011-08-15,1185.31,24.9,85.94333333333334,226.545,0.023,1.0027575889023645,0.8961959217116113,1.0650332514120286
2011-09-15,1173.88,25.18,86.98,226.889,0.019799999999999998,1.0015184621156945,0.9921444724845486,1.0309478015130777
2011-10-15,1207.22,25.596666666666664,86.97,226.421,0.0215,0.9979373173666417,1.0301684555470751,0.986353276665184
2011-11-15,1226.42,26.013333333333332,86.96000000000001,226.23,0.020099999999999996,0.9991564386695581,1.01767187465305,1.0144743828768457
2011-12-15,1243.32,26.43,86.95,225.672,0.019799999999999998,0.9975334836228618,1.015551411598362,1.004396668891851
2012-01-15,1300.58,26.736666666666668,87.48,226.665,0.0197,1.0044001914282676,1.0477672377526106,1.0025576617598342
2012-02-15,1352.49,27.043333333333337,88.01,227.663,0.0197,1.0044029735512763,1.0415792301339184,1.0016416666666668
2012-03-15,1389.24,27.35,88.54,229.392,0.0217,1.007594558623931,1.028812690044555,0.9836628619943165
2012-04-15,1386.43,27.67333333333333,88.33333333333334,230.085,0.020499999999999997,1.0030210295040805,0.9996406561213028,1.0126582465190068
2012-05-15,1341.27,27.996666666666663,88.12666666666667,229.815,0.018000000000000002,0.9988265206336788,0.9691665706602284,1.0245874706373235
2012-06-15,1323.48,28.32,87.92,229.478,0.016200000000000003,0.9985336031155495,0.9885196289568706,1.0181176439399742
2012-07-15,1359.78,28.74333333333333,87.44666666666667,229.104,0.015300000000000001,0.9983702141381745,1.0291892092454544,1.0096953104816826
2012-08-15,1403.45,29.166666666666664,86.97333333333333,230.379,0.0168,1.005565158181437,1.0338473326245972,0.9874673066682731
2012-09-15,1443.42,29.59,86.5,231.407,0.0172,1.0044622122676112,1.0301881445750372,0.9977250970504302
2012-10-15,1437.82,30.14333333333333,86.50333333333333,231.317,0.0175,0.9996110748594468,0.9978673760432801,0.9986811679750911
2012-11-15,1394.51,30.696666666666665,86.50666666666667,230.221,0.0165,0.995261913305118,0.9717123856785844,1.0106768967219446
2012-12-15,1422.29,31.25,86.51,229.601,0.0172,0.9973069355097928,1.0217519432570927,0.9949439198382529
2013-01-15,1480.4,31.536666666666665,86.90666666666667,230.28,0.0191,1.002957304192926,1.0426318800958287,0.9841376222070123
2013-02-15,1512.31,31.82333333333333,87.30333333333334,232.166,0.019799999999999998,1.0081900295292687,1.0233085571213802,0.9952411059190143
2013-03-15,1550.83,32.11,87.7,232.773,0.0196,1.002614508584375,1.027196388405223,1.003466201686957
2013-04-15,1570.7,32.49666666666667,88.78333333333333,232.531,0.0176,0.9989603605229129,1.0145366013945618,1.0199721988632113
2013-05-15,1639.84,32.88333333333334,89.86666666666667,232.945,0.019299999999999998,1.0017804077735872,1.0456896545520407,0.9860065296737384
2013-06-15,1618.77,33.27,90.95,233.504,0.023,1.0023997080855995,0.9888639056332306,0.968555043301261
2013-07-15,1668.68,33.64666666666667,92.09,233.596,0.0258,1.000393997533233,1.032512355022562,0.977237079453465
2013-08-15,1670.09,34.02333333333333,93.23,233.877,0.0274,1.0012029315570472,1.0025426588977489,0.9881547927159638
2013-09-15,1687.17,34.4,94.37,234.149,0.0281,1.0011630044852635,1.011926091454921,0.9961808363524133
2013-10-15,1720.03,34.596666666666664,96.31333333333332,233.546,0.0262,0.9974247167401953,1.0211525671660595,1.0190565160924532
2013-11-15,1783.54,34.79333333333334,98.25666666666666,233.069,0.027200000000000002,0.9979575758094765,1.0385494428879412,0.9934279752851656
2013-12-15,1807.78,34.99,100.2,233.049,0.028999999999999998,0.9999141885021174,1.0152038842785422,0.9866416467232673
2014-01-15,1822.36,35.403333333333336,100.41666666666666,233.916,0.0286,1.003720247673236,1.0096840731407313,1.005895511198878
2014-02-15,1817.04,35.81666666666666,100.63333333333333,234.781,0.0271,1.0036979086509688,0.9987233373248983,1.0155226416503962
2014-03-15,1863.52,36.23,100.85,236.293,0.027200000000000002,1.0064400441262282,1.0272002060908485,1.0013827975285166
2014-04-15,1864.26,36.61333333333333,101.60666666666668,237.072,0.0271,1.0032967544531577,1.0020337318633696,1.003142620554471
2014-05-15,1889.77,36.99666666666667,102.36333333333334,237.9,0.0256,1.0034926098400485,1.0153151585064013,1.0154922023494124
2014-06-15,1947.09,37.38,103.12,238.343,0.026000000000000002,1.0018621269440942,1.031931556817469,0.9986110500380035
2014-07-15,1973.1,37.75,104.06666666666666,238.25,0.0254,0.9996098060358392,1.0149527571958221,1.0074652855159625
2014-08-15,1961.53,38.120000000000005,105.01333333333334,237.852,0.0242,0.9983294858342078,0.9957556150716241,1.0127750380277332
2014-09-15,1993.23,38.49,105.96,238.031,0.0253,1.0007525688243109,1.0177700511595065,0.9922978789198726
2014-10-15,1937.27,38.806666666666665,104.74333333333334,237.433,0.023,0.9974877221874461,0.9735942681149103,1.022654973083
2014-11-15,2044.57,39.123333333333335,103.52666666666669,236.151,0.0233,0.9946005820589388,1.0569818233178523,0.9992405324201986
2014-12-15,2054.27,39.44,102.31,234.812,0.022099999999999998,0.994329899089989,1.0063441933743278,1.0127081817640318
2015-01-15,2028.18,39.89666666666667,101.29,233.707,0.018799999999999997,0.9952941076265267,0.988938888567194,1.0319252552907174
2015-02-15,2082.2,40.35333333333333,100.27,234.722,0.019799999999999998,1.0043430449237722,1.028249728739535,0.9924944370271632
2015-03-15,2079.99,40.81,99.25,236.119,0.0204,1.0059517216110974,1.000573646497033,0.9962224226819792
2015-04-15,2094.86,41.120000000000005,97.80333333333334,236.599,0.0194,1.0020328732545878,1.0087848225560085,1.0107897987490424
2015-05-15,2111.94,41.43,96.35666666666668,237.805,0.022000000000000002,1.0050972320254947,1.0097880423612025,0.9782779791531414
2015-06-15,2099.29,41.74,94.91,238.638,0.0236,1.0035028699985282,0.9956671559027421,0.9875811756338624
2015-07-15,2094.14,41.99666666666667,93.49333333333334,238.654,0.0232,1.0000670471592956,0.999217987458161,1.0055365610924134
2015-08-15,2039.87,42.25333333333333,92.07666666666668,238.316,0.0217,0.9985837237171805,0.9758109720422439,1.0154174368375959
2015-09-15,1944.41,42.51,90.66,237.945,0.0217,0.9984432434246966,0.9550247896011426,1.0018083333333334
2015-10-15,2024.81,42.803333333333335,89.28333333333333,237.838,0.0207,0.9995503162495535,1.043110923236334,1.0108412004836924
2015-11-15,2080.62,43.09666666666666,87.90666666666667,237.336,0.0226,0.9978893196209185,1.0292891947512188,0.9847189996975567
2015-12-15,2054.08,43.39,86.53,236.525,0.022400000000000003,0.9965829035628813,0.9890045045056151,1.0036751624907496
2016-01-15,1918.6,43.553333333333335,86.5,236.916,0.0209,1.0016531022090687,0.9359351797378161,1.0154028937735988
2016-02-15,1904.42,43.71666666666667,86.47,237.111,0.0178,1.000823076533455,0.9945221417448574,1.0301393344860386
2016-03-15,2021.95,43.88,86.44,238.132,0.0189,1.0043060001433928,1.0635228129299996,0.9914603257864659
2016-04-15,2075.54,44.07333333333334,86.6,239.261,0.0181,1.004741067979104,1.0282736701892299,1.0088927742012912
2016-05-15,2065.55,44.266666666666666,86.75999999999999,240.229,0.0181,1.004045790998115,0.9969727059665553,1.0015083333333332
2016-06-15,2083.89,44.46,86.92,241.018,0.016399999999999998,1.003284366167282,1.0106569160062107,1.0171875139920923
2016-07-15,2148.9,44.65,87.64333333333333,240.628,0.015,0.99838186359525,1.0329279703465886,1.0143672555336614
2016-08-15,2170.95,44.84,88.36666666666667,240.849,0.015600000000000001,1.0009184301078844,1.0119822764796327,0.9956945842450391
2016-09-15,2157.69,45.03,89.09,241.428,0.0163,1.002403995864629,0.9956312033178314,0.9948407258828351
2016-10-15,2143.02,45.25333333333333,90.91,241.729,0.0176,1.0012467485130143,0.9949607803604006,0.9894380707389127
2016-11-15,2164.99,45.47666666666667,92.73,241.353,0.021400000000000002,0.9984445391326651,1.0120023446718491,0.9672575013903203
2016-12-15,2246.63,45.7,94.55,241.432,0.024900000000000002,1.0003273213923174,1.0394043126276808,0.9708005986685322
2017-01-15,2275.12,45.92666666666667,96.46333333333334,242.839,0.024300000000000002,1.0058277278902548,1.0143634226160516,1.0074016292895913
2017-02-15,2329.91,46.153333333333336,98.37666666666668,243.603,0.0242,1.0031461173864165,1.0257330014382626,1.0029131976134222
2017-03-15,2366.82,46.38,100.29,243.801,0.0248,1.0008127978719472,1.0174748064243027,0.9967027943266191
2017-04-15,2359.31,46.66,101.53333333333332,244.524,0.023,1.0029655333653267,0.9984750468643884,1.0181466456011883
2017-05-15,2395.35,46.94,102.77666666666669,244.733,0.023,1.0008547218268964,1.0169086777244882,1.0019166666666666
2017-06-15,2433.99,47.22,104.02,244.955,0.0219,1.000907111014861,1.0177479413088606,1.0117954844763017
2017-07-15,2454.1,47.53666666666667,105.04,244.786,0.0232,0.999310077361148,1.0098763460348223,0.9902228431163228
2017-08-15,2456.22,47.85333333333334,106.06,245.519,0.022099999999999998,1.0029944522971086,1.0024874030673114,1.0118026388392511
2017-09-15,2492.84,48.17,107.08,246.819,0.022000000000000002,1.0052949058932301,1.0165193664524512,1.00273930849411
2017-10-15,2557.0,48.42333333333333,108.01333333333334,246.663,0.0236,0.9993679578962723,1.0273158425622346,0.9875811756338624
2017-11-15,2593.61,48.67666666666666,108.94666666666666,246.669,0.0235,1.0000243246859075,1.01588155302737,1.0028578545405868
2017-12-15,2664.34,48.93,109.88,246.524,0.024,0.9994121677227377,1.0288012673322444,0.9975130804388864
2018-01-15,2789.8,49.28666666666666,111.73333333333332,247.867,0.0258,1.0054477454527753,1.0485608129865958,0.9861345510772276
2018-02-15,2705.16,49.64333333333333,113.58666666666666,248.991,0.0286,1.0045346899748657,0.9711901866158978,0.9777980882745203
2018-03-15,2702.77,50.0,115.44,249.554,0.028399999999999998,1.0022611259041492,1.0006581315553447,1.0041244133001912
2018-04-15,2653.63,50.33,117.78666666666666,250.546,0.0287,1.003975091563349,0.9833991920773525,0.9997587753304688
2018-05-15,2701.49,50.66,120.13333333333333,251.588,0.029759999999999998,1.0041589169254348,1.0195983897491265,0.9932234616551157
2018-06-15,2754.35,50.99,122.48,251.989,0.0291,1.001593875701544,1.0211096909302773,1.008206448539796
2018-07-15,2793.64,51.44,125.11666666666667,252.006,0.028900000000000002,1.0000674632622852,1.0157991462986182,1.0041619397549988
2018-08-15,2857.82,51.89,127.75333333333332,252.146,0.028900000000000002,1.0005555423283572,1.0244867112176512,1.0024083333333333
2018-09-15,2901.5,52.34,130.39,252.439,0.03,1.0011620251758901,1.016787623050265,0.9929050014249964
2018-10-15,2785.46,52.81,131.05666666666667,252.885,0.0315,1.001766763455726,0.9615868235304736,0.9896328035366216
2018-11-15,2723.23,53.28,131.72333333333333,252.038,0.031200000000000002,0.996650651481899,0.9792894031286693,1.0052021006901124
2018-12-15,2567.31,53.75,132.39,251.233,0.028300000000000002,0.9968060371848689,0.944489154104228,1.0278576895832798
2019-01-15,2607.39,54.14666666666667,133.05666666666664,251.712,0.0271,1.001906596665247,1.0173422226864193,1.0128697799869835
2019-02-15,2754.86,54.54333333333334,133.7233333333333,252.776,0.0268,1.0042270531400967,1.0582083866205705,1.004889962649346
2019-03-15,2803.98,54.94,134.39,254.202,0.025699999999999997,1.005641358356806,1.0194631053079335,1.0119335265184697
2019-04-15,2903.8,55.31909158059271,134.68333333333334,255.548,0.0253,1.0052950016128905,1.0371869468305663,1.0056757713018645
2019-05-15,2854.71,55.69818316118541,134.97666666666666,256.092,0.024,1.0021287585893843,0.984720480550103,1.013665990858895
2019-06-15,2890.17,56.07727474177812,135.27,256.143,0.0206,1.0001991471814815,1.014038473635785,1.0327265796426248
2019-07-15,2996.1136363636365,56.45818316118542,134.48000000000002,256.571,0.0163,1.0016709416224534,1.0382268585766026,1.0413950648149648
2019-08-15,2897.498181818182,56.83909158059271,133.69,256.558,0.0163,0.9999493317639171,0.968720260128224,1.0013583333333334
2019-09-15,2982.156,57.22,132.9,256.759,0.017,1.00078344857693,1.03081651199346,0.994921002252008
2019-10-15,2977.68,57.56,135.09,257.346,0.0171,1.0022861905522298,1.0001099462730152,1.0004974945817053
2019-11-15,3104.9044999999996,57.900000000000006,137.28,257.208,0.0181,0.9994637569653309,1.044280041512782,0.9922777822483861
2019-12-15,3176.7495238095235,58.24,139.47,256.974,0.018600000000000002,0.9990902304749462,1.024666972746137,0.9969457955640304
2020-01-15,3278.2028571428577,58.686867862126704,131.75666666666666,257.971,0.0176,1.0038797699378148,1.0334280534729303,1.010719432764939
2020-02-15,3277.3142105263164,59.13373572425341,124.04333333333332,258.678,0.015,1.0027406181314953,1.0012325353403189,1.0256106174196566
2020-03-15,2652.3936363636367,59.58060358638012,116.33,258.115,0.0087,0.9978235489682153,0.8111912111174461,1.0615872755759932
2020-04-15,2761.975238095238,59.61373572425342,110.63,256.389,0.0066,0.9933130581330027,1.0431128747782026,1.021046997725394
2020-05-15,2919.615,59.64686786212671,104.93,256.394,0.0067,1.000019501616684,1.0587774843858064,0.9995827641990565
2020-06-15,3104.6609090909087,59.68,99.23,257.797,0.0073,1.0054720469277754,1.0649821359158504,0.9947721001847684
2020-07-15,3207.6190909090906,59.403333333333336,98.89333333333336,259.101,0.0062,1.0050582435016697,1.0347057436214484,1.011274272773624
2020-08-15,3391.71,59.126666666666665,98.55666666666669,259.918,0.006500000000000001,1.0031532105240815,1.0588444863560054,0.9976120880533161
2020-09-15,3365.5166666666664,58.85,98.22,260.28,0.0068000000000000005,1.0013927469432666,0.9937344294644446,0.997641393442132
2020-10-15,3418.701363636364,58.65961537867005,96.85666666666668,260.388,0.0079,1.000414937759336,1.0172327035489204,0.9899899472856029
2020-11-15,3548.992500000001,58.469230757340114,95.49333333333334,260.229,0.0087,0.9993893727821559,1.0394842018405717,0.9929964570697152
2020-12-15,3695.3099999999995,58.27884613601017,94.13,260.474,0.009300000000000001,1.0009414784670425,1.0425421503051877,0.9949955484062025
2021-01-15,3793.748421052632,58.06369311230766,105.48666666666664,261.582,0.0108,1.0042537834870275,1.0279141699437384,0.9865566106153382
2021-02-15,3883.4321052631576,57.84854008860516,116.84333333333332,263.014,0.0126,1.0054743827939232,1.0248812141084078,0.9839878352547737
2021-03-15,3910.5082608695648,57.63338706490265,128.2,264.877,0.0161,1.0070832731337496,1.0082003966554134,0.9687221893711198
2021-04-15,4141.176190476191,57.71060542140715,138.38666666666666,267.054,0.016399999999999998,1.00821890915406,1.0601480044313056,0.998574752432768
2021-05-15,4167.849500000001,57.787823777911655,148.57333333333332,269.195,0.016200000000000003,1.0080171051547628,1.0075964269466173,1.003213071548886
2021-06-15,4238.489545454546,57.86504213441615,158.76,271.696,0.0152,1.0092906629023572,1.0180864894068768,1.0106270867933471
2021-07-15,4363.7128571428575,58.32818900579217,164.31666666666666,273.003,0.0132,1.0048105235262939,1.0306582116365544,1.0200028795334284
2021-08-15,4454.206363636363,58.79133587716819,169.8733333333333,273.567,0.0128,1.0020659113636115,1.0218376533553943,1.00485458190173
2021-09-15,4445.543333333333,59.254482748544206,175.43,274.31,0.0137,1.0027159708590583,0.9991658369632888,0.9926559515950534
2021-10-15,4460.707142857143,59.63536092649366,182.91,276.589,0.0158,1.008308118552003,1.0045251002253666,0.981716637687794
2021-11-15,4667.386666666667,60.01623910444312,190.39,277.948,0.015600000000000001,1.0049134275043476,1.047404907380101,1.0031684719183203
2021-12-15,4674.772727272726,60.397117282392585,197.87,278.802,0.0147,1.0030725171614836,1.0026591329149805,1.0096697564847152
2022-01-15,4573.8155,60.921402962953294,197.88333333333333,281.148,0.0176,1.0084145737835453,0.9795137881338517,0.9746336449816769
2022-02-15,4435.980526315789,61.44568864351402,197.89666666666665,283.716,0.019299999999999998,1.0091339792564769,0.9710186394608177,0.9860065296737384
2022-03-15,4391.265217391306,61.969974324074734,197.91,287.504,0.0213,1.0133513795485627,0.9910958673991346,0.98359482509075
2022-04-15,4391.295999999999,62.65331621604982,196.02666666666664,289.109,0.0275,1.0055825310256552,1.0011959777954273,0.9475694423270837
2022-05-15,4040.3599999999997,63.336658108024906,194.1433333333333,292.296,0.028999999999999998,1.0110235239995988,0.9213900620805852,0.9892708167138339
2022-06-15,3898.9466666666676,64.02,192.26,296.311,0.031400000000000004,1.0137360757588199,0.9663681367788568,0.981819394933629
2022-07-15,3911.729499999999,64.4527684478357,190.5833333333333,296.276,0.028999999999999998,0.9998818808616623,1.0046516013793556,1.0234500265911992
2022-08-15,4158.5630434782615,64.8855368956714,188.90666666666664,296.171,0.028999999999999998,0.9996456007236495,1.0644011117898877,1.0024166666666667
2022-09-15,3850.520476190475,65.31830534350709,187.23,296.808,0.0352,1.0021507845130009,0.9273393440632782,0.9501535063329539
2022-10-15,3726.050952380952,65.85220356233806,182.4033333333333,298.012,0.0398,1.0040564944341124,0.9691474117132542,0.9649847234651234
2022-11-15,3917.488571428571,66.38610178116903,177.57666666666665,297.711,0.038900000000000004,0.9989899735581118,1.052790327748896,1.0107726861264976
2022-12-15,3912.380952380953,66.92,172.75,296.797,0.0362,0.9969299085354589,1.0001215901353233,1.0258946392309545
2023-01-15,3960.6565,67.35,173.55666666666667,299.17,0.0353,1.00799536383454,1.0137562366188548,1.0105996843992582
2023-02-15,4079.684736842105,67.78,174.36333333333332,300.84,0.0375,1.0055821105057323,1.031437155758184,0.9845959710224037
2023-03-15,3968.5591304347827,68.21,175.17,301.836,0.0366,1.003310729956123,0.9741935268674173,1.0106618163636945
2023-04-15,4121.467368421053,68.37666666666667,177.11666666666665,303.363,0.0346,1.0050590386832585,1.0399124437832723,1.0199567926528035
2023-05-15,4146.1731818181825,68.54333333333332,179.06333333333333,304.127,0.035699999999999996,1.0025184350102023,1.0073720642059438,0.9936326259806183
2023-06-15,4345.372857142857,68.71,181.01,305.109,0.0375,1.0032289142364865,1.049361909700064,0.9879648853819666
2023-07-15,4508.075500000001,68.91104536354072,182.09,305.691,0.039,1.0019075150192227,1.0387165791377204,0.9907041105576218
2023-08-15,4457.358695652174,69.11209072708144,183.17,307.026,0.0417,1.0043671550683535,0.9900418854097068,0.9811722178381085
2023-09-15,4409.094999999999,69.31313609062215,184.25,307.789,0.0438,1.0024851315523766,0.990482171963134,0.9864700717808292
2023-10-15,4269.4009090909085,69.64332137499402,186.97666666666663,307.671,0.048,0.9996166204770152,0.9696761835178428,0.9702935467830374
2023-11-15,4460.063333333332,69.97350665936588,189.7033333333333,307.051,0.045,0.9979848604515863,1.0459652958965289,1.028158123225215
2023-12-15,4685.0515000000005,70.30369194373775,192.43,306.746,0.04019999999999999,0.9990066796721065,1.0516955575496425,1.0432746870817495
2024-01-15,4815.6139130434785,70.47740320664859,192.0833333333333,308.417,0.0406,1.0054475037979305,1.0290874702691142,1.0000624154426097
2024-02-15,5011.9615,70.65111446955943,191.73666666666665,310.326,0.0421,1.0061896717755507,1.0419478247909104,0.9911407003669142
2024-03-15,5170.572499999999,70.82482573247027,191.39,312.332,0.0421,1.0064641699374206,1.032787965079114,1.0035083333333332
2024-04-15,5112.492727272728,71.20848368988366,193.18,313.548,0.0454,1.0038932930343354,0.9899279393977362,0.9769835099789624
2024-05-15,5235.225454545454,71.59214164729707,194.97,314.069,0.044800000000000006,1.0016616275657955,1.0251460258072154,1.0086194313150487
2024-06-15,5415.140526315788,71.97579960471046,196.76,314.175,0.0431,1.0003375054526233,1.035473883021876,1.0175440027459304
2024-07-15,5538.004545454546,72.45053306980697,197.93,314.54,0.0425,1.0011617728972706,1.0237791828888896,1.008479622641304
2024-08-15,5478.214545454546,72.92526653490349,199.1,314.796,0.0387,1.0008138869460164,0.9903130147989312,1.0350521017901495
2024-09-15,5621.2604999999985,73.4,200.27,315.301,0.037200000000000004,1.0016042135224081,1.0271999147290174,1.0157510386078943
2024-10-15,5792.31956521739,73.87741819658692,203.57,315.664,0.040999999999999995,1.0011512808395786,1.0314935954499767,0.9719261207443418
2024-11-15,5929.916,74.35483639317383,206.87,315.493,0.0436,0.9994582847584774,1.0247998912108993,0.9823434117912571
2024-12-15,6010.908571428571,74.83225458976072,210.17,315.605,0.043899999999999995,1.0003549999524555,1.0146957506389067,1.0012051837636053
2025-01-15,5979.5155,75.2699367248546,212.3433333333333,317.671,0.0463,1.0065461573802696,0.9958263139156298,0.9844475842624821
2025-02-15,6038.69,75.70761885994848,214.51666666666665,319.082,0.044500000000000005,1.0044417022642924,1.0109409608889304,1.0183867895837113
2025-03-15,5683.983333333333,76.14530099504236,216.69,319.799,0.042800000000000005,1.002247071285751,0.9423773632680026,1.0175382537735707
2025-04-15,5369.495714285715,76.54686733002825,218.63666666666663,320.795,0.042800000000000005,1.0031144562678433,0.9458592526865073,1.0035666666666667
2025-05-15,5810.919523809524,76.94843366501412,220.5833333333333,321.465,0.044199999999999996,1.0020885612306925,1.0833130502608475,0.9922510442602809
2025-06-15,6029.951499999999,77.35,222.53,322.561,0.0438,1.0034093913800881,1.038762139129919,1.006922367279842
2025-07-15,6296.498181818183,77.72666666666666,226.77,323.048,0.043899999999999995,1.0015097919463296,1.0452324876664754,1.0028406168100907
2025-08-15,6408.949523809522,78.10333333333332,231.01,323.976,0.0426,1.002872638121889,1.0188748967549568,1.014243984864862
2025-09-15,6584.018095238095,78.48,235.25,324.8,0.0412,1.0025433982764156,1.028309580629574,1.015024417804054
2025-10-15,6735.691739130435,78.82666666666667,241.20333333333332,325.21200000000005,0.0406,1.001268472906404,1.0240118743449156,1.0083647101694189
2025-11-15,6740.885789473684,79.17333333333333,247.1566666666667,324.122,0.0409,0.9966483401596496,1.001749893670331,1.0009210905386308
2025-12-15,6853.025454545453,79.52,253.11,324.054,0.0414,0.9997902024546311,1.0176027156975018,0.9993141419235013
2026-01-15,6929.122,79.66999999999999,261.1066666666667,325.252,0.0421,1.0036969147117456,1.0120622344761934,0.9977367712823377
2026-02-15,6893.806315789475,79.82,269.1033333333333,326.785,0.041299999999999996,1.0047132684810547,0.9958681717112332,1.0100620905666922
2026-03-15,6654.419090909089,79.97,277.1,330.213,0.0425,1.01049007757394,0.9662764937571015,0.9936657547173917
2026-04-15,6957.0076190476175,,,331.927,0.0432,1.0051905891046082,,0.9978575593444352
2026-05-15,7259.22,,,332.784,0.044500000000000005,1.0025818930065948,,0.9931072260413936
